/**
 * generated by fontconvert.py
 * name: misans_latin_10_bold
 * size: 10
 * mode: 1-bit mono
 * Command used: fontconvert.py misans_latin_10_bold 10 ../builtinFonts/source/MiSans/MiSans-Bold.ttf --mono
 */
#pragma once
#include "EpdFontData.h"

static const uint8_t misans_latin_10_boldBitmaps[19556] = {
    0x00, 0x00, 0x00, 0x00, 0xFF, 0x77, 0x77, 0x77, 0x77, 0x70, 0x07, 0x77, 0xEF, 0xDF, 0xBF, 0x7E,
    0x6C, 0xC0, 0x0E, 0x30, 0x39, 0xC0, 0xE7, 0x03, 0x9C, 0x7F, 0xFD, 0xFF, 0xF7, 0xFF, 0xC7, 0x38,
    0x1C, 0xE0, 0x63, 0x0F, 0xFF, 0xBF, 0xFE, 0x39, 0xC0, 0xE7, 0x03, 0x18, 0x1C, 0xE0, 0x07, 0x00,
    0x38, 0x07, 0xF0, 0x7F, 0xC7, 0xFF, 0x38, 0x39, 0xC0, 0x8E, 0x00, 0x7C, 0x01, 0xFE, 0x07, 0xF8,
    0x07, 0xE0, 0x07, 0x90, 0x3D, 0xC1, 0xFF, 0xFE, 0x7F, 0xF0, 0xFF, 0x01, 0xC0, 0x0E, 0x00, 0x3C,
    0x03, 0x8F, 0xC0, 0xE1, 0x9C, 0x38, 0x71, 0x8F, 0x0E, 0x31, 0xC0, 0xFE, 0x70, 0x1F, 0x9C, 0x00,
    0xC7, 0x80, 0x00, 0xE0, 0x00, 0x39, 0xF0, 0x0E, 0x7F, 0x03, 0xCE, 0x60, 0x71, 0x8E, 0x1C, 0x31,
    0xC7, 0x07, 0xF1, 0xE0, 0x7C, 0x0F, 0x80, 0x7F, 0x80, 0xFF, 0x81, 0xC7, 0x07, 0x8F, 0x07, 0x00,
    0x0F, 0x00, 0x1F, 0x00, 0x7F, 0x3D, 0xFF, 0x73, 0x9F, 0xE7, 0x1F, 0xCE, 0x1F, 0x1F, 0xFF, 0x1F,
    0xFE, 0x1F, 0xDF, 0x0E, 0x00, 0xFF, 0xFF, 0x80, 0x39, 0xDC, 0xEF, 0x73, 0x9C, 0xE7, 0x39, 0xCE,
    0x73, 0x9E, 0x73, 0x8E, 0xE7, 0x1C, 0xE7, 0x1C, 0xE7, 0x39, 0xCE, 0x73, 0x9C, 0xEE, 0x77, 0xB8,
    0x38, 0xB7, 0xF9, 0xEF, 0xEA, 0xDE, 0x80, 0x0E, 0x01, 0xC0, 0x38, 0x07, 0x0F, 0xFF, 0xFF, 0xFF,
    0xF8, 0x70, 0x0E, 0x01, 0xC0, 0x38, 0x00, 0xFF, 0xF1, 0x33, 0x6C, 0xFF, 0xFF, 0xFF, 0xFF, 0xF0,
    0x07, 0x0E, 0x0E, 0x0E, 0x1E, 0x1C, 0x1C, 0x3C, 0x38, 0x38, 0x78, 0x70, 0x70, 0x70, 0xF0, 0xE0,
    0x1F, 0x83, 0xFC, 0x7F, 0xE7, 0x9E, 0xF0, 0xFF, 0x0F, 0xF0, 0xFF, 0x07, 0xF0, 0x7F, 0x07, 0xF0,
    0xFF, 0x0F, 0x70, 0xF7, 0xFE, 0x3F, 0xE3, 0xFC, 0x06, 0x00, 0x1E, 0xFF, 0xFF, 0xFE, 0xF1, 0xC3,
    0x87, 0x0E, 0x1C, 0x38, 0x70, 0xE1, 0xC3, 0x87, 0x3F, 0x0F, 0xFB, 0xFF, 0x78, 0xF2, 0x1E, 0x03,
    0xC0, 0x78, 0x1E, 0x07, 0x81, 0xF0, 0x7C, 0x1F, 0x07, 0xC1, 0xFF, 0xFF, 0xFF, 0xFF, 0xFF, 0xFF,
    0xFF, 0xFF, 0x81, 0xE0, 0x78, 0x1E, 0x07, 0xC1, 0xFE, 0x1F, 0xE0, 0x3C, 0x03, 0x90, 0x76, 0x0F,
    0xFF, 0xDF, 0xF1, 0xFC, 0x0E, 0x00, 0x07, 0xC0, 0x7C, 0x0F, 0xC0, 0xFC, 0x1D, 0xC3, 0xDC, 0x39,
    0xC7, 0x9C, 0x71, 0xCF, 0x1C, 0xFF, 0xFF, 0xFF, 0xFF, 0xF0, 0x1C, 0x01, 0xC0, 0x1C, 0x7F, 0xEF,
    0xFD, 0xFF, 0xB8, 0x0F, 0x01, 0xE0, 0x3F, 0xE7, 0xFE, 0xFF, 0xEE, 0x3C, 0x03, 0x90, 0x76, 0x0F,
    0xFF, 0xDF, 0xF1, 0xFC, 0x0E, 0x00, 0x07, 0x80, 0xF0, 0x0F, 0x01, 0xE0, 0x3C, 0x03, 0xC0, 0x7F,
    0xC7, 0xFE, 0xFF, 0xEF, 0x0F, 0xE0, 0xFE, 0x0F, 0xF0, 0xFF, 0xFE, 0x7F, 0xE3, 0xFC, 0x0E, 0x00,
    0xFF, 0xF7, 0xFF, 0x7F, 0xE0, 0x1E, 0x01, 0xE0, 0x3C, 0x03, 0xC0, 0x78, 0x07, 0x80, 0x70, 0x0F,
    0x00, 0xE0, 0x1E, 0x01, 0xE0, 0x3C, 0x07, 0xC0, 0x1F, 0x83, 0xFE, 0x7F, 0xE7, 0x0F, 0x70, 0xF7,
    0x0E, 0x7F, 0xE1, 0xFC, 0x3F, 0xC7, 0x9E, 0xF0, 0xFF, 0x07, 0xF0, 0xFF, 0xFF, 0x7F, 0xE3, 0xFC,
    0x07, 0x00, 0x1F, 0x87, 0xFC, 0x7F, 0xEF, 0x0F, 0xF0, 0xFE, 0x0F, 0xF0, 0xFF, 0x9F, 0x7F, 0xE7,
    0xFE, 0x1F, 0xC0, 0x3C, 0x07, 0x80, 0xF0, 0x0F, 0x01, 0xE0, 0xFF, 0xFF, 0x00, 0x00, 0x0F, 0xFF,
    0xFF, 0xFF, 0x00, 0x00, 0x0F, 0xFF, 0x13, 0x36, 0xC0, 0x00, 0x20, 0x0C, 0x07, 0x83, 0xF1, 0xFC,
    0xFE, 0x3F, 0x07, 0xC0, 0xFE, 0x07, 0xF0, 0x3F, 0x81, 0xF0, 0x0E, 0x00, 0x40, 0xFF, 0xFF, 0xFF,
    0xFF, 0x80, 0x00, 0x01, 0xFF, 0xFF, 0xFF, 0xFF, 0x80, 0x1C, 0x03, 0xE0, 0x7F, 0x03, 0xF0, 0x1F,
    0x80, 0xF8, 0x0F, 0x07, 0xE3, 0xF1, 0xF8, 0x7E, 0x0F, 0x01, 0x80, 0x00, 0x1F, 0x8F, 0xF9, 0xFF,
    0xF8, 0xF2, 0x1E, 0x03, 0xC0, 0xF0, 0x3C, 0x0F, 0x01, 0xC0, 0x38, 0x00, 0x00, 0x00, 0x1E, 0x03,
    0xC0, 0x78, 0x07, 0xF0, 0x0F, 0xFE, 0x0F, 0x07, 0x8E, 0x00, 0xEE, 0x7B, 0xB7, 0x7F, 0xDF, 0x3D,
    0xEF, 0x9C, 0x77, 0xCE, 0x3B, 0xE7, 0x3D, 0xF3, 0xFF, 0xDC, 0xFB, 0xC7, 0x00, 0x03, 0xC0, 0x40,
    0xFF, 0xE0, 0x1F, 0xF0, 0x01, 0xC0, 0x00, 0x03, 0xC0, 0x03, 0xC0, 0x07, 0xE0, 0x07, 0xE0, 0x07,
    0xE0, 0x0F, 0xF0, 0x0E, 0x70, 0x1E, 0x78, 0x1E, 0x78, 0x1F, 0xF8, 0x3F, 0xFC, 0x3F, 0xFC, 0x7F,
    0xFC, 0x78, 0x1E, 0x70, 0x0E, 0xF0, 0x0F, 0xFF, 0xC7, 0xFF, 0x3F, 0xFD, 0xE1, 0xEF, 0x07, 0xF8,
    0x3B, 0xFF, 0xDF, 0xFC, 0xFF, 0xF7, 0xFF, 0xFC, 0x0F, 0xE0, 0x7F, 0x07, 0xFF, 0xFF, 0xFF, 0xDF,
    0xFC, 0x0F, 0xE0, 0x7F, 0xC3, 0xFF, 0x9F, 0x1F, 0xF0, 0x13, 0xC0, 0x0F, 0x00, 0x38, 0x00, 0xE0,
    0x03, 0x80, 0x0F, 0x00, 0x3C, 0x04, 0x78, 0x39, 0xFF, 0xF3, 0xFF, 0x87, 0xFC, 0x03, 0x80, 0xFF,
    0xC1, 0xFF, 0xE3, 0xFF, 0xE7, 0x87, 0xEF, 0x03, 0xDE, 0x03, 0xBC, 0x07, 0xF8, 0x0F, 0xF0, 0x1F,
    0xE0, 0x3F, 0xC0, 0x77, 0x81, 0xEF, 0x07, 0xDF, 0xFF, 0x3F, 0xFC, 0x7F, 0xF0, 0xFF, 0xEF, 0xFE,
    0xFF, 0xEF, 0x00, 0xF0, 0x0F, 0x00, 0xFF, 0xEF, 0xFE, 0xFF, 0xEF, 0xFE, 0xF0, 0x0F, 0x00, 0xF0,
    0x0F, 0xFF, 0xFF, 0xFF, 0xFF, 0xFF, 0xFF, 0xFF, 0xFF, 0xF8, 0x0F, 0x01, 0xE0, 0x3C, 0x07, 0xFF,
    0xFF, 0xFF, 0xFF, 0xC0, 0x78, 0x0F, 0x01, 0xE0, 0x3C, 0x07, 0x80, 0x0F, 0xE0, 0x7F, 0xE3, 0xFF,
    0xDF, 0x0E, 0xF0, 0x13, 0xC0, 0x0F, 0x00, 0x38, 0x3F, 0xE0, 0xFF, 0x83, 0xFF, 0x01, 0xFC, 0x07,
    0x78, 0x3D, 0xFF, 0xF3, 0xFF, 0x87, 0xFC, 0x03, 0x80, 0xF0, 0x1F, 0xC0, 0x7F, 0x01, 0xFC, 0x07,
    0xF0, 0x1F, 0xC0, 0x7F, 0xFF, 0xFF, 0xFF, 0xFF, 0xFF, 0xC0, 0x7F, 0x01, 0xFC, 0x07, 0xF0, 0x1F,
    0xC0, 0x7F, 0x01, 0xFC, 0x07, 0xFF, 0xFF, 0xFF, 0xFF, 0xFF, 0xFF, 0xFF, 0xFF, 0x01, 0xC0, 0x70,
    0x1C, 0x07, 0x01, 0xC0, 0x70, 0x1C, 0x07, 0x01, 0xC0, 0x70, 0x1C, 0x87, 0x61, 0xFF, 0xF7, 0xFC,
    0xFE, 0x0C, 0x00, 0xF0, 0x3D, 0xE0, 0xF3, 0xC3, 0xC7, 0x8F, 0x0F, 0x3C, 0x1E, 0xF0, 0x3F, 0xC0,
    0x7F, 0xC0, 0xFF, 0xC1, 0xF7, 0x83, 0xC7, 0x87, 0x8F, 0x8F, 0x0F, 0x1E, 0x0F, 0x3C, 0x1F, 0x78,
    0x1F, 0xF0, 0x1E, 0x03, 0xC0, 0x78, 0x0F, 0x01, 0xE0, 0x3C, 0x07, 0x80, 0xF0, 0x1E, 0x03, 0xC0,
    0x78, 0x0F, 0x01, 0xFF, 0xFF, 0xFF, 0xFF, 0xF0, 0x03, 0xFC, 0x01, 0xFF, 0x80, 0x7F, 0xF0, 0x3F,
    0xFC, 0x0F, 0xFF, 0x87, 0xFF, 0xF3, 0xFF, 0xDC, 0xEF, 0xF7, 0xFB, 0xFC, 0xFC, 0xFF, 0x1E, 0x3F,
    0xC7, 0x8F, 0xF0, 0x03, 0xFC, 0x00, 0xFF, 0x00, 0x3F, 0xC0, 0x0F, 0xF0, 0x1F, 0xC0, 0x7F, 0x81,
    0xFF, 0x07, 0xFE, 0x1F, 0xF8, 0x7F, 0xF1, 0xFD, 0xE7, 0xF7, 0x9F, 0xCF, 0x7F, 0x1F, 0xFC, 0x3F,
    0xF0, 0xFF, 0xC1, 0xFF, 0x03, 0xFC, 0x0F, 0x0F, 0xE0, 0x7F, 0xF1, 0xFF, 0xE3, 0xE3, 0xEF, 0x01,
    0xFE, 0x03, 0xFC, 0x07, 0xF0, 0x07, 0xE0, 0x0F, 0xC0, 0x3F, 0xC0, 0x7F, 0x80, 0xF7, 0x83, 0xCF,
    0xFF, 0x8F, 0xFE, 0x0F, 0xF8, 0x03, 0x80, 0xFF, 0x87, 0xFF, 0x3F, 0xFD, 0xE1, 0xEF, 0x07, 0xF8,
    0x3F, 0xC1, 0xFE, 0x1F, 0xFF, 0xF7, 0xFF, 0xBF, 0xF1, 0xE0, 0x0F, 0x00, 0x78, 0x03, 0xC0, 0x1E,
    0x00, 0x0F, 0xE0, 0x7F, 0xF1, 0xFF, 0xE3, 0xE3, 0xEF, 0x01, 0xFE, 0x03, 0xFC, 0x07, 0xF0, 0x07,
    0xE0, 0x0F, 0xC0, 0x3F, 0xC0, 0x7F, 0x80, 0xF7, 0x83, 0xCF, 0xFF, 0x8F, 0xFF, 0x0F, 0xFE, 0x03,
    0x9E, 0x00, 0x18, 0x00, 0x20, 0xFF, 0x87, 0xFF, 0x3F, 0xFD, 0xE1, 0xEF, 0x07, 0xF8, 0x3F, 0xC1,
    0xFF, 0xFE, 0xFF, 0xF7, 0xFF, 0x3F, 0xF1, 0xE3, 0xCF, 0x1E, 0x78, 0x7B, 0xC3, 0xDE, 0x0F, 0x0F,
    0xC1, 0xFF, 0x8F, 0xFE, 0xF0, 0xF7, 0x82, 0x3C, 0x01, 0xF8, 0x07, 0xF8, 0x1F, 0xF0, 0x1F, 0xC0,
    0x1E, 0x40, 0x7F, 0x07, 0xBF, 0xFC, 0xFF, 0xC3, 0xFC, 0x07, 0x00, 0xFF, 0xFF, 0xFF, 0xFF, 0xF0,
    0xF0, 0x0F, 0x00, 0xF0, 0x0F, 0x00, 0xF0, 0x0F, 0x00, 0xF0, 0x0F, 0x00, 0xF0, 0x0F, 0x00, 0xF0,
    0x0F, 0x00, 0xF0, 0xF0, 0x3F, 0xC0, 0xFF, 0x03, 0xFC, 0x0F, 0xF0, 0x3F, 0xC0, 0xFF, 0x03, 0xFC,
    0x0F, 0xF0, 0x3F, 0xC0, 0xFF, 0x03, 0xFC, 0x0E, 0x78, 0x79, 0xFF, 0xE3, 0xFF, 0x07, 0xF8, 0x07,
    0x80, 0xF0, 0x0F, 0x70, 0x0E, 0x78, 0x1E, 0x78, 0x1E, 0x38, 0x1C, 0x3C, 0x3C, 0x3C, 0x3C, 0x1C,
    0x38, 0x1E, 0x78, 0x0E, 0x70, 0x0F, 0xF0, 0x0F, 0xF0, 0x07, 0xE0, 0x07, 0xE0, 0x03, 0xC0, 0x03,
    0xC0, 0xF0, 0x3C, 0x0E, 0xE0, 0xF8, 0x3D, 0xC1, 0xF0, 0x7B, 0xC3, 0xF0, 0xE7, 0x87, 0xE1, 0xC7,
    0x1F, 0xC7, 0x8E, 0x3B, 0x8F, 0x1E, 0x77, 0x9C, 0x3D, 0xE7, 0x38, 0x3B, 0x8E, 0xF0, 0x77, 0x1F,
    0xC0, 0xFE, 0x1F, 0x80, 0xF8, 0x3F, 0x01, 0xF0, 0x7E, 0x03, 0xE0, 0x78, 0x07, 0x80, 0xF0, 0x78,
    0x1F, 0x3C, 0x3E, 0x3E, 0x3C, 0x1E, 0x78, 0x0F, 0x78, 0x07, 0xF0, 0x07, 0xE0, 0x03, 0xC0, 0x03,
    0xE0, 0x07, 0xE0, 0x0F, 0xF0, 0x0F, 0x78, 0x1E, 0x78, 0x3C, 0x3C, 0x3C, 0x3E, 0xF8, 0x1F, 0xF0,
    0x1E, 0xF0, 0x3D, 0xE0, 0xF1, 0xE1, 0xC1, 0xC7, 0x83, 0xCE, 0x03, 0xBC, 0x07, 0xF0, 0x07, 0xC0,
    0x07, 0x80, 0x0F, 0x00, 0x1E, 0x00, 0x3C, 0x00, 0x78, 0x00, 0xF0, 0x01, 0xE0, 0xFF, 0xFF, 0xFF,
    0xFF, 0xF0, 0x1F, 0x01, 0xE0, 0x3C, 0x07, 0x80, 0xF8, 0x0F, 0x01, 0xE0, 0x3C, 0x07, 0xC0, 0x78,
    0x0F, 0xFF, 0xFF, 0xFF, 0xFF, 0xFF, 0xFF, 0xF8, 0xE3, 0x8E, 0x38, 0xE3, 0x8E, 0x38, 0xE3, 0x8E,
    0x38, 0xFF, 0xFF, 0xC0, 0xE0, 0x70, 0x70, 0x70, 0x78, 0x38, 0x38, 0x3C, 0x1C, 0x1C, 0x1E, 0x0E,
    0x0E, 0x0E, 0x0F, 0x07, 0xFF, 0xFF, 0xC7, 0x1C, 0x71, 0xC7, 0x1C, 0x71, 0xC7, 0x1C, 0x71, 0xC7,
    0xFF, 0xFF, 0xC0, 0x1E, 0x07, 0xC3, 0xF0, 0xEE, 0x73, 0xBC, 0x70, 0xFF, 0xFF, 0xFF, 0xFC, 0x33,
    0xC7, 0x8F, 0x08, 0x3F, 0x1F, 0xEF, 0xFC, 0x87, 0x01, 0xCF, 0xF7, 0xFF, 0xE7, 0xE1, 0xF8, 0xFF,
    0xFD, 0xF7, 0x38, 0x00, 0xF0, 0x0F, 0x00, 0xF0, 0x0F, 0x00, 0xF7, 0xCF, 0xFE, 0xFF, 0xEF, 0x0F,
    0xF0, 0xFF, 0x0F, 0xF0, 0xFF, 0x0F, 0xF0, 0xFF, 0xFE, 0xFF, 0xEF, 0xFC, 0x03, 0x00, 0x1F, 0x8F,
    0xF9, 0xFF, 0xF8, 0xEE, 0x11, 0xC0, 0x38, 0x07, 0x00, 0xF0, 0x9F, 0xFD, 0xFF, 0x1F, 0xC0, 0xE0,
    0x00, 0xE0, 0x1C, 0x03, 0x80, 0x73, 0xEE, 0xFF, 0xFF, 0xFF, 0x8F, 0xE0, 0xFC, 0x1F, 0x83, 0xF0,
    0x7F, 0x0F, 0xFF, 0xDF, 0xF9, 0xF7, 0x0C, 0x00, 0x1F, 0x8F, 0xF9, 0xFF, 0x78, 0xFE, 0x0F, 0xFF,
    0xFF, 0xFF, 0x00, 0xF0, 0x9F, 0x3D, 0xFF, 0x1F, 0xC0, 0xE0, 0x1F, 0x3F, 0x3F, 0x38, 0x38, 0xFF,
    0xFF, 0xFF, 0x38, 0x38, 0x38, 0x38, 0x38, 0x38, 0x38, 0x38, 0x3E, 0xEF, 0xFF, 0xFF, 0xF8, 0xFE,
    0x0F, 0xC1, 0xF8, 0x3F, 0x07, 0xF1, 0xFF, 0xFD, 0xFF, 0x9F, 0x70, 0x0E, 0xC3, 0xFF, 0xFB, 0xFE,
    0x3F, 0x80, 0xF0, 0x1E, 0x03, 0xC0, 0x78, 0x0F, 0x7D, 0xFF, 0xBF, 0xFF, 0x8F, 0xF0, 0xFE, 0x1F,
    0xC3, 0xF8, 0x7F, 0x0F, 0xE1, 0xFC, 0x3F, 0x87, 0x6F, 0xFF, 0x00, 0xFF, 0xFF, 0xFF, 0xFF, 0xFF,
    0xF0, 0x18, 0xF3, 0xC7, 0x00, 0x03, 0xCF, 0x3C, 0xF3, 0xCF, 0x3C, 0xF3, 0xCF, 0x3C, 0xF3, 0xFF,
    0xFB, 0xC0, 0xF0, 0x0F, 0x00, 0xF0, 0x0F, 0x00, 0xF1, 0xFF, 0x3C, 0xF3, 0x8F, 0x70, 0xFF, 0x0F,
    0xF0, 0xFF, 0x8F, 0xF8, 0xF3, 0xCF, 0x3C, 0xF1, 0xEF, 0x1F, 0xF7, 0xBD, 0xEF, 0x7B, 0xDE, 0xF7,
    0xBD, 0xEF, 0x7F, 0xEF, 0xF7, 0x9F, 0x3F, 0xFF, 0xEF, 0xFF, 0xFB, 0xC7, 0x8F, 0xF1, 0xE3, 0xFC,
    0x78, 0xFF, 0x1E, 0x3F, 0xC7, 0x8F, 0xF1, 0xE3, 0xFC, 0x78, 0xFF, 0x1E, 0x3F, 0xC7, 0x8F, 0xF7,
    0xDF, 0xFB, 0xFF, 0xF8, 0xFF, 0x0F, 0xE1, 0xFC, 0x3F, 0x87, 0xF0, 0xFE, 0x1F, 0xC3, 0xF8, 0x70,
    0x1F, 0x87, 0xFC, 0x7F, 0xEF, 0x1E, 0xE0, 0xEE, 0x0F, 0xE0, 0xFE, 0x0E, 0xF1, 0xEF, 0xFE, 0x7F,
    0xC3, 0xF8, 0x0E, 0x00, 0xF7, 0xCF, 0xFE, 0xFF, 0xEF, 0x0F, 0xF0, 0xFF, 0x0F, 0xE0, 0xFF, 0x0F,
    0xF0, 0xFF, 0xFE, 0xFF, 0xEF, 0xFC, 0xF3, 0x0F, 0x00, 0xF0, 0x0F, 0x00, 0xF0, 0x00, 0x3E, 0xEF,
    0xFF, 0xFF, 0xF8, 0xFE, 0x0F, 0xC1, 0xF8, 0x3F, 0x07, 0xF0, 0xFF, 0xFD, 0xFF, 0x9F, 0x70, 0xCE,
    0x01, 0xC0, 0x38, 0x07, 0x00, 0xE0, 0xF7, 0xFF, 0xFF, 0xF8, 0xF0, 0xF0, 0xF0, 0xF0, 0xF0, 0xF0,
    0xF0, 0xF0, 0x1F, 0x8F, 0xF9, 0xFF, 0xB8, 0x47, 0x80, 0xFE, 0x07, 0xF0, 0x3F, 0x21, 0xFE, 0x3D,
    0xFF, 0x1F, 0xC0, 0xE0, 0x3C, 0x1E, 0x0F, 0x07, 0x8F, 0xFF, 0xFF, 0xFE, 0x78, 0x3C, 0x1E, 0x0F,
    0x07, 0x83, 0xF0, 0xF8, 0x7C, 0x0E, 0xF0, 0xFE, 0x1F, 0xC3, 0xF8, 0x7F, 0x0F, 0xE1, 0xFC, 0x3F,
    0x87, 0xF1, 0xFF, 0xFD, 0xFF, 0xBF, 0x71, 0x80, 0xF0, 0x7F, 0x87, 0x9C, 0x3C, 0xF1, 0xC7, 0x9E,
    0x1C, 0xE0, 0xE7, 0x03, 0xB8, 0x1F, 0x80, 0xFC, 0x03, 0xE0, 0x1E, 0x00, 0xE1, 0xE1, 0xFE, 0x3C,
    0x39, 0xC7, 0xC7, 0x38, 0xF9, 0xE7, 0x3F, 0x38, 0xF7, 0x67, 0x0E, 0xEE, 0xE1, 0xD9, 0xF8, 0x3F,
    0x3F, 0x03, 0xE3, 0xE0, 0x7C, 0x7C, 0x0F, 0x0F, 0x00, 0xF0, 0xF3, 0xCF, 0x0F, 0x78, 0x3F, 0x81,
    0xF8, 0x07, 0x80, 0x3C, 0x03, 0xF0, 0x3F, 0xC1, 0xEE, 0x1E, 0x79, 0xE1, 0xF0, 0xF0, 0x7F, 0x83,
    0x9C, 0x3C, 0xF1, 0xE7, 0x8E, 0x1C, 0xF0, 0xF7, 0x03, 0xB8, 0x1F, 0xC0, 0xFC, 0x03, 0xE0, 0x1E,
    0x00, 0xF0, 0x07, 0x80, 0x38, 0x03, 0xC0, 0x1C, 0x00, 0xFF, 0xBF, 0xEF, 0xF8, 0x1C, 0x0F, 0x07,
    0x83, 0xC1, 0xE0, 0x78, 0x3F, 0xFF, 0xFF, 0xFF, 0x01, 0x0F, 0x1F, 0x1E, 0x1C, 0x1C, 0x1C, 0x1C,
    0xFC, 0xF8, 0xF8, 0x3C, 0x1C, 0x1C, 0x1C, 0x1C, 0x1F, 0x1F, 0x07, 0xFF, 0xFF, 0xFF, 0xFF, 0xFF,
    0xFF, 0xFF, 0x80, 0x80, 0xF0, 0xF8, 0x78, 0x3C, 0x3C, 0x3C, 0x1C, 0x1F, 0x0F, 0x1F, 0x1E, 0x1C,
    0x3C, 0x3C, 0x3C, 0xF8, 0xF8, 0xF0, 0x3E, 0x33, 0xFF, 0xDF, 0xFD, 0xE7, 0xC2, 0x08, 0x00, 0x00,
    0x00, 0x77, 0x77, 0x07, 0x77, 0x77, 0x77, 0x77, 0xFF, 0x07, 0x00, 0x70, 0x1F, 0xC3, 0xFE, 0x7F,
    0xFF, 0x0E, 0xF0, 0x4E, 0x00, 0xE0, 0x0E, 0x00, 0xF0, 0x47, 0xFF, 0x7F, 0xE3, 0xFC, 0x07, 0x00,
    0x70, 0x07, 0xC0, 0xFF, 0x07, 0xFC, 0x78, 0xE3, 0x82, 0x1C, 0x00, 0xE0, 0x0F, 0xF8, 0x7F, 0xC3,
    0xFE, 0x0E, 0x00, 0x70, 0x03, 0x80, 0x3F, 0xFF, 0xFF, 0xFF, 0xFF, 0x20, 0x08, 0xE7, 0x3B, 0xFF,
    0xF9, 0xFF, 0xE3, 0xFF, 0x87, 0x87, 0x0E, 0x0E, 0x1C, 0x1C, 0x38, 0x38, 0x78, 0xF0, 0xFF, 0xE3,
    0xFF, 0xEF, 0xFD, 0xEE, 0x01, 0x88, 0x02, 0x00, 0xF0, 0x7B, 0xC7, 0x9E, 0x3C, 0x79, 0xC1, 0xDC,
    0x0E, 0xE0, 0x3E, 0x01, 0xF0, 0x3F, 0xE1, 0xFF, 0x01, 0xC0, 0x7F, 0xC3, 0xFE, 0x1F, 0xF0, 0x1C,
    0x00, 0xE0, 0xFF, 0xFF, 0xFF, 0x00, 0x7F, 0xFF, 0xFF, 0x80, 0x0F, 0xC1, 0xFF, 0x8F, 0xFE, 0xF0,
    0x67, 0x80, 0x1E, 0x00, 0xFF, 0x0F, 0xFE, 0xF9, 0xF7, 0x83, 0xFC, 0x0F, 0xF0, 0xF7, 0xFF, 0x1F,
    0xF0, 0x1F, 0xC0, 0x1E, 0x20, 0x73, 0x87, 0xBF, 0xFC, 0xFF, 0xC1, 0xF8, 0x00, 0x42, 0xE7, 0xF7,
    0xE7, 0x01, 0xC0, 0x07, 0xFC, 0x06, 0x03, 0x06, 0x00, 0xC6, 0x3E, 0x32, 0x3F, 0x8B, 0x3C, 0xE7,
    0x1C, 0x41, 0x8E, 0x00, 0xC7, 0x00, 0x63, 0x88, 0x38, 0xE7, 0x34, 0x7F, 0x13, 0x1F, 0x18, 0xC0,
    0x18, 0x30, 0x18, 0x0F, 0xF8, 0x00, 0xE0, 0x00, 0x7C, 0xFC, 0x1B, 0xF7, 0xFD, 0xDF, 0x98, 0x0F,
    0x3C, 0x79, 0xE3, 0xCF, 0x0F, 0x38, 0x79, 0xE3, 0xCF, 0x07, 0x9E, 0x0F, 0x3C, 0x1E, 0x78, 0x3C,
    0xF0, 0xFF, 0xFF, 0xFF, 0xFF, 0x80, 0xF0, 0x1E, 0x03, 0xC0, 0x78, 0xFF, 0xFF, 0xFF, 0x0E, 0x06,
    0x71, 0x03, 0x4F, 0x29, 0xB7, 0x3E, 0x67, 0x8C, 0xD2, 0x5B, 0x4C, 0x10, 0x7C, 0x00, 0xFF, 0xFF,
    0xF8, 0x7D, 0xFF, 0x1E, 0x3C, 0x7F, 0xDF, 0x00, 0x0E, 0x01, 0xC0, 0x38, 0x07, 0x0F, 0xFF, 0xFF,
    0xFF, 0xF8, 0x70, 0x0E, 0x01, 0xC0, 0x00, 0x7F, 0xFF, 0xFF, 0xFF, 0xC0, 0x3C, 0x7E, 0xE6, 0x27,
    0x0E, 0x1C, 0x3C, 0x78, 0xFF, 0xFF, 0x7E, 0x7E, 0x0E, 0x1C, 0x3E, 0x1E, 0x07, 0x67, 0xFE, 0x3C,
    0x30, 0xF7, 0xBC, 0x60, 0xE1, 0xF8, 0x7E, 0x1F, 0x87, 0xE1, 0xF8, 0x7E, 0x1F, 0x87, 0xE1, 0xFC,
    0xFF, 0xFF, 0xFF, 0xEC, 0x38, 0x0E, 0x03, 0x80, 0xE0, 0x00, 0x3F, 0xFD, 0xFF, 0xFF, 0xFF, 0xFC,
    0x77, 0xE1, 0xDF, 0x87, 0x7F, 0x1D, 0xDF, 0xF7, 0x3F, 0xDC, 0x3F, 0x70, 0x1D, 0xC0, 0x77, 0x01,
    0xDC, 0x07, 0x70, 0x1D, 0xC0, 0x77, 0x01, 0xDC, 0x07, 0x70, 0x1D, 0xC0, 0x77, 0xFF, 0xFF, 0xE7,
    0xBF, 0x7F, 0x00, 0x7F, 0xFF, 0x73, 0x9C, 0xE7, 0x39, 0xC0, 0x3E, 0x7E, 0x67, 0xE3, 0x67, 0x7F,
    0x7E, 0x18, 0xFB, 0xE1, 0xE7, 0x83, 0xCF, 0x07, 0x9E, 0x0F, 0x3C, 0x3C, 0xF1, 0xE7, 0x87, 0x3C,
    0x3C, 0xF3, 0xEF, 0x80, 0xF8, 0x07, 0x1F, 0x01, 0xC3, 0xE0, 0x70, 0x5C, 0x0E, 0x03, 0x83, 0x80,
    0x70, 0xE0, 0x0E, 0x38, 0xE1, 0xC7, 0x3C, 0x39, 0xC7, 0x87, 0x71, 0xF0, 0x1C, 0x36, 0x03, 0x8E,
    0xC0, 0xE1, 0xFE, 0x38, 0x7F, 0xC7, 0x0F, 0xFB, 0xC0, 0x0C, 0xF8, 0x07, 0x0F, 0x80, 0xE0, 0xF8,
    0x1C, 0x0B, 0x81, 0xC0, 0x38, 0x38, 0x03, 0x87, 0x00, 0x38, 0xE3, 0xC3, 0x8E, 0x7E, 0x39, 0xCF,
    0xE3, 0xB8, 0x27, 0x07, 0x00, 0xE0, 0x70, 0x1E, 0x0E, 0x03, 0xC1, 0xC0, 0x78, 0x1C, 0x07, 0xF7,
    0x80, 0xFF, 0x7E, 0x01, 0xC3, 0xF0, 0x1C, 0x03, 0x01, 0xC0, 0x30, 0x0E, 0x03, 0xE0, 0xE0, 0x0F,
    0x8E, 0x00, 0x9C, 0xE3, 0x9D, 0xE7, 0x3C, 0x7E, 0x71, 0xE1, 0xE7, 0x1F, 0x00, 0x30, 0xD8, 0x03,
    0x8E, 0xC0, 0x38, 0x7F, 0x83, 0x87, 0xFC, 0x1C, 0x3F, 0xE3, 0xC0, 0x0C, 0x1E, 0x07, 0x81, 0xE0,
    0x78, 0x00, 0x07, 0x01, 0xE0, 0x70, 0x3C, 0x1E, 0x0F, 0x03, 0x84, 0xE1, 0xFF, 0xFF, 0xFD, 0xFC,
    0x0C, 0x00, 0x02, 0x00, 0x03, 0x00, 0x07, 0x80, 0x03, 0xC0, 0x01, 0x80, 0x00, 0x00, 0x03, 0xC0,
    0x03, 0xC0, 0x07, 0xE0, 0x07, 0xE0, 0x07, 0xE0, 0x0F, 0xF0, 0x0E, 0x70, 0x1E, 0x78, 0x1E, 0x78,
    0x1F, 0xF8, 0x3F, 0xFC, 0x3F, 0xFC, 0x7F, 0xFC, 0x78, 0x1E, 0x70, 0x0E, 0xF0, 0x0F, 0x00, 0x80,
    0x00, 0xC0, 0x01, 0xE0, 0x03, 0xC0, 0x01, 0x00, 0x00, 0x00, 0x03, 0xC0, 0x03, 0xC0, 0x07, 0xE0,
    0x07, 0xE0, 0x07, 0xE0, 0x0F, 0xF0, 0x0E, 0x70, 0x1E, 0x78, 0x1E, 0x78, 0x1F, 0xF8, 0x3F, 0xFC,
    0x3F, 0xFC, 0x7F, 0xFC, 0x78, 0x1E, 0x70, 0x0E, 0xF0, 0x0F, 0x03, 0xC0, 0x03, 0xC0, 0x07, 0xE0,
    0x0E, 0x70, 0x00, 0x00, 0x03, 0xC0, 0x03, 0xC0, 0x07, 0xE0, 0x07, 0xE0, 0x07, 0xE0, 0x0F, 0xF0,
    0x0E, 0x70, 0x1E, 0x78, 0x1E, 0x78, 0x1F, 0xF8, 0x3F, 0xFC, 0x3F, 0xFC, 0x7F, 0xFC, 0x78, 0x1E,
    0x70, 0x0E, 0xF0, 0x0F, 0x06, 0x20, 0x0F, 0xB0, 0x0F, 0xF0, 0x0D, 0xE0, 0x00, 0x00, 0x03, 0xC0,
    0x03, 0xC0, 0x07, 0xE0, 0x07, 0xE0, 0x07, 0xE0, 0x0F, 0xF0, 0x0E, 0x70, 0x1E, 0x78, 0x1E, 0x78,
    0x1F, 0xF8, 0x3F, 0xFC, 0x3F, 0xFC, 0x7F, 0xFC, 0x78, 0x1E, 0x70, 0x0E, 0xF0, 0x0F, 0x04, 0x20,
    0x0E, 0x70, 0x1E, 0x78, 0x0E, 0x70, 0x00, 0x00, 0x03, 0xC0, 0x03, 0xC0, 0x07, 0xE0, 0x07, 0xE0,
    0x07, 0xE0, 0x0F, 0xF0, 0x0E, 0x70, 0x1E, 0x78, 0x1E, 0x78, 0x1F, 0xF8, 0x3F, 0xFC, 0x3F, 0xFC,
    0x7F, 0xFC, 0x78, 0x1E, 0x70, 0x0E, 0xF0, 0x0F, 0x01, 0x80, 0x03, 0xC0, 0x06, 0x60, 0x02, 0x40,
    0x03, 0xC0, 0x00, 0x00, 0x03, 0xC0, 0x03, 0xC0, 0x07, 0xE0, 0x07, 0xE0, 0x07, 0xE0, 0x0F, 0xF0,
    0x0E, 0x70, 0x1E, 0x78, 0x1E, 0x78, 0x1F, 0xF8, 0x3F, 0xFC, 0x3F, 0xFC, 0x7F, 0xFC, 0x78, 0x1E,
    0x70, 0x0E, 0xF0, 0x0F, 0x00, 0x7F, 0xFC, 0x00, 0xFF, 0xF8, 0x03, 0xFF, 0xF0, 0x07, 0xF8, 0x00,
    0x1E, 0xF0, 0x00, 0x3D, 0xE0, 0x00, 0xF3, 0xFF, 0x03, 0xC7, 0xFE, 0x07, 0x8F, 0xFC, 0x1F, 0xFF,
    0xF8, 0x3F, 0xFC, 0x00, 0xFF, 0xF8, 0x03, 0xFF, 0xF0, 0x07, 0x81, 0xFF, 0xDE, 0x03, 0xFF, 0xFC,
    0x07, 0xFF, 0x0F, 0xE0, 0x7F, 0xC3, 0xFF, 0x9F, 0x1F, 0xF0, 0x13, 0xC0, 0x0F, 0x00, 0x38, 0x00,
    0xE0, 0x03, 0x80, 0x0F, 0x00, 0x3C, 0x04, 0x78, 0x39, 0xFF, 0xF3, 0xFF, 0x87, 0xFC, 0x03, 0x80,
    0x0F, 0x00, 0x7C, 0x00, 0xB0, 0x03, 0xC0, 0x08, 0x00, 0xC0, 0x1E, 0x00, 0xF0, 0x06, 0x00, 0x00,
    0xFF, 0xEF, 0xFE, 0xFF, 0xEF, 0x00, 0xF0, 0x0F, 0x00, 0xFF, 0xEF, 0xFE, 0xFF, 0xEF, 0xFE, 0xF0,
    0x0F, 0x00, 0xF0, 0x0F, 0xFF, 0xFF, 0xFF, 0xFF, 0x02, 0x00, 0x30, 0x07, 0x80, 0xF0, 0x04, 0x00,
    0x00, 0xFF, 0xEF, 0xFE, 0xFF, 0xEF, 0x00, 0xF0, 0x0F, 0x00, 0xFF, 0xEF, 0xFE, 0xFF, 0xEF, 0xFE,
    0xF0, 0x0F, 0x00, 0xF0, 0x0F, 0xFF, 0xFF, 0xFF, 0xFF, 0x0E, 0x01, 0xF0, 0x1F, 0x83, 0x1C, 0x00,
    0x0F, 0xFE, 0xFF, 0xEF, 0xFE, 0xF0, 0x0F, 0x00, 0xF0, 0x0F, 0xFE, 0xFF, 0xEF, 0xFE, 0xFF, 0xEF,
    0x00, 0xF0, 0x0F, 0x00, 0xFF, 0xFF, 0xFF, 0xFF, 0xF0, 0x10, 0x87, 0x9C, 0x79, 0xC3, 0x9C, 0x00,
    0x0F, 0xFE, 0xFF, 0xEF, 0xFE, 0xF0, 0x0F, 0x00, 0xF0, 0x0F, 0xFE, 0xFF, 0xEF, 0xFE, 0xFF, 0xEF,
    0x00, 0xF0, 0x0F, 0x00, 0xFF, 0xFF, 0xFF, 0xFF, 0xF0, 0x23, 0x3C, 0xF1, 0x01, 0xEF, 0x7B, 0xDE,
    0xF7, 0xBD, 0xEF, 0x7B, 0xDE, 0xF7, 0xBC, 0x11, 0x9F, 0xE6, 0x03, 0xDE, 0xF7, 0xBD, 0xEF, 0x7B,
    0xDE, 0xF7, 0xBD, 0xEF, 0x78, 0x3C, 0x3E, 0x7E, 0xE3, 0x00, 0x3C, 0x3C, 0x3C, 0x3C, 0x3C, 0x3C,
    0x3C, 0x3C, 0x3C, 0x3C, 0x3C, 0x3C, 0x3C, 0x3C, 0x3C, 0x3C, 0x42, 0x73, 0xF9, 0xFC, 0xE0, 0x01,
    0xE0, 0xF0, 0x78, 0x3C, 0x1E, 0x0F, 0x07, 0x83, 0xC1, 0xE0, 0xF0, 0x78, 0x3C, 0x1E, 0x0F, 0x07,
    0x83, 0xC0, 0x3F, 0xF0, 0x1F, 0xFE, 0x0F, 0xFF, 0x87, 0x87, 0xC3, 0xC0, 0xF1, 0xE0, 0x3B, 0xFE,
    0x1F, 0xFF, 0x0F, 0xFF, 0x87, 0x9E, 0x03, 0xCF, 0x01, 0xC7, 0x81, 0xE3, 0xC1, 0xF1, 0xFF, 0xF0,
    0xFF, 0xF0, 0x7F, 0xF0, 0x04, 0x40, 0x7D, 0xC1, 0xFE, 0x06, 0x70, 0x00, 0x03, 0xC0, 0x7F, 0x01,
    0xFE, 0x07, 0xFC, 0x1F, 0xF8, 0x7F, 0xE1, 0xFF, 0xC7, 0xF7, 0x9F, 0xDE, 0x7F, 0x3D, 0xFC, 0x7F,
    0xF0, 0xFF, 0xC3, 0xFF, 0x07, 0xFC, 0x0F, 0xF0, 0x3C, 0x02, 0x00, 0x0E, 0x00, 0x3C, 0x00, 0x3E,
    0x00, 0x18, 0x00, 0x00, 0x03, 0xF8, 0x1F, 0xFC, 0x7F, 0xF8, 0xF8, 0xFB, 0xC0, 0x7F, 0x80, 0xFF,
    0x01, 0xFC, 0x01, 0xF8, 0x03, 0xF0, 0x0F, 0xF0, 0x1F, 0xE0, 0x3D, 0xE0, 0xF3, 0xFF, 0xE3, 0xFF,
    0x83, 0xFE, 0x00, 0xE0, 0x00, 0x00, 0x80, 0x03, 0x80, 0x0F, 0x80, 0x3C, 0x00, 0x30, 0x00, 0x00,
    0x03, 0xF8, 0x1F, 0xFC, 0x7F, 0xF8, 0xF8, 0xFB, 0xC0, 0x7F, 0x80, 0xFF, 0x01, 0xFC, 0x01, 0xF8,
    0x03, 0xF0, 0x0F, 0xF0, 0x1F, 0xE0, 0x3D, 0xE0, 0xF3, 0xFF, 0xE3, 0xFF, 0x83, 0xFE, 0x00, 0xE0,
    0x00, 0x03, 0x80, 0x0F, 0x80, 0x3B, 0x80, 0x63, 0x00, 0x00, 0x01, 0xFC, 0x0F, 0xFE, 0x3F, 0xFC,
    0x7C, 0x7D, 0xE0, 0x3F, 0xC0, 0x7F, 0x80, 0xFE, 0x00, 0xFC, 0x01, 0xF8, 0x07, 0xF8, 0x0F, 0xF0,
    0x1E, 0xF0, 0x79, 0xFF, 0xF1, 0xFF, 0xC1, 0xFF, 0x00, 0x70, 0x00, 0x06, 0x20, 0x1E, 0xE0, 0x7F,
    0x80, 0x4F, 0x00, 0x00, 0x01, 0xFC, 0x0F, 0xFE, 0x3F, 0xFC, 0x7C, 0x7D, 0xE0, 0x3F, 0xC0, 0x7F,
    0x80, 0xFE, 0x00, 0xFC, 0x01, 0xF8, 0x07, 0xF8, 0x0F, 0xF0, 0x1E, 0xF0, 0x79, 0xFF, 0xF1, 0xFF,
    0xC1, 0xFF, 0x00, 0x70, 0x00, 0x08, 0x20, 0x38, 0xE0, 0x7B, 0xC0, 0xE3, 0x80, 0x00, 0x01, 0xFC,
    0x0F, 0xFE, 0x3F, 0xFC, 0x7C, 0x7D, 0xE0, 0x3F, 0xC0, 0x7F, 0x80, 0xFE, 0x00, 0xFC, 0x01, 0xF8,
    0x07, 0xF8, 0x0F, 0xF0, 0x1E, 0xF0, 0x79, 0xFF, 0xF1, 0xFF, 0xC1, 0xFF, 0x00, 0x70, 0x00, 0x20,
    0x46, 0x0C, 0xF1, 0xF7, 0xBE, 0x3F, 0xC1, 0xF8, 0x1F, 0x03, 0xF8, 0x7F, 0xCF, 0x9F, 0x70, 0xE2,
    0x04, 0x00, 0x04, 0x00, 0x0F, 0x07, 0xFF, 0x1F, 0xFE, 0x3F, 0xFC, 0x3E, 0x3E, 0x78, 0x0F, 0x78,
    0x0F, 0x78, 0x0F, 0x70, 0x07, 0x70, 0x07, 0x70, 0x0F, 0x78, 0x0F, 0x78, 0x0F, 0x3C, 0x1E, 0x3F,
    0xFE, 0x3F, 0xFC, 0x7F, 0xF8, 0xF9, 0xC0, 0x30, 0x00, 0x04, 0x00, 0x18, 0x00, 0xF0, 0x01, 0xE0,
    0x03, 0x00, 0x00, 0x0F, 0x03, 0xFC, 0x0F, 0xF0, 0x3F, 0xC0, 0xFF, 0x03, 0xFC, 0x0F, 0xF0, 0x3F,
    0xC0, 0xFF, 0x03, 0xFC, 0x0F, 0xF0, 0x3F, 0xC0, 0xE7, 0x87, 0x9F, 0xFE, 0x3F, 0xF0, 0x7F, 0x80,
    0x78, 0x00, 0x01, 0x00, 0x06, 0x00, 0x3C, 0x01, 0xE0, 0x02, 0x00, 0x00, 0x0F, 0x03, 0xFC, 0x0F,
    0xF0, 0x3F, 0xC0, 0xFF, 0x03, 0xFC, 0x0F, 0xF0, 0x3F, 0xC0, 0xFF, 0x03, 0xFC, 0x0F, 0xF0, 0x3F,
    0xC0, 0xE7, 0x87, 0x9F, 0xFE, 0x3F, 0xF0, 0x7F, 0x80, 0x78, 0x00, 0x07, 0x80, 0x1E, 0x00, 0xFC,
    0x07, 0x38, 0x00, 0x03, 0xC0, 0xFF, 0x03, 0xFC, 0x0F, 0xF0, 0x3F, 0xC0, 0xFF, 0x03, 0xFC, 0x0F,
    0xF0, 0x3F, 0xC0, 0xFF, 0x03, 0xFC, 0x0F, 0xF0, 0x39, 0xE1, 0xE7, 0xFF, 0x8F, 0xFC, 0x1F, 0xE0,
    0x1E, 0x00, 0x08, 0x40, 0x73, 0x83, 0xCF, 0x07, 0x38, 0x00, 0x03, 0xC0, 0xFF, 0x03, 0xFC, 0x0F,
    0xF0, 0x3F, 0xC0, 0xFF, 0x03, 0xFC, 0x0F, 0xF0, 0x3F, 0xC0, 0xFF, 0x03, 0xFC, 0x0F, 0xF0, 0x39,
    0xE1, 0xE7, 0xFF, 0x8F, 0xFC, 0x1F, 0xE0, 0x1E, 0x00, 0x00, 0x80, 0x01, 0x80, 0x07, 0x80, 0x1E,
    0x00, 0x30, 0x00, 0x00, 0x3C, 0x07, 0xBC, 0x0F, 0x78, 0x3C, 0x78, 0x70, 0x71, 0xE0, 0xF3, 0x80,
    0xEF, 0x01, 0xFC, 0x01, 0xF0, 0x01, 0xE0, 0x03, 0xC0, 0x07, 0x80, 0x0F, 0x00, 0x1E, 0x00, 0x3C,
    0x00, 0x78, 0x00, 0xF0, 0x07, 0x80, 0x3F, 0x01, 0xFF, 0x8F, 0xFF, 0x7F, 0xFB, 0xC1, 0xFE, 0x0F,
    0xF0, 0x7F, 0x83, 0xFF, 0xFD, 0xFF, 0xEF, 0xFE, 0x7F, 0x83, 0xC0, 0x1E, 0x00, 0x1F, 0x87, 0xFC,
    0x7F, 0xEF, 0x1E, 0xF0, 0xEF, 0x1E, 0xF1, 0xCF, 0x78, 0xF7, 0xCF, 0x7F, 0xF0, 0xFF, 0x07, 0xF0,
    0x7F, 0x5F, 0xF7, 0xFF, 0x7E, 0x03, 0x80, 0x18, 0x0E, 0x03, 0xC0, 0x78, 0x04, 0x00, 0x03, 0xF1,
    0xFE, 0xFF, 0xC8, 0x70, 0x1C, 0xFF, 0x7F, 0xFE, 0x7E, 0x1F, 0x8F, 0xFF, 0xDF, 0x73, 0x80, 0x02,
    0x01, 0xE0, 0xF0, 0x78, 0x0C, 0x00, 0x03, 0xF1, 0xFE, 0xFF, 0xC8, 0x70, 0x1C, 0xFF, 0x7F, 0xFE,
    0x7E, 0x1F, 0x8F, 0xFF, 0xDF, 0x73, 0x80, 0x1E, 0x07, 0xC3, 0xB1, 0xC6, 0x00, 0x0F, 0xC7, 0xFB,
    0xFF, 0x21, 0xC0, 0x73, 0xFD, 0xFF, 0xF9, 0xF8, 0x7E, 0x3F, 0xFF, 0x7D, 0xCE, 0x00, 0x39, 0x8F,
    0x77, 0xF8, 0x9C, 0x00, 0x0F, 0xC7, 0xFB, 0xFF, 0x21, 0xC0, 0x73, 0xFD, 0xFF, 0xF9, 0xF8, 0x7E,
    0x3F, 0xFF, 0x7D, 0xCE, 0x00, 0x21, 0x1C, 0xE7, 0xB9, 0xCE, 0x00, 0x0F, 0xC7, 0xFB, 0xFF, 0x21,
    0xC0, 0x73, 0xFD, 0xFF, 0xF9, 0xF8, 0x7E, 0x3F, 0xFF, 0x7D, 0xCE, 0x00, 0x0E, 0x07, 0x81, 0x30,
    0x6C, 0x1E, 0x00, 0x03, 0xF1, 0xFE, 0xFF, 0xC8, 0x70, 0x1C, 0xFF, 0x7F, 0xFE, 0x7E, 0x1F, 0x8F,
    0xFF, 0xDF, 0x73, 0x80, 0x3F, 0x3F, 0x1F, 0xFF, 0xEF, 0xFF, 0xFC, 0x87, 0x8F, 0x01, 0xC1, 0xCF,
    0xFF, 0xFF, 0xFF, 0xFF, 0xE7, 0x00, 0xE1, 0xE1, 0x38, 0xFC, 0xFF, 0xFF, 0xF9, 0xF9, 0xFC, 0x18,
    0x1C, 0x00, 0x1F, 0x8F, 0xF9, 0xFF, 0xF8, 0xEE, 0x11, 0xC0, 0x38, 0x07, 0x00, 0xF0, 0x9F, 0xFD,
    0xFF, 0x1F, 0xC0, 0xE0, 0x1E, 0x03, 0xC0, 0x58, 0x0F, 0x00, 0x18, 0x07, 0x80, 0x70, 0x07, 0x00,
    0x40, 0x00, 0x07, 0xE3, 0xFE, 0x7F, 0xDE, 0x3F, 0x83, 0xFF, 0xFF, 0xFF, 0xC0, 0x3C, 0x27, 0xCF,
    0x7F, 0xC7, 0xF0, 0x38, 0x00, 0x03, 0x00, 0xF0, 0x1C, 0x07, 0x00, 0x40, 0x00, 0x07, 0xE3, 0xFE,
    0x7F, 0xDE, 0x3F, 0x83, 0xFF, 0xFF, 0xFF, 0xC0, 0x3C, 0x27, 0xCF, 0x7F, 0xC7, 0xF0, 0x38, 0x00,
    0x0E, 0x03, 0xE0, 0xEE, 0x18, 0xC0, 0x00, 0x3F, 0x1F, 0xF3, 0xFE, 0xF1, 0xFC, 0x1F, 0xFF, 0xFF,
    0xFE, 0x01, 0xE1, 0x3E, 0x7B, 0xFE, 0x3F, 0x81, 0xC0, 0x31, 0x8F, 0x79, 0xEF, 0x18, 0xC0, 0x00,
    0x3F, 0x1F, 0xF3, 0xFE, 0xF1, 0xFC, 0x1F, 0xFF, 0xFF, 0xFE, 0x01, 0xE1, 0x3E, 0x7B, 0xFE, 0x3F,
    0x81, 0xC0, 0x23, 0xC7, 0x8F, 0x18, 0x03, 0xCF, 0x3C, 0xF3, 0xCF, 0x3C, 0xF3, 0xCF, 0x3C, 0xF0,
    0x30, 0xF7, 0xBC, 0x40, 0x0F, 0x3C, 0xF3, 0xCF, 0x3C, 0xF3, 0xCF, 0x3C, 0xF3, 0xC0, 0x3C, 0x7E,
    0x7E, 0xC7, 0x00, 0x3C, 0x3C, 0x3C, 0x3C, 0x3C, 0x3C, 0x3C, 0x3C, 0x3C, 0x3C, 0x3C, 0x3C, 0x62,
    0xF7, 0xF7, 0xE7, 0x00, 0x1C, 0x1C, 0x1C, 0x1C, 0x1C, 0x1C, 0x1C, 0x1C, 0x1C, 0x1C, 0x1C, 0x1C,
    0x3C, 0x83, 0xF8, 0xFE, 0x3F, 0xC7, 0x38, 0x3B, 0x9F, 0xF7, 0xFF, 0xF1, 0xFC, 0x3F, 0x83, 0xF0,
    0x7E, 0x1F, 0xF7, 0xDF, 0xF1, 0xFC, 0x0E, 0x00, 0x18, 0x87, 0xF9, 0xFF, 0x13, 0xC0, 0x01, 0xEF,
    0xBF, 0xF7, 0xFF, 0xF1, 0xFE, 0x1F, 0xC3, 0xF8, 0x7F, 0x0F, 0xE1, 0xFC, 0x3F, 0x87, 0xF0, 0xE0,
    0x18, 0x03, 0xC0, 0x1E, 0x00, 0xE0, 0x04, 0x00, 0x00, 0x1F, 0x87, 0xFC, 0x7F, 0xEF, 0x1E, 0xE0,
    0xEE, 0x0F, 0xE0, 0xFE, 0x0E, 0xF1, 0xEF, 0xFE, 0x7F, 0xC3, 0xF8, 0x0E, 0x00, 0x03, 0x00, 0x78,
    0x07, 0x00, 0xE0, 0x04, 0x00, 0x00, 0x1F, 0x87, 0xFC, 0x7F, 0xEF, 0x1E, 0xE0, 0xEE, 0x0F, 0xE0,
    0xFE, 0x0E, 0xF1, 0xEF, 0xFE, 0x7F, 0xC3, 0xF8, 0x0E, 0x00, 0x0F, 0x01, 0xF0, 0x3B, 0x83, 0x18,
    0x00, 0x01, 0xF8, 0x7F, 0xC7, 0xFE, 0xF1, 0xEE, 0x0E, 0xE0, 0xFE, 0x0F, 0xE0, 0xEF, 0x1E, 0xFF,
    0xE7, 0xFC, 0x3F, 0x80, 0xE0, 0x18, 0x83, 0xFC, 0x7F, 0xC3, 0x78, 0x00, 0x01, 0xF8, 0x7F, 0xC7,
    0xFE, 0xF1, 0xEE, 0x0E, 0xE0, 0xFE, 0x0F, 0xE0, 0xEF, 0x1E, 0xFF, 0xE7, 0xFC, 0x3F, 0x80, 0xE0,
    0x31, 0x87, 0xBC, 0x7B, 0xC3, 0x98, 0x00, 0x01, 0xF8, 0x7F, 0xC7, 0xFE, 0xF1, 0xEE, 0x0E, 0xE0,
    0xFE, 0x0F, 0xE0, 0xEF, 0x1E, 0xFF, 0xE7, 0xFC, 0x3F, 0x80, 0xE0, 0x0E, 0x01, 0xC0, 0x38, 0x00,
    0x00, 0x01, 0xFF, 0xFF, 0xFF, 0xFF, 0x00, 0x01, 0xC0, 0x38, 0x07, 0x00, 0xE0, 0x00, 0x20, 0x01,
    0x83, 0xFE, 0x7F, 0xE3, 0xFF, 0x3C, 0x79, 0xC1, 0xCE, 0x0F, 0x70, 0x7B, 0x83, 0x9E, 0x3C, 0xFF,
    0xE3, 0xFE, 0x3F, 0xE3, 0xDC, 0x04, 0x00, 0x08, 0x07, 0x80, 0x78, 0x07, 0x00, 0x40, 0x00, 0x3C,
    0x3F, 0x87, 0xF0, 0xFE, 0x1F, 0xC3, 0xF8, 0x7F, 0x0F, 0xE1, 0xFC, 0x7F, 0xFF, 0x7F, 0xEF, 0xDC,
    0x60, 0x00, 0x03, 0x00, 0xF0, 0x1C, 0x07, 0x00, 0x40, 0x00, 0x3C, 0x3F, 0x87, 0xF0, 0xFE, 0x1F,
    0xC3, 0xF8, 0x7F, 0x0F, 0xE1, 0xFC, 0x7F, 0xFF, 0x7F, 0xEF, 0xDC, 0x60, 0x00, 0x0F, 0x03, 0xE0,
    0xEE, 0x18, 0xE0, 0x01, 0xE1, 0xFC, 0x3F, 0x87, 0xF0, 0xFE, 0x1F, 0xC3, 0xF8, 0x7F, 0x0F, 0xE3,
    0xFF, 0xFB, 0xFF, 0x7E, 0xE3, 0x00, 0x11, 0x87, 0x79, 0xEF, 0x1C, 0xC0, 0x01, 0xE1, 0xFC, 0x3F,
    0x87, 0xF0, 0xFE, 0x1F, 0xC3, 0xF8, 0x7F, 0x0F, 0xE3, 0xFF, 0xFB, 0xFF, 0x7E, 0xE3, 0x00, 0x01,
    0x00, 0x1E, 0x01, 0xE0, 0x0E, 0x00, 0x20, 0x00, 0x03, 0xC1, 0xFE, 0x0E, 0x70, 0xF3, 0xC7, 0x9E,
    0x38, 0x73, 0xC3, 0xDC, 0x0E, 0xE0, 0x7F, 0x03, 0xF0, 0x0F, 0x80, 0x78, 0x03, 0xC0, 0x1E, 0x00,
    0xE0, 0x0F, 0x00, 0x70, 0x00, 0xF0, 0x0F, 0x00, 0xF0, 0x0F, 0x00, 0xF7, 0xCF, 0xFE, 0xFF, 0xEF,
    0x0F, 0xF0, 0xFF, 0x0F, 0xE0, 0xFF, 0x0F, 0xF0, 0xFF, 0xFE, 0xFF, 0xEF, 0xFC, 0xF3, 0x0F, 0x00,
    0xF0, 0x0F, 0x00, 0xF0, 0x00, 0x18, 0x81, 0xEE, 0x0F, 0x78, 0x73, 0x80, 0x00, 0x78, 0x3F, 0xC1,
    0xCE, 0x1E, 0x78, 0xF3, 0xC7, 0x0E, 0x78, 0x7B, 0x81, 0xDC, 0x0F, 0xE0, 0x7E, 0x01, 0xF0, 0x0F,
    0x00, 0x78, 0x03, 0xC0, 0x1C, 0x01, 0xE0, 0x0E, 0x00, 0x0F, 0xF0, 0x0F, 0xF0, 0x0F, 0xF0, 0x00,
    0x00, 0x03, 0xC0, 0x03, 0xC0, 0x07, 0xE0, 0x07, 0xE0, 0x07, 0xE0, 0x0F, 0xF0, 0x0E, 0x70, 0x1E,
    0x78, 0x1E, 0x78, 0x1F, 0xF8, 0x3F, 0xFC, 0x3F, 0xFC, 0x7F, 0xFC, 0x78, 0x1E, 0x70, 0x0E, 0xF0,
    0x0F, 0x3F, 0x8F, 0xE3, 0xF8, 0x00, 0x3F, 0x1F, 0xEF, 0xFC, 0x87, 0x01, 0xCF, 0xF7, 0xFF, 0xE7,
    0xE1, 0xF8, 0xFF, 0xFD, 0xF7, 0x38, 0x00, 0x0C, 0x60, 0x06, 0x60, 0x07, 0xE0, 0x03, 0xC0, 0x00,
    0x00, 0x03, 0xC0, 0x03, 0xC0, 0x07, 0xE0, 0x07, 0xE0, 0x07, 0xE0, 0x0F, 0xF0, 0x0E, 0x70, 0x1E,
    0x78, 0x1E, 0x78, 0x1F, 0xF8, 0x3F, 0xFC, 0x3F, 0xFC, 0x7F, 0xFC, 0x78, 0x1E, 0x70, 0x0E, 0xF0,
    0x0F, 0x31, 0x8E, 0xC3, 0xF0, 0x78, 0x00, 0x0F, 0xC7, 0xFB, 0xFF, 0x21, 0xC0, 0x73, 0xFD, 0xFF,
    0xF9, 0xF8, 0x7E, 0x3F, 0xFF, 0x7D, 0xCE, 0x00, 0x03, 0xC0, 0x01, 0xE0, 0x01, 0xF8, 0x00, 0xFC,
    0x00, 0x7E, 0x00, 0x7F, 0x80, 0x39, 0xC0, 0x3C, 0xF0, 0x1E, 0x78, 0x0F, 0xFC, 0x0F, 0xFF, 0x07,
    0xFF, 0x87, 0xFF, 0xC3, 0xC0, 0xF1, 0xC0, 0x39, 0xE0, 0x1E, 0x00, 0x0E, 0x00, 0x0E, 0x00, 0x07,
    0x00, 0x03, 0xF0, 0x00, 0xF8, 0x3F, 0x0F, 0xF3, 0xFF, 0x10, 0xE0, 0x1C, 0x7F, 0x9F, 0xF7, 0xCE,
    0xE1, 0xDC, 0x7B, 0xFF, 0x3E, 0xE1, 0x9C, 0x07, 0x00, 0xE0, 0x1F, 0x03, 0xE0, 0x00, 0x80, 0x07,
    0x00, 0x1E, 0x01, 0xF0, 0x03, 0x00, 0x00, 0x00, 0xFE, 0x07, 0xFC, 0x3F, 0xF9, 0xF1, 0xFF, 0x01,
    0x3C, 0x00, 0xF0, 0x03, 0x80, 0x0E, 0x00, 0x38, 0x00, 0xF0, 0x03, 0xC0, 0x47, 0x83, 0x9F, 0xFF,
    0x3F, 0xF8, 0x7F, 0xC0, 0x38, 0x00, 0x03, 0x00, 0xF0, 0x1E, 0x07, 0x00, 0x40, 0x00, 0x07, 0xE3,
    0xFE, 0x7F, 0xFE, 0x3B, 0x84, 0x70, 0x0E, 0x01, 0xC0, 0x3C, 0x27, 0xFF, 0x7F, 0xC7, 0xF0, 0x38,
    0x00, 0x03, 0x80, 0x1F, 0x00, 0xEE, 0x03, 0x18, 0x00, 0x00, 0x3F, 0x81, 0xFF, 0x0F, 0xFE, 0x7C,
    0x7F, 0xC0, 0x4F, 0x00, 0x3C, 0x00, 0xE0, 0x03, 0x80, 0x0E, 0x00, 0x3C, 0x00, 0xF0, 0x11, 0xE0,
    0xE7, 0xFF, 0xCF, 0xFE, 0x1F, 0xF0, 0x0E, 0x00, 0x0F, 0x03, 0xE0, 0xEE, 0x18, 0xE0, 0x00, 0x3F,
    0x1F, 0xF3, 0xFF, 0xF1, 0xDC, 0x23, 0x80, 0x70, 0x0E, 0x01, 0xE1, 0x3F, 0xFB, 0xFE, 0x3F, 0x81,
    0xC0, 0x01, 0x00, 0x0E, 0x00, 0x38, 0x00, 0xE0, 0x00, 0x00, 0x3F, 0x81, 0xFF, 0x0F, 0xFE, 0x7C,
    0x7F, 0xC0, 0x4F, 0x00, 0x3C, 0x00, 0xE0, 0x03, 0x80, 0x0E, 0x00, 0x3C, 0x00, 0xF0, 0x11, 0xE0,
    0xE7, 0xFF, 0xCF, 0xFE, 0x1F, 0xF0, 0x0E, 0x00, 0x0E, 0x01, 0xE0, 0x38, 0x02, 0x00, 0x00, 0x3F,
    0x1F, 0xF3, 0xFF, 0xF1, 0xDC, 0x23, 0x80, 0x70, 0x0E, 0x01, 0xE1, 0x3F, 0xFB, 0xFE, 0x3F, 0x81,
    0xC0, 0x0C, 0x60, 0x3B, 0x80, 0x7C, 0x00, 0xE0, 0x00, 0x00, 0x3F, 0x81, 0xFF, 0x0F, 0xFE, 0x7C,
    0x7F, 0xC0, 0x4F, 0x00, 0x3C, 0x00, 0xE0, 0x03, 0x80, 0x0E, 0x00, 0x3C, 0x00, 0xF0, 0x11, 0xE0,
    0xE7, 0xFF, 0xCF, 0xFE, 0x1F, 0xF0, 0x0E, 0x00, 0x10, 0x87, 0x38, 0x7E, 0x0F, 0x80, 0xE0, 0x00,
    0x07, 0xE3, 0xFE, 0x7F, 0xFE, 0x3B, 0x84, 0x70, 0x0E, 0x01, 0xC0, 0x3C, 0x27, 0xFF, 0x7F, 0xC7,
    0xF0, 0x38, 0x00, 0x18, 0xC0, 0x3B, 0x80, 0x3E, 0x00, 0x38, 0x00, 0x00, 0x1F, 0xF8, 0x3F, 0xFC,
    0x7F, 0xFC, 0xF0, 0xFD, 0xE0, 0x7B, 0xC0, 0x77, 0x80, 0xFF, 0x01, 0xFE, 0x03, 0xFC, 0x07, 0xF8,
    0x0E, 0xF0, 0x3D, 0xE0, 0xFB, 0xFF, 0xE7, 0xFF, 0x8F, 0xFE, 0x00, 0x00, 0x04, 0x00, 0x73, 0xC0,
    0x39, 0xC0, 0x1C, 0xE0, 0x0E, 0x61, 0xF7, 0x11, 0xFF, 0x81, 0xFF, 0xC0, 0xF1, 0xE0, 0x70, 0x70,
    0x38, 0x38, 0x1C, 0x1C, 0x0E, 0x0E, 0x07, 0x87, 0x03, 0xFF, 0x80, 0xFF, 0xC0, 0x3E, 0xE0, 0x06,
    0x00, 0x00, 0x3F, 0xF0, 0x1F, 0xFE, 0x0F, 0xFF, 0x87, 0x87, 0xC3, 0xC0, 0xF1, 0xE0, 0x3B, 0xFE,
    0x1F, 0xFF, 0x0F, 0xFF, 0x87, 0x9E, 0x03, 0xCF, 0x01, 0xC7, 0x81, 0xE3, 0xC1, 0xF1, 0xFF, 0xF0,
    0xFF, 0xF0, 0x7F, 0xF0, 0x00, 0xE0, 0x3F, 0xC1, 0xFE, 0x0F, 0xF1, 0xCE, 0x3F, 0xF1, 0xFF, 0x9E,
    0x3C, 0xF0, 0xE7, 0x07, 0x38, 0x39, 0xC1, 0xCF, 0x0E, 0x7F, 0xF1, 0xFF, 0x87, 0xDC, 0x0C, 0x00,
    0x3F, 0x83, 0xF8, 0x3F, 0x80, 0x00, 0xFF, 0xEF, 0xFE, 0xFF, 0xEF, 0x00, 0xF0, 0x0F, 0x00, 0xFF,
    0xEF, 0xFE, 0xFF, 0xEF, 0xFE, 0xF0, 0x0F, 0x00, 0xF0, 0x0F, 0xFF, 0xFF, 0xFF, 0xFF, 0x3F, 0x87,
    0xF0, 0xFE, 0x00, 0x01, 0xF8, 0xFF, 0x9F, 0xF7, 0x8F, 0xE0, 0xFF, 0xFF, 0xFF, 0xF0, 0x0F, 0x09,
    0xF3, 0xDF, 0xF1, 0xFC, 0x0E, 0x00, 0x31, 0x83, 0x98, 0x1F, 0x80, 0xF0, 0x00, 0x0F, 0xFE, 0xFF,
    0xEF, 0xFE, 0xF0, 0x0F, 0x00, 0xF0, 0x0F, 0xFE, 0xFF, 0xEF, 0xFE, 0xFF, 0xEF, 0x00, 0xF0, 0x0F,
    0x00, 0xFF, 0xFF, 0xFF, 0xFF, 0xF0, 0x31, 0x87, 0x70, 0x7C, 0x07, 0x00, 0x00, 0x3F, 0x1F, 0xF3,
    0xFE, 0xF1, 0xFC, 0x1F, 0xFF, 0xFF, 0xFE, 0x01, 0xE1, 0x3E, 0x7B, 0xFE, 0x3F, 0x81, 0xC0, 0x04,
    0x00, 0xE0, 0x0F, 0x00, 0xE0, 0x00, 0x0F, 0xFE, 0xFF, 0xEF, 0xFE, 0xF0, 0x0F, 0x00, 0xF0, 0x0F,
    0xFE, 0xFF, 0xEF, 0xFE, 0xFF, 0xEF, 0x00, 0xF0, 0x0F, 0x00, 0xFF, 0xFF, 0xFF, 0xFF, 0xF0, 0x0E,
    0x01, 0xC0, 0x38, 0x02, 0x00, 0x00, 0x3F, 0x1F, 0xF3, 0xFE, 0xF1, 0xFC, 0x1F, 0xFF, 0xFF, 0xFE,
    0x01, 0xE1, 0x3E, 0x7B, 0xFE, 0x3F, 0x81, 0xC0, 0xFF, 0xEF, 0xFE, 0xFF, 0xEF, 0x00, 0xF0, 0x0F,
    0x00, 0xFF, 0xEF, 0xFE, 0xFF, 0xEF, 0xFE, 0xF0, 0x0F, 0x00, 0xF0, 0x0F, 0xFF, 0xFF, 0xFF, 0xFF,
    0x00, 0xE0, 0x1C, 0x01, 0xC0, 0x1F, 0x00, 0xF0, 0x1F, 0x8F, 0xF9, 0xFF, 0x78, 0xFE, 0x0F, 0xFF,
    0xFF, 0xFF, 0x00, 0xF0, 0x9F, 0x3D, 0xFF, 0x1F, 0xC0, 0xE0, 0x38, 0x07, 0x00, 0xFC, 0x0F, 0x80,
    0x11, 0xC3, 0xB8, 0x1F, 0x00, 0xF0, 0x00, 0x0F, 0xFE, 0xFF, 0xEF, 0xFE, 0xF0, 0x0F, 0x00, 0xF0,
    0x0F, 0xFE, 0xFF, 0xEF, 0xFE, 0xFF, 0xEF, 0x00, 0xF0, 0x0F, 0x00, 0xFF, 0xFF, 0xFF, 0xFF, 0xF0,
    0x11, 0x06, 0x30, 0xFE, 0x0F, 0x80, 0xE0, 0x00, 0x07, 0xE3, 0xFE, 0x7F, 0xDE, 0x3F, 0x83, 0xFF,
    0xFF, 0xFF, 0xC0, 0x3C, 0x27, 0xCF, 0x7F, 0xC7, 0xF0, 0x38, 0x00, 0x03, 0x80, 0x1F, 0x00, 0xFE,
    0x03, 0x1C, 0x00, 0x00, 0x3F, 0x81, 0xFF, 0x8F, 0xFF, 0x7C, 0x3B, 0xC0, 0x4F, 0x00, 0x3C, 0x00,
    0xE0, 0xFF, 0x83, 0xFE, 0x0F, 0xFC, 0x07, 0xF0, 0x1D, 0xE0, 0xF7, 0xFF, 0xCF, 0xFE, 0x1F, 0xF0,
    0x0E, 0x00, 0x0E, 0x03, 0xE0, 0xEE, 0x18, 0xC0, 0x00, 0x7D, 0xDF, 0xFF, 0xFF, 0xF1, 0xFC, 0x1F,
    0x83, 0xF0, 0x7E, 0x0F, 0xE3, 0xFF, 0xFB, 0xFF, 0x3E, 0xE0, 0x1D, 0x87, 0xFF, 0xF7, 0xFC, 0x7F,
    0x00, 0x0C, 0x60, 0x39, 0x80, 0x7E, 0x00, 0xF0, 0x00, 0x00, 0x3F, 0x81, 0xFF, 0x8F, 0xFF, 0x7C,
    0x3B, 0xC0, 0x4F, 0x00, 0x3C, 0x00, 0xE0, 0xFF, 0x83, 0xFE, 0x0F, 0xFC, 0x07, 0xF0, 0x1D, 0xE0,
    0xF7, 0xFF, 0xCF, 0xFE, 0x1F, 0xF0, 0x0E, 0x00, 0x31, 0x87, 0x70, 0x7C, 0x07, 0x00, 0x00, 0x7D,
    0xDF, 0xFF, 0xFF, 0xF1, 0xFC, 0x1F, 0x83, 0xF0, 0x7E, 0x0F, 0xE3, 0xFF, 0xFB, 0xFF, 0x3E, 0xE0,
    0x1D, 0x87, 0xFF, 0xF7, 0xFC, 0x7F, 0x00, 0x01, 0x00, 0x0E, 0x00, 0x3C, 0x00, 0xE0, 0x00, 0x00,
    0x3F, 0x81, 0xFF, 0x8F, 0xFF, 0x7C, 0x3B, 0xC0, 0x4F, 0x00, 0x3C, 0x00, 0xE0, 0xFF, 0x83, 0xFE,
    0x0F, 0xFC, 0x07, 0xF0, 0x1D, 0xE0, 0xF7, 0xFF, 0xCF, 0xFE, 0x1F, 0xF0, 0x0E, 0x00, 0x0E, 0x01,
    0xC0, 0x38, 0x02, 0x00, 0x00, 0x7D, 0xDF, 0xFF, 0xFF, 0xF1, 0xFC, 0x1F, 0x83, 0xF0, 0x7E, 0x0F,
    0xE3, 0xFF, 0xFB, 0xFF, 0x3E, 0xE0, 0x1D, 0x87, 0xFF, 0xF7, 0xFC, 0x7F, 0x00, 0x0F, 0xE0, 0x7F,
    0xE3, 0xFF, 0xDF, 0x0E, 0xF0, 0x13, 0xC0, 0x0F, 0x00, 0x38, 0x3F, 0xE0, 0xFF, 0x83, 0xFF, 0x01,
    0xFC, 0x07, 0x78, 0x3D, 0xFF, 0xF3, 0xFF, 0x87, 0xFC, 0x03, 0x80, 0x04, 0x00, 0x38, 0x00, 0xE0,
    0x03, 0x80, 0x06, 0x00, 0x30, 0x00, 0x80, 0x02, 0x00, 0xC0, 0x30, 0x07, 0x00, 0xE0, 0x1C, 0x01,
    0x00, 0x00, 0x3E, 0xEF, 0xFF, 0xFF, 0xF8, 0xFE, 0x0F, 0xC1, 0xF8, 0x3F, 0x07, 0xF1, 0xFF, 0xFD,
    0xFF, 0x9F, 0x70, 0x0E, 0xC3, 0xFF, 0xFB, 0xFE, 0x3F, 0x80, 0x03, 0x80, 0x1F, 0x00, 0xFE, 0x07,
    0x18, 0x00, 0x03, 0xC0, 0x7F, 0x01, 0xFC, 0x07, 0xF0, 0x1F, 0xC0, 0x7F, 0x01, 0xFF, 0xFF, 0xFF,
    0xFF, 0xFF, 0xFF, 0x01, 0xFC, 0x07, 0xF0, 0x1F, 0xC0, 0x7F, 0x01, 0xFC, 0x07, 0xF0, 0x1C, 0x3C,
    0x03, 0xF0, 0x1F, 0x81, 0x8E, 0x00, 0x00, 0x1E, 0x00, 0xF0, 0x07, 0x80, 0x3C, 0x01, 0xEF, 0x8F,
    0xFC, 0x7F, 0xF3, 0xC7, 0x9E, 0x1C, 0xF0, 0xE7, 0x87, 0x3C, 0x39, 0xE1, 0xCF, 0x0E, 0x78, 0x73,
    0xC3, 0x80, 0x38, 0x0F, 0x1C, 0x07, 0xBF, 0xFF, 0xFF, 0xFF, 0xFF, 0x80, 0xF9, 0xC0, 0x78, 0xFF,
    0xFC, 0x7F, 0xFE, 0x3F, 0xFF, 0x1C, 0x07, 0x8E, 0x03, 0xC7, 0x01, 0xE3, 0x80, 0xF1, 0xC0, 0x78,
    0xE0, 0x3C, 0x70, 0x1E, 0x78, 0x0F, 0xF0, 0xFF, 0x0F, 0xF0, 0x79, 0xC7, 0xFE, 0x7F, 0xF7, 0xCF,
    0x78, 0x77, 0x87, 0x78, 0x77, 0x87, 0x78, 0x77, 0x87, 0x78, 0x77, 0x87, 0x22, 0xFB, 0xFF, 0xCE,
    0x00, 0x3C, 0x3C, 0x3C, 0x3C, 0x3C, 0x3C, 0x3C, 0x3C, 0x3C, 0x3C, 0x3C, 0x3C, 0x3C, 0x3C, 0x3C,
    0x3C, 0x31, 0x3D, 0xFF, 0xC9, 0xE0, 0x00, 0xE0, 0x70, 0x38, 0x1C, 0x0E, 0x07, 0x03, 0x81, 0xC0,
    0xE0, 0x70, 0x38, 0x1C, 0x00, 0xFF, 0xFF, 0xF8, 0x07, 0x8F, 0x1E, 0x3C, 0x78, 0xF1, 0xE3, 0xC7,
    0x8F, 0x1E, 0x3C, 0x78, 0xF1, 0xE3, 0xC0, 0xFF, 0xFF, 0xF8, 0x03, 0xC7, 0x8F, 0x1E, 0x3C, 0x78,
    0xF1, 0xE3, 0xC7, 0x8F, 0x1E, 0xC7, 0x9F, 0xF3, 0xC0, 0x0F, 0x1E, 0x3C, 0x78, 0xF1, 0xE3, 0xC7,
    0x8F, 0x1E, 0x3C, 0x78, 0xF1, 0xE3, 0xC7, 0x80, 0xC7, 0x8D, 0x9B, 0xF3, 0xC0, 0x0F, 0x1E, 0x3C,
    0x78, 0xF1, 0xE3, 0xC7, 0x8F, 0x1E, 0x3C, 0x78, 0x79, 0xE7, 0x9E, 0x79, 0xE7, 0x9E, 0x79, 0xE7,
    0x9E, 0x79, 0xE7, 0x9E, 0x7B, 0x8E, 0x3F, 0x7C, 0x79, 0xE7, 0x8C, 0x01, 0xE7, 0x9E, 0x79, 0xE7,
    0x9E, 0x79, 0xE7, 0x9E, 0x79, 0xEE, 0x38, 0xFD, 0xF0, 0x2F, 0xF7, 0x0F, 0xFF, 0xFF, 0xFF, 0xFF,
    0xFF, 0xFF, 0xFF, 0xF0, 0xFF, 0xFF, 0xFF, 0xFF, 0xFF, 0xFF, 0xF0, 0x0F, 0xF0, 0x0F, 0xF0, 0x0F,
    0xF0, 0x0F, 0xF0, 0x0F, 0xF0, 0x0F, 0xF0, 0x0F, 0xF0, 0x0F, 0xF0, 0x0F, 0xF0, 0x0F, 0xF0, 0x0F,
    0xF0, 0x8F, 0xF1, 0x8F, 0xF3, 0xFF, 0xF3, 0xFE, 0xF1, 0xFC, 0x00, 0x70, 0x61, 0xBC, 0x7F, 0x3F,
    0xC7, 0x00, 0x00, 0x0F, 0x1F, 0xC7, 0xF1, 0xFC, 0x7F, 0x1F, 0xC7, 0xF1, 0xFC, 0x7F, 0x1F, 0xC7,
    0xF1, 0xC0, 0x70, 0x3C, 0x3F, 0x0F, 0xC3, 0xE0, 0x01, 0xE0, 0x1F, 0x00, 0xFC, 0x0E, 0x70, 0x00,
    0x00, 0xF0, 0x07, 0x80, 0x3C, 0x01, 0xE0, 0x0F, 0x00, 0x78, 0x03, 0xC0, 0x1E, 0x00, 0xF0, 0x07,
    0x80, 0x3C, 0x11, 0xE1, 0x8F, 0x3F, 0xF0, 0xFF, 0x83, 0xF8, 0x07, 0x00, 0x3C, 0x3E, 0x77, 0xE3,
    0x00, 0x3C, 0x3C, 0x3C, 0x3C, 0x3C, 0x3C, 0x3C, 0x3C, 0x3C, 0x3C, 0x3C, 0x3C, 0x3C, 0x3C, 0xFC,
    0xF8, 0xF0, 0xF0, 0x3D, 0xE0, 0xF3, 0xC3, 0xC7, 0x8F, 0x0F, 0x3C, 0x1E, 0xF0, 0x3F, 0xC0, 0x7F,
    0xC0, 0xFF, 0xC1, 0xF7, 0x83, 0xC7, 0x87, 0x8F, 0x8F, 0x0F, 0x1E, 0x0F, 0x3C, 0x1F, 0x78, 0x1E,
    0x00, 0x02, 0x06, 0x00, 0x1E, 0x00, 0x3C, 0x00, 0x38, 0x00, 0x20, 0x01, 0xC0, 0x01, 0x00, 0xF0,
    0x0F, 0x00, 0xF0, 0x0F, 0x00, 0xF1, 0xFF, 0x3C, 0xF3, 0x8F, 0x70, 0xFF, 0x0F, 0xF0, 0xFF, 0x8F,
    0xF8, 0xF3, 0xCF, 0x3C, 0xF1, 0xEF, 0x1F, 0x00, 0x00, 0x40, 0x0E, 0x00, 0xE0, 0x0E, 0x00, 0x60,
    0x0C, 0x00, 0x80, 0xF0, 0xEF, 0x3E, 0xF3, 0xEF, 0x78, 0xFF, 0x0F, 0xE0, 0xFE, 0x0F, 0xF0, 0xFF,
    0x0F, 0x78, 0xF3, 0xCF, 0x1F, 0x10, 0x06, 0x01, 0xE0, 0x78, 0x06, 0x00, 0x00, 0x3C, 0x07, 0x80,
    0xF0, 0x1E, 0x03, 0xC0, 0x78, 0x0F, 0x01, 0xE0, 0x3C, 0x07, 0x80, 0xF0, 0x1E, 0x03, 0xC0, 0x7F,
    0xFF, 0xFF, 0xFF, 0xC0, 0x30, 0xF7, 0xBC, 0x60, 0x0F, 0x3C, 0xF3, 0xCF, 0x3C, 0xF3, 0xCF, 0x3C,
    0xF3, 0xCF, 0x3E, 0xF9, 0xE0, 0xF0, 0x1E, 0x03, 0xC0, 0x78, 0x0F, 0x01, 0xE0, 0x3C, 0x07, 0x80,
    0xF0, 0x1E, 0x03, 0xC0, 0x78, 0x0F, 0x01, 0xFF, 0xFF, 0xFF, 0xFF, 0x00, 0x00, 0xC0, 0x3C, 0x07,
    0x80, 0x70, 0x04, 0x01, 0x80, 0x20, 0xF7, 0xBD, 0xEF, 0x7B, 0xDE, 0xF7, 0xBD, 0xEF, 0x7F, 0xEF,
    0x01, 0x9E, 0xF3, 0x89, 0x84, 0x02, 0x1E, 0x73, 0xCE, 0x7B, 0x8F, 0x71, 0xE4, 0x3C, 0x07, 0x80,
    0xF0, 0x1E, 0x03, 0xC0, 0x78, 0x0F, 0x01, 0xE0, 0x3F, 0xFF, 0xFF, 0xFF, 0xE0, 0x04, 0x7B, 0xFD,
    0xDE, 0xEF, 0x77, 0x93, 0xC1, 0xE0, 0xF0, 0x78, 0x3C, 0x1E, 0x0F, 0x07, 0x83, 0xE1, 0xF0, 0x78,
    0x00, 0xF0, 0x1E, 0x03, 0xC0, 0x78, 0x0F, 0x01, 0xE7, 0x3C, 0xF7, 0x9C, 0xF0, 0x1E, 0x03, 0xC0,
    0x78, 0x0F, 0x01, 0xFF, 0xFF, 0xFF, 0xFF, 0xF0, 0x78, 0x3C, 0x1E, 0x0F, 0x07, 0x83, 0xDD, 0xEF,
    0xF7, 0xF9, 0xBC, 0x1E, 0x0F, 0x07, 0xC3, 0xE0, 0xF0, 0x3C, 0x01, 0xE0, 0x0F, 0x00, 0x78, 0x03,
    0xC8, 0x1F, 0xC0, 0xFE, 0x1F, 0xE0, 0xFC, 0x07, 0xE0, 0x0F, 0x00, 0x78, 0x03, 0xC0, 0x1F, 0xFC,
    0xFF, 0xE7, 0xFF, 0x79, 0xE7, 0x9E, 0x79, 0xFF, 0xFF, 0xFB, 0xE7, 0x9E, 0x79, 0xF7, 0xCF, 0x00,
    0x80, 0x06, 0x00, 0x3C, 0x01, 0xE0, 0x03, 0x00, 0x00, 0x0F, 0x01, 0xFC, 0x07, 0xF8, 0x1F, 0xF0,
    0x7F, 0xE1, 0xFF, 0x87, 0xFF, 0x1F, 0xDE, 0x7F, 0x79, 0xFC, 0xF7, 0xF1, 0xFF, 0xC3, 0xFF, 0x0F,
    0xFC, 0x1F, 0xF0, 0x3F, 0xC0, 0xF0, 0x03, 0x00, 0xF0, 0x1C, 0x07, 0x00, 0x40, 0x00, 0x3D, 0xF7,
    0xFE, 0xFF, 0xFE, 0x3F, 0xC3, 0xF8, 0x7F, 0x0F, 0xE1, 0xFC, 0x3F, 0x87, 0xF0, 0xFE, 0x1C, 0xF0,
    0x1F, 0xC0, 0x7F, 0x81, 0xFF, 0x07, 0xFE, 0x1F, 0xF8, 0x7F, 0xF1, 0xFD, 0xE7, 0xF7, 0x9F, 0xCF,
    0x7F, 0x1F, 0xFC, 0x3F, 0xF0, 0xFF, 0xC1, 0xFF, 0x03, 0xFC, 0x0F, 0x00, 0x00, 0x0C, 0x00, 0x78,
    0x01, 0xE0, 0x03, 0x80, 0x04, 0x00, 0x30, 0x00, 0x80, 0xF7, 0xDF, 0xFB, 0xFF, 0xF8, 0xFF, 0x0F,
    0xE1, 0xFC, 0x3F, 0x87, 0xF0, 0xFE, 0x1F, 0xC3, 0xF8, 0x70, 0x00, 0x08, 0x03, 0x80, 0x70, 0x0E,
    0x00, 0xC0, 0x30, 0x04, 0x00, 0x1C, 0x40, 0x3F, 0x80, 0x7C, 0x01, 0xE0, 0x00, 0x03, 0xC0, 0x7F,
    0x01, 0xFE, 0x07, 0xFC, 0x1F, 0xF8, 0x7F, 0xE1, 0xFF, 0xC7, 0xF7, 0x9F, 0xDE, 0x7F, 0x3D, 0xFC,
    0x7F, 0xF0, 0xFF, 0xC3, 0xFF, 0x07, 0xFC, 0x0F, 0xF0, 0x3C, 0x10, 0x86, 0x30, 0xFE, 0x0F, 0x80,
    0xE0, 0x00, 0x3D, 0xF7, 0xFE, 0xFF, 0xFE, 0x3F, 0xC3, 0xF8, 0x7F, 0x0F, 0xE1, 0xFC, 0x3F, 0x87,
    0xF0, 0xFE, 0x1C, 0xE0, 0x00, 0xE0, 0x00, 0xE0, 0x00, 0x20, 0x00, 0x27, 0x7C, 0x67, 0xFE, 0xC7,
    0xFE, 0x07, 0x8F, 0x07, 0x0F, 0x07, 0x0F, 0x07, 0x0F, 0x07, 0x0F, 0x07, 0x0F, 0x07, 0x0F, 0x07,
    0x0F, 0x07, 0x0F, 0xF0, 0x3F, 0xE0, 0xFF, 0x83, 0xFF, 0x0F, 0xFE, 0x3F, 0xF8, 0xFF, 0xF3, 0xFD,
    0xEF, 0xF7, 0xBF, 0xCF, 0xFF, 0x1F, 0xFC, 0x7F, 0xF0, 0xFF, 0xC1, 0xFF, 0x03, 0xFC, 0x0F, 0x00,
    0x3C, 0x00, 0xF0, 0x1F, 0xC0, 0x7F, 0x01, 0xF8, 0x03, 0xC0, 0xF7, 0xDF, 0xFB, 0xFF, 0xF8, 0xFF,
    0x0F, 0xE1, 0xFC, 0x3F, 0x87, 0xF0, 0xFE, 0x1F, 0xC3, 0xF8, 0x70, 0x0E, 0x01, 0xC1, 0xF8, 0x3F,
    0x07, 0xC0, 0xF0, 0x0F, 0xE0, 0x1F, 0xC0, 0x3F, 0x80, 0x00, 0x00, 0xFE, 0x07, 0xFF, 0x1F, 0xFE,
    0x3E, 0x3E, 0xF0, 0x1F, 0xE0, 0x3F, 0xC0, 0x7F, 0x00, 0x7E, 0x00, 0xFC, 0x03, 0xFC, 0x07, 0xF8,
    0x0F, 0x78, 0x3C, 0xFF, 0xF8, 0xFF, 0xE0, 0xFF, 0x80, 0x38, 0x00, 0x3F, 0x83, 0xF8, 0x3F, 0x80,
    0x00, 0x1F, 0x87, 0xFC, 0x7F, 0xEF, 0x1E, 0xE0, 0xEE, 0x0F, 0xE0, 0xFE, 0x0E, 0xF1, 0xEF, 0xFE,
    0x7F, 0xC3, 0xF8, 0x0E, 0x00, 0x0C, 0x60, 0x1D, 0xC0, 0x3F, 0x00, 0x3E, 0x00, 0x00, 0x01, 0xFC,
    0x0F, 0xFE, 0x3F, 0xFC, 0x7C, 0x7D, 0xE0, 0x3F, 0xC0, 0x7F, 0x80, 0xFE, 0x00, 0xFC, 0x01, 0xF8,
    0x07, 0xF8, 0x0F, 0xF0, 0x1E, 0xF0, 0x79, 0xFF, 0xF1, 0xFF, 0xC1, 0xFF, 0x00, 0x70, 0x00, 0x31,
    0x83, 0x18, 0x3B, 0x81, 0xF8, 0x0E, 0x00, 0x00, 0x1F, 0x87, 0xFC, 0x7F, 0xEF, 0x1E, 0xE0, 0xEE,
    0x0F, 0xE0, 0xFE, 0x0E, 0xF1, 0xEF, 0xFE, 0x7F, 0xC3, 0xF8, 0x0E, 0x00, 0x04, 0x20, 0x0E, 0xF0,
    0x3D, 0xC0, 0x73, 0x80, 0xCE, 0x00, 0x00, 0x03, 0xF8, 0x1F, 0xFC, 0x7F, 0xF8, 0xF8, 0xFB, 0xC0,
    0x7F, 0x80, 0xFF, 0x01, 0xFC, 0x01, 0xF8, 0x03, 0xF0, 0x0F, 0xF0, 0x1F, 0xE0, 0x3D, 0xE0, 0xF3,
    0xFF, 0xE3, 0xFF, 0x83, 0xFE, 0x00, 0xE0, 0x00, 0x18, 0xC1, 0xEE, 0x1D, 0xC3, 0x9C, 0x33, 0x80,
    0x00, 0x1F, 0x87, 0xFC, 0x7F, 0xEF, 0x1E, 0xE0, 0xEE, 0x0F, 0xE0, 0xFE, 0x0E, 0xF1, 0xEF, 0xFE,
    0x7F, 0xC3, 0xF8, 0x0E, 0x00, 0x0F, 0xCF, 0xFC, 0xFF, 0xBF, 0xF7, 0xFF, 0xFF, 0xDF, 0x1F, 0x80,
    0xF0, 0x1E, 0x03, 0xC0, 0x78, 0x0F, 0x00, 0xFF, 0xF8, 0x03, 0xFF, 0xE0, 0x0F, 0xFF, 0x80, 0x3F,
    0xFF, 0x01, 0xE0, 0x3C, 0x07, 0x80, 0x78, 0x3E, 0x01, 0xFF, 0xFF, 0xF3, 0xFE, 0xFF, 0xC7, 0xF3,
    0xFF, 0x07, 0x00, 0x00, 0x3F, 0x1F, 0x87, 0xFB, 0xFC, 0x7F, 0xFF, 0xEF, 0x1F, 0x0E, 0xE0, 0xF0,
    0xFE, 0x0F, 0xFF, 0xE0, 0xFF, 0xFE, 0x0F, 0x00, 0xF1, 0xF0, 0x8F, 0xFF, 0x9E, 0x7F, 0xFF, 0xE3,
    0xF9, 0xFC, 0x0E, 0x07, 0x00, 0x02, 0x00, 0x18, 0x01, 0xE0, 0x1E, 0x00, 0x40, 0x00, 0x03, 0xFE,
    0x1F, 0xFC, 0xFF, 0xF7, 0x87, 0xBC, 0x1F, 0xE0, 0xFF, 0x07, 0xFF, 0xFB, 0xFF, 0xDF, 0xFC, 0xFF,
    0xC7, 0x8F, 0x3C, 0x79, 0xE1, 0xEF, 0x0F, 0x78, 0x3C, 0x04, 0x0F, 0x1E, 0x1C, 0x18, 0x00, 0xF7,
    0xFF, 0xFF, 0xF8, 0xF0, 0xF0, 0xF0, 0xF0, 0xF0, 0xF0, 0xF0, 0xF0, 0xFF, 0x87, 0xFF, 0x3F, 0xFD,
    0xE1, 0xEF, 0x07, 0xF8, 0x3F, 0xC1, 0xFF, 0xFE, 0xFF, 0xF7, 0xFF, 0x3F, 0xF1, 0xE3, 0xCF, 0x1E,
    0x78, 0x7B, 0xC3, 0xDE, 0x0F, 0x00, 0x00, 0x30, 0x01, 0xC0, 0x0E, 0x00, 0x70, 0x01, 0x80, 0x18,
    0x00, 0x80, 0xF7, 0xFF, 0xFF, 0xF8, 0xF0, 0xF0, 0xF0, 0xF0, 0xF0, 0xF0, 0xF0, 0xF0, 0x00, 0x60,
    0xF0, 0xF0, 0x60, 0x20, 0xC0, 0x40, 0x10, 0x81, 0xFE, 0x07, 0xE0, 0x1E, 0x00, 0x00, 0x7F, 0xC3,
    0xFF, 0x9F, 0xFE, 0xF0, 0xF7, 0x83, 0xFC, 0x1F, 0xE0, 0xFF, 0xFF, 0x7F, 0xFB, 0xFF, 0x9F, 0xF8,
    0xF1, 0xE7, 0x8F, 0x3C, 0x3D, 0xE1, 0xEF, 0x07, 0x80, 0x42, 0xE7, 0x7E, 0x3E, 0x1C, 0x00, 0xF7,
    0xFF, 0xFF, 0xF8, 0xF0, 0xF0, 0xF0, 0xF0, 0xF0, 0xF0, 0xF0, 0xF0, 0x00, 0x80, 0x0C, 0x00, 0xF0,
    0x0F, 0x00, 0x30, 0x00, 0x00, 0x3F, 0x07, 0xFE, 0x3F, 0xFB, 0xC3, 0xDE, 0x08, 0xF0, 0x07, 0xE0,
    0x1F, 0xE0, 0x7F, 0xC0, 0x7F, 0x00, 0x79, 0x01, 0xFC, 0x1E, 0xFF, 0xF3, 0xFF, 0x0F, 0xF0, 0x1C,
    0x00, 0x03, 0x00, 0xF0, 0x1E, 0x07, 0x00, 0x40, 0x00, 0x07, 0xE3, 0xFE, 0x7F, 0xEE, 0x11, 0xE0,
    0x3F, 0x81, 0xFC, 0x0F, 0xC8, 0x7F, 0x8F, 0x7F, 0xC7, 0xF0, 0x38, 0x00, 0x07, 0x80, 0x3E, 0x03,
    0xF0, 0x39, 0xC0, 0x00, 0x07, 0xE0, 0xFF, 0xC7, 0xFF, 0x78, 0x7B, 0xC1, 0x1E, 0x00, 0xFC, 0x03,
    0xFC, 0x0F, 0xF8, 0x0F, 0xE0, 0x0F, 0x20, 0x3F, 0x83, 0xDF, 0xFE, 0x7F, 0xE1, 0xFE, 0x03, 0x80,
    0x0F, 0x03, 0xE0, 0xEE, 0x18, 0xE0, 0x00, 0x3F, 0x1F, 0xF3, 0xFF, 0x70, 0x8F, 0x01, 0xFC, 0x0F,
    0xE0, 0x7E, 0x43, 0xFC, 0x7B, 0xFE, 0x3F, 0x81, 0xC0, 0x0F, 0xC1, 0xFF, 0x8F, 0xFE, 0xF0, 0xF7,
    0x82, 0x3C, 0x01, 0xF8, 0x07, 0xF8, 0x1F, 0xF0, 0x1F, 0xC0, 0x1E, 0x40, 0x7F, 0x07, 0xBF, 0xFC,
    0xFF, 0xC3, 0xFC, 0x07, 0x00, 0x3C, 0x01, 0xF0, 0x0B, 0x80, 0x78, 0x00, 0x1F, 0x8F, 0xF9, 0xFF,
    0xB8, 0x47, 0x80, 0xFE, 0x07, 0xF0, 0x3F, 0x21, 0xFE, 0x3D, 0xFF, 0x1F, 0xC0, 0xE0, 0x1E, 0x03,
    0xE0, 0x5C, 0x0F, 0x00, 0x08, 0x40, 0xFF, 0x01, 0xF0, 0x0F, 0x00, 0x00, 0x07, 0xE0, 0xFF, 0xC7,
    0xFF, 0x78, 0x7B, 0xC1, 0x1E, 0x00, 0xFC, 0x03, 0xFC, 0x0F, 0xF8, 0x0F, 0xE0, 0x0F, 0x20, 0x3F,
    0x83, 0xDF, 0xFE, 0x7F, 0xE1, 0xFE, 0x03, 0x80, 0x10, 0x87, 0x38, 0x7E, 0x0F, 0x80, 0xE0, 0x00,
    0x07, 0xE3, 0xFE, 0x7F, 0xEE, 0x11, 0xE0, 0x3F, 0x81, 0xFC, 0x0F, 0xC8, 0x7F, 0x8F, 0x7F, 0xC7,
    0xF0, 0x38, 0x00, 0xFF, 0xFF, 0xFF, 0xFF, 0xF0, 0xF0, 0x0F, 0x00, 0xF0, 0x0F, 0x00, 0xF0, 0x0F,
    0x00, 0xF0, 0x0F, 0x00, 0xF0, 0x0F, 0x00, 0xF0, 0x0F, 0x00, 0xF0, 0x06, 0x00, 0xF0, 0x0F, 0x80,
    0xB8, 0x0F, 0x00, 0x3C, 0x1E, 0x0F, 0x07, 0x8F, 0xFF, 0xFF, 0xFE, 0x78, 0x3C, 0x1E, 0x0F, 0x07,
    0x83, 0xF0, 0xF8, 0x7C, 0x1E, 0x0F, 0x07, 0x82, 0xE1, 0xE0, 0x11, 0xC3, 0xF8, 0x1F, 0x00, 0xF0,
    0x00, 0x0F, 0xFF, 0xFF, 0xFF, 0xFF, 0x0F, 0x00, 0xF0, 0x0F, 0x00, 0xF0, 0x0F, 0x00, 0xF0, 0x0F,
    0x00, 0xF0, 0x0F, 0x00, 0xF0, 0x0F, 0x00, 0xF0, 0x0F, 0x00, 0x01, 0x80, 0x3C, 0x07, 0x1E, 0xE3,
    0xD8, 0x79, 0x0F, 0x07, 0xFC, 0xFF, 0x9F, 0xF0, 0xF0, 0x1E, 0x03, 0xC0, 0x78, 0x0F, 0x01, 0xF8,
    0x1F, 0x03, 0xE0, 0x1C, 0x00, 0xFF, 0xFF, 0xFF, 0xFF, 0xF0, 0xF0, 0x0F, 0x00, 0xF0, 0x0F, 0x07,
    0xFE, 0x7F, 0xE7, 0xFE, 0x0F, 0x00, 0xF0, 0x0F, 0x00, 0xF0, 0x0F, 0x00, 0xF0, 0x3C, 0x1E, 0x0F,
    0x07, 0x8F, 0xFF, 0xFF, 0xFE, 0x78, 0xFF, 0xFF, 0xFF, 0xE7, 0x83, 0xF8, 0xFC, 0x7E, 0x0E, 0x0C,
    0x40, 0x7D, 0x81, 0xFE, 0x06, 0xF0, 0x00, 0x03, 0xC0, 0xFF, 0x03, 0xFC, 0x0F, 0xF0, 0x3F, 0xC0,
    0xFF, 0x03, 0xFC, 0x0F, 0xF0, 0x3F, 0xC0, 0xFF, 0x03, 0xFC, 0x0F, 0xF0, 0x39, 0xE1, 0xE7, 0xFF,
    0x8F, 0xFC, 0x1F, 0xE0, 0x1E, 0x00, 0x18, 0x87, 0xF9, 0xFF, 0x19, 0xC0, 0x01, 0xE1, 0xFC, 0x3F,
    0x87, 0xF0, 0xFE, 0x1F, 0xC3, 0xF8, 0x7F, 0x0F, 0xE3, 0xFF, 0xFB, 0xFF, 0x7E, 0xE3, 0x00, 0x1F,
    0xE0, 0x7F, 0x81, 0xFE, 0x00, 0x00, 0xF0, 0x3F, 0xC0, 0xFF, 0x03, 0xFC, 0x0F, 0xF0, 0x3F, 0xC0,
    0xFF, 0x03, 0xFC, 0x0F, 0xF0, 0x3F, 0xC0, 0xFF, 0x03, 0xFC, 0x0E, 0x78, 0x79, 0xFF, 0xE3, 0xFF,
    0x07, 0xF8, 0x07, 0x80, 0x3F, 0x87, 0xF0, 0xFE, 0x00, 0x0F, 0x0F, 0xE1, 0xFC, 0x3F, 0x87, 0xF0,
    0xFE, 0x1F, 0xC3, 0xF8, 0x7F, 0x1F, 0xFF, 0xDF, 0xFB, 0xF7, 0x18, 0x00, 0x18, 0xC0, 0x33, 0x00,
    0xFC, 0x01, 0xE0, 0x00, 0x03, 0xC0, 0xFF, 0x03, 0xFC, 0x0F, 0xF0, 0x3F, 0xC0, 0xFF, 0x03, 0xFC,
    0x0F, 0xF0, 0x3F, 0xC0, 0xFF, 0x03, 0xFC, 0x0F, 0xF0, 0x39, 0xE1, 0xE7, 0xFF, 0x8F, 0xFC, 0x1F,
    0xE0, 0x1E, 0x00, 0x31, 0x86, 0x30, 0xEE, 0x0F, 0xC0, 0xF0, 0x00, 0x3C, 0x3F, 0x87, 0xF0, 0xFE,
    0x1F, 0xC3, 0xF8, 0x7F, 0x0F, 0xE1, 0xFC, 0x7F, 0xFF, 0x7F, 0xEF, 0xDC, 0x60, 0x00, 0x03, 0x00,
    0x1E, 0x00, 0xCC, 0x01, 0x20, 0x07, 0x80, 0x00, 0x0F, 0x03, 0xFC, 0x0F, 0xF0, 0x3F, 0xC0, 0xFF,
    0x03, 0xFC, 0x0F, 0xF0, 0x3F, 0xC0, 0xFF, 0x03, 0xFC, 0x0F, 0xF0, 0x3D, 0xC0, 0xE7, 0x87, 0x9F,
    0xFE, 0x3F, 0xF0, 0x7F, 0x80, 0x78, 0x00, 0x0E, 0x03, 0xE0, 0x64, 0x0D, 0x80, 0xE0, 0x00, 0x3C,
    0x3F, 0x87, 0xF0, 0xFE, 0x1F, 0xC3, 0xF8, 0x7F, 0x0F, 0xE1, 0xFC, 0x7F, 0xFF, 0x7F, 0xEF, 0xDC,
    0x60, 0x00, 0x04, 0x40, 0x3D, 0xC0, 0xE7, 0x07, 0x38, 0x0C, 0xC0, 0x00, 0x0F, 0x03, 0xFC, 0x0F,
    0xF0, 0x3F, 0xC0, 0xFF, 0x03, 0xFC, 0x0F, 0xF0, 0x3F, 0xC0, 0xFF, 0x03, 0xFC, 0x0F, 0xF0, 0x3F,
    0xC0, 0xE7, 0x87, 0x9F, 0xFE, 0x3F, 0xF0, 0x7F, 0x80, 0x78, 0x00, 0x18, 0xC3, 0xDC, 0x77, 0x9C,
    0xE3, 0x18, 0x00, 0x3C, 0x3F, 0x87, 0xF0, 0xFE, 0x1F, 0xC3, 0xF8, 0x7F, 0x0F, 0xE1, 0xFC, 0x7F,
    0xFF, 0x7F, 0xEF, 0xDC, 0x60, 0x00, 0xF0, 0x3F, 0xC0, 0xFF, 0x03, 0xFC, 0x0F, 0xF0, 0x3F, 0xC0,
    0xFF, 0x03, 0xFC, 0x0F, 0xF0, 0x3F, 0xC0, 0xFF, 0x03, 0xFC, 0x0E, 0x78, 0x79, 0xFF, 0xE3, 0xFF,
    0x07, 0xF8, 0x07, 0x80, 0x1C, 0x00, 0x70, 0x01, 0xF0, 0x07, 0xC0, 0xF0, 0xEF, 0x0E, 0xF0, 0xEF,
    0x0E, 0xF0, 0xEF, 0x0E, 0xF0, 0xEF, 0x0E, 0xF1, 0xEF, 0xFE, 0x7F, 0xE7, 0xEE, 0x19, 0xE0, 0x1C,
    0x03, 0xC0, 0x3F, 0x01, 0xF0, 0x00, 0x38, 0x00, 0x00, 0xF8, 0x00, 0x03, 0xF8, 0x00, 0x06, 0x38,
    0x00, 0x00, 0x00, 0x1E, 0x07, 0x81, 0xDC, 0x1F, 0x07, 0xB8, 0x3E, 0x0F, 0x78, 0x7E, 0x1C, 0xF0,
    0xFC, 0x38, 0xE3, 0xF8, 0xF1, 0xC7, 0x71, 0xE3, 0xCE, 0xF3, 0x87, 0xBC, 0xE7, 0x07, 0x71, 0xDE,
    0x0E, 0xE3, 0xF8, 0x1F, 0xC3, 0xF0, 0x1F, 0x07, 0xE0, 0x3E, 0x0F, 0xC0, 0x7C, 0x0F, 0x00, 0xF0,
    0x1E, 0x00, 0x01, 0xE0, 0x00, 0x3E, 0x00, 0x0E, 0xE0, 0x03, 0x8C, 0x00, 0x00, 0x01, 0xC3, 0xC3,
    0xFC, 0x78, 0x73, 0x8F, 0x8E, 0x71, 0xF3, 0xCE, 0x7E, 0x71, 0xEE, 0xCE, 0x1D, 0xDD, 0xC3, 0xB3,
    0xF0, 0x7E, 0x7E, 0x07, 0xC7, 0xC0, 0xF8, 0xF8, 0x1E, 0x1E, 0x00, 0x03, 0x80, 0x0F, 0x80, 0x3F,
    0x80, 0x63, 0x80, 0x00, 0x1E, 0x03, 0xDE, 0x07, 0xBC, 0x1E, 0x3C, 0x38, 0x38, 0xF0, 0x79, 0xC0,
    0x77, 0x80, 0xFE, 0x00, 0xF8, 0x00, 0xF0, 0x01, 0xE0, 0x03, 0xC0, 0x07, 0x80, 0x0F, 0x00, 0x1E,
    0x00, 0x3C, 0x00, 0x0F, 0x00, 0x7C, 0x07, 0x70, 0x71, 0x80, 0x00, 0x78, 0x3F, 0xC1, 0xCE, 0x1E,
    0x78, 0xF3, 0xC7, 0x0E, 0x78, 0x7B, 0x81, 0xDC, 0x0F, 0xE0, 0x7E, 0x01, 0xF0, 0x0F, 0x00, 0x78,
    0x03, 0xC0, 0x1C, 0x01, 0xE0, 0x0E, 0x00, 0x08, 0x20, 0x3C, 0xE0, 0x79, 0xC0, 0x63, 0x80, 0x00,
    0x1E, 0x03, 0xDE, 0x07, 0xBC, 0x1E, 0x3C, 0x38, 0x38, 0xF0, 0x79, 0xC0, 0x77, 0x80, 0xFE, 0x00,
    0xF8, 0x00, 0xF0, 0x01, 0xE0, 0x03, 0xC0, 0x07, 0x80, 0x0F, 0x00, 0x1E, 0x00, 0x3C, 0x00, 0x01,
    0x00, 0x30, 0x07, 0x80, 0xF0, 0x06, 0x00, 0x00, 0xFF, 0xFF, 0xFF, 0xFF, 0xF0, 0x1F, 0x01, 0xE0,
    0x3C, 0x07, 0x80, 0xF8, 0x0F, 0x01, 0xE0, 0x3C, 0x07, 0xC0, 0x78, 0x0F, 0xFF, 0xFF, 0xFF, 0xFF,
    0x06, 0x01, 0xC0, 0xF0, 0x70, 0x08, 0x00, 0x0F, 0xFB, 0xFE, 0xFF, 0x81, 0xC0, 0xF0, 0x78, 0x3C,
    0x1E, 0x07, 0x83, 0xFF, 0xFF, 0xFF, 0xF0, 0x04, 0x00, 0xF0, 0x0F, 0x00, 0x60, 0x00, 0x0F, 0xFF,
    0xFF, 0xFF, 0xFF, 0x01, 0xF0, 0x1E, 0x03, 0xC0, 0x78, 0x0F, 0x80, 0xF0, 0x1E, 0x03, 0xC0, 0x7C,
    0x07, 0x80, 0xFF, 0xFF, 0xFF, 0xFF, 0xF0, 0x1C, 0x07, 0x81, 0xC0, 0x20, 0x00, 0x3F, 0xEF, 0xFB,
    0xFE, 0x07, 0x03, 0xC1, 0xE0, 0xF0, 0x78, 0x1E, 0x0F, 0xFF, 0xFF, 0xFF, 0xC0, 0x10, 0x83, 0xFC,
    0x1F, 0x80, 0xF0, 0x00, 0x0F, 0xFF, 0xFF, 0xFF, 0xFF, 0x01, 0xF0, 0x1E, 0x03, 0xC0, 0x78, 0x0F,
    0x80, 0xF0, 0x1E, 0x03, 0xC0, 0x7C, 0x07, 0x80, 0xFF, 0xFF, 0xFF, 0xFF, 0xF0, 0x21, 0x1C, 0xE3,
    0xF0, 0xF8, 0x1C, 0x00, 0x0F, 0xFB, 0xFE, 0xFF, 0x81, 0xC0, 0xF0, 0x78, 0x3C, 0x1E, 0x07, 0x83,
    0xFF, 0xFF, 0xFF, 0xF0, 0x3E, 0xFF, 0xFF, 0x8F, 0x1E, 0x3C, 0x78, 0xF1, 0xE3, 0xC7, 0x8F, 0x1E,
    0x3C, 0x78, 0x00, 0x02, 0x00, 0x06, 0x00, 0x0E, 0x00, 0x07, 0x0F, 0xFE, 0x3F, 0xFC, 0x7F, 0xF8,
    0x7C, 0x7C, 0xF0, 0x1C, 0xF0, 0x1E, 0xF0, 0x1E, 0xE0, 0x0E, 0xE0, 0x0E, 0xE0, 0x1E, 0xF0, 0x1E,
    0xF0, 0x1E, 0x78, 0x3C, 0x7F, 0xFC, 0x3F, 0xF8, 0x1F, 0xF0, 0x03, 0x80, 0x00, 0x20, 0x03, 0x00,
    0x70, 0x07, 0x1F, 0xF7, 0xFE, 0x7F, 0xCF, 0x1E, 0xE0, 0xEE, 0x0F, 0xE0, 0xFE, 0x0E, 0xF1, 0xEF,
    0xFE, 0x7F, 0xC3, 0xF8, 0x0E, 0x00, 0x00, 0x02, 0x00, 0x03, 0x00, 0x07, 0x00, 0x07, 0xF0, 0x3F,
    0xF0, 0x3E, 0xF0, 0x3C, 0xF0, 0x3C, 0xF0, 0x3C, 0xF0, 0x3C, 0xF0, 0x3C, 0xF0, 0x3C, 0xF0, 0x3C,
    0xF0, 0x3C, 0xF0, 0x3C, 0xF0, 0x38, 0x78, 0x78, 0x7F, 0xF8, 0x3F, 0xF0, 0x1F, 0xE0, 0x07, 0x80,
    0x00, 0x08, 0x00, 0x60, 0x03, 0xC0, 0x07, 0xF0, 0xFB, 0xC3, 0xEF, 0x0E, 0x3C, 0x38, 0xF0, 0xE3,
    0xC3, 0x8F, 0x0E, 0x3C, 0x38, 0xF1, 0xE3, 0xFF, 0x87, 0xFE, 0x1F, 0xB8, 0x18, 0x00, 0x04, 0x20,
    0x0F, 0xF0, 0x07, 0xE0, 0x03, 0xC0, 0x00, 0x00, 0x03, 0xC0, 0x03, 0xC0, 0x07, 0xE0, 0x07, 0xE0,
    0x07, 0xE0, 0x0F, 0xF0, 0x0E, 0x70, 0x1E, 0x78, 0x1E, 0x78, 0x1F, 0xF8, 0x3F, 0xFC, 0x3F, 0xFC,
    0x7F, 0xFC, 0x78, 0x1E, 0x70, 0x0E, 0xF0, 0x0F, 0x21, 0x1C, 0xE3, 0xF0, 0x7C, 0x1E, 0x00, 0x03,
    0xF1, 0xFE, 0xFF, 0xC8, 0x70, 0x1C, 0xFF, 0x7F, 0xFE, 0x7E, 0x1F, 0x8F, 0xFF, 0xDF, 0x73, 0x80,
    0xE2, 0x7F, 0x3E, 0x3C, 0x00, 0x3C, 0x3C, 0x3C, 0x3C, 0x3C, 0x3C, 0x3C, 0x3C, 0x3C, 0x3C, 0x3C,
    0x3C, 0x3C, 0x3C, 0x3C, 0x3C, 0x42, 0xE7, 0x7E, 0x3C, 0x3C, 0x00, 0x3C, 0x3C, 0x3C, 0x3C, 0x3C,
    0x3C, 0x3C, 0x3C, 0x3C, 0x3C, 0x3C, 0x3C, 0x0C, 0x60, 0x1D, 0xC0, 0x1F, 0x00, 0x1C, 0x00, 0x00,
    0x01, 0xFC, 0x0F, 0xFE, 0x3F, 0xFC, 0x7C, 0x7D, 0xE0, 0x3F, 0xC0, 0x7F, 0x80, 0xFE, 0x00, 0xFC,
    0x01, 0xF8, 0x07, 0xF8, 0x0F, 0xF0, 0x1E, 0xF0, 0x79, 0xFF, 0xF1, 0xFF, 0xC1, 0xFF, 0x00, 0x70,
    0x00, 0x10, 0x83, 0x98, 0x1F, 0x81, 0xF0, 0x0E, 0x00, 0x00, 0x1F, 0x87, 0xFC, 0x7F, 0xEF, 0x1E,
    0xE0, 0xEE, 0x0F, 0xE0, 0xFE, 0x0E, 0xF1, 0xEF, 0xFE, 0x7F, 0xC3, 0xF8, 0x0E, 0x00, 0x08, 0x40,
    0x7F, 0x80, 0xFC, 0x01, 0xE0, 0x00, 0x03, 0xC0, 0xFF, 0x03, 0xFC, 0x0F, 0xF0, 0x3F, 0xC0, 0xFF,
    0x03, 0xFC, 0x0F, 0xF0, 0x3F, 0xC0, 0xFF, 0x03, 0xFC, 0x0F, 0xF0, 0x39, 0xE1, 0xE7, 0xFF, 0x8F,
    0xFC, 0x1F, 0xE0, 0x1E, 0x00, 0x10, 0x87, 0x38, 0x7E, 0x0F, 0x80, 0xE0, 0x00, 0x3C, 0x3F, 0x87,
    0xF0, 0xFE, 0x1F, 0xC3, 0xF8, 0x7F, 0x0F, 0xE1, 0xFC, 0x7F, 0xFF, 0x7F, 0xEF, 0xDC, 0x60, 0x00,
    0x1F, 0xE0, 0x7F, 0x81, 0xFE, 0x02, 0x10, 0x1C, 0xE0, 0xF3, 0xC1, 0xCE, 0x00, 0x00, 0xF0, 0x3F,
    0xC0, 0xFF, 0x03, 0xFC, 0x0F, 0xF0, 0x3F, 0xC0, 0xFF, 0x03, 0xFC, 0x0F, 0xF0, 0x3F, 0xC0, 0xFF,
    0x03, 0xFC, 0x0E, 0x78, 0x79, 0xFF, 0xE3, 0xFF, 0x07, 0xF8, 0x07, 0x80, 0x3F, 0x87, 0xF0, 0xFE,
    0x08, 0xC3, 0xBC, 0xF7, 0x8E, 0x60, 0x00, 0xF0, 0xFE, 0x1F, 0xC3, 0xF8, 0x7F, 0x0F, 0xE1, 0xFC,
    0x3F, 0x87, 0xF1, 0xFF, 0xFD, 0xFF, 0xBF, 0x71, 0x80, 0x01, 0x00, 0x06, 0x00, 0x3C, 0x01, 0xE0,
    0x07, 0x00, 0x21, 0x01, 0xCE, 0x0F, 0x3C, 0x1C, 0xE0, 0x00, 0x0F, 0x03, 0xFC, 0x0F, 0xF0, 0x3F,
    0xC0, 0xFF, 0x03, 0xFC, 0x0F, 0xF0, 0x3F, 0xC0, 0xFF, 0x03, 0xFC, 0x0F, 0xF0, 0x3F, 0xC0, 0xE7,
    0x87, 0x9F, 0xFE, 0x3F, 0xF0, 0x7F, 0x80, 0x78, 0x00, 0x03, 0x00, 0x70, 0x1E, 0x07, 0x80, 0x40,
    0x23, 0x0E, 0xF3, 0xDE, 0x39, 0x80, 0x03, 0xC3, 0xF8, 0x7F, 0x0F, 0xE1, 0xFC, 0x3F, 0x87, 0xF0,
    0xFE, 0x1F, 0xC7, 0xFF, 0xF7, 0xFE, 0xFD, 0xC6, 0x00, 0x08, 0x40, 0x73, 0x80, 0xFC, 0x01, 0xE0,
    0x08, 0x40, 0x73, 0x83, 0xCF, 0x07, 0x38, 0x00, 0x03, 0xC0, 0xFF, 0x03, 0xFC, 0x0F, 0xF0, 0x3F,
    0xC0, 0xFF, 0x03, 0xFC, 0x0F, 0xF0, 0x3F, 0xC0, 0xFF, 0x03, 0xFC, 0x0F, 0xF0, 0x39, 0xE1, 0xE7,
    0xFF, 0x8F, 0xFC, 0x1F, 0xE0, 0x1E, 0x00, 0x10, 0x86, 0x38, 0x7E, 0x0F, 0x80, 0xF0, 0x23, 0x0E,
    0xF3, 0xDE, 0x39, 0x80, 0x03, 0xC3, 0xF8, 0x7F, 0x0F, 0xE1, 0xFC, 0x3F, 0x87, 0xF0, 0xFE, 0x1F,
    0xC7, 0xFF, 0xF7, 0xFE, 0xFD, 0xC6, 0x00, 0x04, 0x00, 0x18, 0x00, 0xF0, 0x01, 0xE0, 0x03, 0x80,
    0x21, 0x01, 0xCE, 0x0F, 0x3C, 0x1C, 0xE0, 0x00, 0x0F, 0x03, 0xFC, 0x0F, 0xF0, 0x3F, 0xC0, 0xFF,
    0x03, 0xFC, 0x0F, 0xF0, 0x3F, 0xC0, 0xFF, 0x03, 0xFC, 0x0F, 0xF0, 0x3F, 0xC0, 0xE7, 0x87, 0x9F,
    0xFE, 0x3F, 0xF0, 0x7F, 0x80, 0x78, 0x00, 0x08, 0x07, 0x80, 0x78, 0x07, 0x00, 0x60, 0x23, 0x0E,
    0xF3, 0xDE, 0x39, 0x80, 0x03, 0xC3, 0xF8, 0x7F, 0x0F, 0xE1, 0xFC, 0x3F, 0x87, 0xF0, 0xFE, 0x1F,
    0xC7, 0xFF, 0xF7, 0xFE, 0xFD, 0xC6, 0x00, 0x0F, 0xE0, 0x1F, 0xF8, 0x3F, 0xFC, 0x7C, 0x38, 0xF0,
    0x10, 0xF0, 0x00, 0xF0, 0x00, 0xE0, 0xFC, 0xE0, 0xFC, 0xE0, 0x1C, 0xF0, 0x7F, 0xF0, 0x7F, 0x78,
    0x3C, 0x7F, 0xFC, 0x3F, 0xF8, 0x1F, 0xF0, 0x03, 0x80, 0x3E, 0xE3, 0xFF, 0x3F, 0xF9, 0xE3, 0xCE,
    0x3F, 0xF1, 0xFF, 0x8F, 0xFC, 0x1C, 0xF1, 0xE7, 0xFF, 0x1F, 0xF8, 0x7D, 0xC0, 0x0E, 0x30, 0xF3,
    0xFF, 0x8F, 0xF8, 0x3F, 0x80, 0x0C, 0x60, 0x3B, 0x80, 0x7C, 0x00, 0xE0, 0x00, 0x00, 0x3F, 0x81,
    0xFF, 0x8F, 0xFF, 0x7C, 0x3B, 0xC0, 0x4F, 0x00, 0x3C, 0x00, 0xE0, 0xFF, 0x83, 0xFE, 0x0F, 0xFC,
    0x07, 0xF0, 0x1D, 0xE0, 0xF7, 0xFF, 0xCF, 0xFE, 0x1F, 0xF0, 0x0E, 0x00, 0x21, 0x06, 0x30, 0xFE,
    0x0F, 0x80, 0xE0, 0x00, 0x0F, 0xBB, 0xFF, 0xFF, 0xFE, 0x3F, 0x83, 0xF0, 0x7E, 0x0F, 0xC1, 0xFC,
    0x7F, 0xFF, 0x7F, 0xE7, 0xDC, 0x03, 0xB0, 0xFF, 0xFE, 0xFF, 0x8F, 0xE0, 0x08, 0x40, 0x3F, 0xC0,
    0x1F, 0x00, 0x3C, 0x00, 0x00, 0x1E, 0x07, 0xBC, 0x1E, 0x78, 0x78, 0xF1, 0xE1, 0xE7, 0x83, 0xDE,
    0x07, 0xF8, 0x0F, 0xF8, 0x1F, 0xF8, 0x3E, 0xF0, 0x78, 0xF0, 0xF1, 0xF1, 0xE1, 0xE3, 0xC1, 0xE7,
    0x83, 0xEF, 0x03, 0xE0, 0x42, 0x03, 0xFC, 0x07, 0xC0, 0x0F, 0x00, 0x00, 0x00, 0xF0, 0x03, 0xC0,
    0x0F, 0x00, 0x3C, 0x00, 0xF1, 0xF3, 0xCF, 0x0F, 0x38, 0x3D, 0xC0, 0xFF, 0x03, 0xFC, 0x0F, 0xF8,
    0x3F, 0xE0, 0xF3, 0xC3, 0xCF, 0x0F, 0x1E, 0x3C, 0x7C, 0x10, 0x83, 0xFC, 0x1F, 0x80, 0xF0, 0x00,
    0x07, 0xFE, 0x7F, 0xE7, 0xFE, 0x03, 0xC0, 0x78, 0x0F, 0x03, 0xF0, 0x1F, 0xC0, 0xFE, 0x01, 0xE0,
    0x0F, 0x20, 0xF7, 0x0F, 0xFF, 0xE7, 0xFE, 0x3F, 0xC0, 0x60, 0x11, 0x06, 0x30, 0xFE, 0x0F, 0x80,
    0xE0, 0x00, 0x1F, 0xFB, 0xFF, 0x7F, 0xE0, 0x78, 0x1E, 0x07, 0x81, 0xE0, 0x7F, 0x07, 0xF0, 0x5F,
    0x00, 0xE0, 0x1C, 0x83, 0xF8, 0xF7, 0xFE, 0xFF, 0x87, 0xC0, 0x42, 0xE7, 0x7E, 0x3E, 0x1C, 0x00,
    0x3C, 0x3C, 0x3C, 0x3C, 0x3C, 0x3C, 0x3C, 0x3C, 0x3C, 0x3C, 0x3C, 0x3C, 0x3C, 0x3C, 0xFC, 0xF8,
    0xF0, 0x18, 0x07, 0x80, 0x70, 0x07, 0x00, 0x40, 0x00, 0x3D, 0xF7, 0xFE, 0xFF, 0xFE, 0x3F, 0xC3,
    0xF8, 0x7F, 0x0F, 0xE1, 0xFC, 0x3F, 0x87, 0xF0, 0xFE, 0x1C, 0x00, 0xC0, 0x01, 0xE0, 0x01, 0xE0,
    0x03, 0x80, 0x01, 0x00, 0x01, 0x80, 0x03, 0xC0, 0x06, 0x60, 0x06, 0x40, 0x03, 0xC0, 0x07, 0xE0,
    0x07, 0xE0, 0x07, 0xE0, 0x0F, 0xF0, 0x0E, 0x70, 0x0E, 0x70, 0x1E, 0x78, 0x1C, 0x38, 0x1F, 0xF8,
    0x3F, 0xFC, 0x3F, 0xFC, 0x7F, 0xFC, 0x78, 0x1E, 0x70, 0x0E, 0xF0, 0x0F, 0x02, 0x01, 0xC0, 0x78,
    0x38, 0x1C, 0x01, 0x00, 0xE0, 0x78, 0x13, 0x06, 0xC1, 0xE0, 0x00, 0x3F, 0x1F, 0xEF, 0xFC, 0x87,
    0x01, 0xCF, 0xF7, 0xFF, 0xE7, 0xE1, 0xF8, 0xFF, 0xFD, 0xF7, 0x38, 0x00, 0x00, 0x01, 0x00, 0x00,
    0x03, 0x00, 0x00, 0x0F, 0x00, 0x00, 0x3C, 0x00, 0x00, 0x20, 0x00, 0x00, 0x00, 0x00, 0x1F, 0xFF,
    0x00, 0x3F, 0xFE, 0x00, 0xFF, 0xFC, 0x01, 0xFE, 0x00, 0x07, 0xBC, 0x00, 0x0F, 0x78, 0x00, 0x3C,
    0xFF, 0xC0, 0xF1, 0xFF, 0x81, 0xE3, 0xFF, 0x07, 0xFF, 0xFE, 0x0F, 0xFF, 0x00, 0x3F, 0xFE, 0x00,
    0xFF, 0xFC, 0x01, 0xE0, 0x7F, 0xF7, 0x80, 0xFF, 0xFF, 0x01, 0xFF, 0xC0, 0x00, 0x60, 0x00, 0x1C,
    0x00, 0x0F, 0x00, 0x07, 0x80, 0x00, 0x80, 0x00, 0x00, 0x03, 0xF3, 0xF1, 0xFF, 0xFE, 0xFF, 0xFF,
    0xC8, 0x78, 0xF0, 0x1C, 0x1C, 0xFF, 0xFF, 0xFF, 0xFF, 0xFE, 0x70, 0x0E, 0x1E, 0x13, 0x8F, 0xCF,
    0xFF, 0xFF, 0x9F, 0x9F, 0xC1, 0x81, 0xC0, 0x00, 0x40, 0x00, 0xE0, 0x00, 0xF0, 0x03, 0xE0, 0x01,
    0x84, 0x00, 0x0F, 0x07, 0xFF, 0x1F, 0xFE, 0x3F, 0xFC, 0x3E, 0x3E, 0x78, 0x0F, 0x78, 0x0F, 0x78,
    0x0F, 0x70, 0x07, 0x70, 0x07, 0x70, 0x0F, 0x78, 0x0F, 0x78, 0x0F, 0x3C, 0x1E, 0x3F, 0xFE, 0x3F,
    0xFC, 0x7F, 0xF8, 0xF9, 0xC0, 0x30, 0x00, 0x01, 0x00, 0x1E, 0x01, 0xE0, 0x0E, 0x00, 0x62, 0x00,
    0x18, 0x3F, 0xE7, 0xFE, 0x3F, 0xF3, 0xC7, 0x9C, 0x1C, 0xE0, 0xF7, 0x07, 0xB8, 0x39, 0xE3, 0xCF,
    0xFE, 0x3F, 0xE3, 0xFE, 0x3D, 0xC0, 0x40, 0x00, 0x0F, 0xC1, 0xFF, 0x8F, 0xFE, 0xF0, 0xF7, 0x82,
    0x3C, 0x01, 0xF8, 0x07, 0xF8, 0x1F, 0xF0, 0x1F, 0xC0, 0x1E, 0x40, 0x7F, 0x07, 0xBF, 0xFC, 0xFF,
    0xC3, 0xFC, 0x07, 0x00, 0x18, 0x01, 0xE0, 0x0F, 0x00, 0x38, 0x00, 0x80, 0x0C, 0x00, 0x40, 0x1F,
    0x8F, 0xF9, 0xFF, 0xB8, 0x47, 0x80, 0xFE, 0x07, 0xF0, 0x3F, 0x21, 0xFE, 0x3D, 0xFF, 0x1F, 0xC0,
    0xE0, 0x0C, 0x03, 0xC0, 0x78, 0x07, 0x00, 0x40, 0x18, 0x02, 0x00, 0xFF, 0xFF, 0xFF, 0xFF, 0xF0,
    0xF0, 0x0F, 0x00, 0xF0, 0x0F, 0x00, 0xF0, 0x0F, 0x00, 0xF0, 0x0F, 0x00, 0xF0, 0x0F, 0x00, 0xF0,
    0x0F, 0x00, 0xF0, 0x00, 0x00, 0x60, 0x0F, 0x00, 0xF0, 0x07, 0x00, 0x20, 0x0C, 0x00, 0x40, 0x3C,
    0x1E, 0x0F, 0x07, 0x8F, 0xFF, 0xFF, 0xFE, 0x78, 0x3C, 0x1E, 0x0F, 0x07, 0x83, 0xF0, 0xF8, 0x7C,
    0x0E, 0x06, 0x07, 0x03, 0xC0, 0xC0, 0x20, 0x60, 0x10, 0x1C, 0x60, 0x3B, 0x80, 0x7C, 0x00, 0xE0,
    0x00, 0x03, 0xC0, 0x7F, 0x01, 0xFC, 0x07, 0xF0, 0x1F, 0xC0, 0x7F, 0x01, 0xFF, 0xFF, 0xFF, 0xFF,
    0xFF, 0xFF, 0x01, 0xFC, 0x07, 0xF0, 0x1F, 0xC0, 0x7F, 0x01, 0xFC, 0x07, 0xF0, 0x1C, 0x42, 0x07,
    0xF8, 0x1F, 0x00, 0x78, 0x00, 0x00, 0x1E, 0x00, 0xF0, 0x07, 0x80, 0x3C, 0x01, 0xEF, 0x8F, 0xFC,
    0x7F, 0xF3, 0xC7, 0x9E, 0x1C, 0xF0, 0xE7, 0x87, 0x3C, 0x39, 0xE1, 0xCF, 0x0E, 0x78, 0x73, 0xC3,
    0x80, 0x33, 0xC7, 0x8F, 0x18, 0x30, 0xF7, 0xBC, 0x40, 0x3C, 0x3E, 0x77, 0xE3, 0x31, 0x3F, 0xFF,
    0xEC, 0xE0, 0xFF, 0xFF, 0xF8, 0xFF, 0xFF, 0xFF, 0xC0, 0xC7, 0x8F, 0xBB, 0xF3, 0xC0, 0x7F, 0x72,
    0x23, 0x3B, 0xFD, 0xEE, 0x60, 0xF7, 0xDE, 0x70, 0x77, 0xF3, 0xB7, 0x00, 0x63, 0x3F, 0xFD, 0xDD,
    0xCC, 0x60, 0x42, 0xE7, 0x7E, 0x3E, 0x1C, 0x31, 0x1E, 0xF1, 0xEF, 0x1E, 0xF1, 0x8C, 0x23, 0x47,
    0xF7, 0x20, 0x18, 0xFF, 0xF1, 0x8C, 0xC6, 0x3F, 0xFC, 0x60, 0xFC, 0x30, 0xC3, 0xEB, 0x40, 0x63,
    0x18, 0xCF, 0xFC, 0xFF, 0xD8, 0xC6, 0x30, 0x63, 0x3F, 0xF6, 0x30, 0xFF, 0xC0, 0xEF, 0xF6, 0xE7,
    0xEF, 0xE7, 0x7E, 0xF3, 0xF3, 0x00, 0x67, 0xF7, 0x36, 0x40, 0x67, 0x9F, 0x77, 0x80, 0x77, 0x39,
    0xFF, 0x80, 0xFF, 0xF0, 0xFF, 0xFF, 0x1E, 0x30, 0xE3, 0x77, 0x3E, 0x3C, 0x79, 0xBF, 0xFB, 0xC4,
    0xC0, 0xFF, 0xFF, 0xFF, 0xC0, 0x01, 0x3C, 0xDF, 0xFD, 0xE2, 0x20, 0xF7, 0x80, 0xC7, 0x8F, 0xFF,
    0xF0, 0xFC, 0xE7, 0xFF, 0x80, 0x7F, 0xE6, 0xC2, 0x00, 0x4B, 0xF7, 0x9E, 0xFD, 0x20, 0xFF, 0xFF,
    0x1E, 0x30, 0xFF, 0xFF, 0xFF, 0xFF, 0xFF, 0xFF, 0xDE, 0xF7, 0xBD, 0xEC, 0xFF, 0xC6, 0x31, 0x8C,
    0x06, 0x1A, 0x9F, 0xFD, 0xF5, 0xF0, 0x80, 0x0C, 0x06, 0x03, 0x06, 0x27, 0xFF, 0xFC, 0x98, 0x18,
    0x0C, 0x00, 0x62, 0xFF, 0xDE, 0x32, 0xFF, 0x5E, 0x28, 0x8B, 0xFF, 0xE4, 0x40, 0x23, 0xBE, 0x42,
    0x10, 0xC0, 0x01, 0xD8, 0x00, 0xE3, 0xC0, 0xF0, 0x7F, 0xF8, 0x03, 0xF0, 0x00, 0x07, 0xF8, 0x07,
    0xFF, 0x87, 0x80, 0x71, 0x80, 0x0E, 0xC0, 0x01, 0xC0, 0x00, 0x10, 0x00, 0x2F, 0xFF, 0xFF, 0xFE,
    0x00, 0x08, 0x08, 0x00, 0xC0, 0x1E, 0x00, 0xF0, 0x06, 0x00, 0x00, 0xFF, 0xEF, 0xFE, 0xFF, 0xEF,
    0x00, 0xF0, 0x0F, 0x00, 0xFF, 0xEF, 0xFE, 0xFF, 0xEF, 0xFE, 0xF0, 0x0F, 0x00, 0xF0, 0x0F, 0xFF,
    0xFF, 0xFF, 0xFF, 0x10, 0x87, 0x9C, 0x79, 0xC3, 0x9C, 0x00, 0x0F, 0xFE, 0xFF, 0xEF, 0xFE, 0xF0,
    0x0F, 0x00, 0xF0, 0x0F, 0xFE, 0xFF, 0xEF, 0xFE, 0xFF, 0xEF, 0x00, 0xF0, 0x0F, 0x00, 0xFF, 0xFF,
    0xFF, 0xFF, 0xF0, 0xFF, 0xF0, 0x7F, 0xF8, 0x3F, 0xFC, 0x01, 0xE0, 0x00, 0xF0, 0x00, 0x78, 0x00,
    0x3D, 0xF8, 0x1F, 0xFE, 0x0F, 0xFF, 0x07, 0xC3, 0xC3, 0xC1, 0xE1, 0xE0, 0xF0, 0xF0, 0x78, 0x78,
    0xF8, 0x3C, 0x7C, 0x1E, 0x3C, 0x00, 0x10, 0x00, 0x02, 0x00, 0x60, 0x1E, 0x07, 0x80, 0xC0, 0x00,
    0x3F, 0xFF, 0xFF, 0xFF, 0xFE, 0x03, 0xC0, 0x78, 0x0F, 0x01, 0xE0, 0x3C, 0x07, 0x80, 0xF0, 0x1E,
    0x03, 0xC0, 0x78, 0x0F, 0x01, 0xE0, 0x00, 0x0F, 0xE0, 0x7F, 0xC3, 0xFF, 0x9F, 0x1F, 0xF0, 0x33,
    0xC0, 0x0F, 0x00, 0x3F, 0xF0, 0xFF, 0xC3, 0xFF, 0x0F, 0x00, 0x3C, 0x08, 0x78, 0x3D, 0xFF, 0xE3,
    0xFF, 0x87, 0xF8, 0x03, 0x80, 0x0F, 0xC1, 0xFF, 0x8F, 0xFE, 0xF0, 0xF7, 0x82, 0x3C, 0x01, 0xF8,
    0x07, 0xF8, 0x1F, 0xF0, 0x1F, 0xC0, 0x1E, 0x40, 0x7F, 0x07, 0xBF, 0xFC, 0xFF, 0xC3, 0xFC, 0x07,
    0x00, 0xFF, 0xFF, 0xFF, 0xFF, 0xFF, 0xFF, 0xFF, 0xFF, 0x41, 0x79, 0xFC, 0xFC, 0x70, 0x00, 0xE0,
    0x70, 0x38, 0x1C, 0x0E, 0x07, 0x03, 0x81, 0xC0, 0xE0, 0x70, 0x38, 0x1C, 0x0E, 0x07, 0x03, 0x81,
    0xC0, 0x01, 0xC0, 0x70, 0x1C, 0x07, 0x01, 0xC0, 0x70, 0x1C, 0x07, 0x01, 0xC0, 0x70, 0x1C, 0x87,
    0x61, 0xFF, 0xF7, 0xFC, 0xFE, 0x0C, 0x00, 0x0F, 0xFE, 0x00, 0x0F, 0xFE, 0x00, 0x0F, 0xFE, 0x00,
    0x0E, 0x0E, 0x00, 0x0E, 0x0E, 0x00, 0x0E, 0x0E, 0x00, 0x0E, 0x0F, 0xFC, 0x0E, 0x0F, 0xFE, 0x1E,
    0x0F, 0xFF, 0x1E, 0x0E, 0x0F, 0x1E, 0x0E, 0x07, 0x1C, 0x0E, 0x07, 0x3C, 0x0E, 0x0F, 0xFC, 0x0F,
    0xFF, 0xF8, 0x0F, 0xFE, 0xF0, 0x0F, 0xFC, 0xC0, 0x00, 0x00, 0xF0, 0x1C, 0x01, 0xE0, 0x38, 0x03,
    0xC0, 0x70, 0x07, 0x80, 0xE0, 0x0F, 0x01, 0xC0, 0x1E, 0x03, 0x80, 0x3F, 0xFF, 0xFC, 0x7F, 0xFF,
    0xFE, 0xFF, 0xFF, 0xFD, 0xE0, 0x38, 0x7F, 0xC0, 0x70, 0x7F, 0x80, 0xE0, 0x7F, 0x01, 0xC1, 0xFE,
    0x03, 0xFF, 0xFC, 0x07, 0xFF, 0x78, 0x0F, 0xFC, 0xFF, 0xF0, 0x7F, 0xF8, 0x3F, 0xFC, 0x01, 0xE0,
    0x00, 0xF0, 0x00, 0x78, 0x00, 0x3D, 0xF0, 0x1F, 0xFE, 0x0F, 0xFF, 0x07, 0xC7, 0xC3, 0xC1, 0xE1,
    0xE0, 0xF0, 0xF0, 0x78, 0x78, 0x3C, 0x3C, 0x1E, 0x1E, 0x0F, 0x01, 0x00, 0x03, 0x00, 0x0F, 0x00,
    0x3C, 0x00, 0x20, 0x00, 0x00, 0x3C, 0x1F, 0x78, 0x3C, 0xF0, 0xF1, 0xE3, 0xC3, 0xCF, 0x07, 0xBC,
    0x0F, 0xF0, 0x1F, 0xE0, 0x3F, 0xC0, 0x7B, 0xC0, 0xF7, 0xC1, 0xE7, 0xC3, 0xC7, 0x87, 0x87, 0x8F,
    0x07, 0x9E, 0x07, 0xC0, 0x04, 0x00, 0x18, 0x00, 0xF0, 0x01, 0xE0, 0x03, 0x00, 0x00, 0x0F, 0x01,
    0xFC, 0x0F, 0xF0, 0x7F, 0xC3, 0xFF, 0x0F, 0xFC, 0x7F, 0xF3, 0xDF, 0xCF, 0x7F, 0x79, 0xFF, 0xC7,
    0xFE, 0x1F, 0xF8, 0x7F, 0xC1, 0xFE, 0x07, 0xF8, 0x1F, 0xC0, 0x70, 0x0C, 0x60, 0x18, 0xC0, 0x3F,
    0x80, 0x3E, 0x00, 0x00, 0x1E, 0x03, 0xDC, 0x07, 0x3C, 0x1E, 0x38, 0x38, 0x78, 0xF0, 0x71, 0xC0,
    0xF7, 0x80, 0xEE, 0x01, 0xFC, 0x01, 0xF0, 0x03, 0xE0, 0x03, 0x80, 0x0F, 0x00, 0x1C, 0x00, 0x78,
    0x01, 0xE0, 0x00, 0xF0, 0x3F, 0x81, 0xFC, 0x0F, 0xE0, 0x7F, 0x03, 0xF8, 0x1F, 0xC0, 0xFE, 0x07,
    0xF0, 0x3F, 0x81, 0xFC, 0x0F, 0xE0, 0x7F, 0x03, 0xFF, 0xFF, 0xFF, 0xFF, 0xFF, 0x07, 0x80, 0x3C,
    0x01, 0xC0, 0x06, 0x00, 0x03, 0xC0, 0x03, 0xC0, 0x07, 0xE0, 0x07, 0xE0, 0x07, 0xF0, 0x0F, 0xF0,
    0x0E, 0x70, 0x0E, 0x78, 0x1E, 0x38, 0x1F, 0xF8, 0x3F, 0xFC, 0x3F, 0xFC, 0x3F, 0xFE, 0x78, 0x1E,
    0x78, 0x0E, 0xF0, 0x0F, 0xFF, 0xE7, 0xFF, 0x3F, 0xF9, 0xE0, 0x0F, 0x00, 0x78, 0x03, 0xFE, 0x1F,
    0xFC, 0xFF, 0xF7, 0x9F, 0xFC, 0x1F, 0xE0, 0xFF, 0x07, 0xFF, 0xFB, 0xFF, 0xDF, 0xF8, 0xFF, 0xC7,
    0xFF, 0x3F, 0xFD, 0xE1, 0xEF, 0x07, 0xF8, 0x3B, 0xFF, 0xDF, 0xFC, 0xFF, 0xF7, 0xFF, 0xFC, 0x0F,
    0xE0, 0x7F, 0x07, 0xFF, 0xFF, 0xFF, 0xDF, 0xFC, 0xFF, 0xFF, 0xFF, 0xFF, 0xF8, 0x0F, 0x01, 0xE0,
    0x3C, 0x07, 0x80, 0xF0, 0x1E, 0x03, 0xC0, 0x78, 0x0F, 0x01, 0xE0, 0x3C, 0x07, 0x80, 0x07, 0xFE,
    0x03, 0xFF, 0x80, 0xFF, 0xE0, 0x3C, 0x38, 0x0F, 0x0E, 0x03, 0x83, 0x80, 0xE0, 0xE0, 0x38, 0x38,
    0x0E, 0x0E, 0x03, 0x83, 0x80, 0xE0, 0xE0, 0x78, 0x38, 0x1C, 0x0E, 0x3F, 0xFF, 0xFF, 0xFF, 0xFF,
    0xFF, 0xFF, 0xF0, 0x01, 0xDC, 0x00, 0x76, 0x00, 0x1D, 0x80, 0x06, 0xFF, 0xEF, 0xFE, 0xFF, 0xEF,
    0x00, 0xF0, 0x0F, 0x00, 0xFF, 0xEF, 0xFE, 0xFF, 0xEF, 0xFE, 0xF0, 0x0F, 0x00, 0xF0, 0x0F, 0xFF,
    0xFF, 0xFF, 0xFF, 0xF8, 0x1C, 0x0F, 0x1E, 0x0E, 0x0F, 0x07, 0x87, 0x0F, 0x03, 0xC3, 0x8F, 0x00,
    0xF1, 0xCF, 0x00, 0x3C, 0xEF, 0x00, 0x0F, 0x77, 0x80, 0x03, 0xFF, 0x80, 0x03, 0xFF, 0xC0, 0x01,
    0xEE, 0xF0, 0x01, 0xE7, 0x3C, 0x01, 0xE3, 0x9F, 0x01, 0xE1, 0xC7, 0xC1, 0xF0, 0xE1, 0xE1, 0xF0,
    0x70, 0x79, 0xF0, 0x38, 0x1F, 0x1F, 0xC1, 0xFF, 0x1F, 0xFD, 0xF1, 0xE3, 0x07, 0x00, 0x78, 0x07,
    0x80, 0xF8, 0x07, 0xE0, 0x0F, 0x80, 0x1C, 0x40, 0xF7, 0x07, 0x7F, 0xF9, 0xFF, 0xC3, 0xFC, 0x07,
    0x00, 0xF0, 0x1F, 0xC0, 0xFF, 0x07, 0xFC, 0x3F, 0xF0, 0xFF, 0xC7, 0xFF, 0x3D, 0xFC, 0xF7, 0xF7,
    0x9F, 0xFC, 0x7F, 0xE1, 0xFF, 0x87, 0xFC, 0x1F, 0xE0, 0x7F, 0x81, 0xFC, 0x07, 0x1C, 0xC0, 0x73,
    0x00, 0xFC, 0x01, 0xE0, 0x00, 0x03, 0xC0, 0x7F, 0x03, 0xFC, 0x1F, 0xF0, 0xFF, 0xC3, 0xFF, 0x1F,
    0xFC, 0xF7, 0xF3, 0xDF, 0xDE, 0x7F, 0xF1, 0xFF, 0x87, 0xFE, 0x1F, 0xF0, 0x7F, 0x81, 0xFE, 0x07,
    0xF0, 0x1C, 0xF0, 0x7D, 0xE0, 0xF3, 0xC3, 0xC7, 0x8F, 0x0F, 0x3C, 0x1E, 0xF0, 0x3F, 0xC0, 0x7F,
    0x80, 0xFF, 0x01, 0xEF, 0x03, 0xDF, 0x07, 0x9F, 0x0F, 0x1E, 0x1E, 0x1E, 0x3C, 0x1E, 0x78, 0x1F,
    0x0F, 0xFE, 0x1F, 0xFC, 0x3F, 0xF8, 0x70, 0x70, 0xE0, 0xE1, 0xC1, 0xC3, 0x83, 0x87, 0x07, 0x1E,
    0x0E, 0x3C, 0x1C, 0x78, 0x38, 0xE0, 0x73, 0xC0, 0xFF, 0x81, 0xFE, 0x03, 0xF8, 0x07, 0xC0, 0x00,
    0xF0, 0x03, 0xFC, 0x01, 0xFF, 0x80, 0x7F, 0xF0, 0x3F, 0xFC, 0x0F, 0xFF, 0x87, 0xFF, 0xF3, 0xFF,
    0xDC, 0xEF, 0xF7, 0xFB, 0xFC, 0xFC, 0xFF, 0x1E, 0x3F, 0xC7, 0x8F, 0xF0, 0x03, 0xFC, 0x00, 0xFF,
    0x00, 0x3F, 0xC0, 0x0F, 0xF0, 0x1F, 0xC0, 0x7F, 0x01, 0xFC, 0x07, 0xF0, 0x1F, 0xC0, 0x7F, 0xFF,
    0xFF, 0xFF, 0xFF, 0xFF, 0xC0, 0x7F, 0x01, 0xFC, 0x07, 0xF0, 0x1F, 0xC0, 0x7F, 0x01, 0xFC, 0x07,
    0x0F, 0xE0, 0x7F, 0xF1, 0xFF, 0xE3, 0xE3, 0xEF, 0x01, 0xFE, 0x03, 0xFC, 0x07, 0xF0, 0x07, 0xE0,
    0x0F, 0xC0, 0x3F, 0xC0, 0x7F, 0x80, 0xF7, 0x83, 0xCF, 0xFF, 0x8F, 0xFE, 0x0F, 0xF8, 0x03, 0x80,
    0xFF, 0xFF, 0xFF, 0xFF, 0xFF, 0xE0, 0x7F, 0x03, 0xF8, 0x1F, 0xC0, 0xFE, 0x07, 0xF0, 0x3F, 0x81,
    0xFC, 0x0F, 0xE0, 0x7F, 0x03, 0xF8, 0x1F, 0xC0, 0xFE, 0x07, 0xFF, 0x87, 0xFF, 0x3F, 0xFD, 0xE1,
    0xEF, 0x07, 0xF8, 0x3F, 0xC1, 0xFE, 0x1F, 0xFF, 0xF7, 0xFF, 0xBF, 0xF1, 0xE0, 0x0F, 0x00, 0x78,
    0x03, 0xC0, 0x1E, 0x00, 0x0F, 0xE0, 0x7F, 0xE3, 0xFF, 0x9F, 0x0F, 0x78, 0x13, 0xC0, 0x0F, 0x00,
    0x3C, 0x00, 0xF0, 0x03, 0xC0, 0x0F, 0x00, 0x3C, 0x04, 0x78, 0x39, 0xFF, 0xF3, 0xFF, 0x83, 0xFC,
    0x03, 0x80, 0xFF, 0xFF, 0xFF, 0xFF, 0xF0, 0xF0, 0x0F, 0x00, 0xF0, 0x0F, 0x00, 0xF0, 0x0F, 0x00,
    0xF0, 0x0F, 0x00, 0xF0, 0x0F, 0x00, 0xF0, 0x0F, 0x00, 0xF0, 0xF0, 0x1E, 0xE0, 0x39, 0xE0, 0xF1,
    0xC1, 0xC3, 0xC7, 0x83, 0x8E, 0x07, 0xBC, 0x07, 0x70, 0x0F, 0xE0, 0x0F, 0x80, 0x1F, 0x00, 0x1C,
    0x00, 0x78, 0x00, 0xE0, 0x03, 0xC0, 0x0F, 0x00, 0x03, 0xC0, 0x01, 0xE0, 0x03, 0xFC, 0x07, 0xFF,
    0x87, 0xFF, 0xE7, 0xCE, 0xFB, 0xC7, 0x1D, 0xC3, 0x8F, 0xE1, 0xC7, 0xF8, 0xE3, 0xFE, 0x73, 0xCF,
    0xFF, 0xE3, 0xFF, 0xE0, 0xFF, 0xC0, 0x0F, 0x00, 0x07, 0x80, 0x78, 0x1F, 0x3C, 0x3E, 0x3E, 0x3C,
    0x1E, 0x78, 0x0F, 0x78, 0x07, 0xF0, 0x07, 0xE0, 0x03, 0xC0, 0x03, 0xE0, 0x07, 0xE0, 0x0F, 0xF0,
    0x0F, 0x78, 0x1E, 0x78, 0x3C, 0x3C, 0x3C, 0x3E, 0xF8, 0x1F, 0xF0, 0x38, 0xF0, 0x38, 0xF0, 0x38,
    0xF0, 0x38, 0xF0, 0x38, 0xF0, 0x38, 0xF0, 0x38, 0xF0, 0x38, 0xF0, 0x38, 0xF0, 0x38, 0xF0, 0x38,
    0xF0, 0x38, 0xF0, 0x38, 0xFF, 0xFF, 0xFF, 0xFF, 0xFF, 0xFF, 0x00, 0x07, 0x00, 0x07, 0x00, 0x07,
    0x00, 0x06, 0xF0, 0x3F, 0x81, 0xFC, 0x0F, 0xE0, 0x7F, 0x03, 0xF8, 0x1F, 0xC0, 0xFE, 0x0F, 0xF8,
    0xFB, 0xFF, 0xDF, 0xEE, 0x7E, 0x70, 0x03, 0x80, 0x1C, 0x00, 0xE0, 0x07, 0xF0, 0x78, 0x3F, 0x83,
    0xC1, 0xFC, 0x1E, 0x0F, 0xE0, 0xF0, 0x7F, 0x07, 0x83, 0xF8, 0x3C, 0x1F, 0xC1, 0xE0, 0xFE, 0x0F,
    0x07, 0xF0, 0x78, 0x3F, 0x83, 0xC1, 0xFC, 0x1E, 0x0F, 0xE0, 0xF0, 0x7F, 0x07, 0x83, 0xFF, 0xFF,
    0xFF, 0xFF, 0xFF, 0xFF, 0xFF, 0xFF, 0xF0, 0x78, 0x38, 0xF0, 0x78, 0x38, 0xF0, 0x78, 0x38, 0xF0,
    0x78, 0x38, 0xF0, 0x78, 0x38, 0xF0, 0x78, 0x38, 0xF0, 0x78, 0x38, 0xF0, 0x78, 0x38, 0xF0, 0x78,
    0x38, 0xF0, 0x78, 0x38, 0xF0, 0x78, 0x38, 0xF0, 0x78, 0x38, 0xF0, 0x78, 0x38, 0xFF, 0xFF, 0xFF,
    0xFF, 0xFF, 0xFF, 0xFF, 0xFF, 0xFF, 0x00, 0x00, 0x0F, 0x00, 0x00, 0x07, 0x00, 0x00, 0x06, 0x00,
    0x00, 0x06, 0xFE, 0x00, 0xFE, 0x00, 0xFE, 0x00, 0x1E, 0x00, 0x1E, 0x00, 0x1E, 0x00, 0x1F, 0xF8,
    0x1F, 0xFE, 0x1F, 0xFE, 0x1E, 0x0F, 0x1E, 0x0F, 0x1E, 0x0F, 0x1E, 0x0F, 0x1F, 0xFE, 0x1F, 0xFE,
    0x1F, 0xF8, 0xF0, 0x01, 0xFC, 0x00, 0x7F, 0x00, 0x1F, 0xC0, 0x07, 0xF0, 0x01, 0xFC, 0x00, 0x7F,
    0xFC, 0x1F, 0xFF, 0xC7, 0xFF, 0xF1, 0xFC, 0x1E, 0x7F, 0x07, 0x9F, 0xC1, 0xE7, 0xF0, 0x79, 0xFF,
    0xFC, 0x7F, 0xFF, 0x1F, 0xFF, 0x07, 0xF0, 0x07, 0x80, 0x3C, 0x01, 0xE0, 0x0F, 0x00, 0x78, 0x03,
    0xFF, 0x1F, 0xFE, 0xFF, 0xF7, 0x83, 0xFC, 0x1F, 0xE0, 0xFF, 0x07, 0xFF, 0xFB, 0xFF, 0xDF, 0xF8,
    0x1F, 0x81, 0xFF, 0x8F, 0xFF, 0x3C, 0x3E, 0x60, 0x78, 0x00, 0xE0, 0x03, 0xC3, 0xFF, 0x0F, 0xFC,
    0x3F, 0xF0, 0x03, 0x88, 0x1E, 0xF0, 0xFB, 0xFF, 0xC7, 0xFE, 0x0F, 0xF0, 0x07, 0x00, 0xF0, 0x3F,
    0x87, 0x83, 0xFF, 0x3C, 0x3F, 0xFD, 0xE3, 0xE1, 0xEF, 0x1E, 0x07, 0xF9, 0xE0, 0x3F, 0xCF, 0x00,
    0xFF, 0xF8, 0x07, 0xFF, 0xC0, 0x3F, 0xFE, 0x01, 0xFC, 0xF0, 0x0F, 0xE3, 0x80, 0xFF, 0x1E, 0x0F,
    0xF8, 0xFF, 0xFB, 0xC3, 0xFF, 0x9E, 0x0F, 0xF8, 0x00, 0x0E, 0x00, 0x0F, 0xF8, 0xFF, 0xCF, 0xFE,
    0xF8, 0x77, 0x83, 0xBC, 0x1D, 0xE0, 0xEF, 0xFF, 0x3F, 0xF8, 0xFF, 0xC3, 0xFE, 0x3C, 0x73, 0xC3,
    0x9E, 0x1D, 0xE0, 0xFF, 0x07, 0x3F, 0x1F, 0xEF, 0xFC, 0x87, 0x01, 0xCF, 0xF7, 0xFF, 0xE7, 0xE1,
    0xF8, 0xFF, 0xFD, 0xF7, 0x38, 0x00, 0x00, 0x40, 0xFE, 0x3F, 0xE7, 0xF8, 0x78, 0x0F, 0x00, 0xEF,
    0x8F, 0xFE, 0xFF, 0xEF, 0x0F, 0xE0, 0xFE, 0x0F, 0xE0, 0xFF, 0x0F, 0x7B, 0xE7, 0xFE, 0x3F, 0xC0,
    0xE0, 0xFF, 0x9F, 0xFB, 0xFF, 0x78, 0xFF, 0x1D, 0xFF, 0xBF, 0xF7, 0x8F, 0xF0, 0xFE, 0x3F, 0xFF,
    0xFF, 0xE0, 0xFF, 0xFF, 0xFF, 0xFE, 0x0F, 0x07, 0x83, 0xC1, 0xE0, 0xF0, 0x78, 0x3C, 0x1E, 0x00,
    0x0F, 0xF0, 0x1F, 0xE0, 0x3F, 0xC0, 0x73, 0x81, 0xE7, 0x03, 0xCE, 0x07, 0x1C, 0x0E, 0x38, 0x3C,
    0x71, 0xFF, 0xFF, 0xFF, 0xF7, 0xFF, 0xEF, 0x01, 0xDC, 0x03, 0x98, 0x07, 0x30, 0x0E, 0x1F, 0x8F,
    0xF9, 0xFF, 0x78, 0xFE, 0x0F, 0xFF, 0xFF, 0xFF, 0x00, 0xF0, 0x9F, 0x3D, 0xFF, 0x1F, 0xC0, 0xE0,
    0xF0, 0xE1, 0xEF, 0x1C, 0x78, 0xF3, 0x9E, 0x0F, 0x73, 0x80, 0xEE, 0xE0, 0x1F, 0xFC, 0x03, 0xFF,
    0x80, 0xF7, 0x78, 0x1C, 0xE7, 0x87, 0x9C, 0xF1, 0xE3, 0x8F, 0x78, 0x70, 0xF0, 0x3F, 0x8F, 0xFB,
    0xFF, 0x10, 0xE0, 0x3C, 0x1F, 0x03, 0xE0, 0x7E, 0x21, 0xFE, 0x7F, 0xFF, 0x1F, 0xE0, 0xE0, 0xE1,
    0xFC, 0x3F, 0x8F, 0xF1, 0xFE, 0x7F, 0xCF, 0xFB, 0xBF, 0x77, 0xFC, 0xFF, 0x9F, 0xE3, 0xFC, 0x70,
    0x39, 0xC3, 0x9C, 0x19, 0x81, 0xF8, 0x0F, 0x00, 0x00, 0xE1, 0xFE, 0x1F, 0xE3, 0xFE, 0x3F, 0xE7,
    0xFE, 0x7F, 0xEE, 0xFE, 0xEF, 0xFC, 0xFF, 0xCF, 0xF8, 0xFF, 0x8F, 0xF1, 0xFF, 0x1C, 0xF3, 0xCF,
    0x78, 0xFF, 0x0F, 0xE0, 0xFF, 0x0F, 0xF0, 0xF7, 0x8F, 0x3C, 0xF1, 0xEF, 0x1F, 0x1F, 0xF8, 0xFF,
    0xC7, 0xFE, 0x38, 0xF1, 0xC7, 0x8E, 0x3C, 0x71, 0xE3, 0x8F, 0x3C, 0x7F, 0xE3, 0xFE, 0x1F, 0xE0,
    0xFC, 0x00, 0x00, 0xF8, 0x3F, 0xE1, 0xFF, 0xC7, 0xFF, 0x1F, 0xFC, 0xFF, 0xBB, 0xFE, 0xED, 0xF9,
    0xF7, 0xE7, 0x9F, 0x9E, 0x7E, 0x01, 0xF8, 0x07, 0xF0, 0xFE, 0x1F, 0xC3, 0xF8, 0x7F, 0xFF, 0xFF,
    0xFF, 0xFF, 0xFF, 0xF0, 0xFE, 0x1F, 0xC3, 0xF8, 0x70, 0x1F, 0x87, 0xFC, 0x7F, 0xEF, 0x1E, 0xE0,
    0xEE, 0x0F, 0xE0, 0xFE, 0x0E, 0xF1, 0xEF, 0xFE, 0x7F, 0xC3, 0xF8, 0x0E, 0x00, 0xFF, 0xFF, 0xFF,
    0xFF, 0xF8, 0x7F, 0x0F, 0xE1, 0xFC, 0x3F, 0x87, 0xF0, 0xFE, 0x1F, 0xC3, 0xF8, 0x70, 0xF7, 0xCF,
    0xFE, 0xFF, 0xEF, 0x0F, 0xF0, 0xFF, 0x0F, 0xE0, 0xFF, 0x0F, 0xF0, 0xFF, 0xFE, 0xFF, 0xEF, 0xFC,
    0xF3, 0x0F, 0x00, 0xF0, 0x0F, 0x00, 0xF0, 0x00, 0x1F, 0x8F, 0xF9, 0xFF, 0xF8, 0xEE, 0x11, 0xC0,
    0x38, 0x07, 0x00, 0xF0, 0x9F, 0xFD, 0xFF, 0x1F, 0xC0, 0xE0, 0xFF, 0xFF, 0xFF, 0xFF, 0x87, 0x00,
    0xE0, 0x1C, 0x03, 0x80, 0x70, 0x0E, 0x01, 0xC0, 0x38, 0x07, 0x00, 0xF0, 0x7F, 0x83, 0x9C, 0x3C,
    0xF1, 0xE7, 0x8E, 0x1C, 0xF0, 0xF7, 0x03, 0xB8, 0x1F, 0xC0, 0xFC, 0x03, 0xE0, 0x1E, 0x00, 0xF0,
    0x07, 0x80, 0x38, 0x03, 0xC0, 0x1C, 0x00, 0x03, 0x80, 0x07, 0x00, 0x0E, 0x00, 0x1C, 0x01, 0xFE,
    0x07, 0xFF, 0x1F, 0xFF, 0x79, 0xDE, 0xE3, 0x9F, 0xC7, 0x1F, 0x8E, 0x3F, 0x1C, 0xFF, 0x39, 0xEF,
    0xFF, 0x9F, 0xFE, 0x0F, 0xF8, 0x03, 0x80, 0x07, 0x00, 0x0E, 0x00, 0x1C, 0x00, 0x38, 0x00, 0xF0,
    0xF3, 0xCF, 0x0F, 0x78, 0x3F, 0x81, 0xF8, 0x07, 0x80, 0x3C, 0x03, 0xF0, 0x3F, 0xC1, 0xEE, 0x1E,
    0x79, 0xE1, 0xF0, 0xF0, 0xE3, 0xC3, 0x8F, 0x0E, 0x3C, 0x38, 0xF0, 0xE3, 0xC3, 0x8F, 0x0E, 0x3C,
    0x38, 0xF0, 0xE3, 0xFF, 0xFF, 0xFF, 0xBF, 0xFE, 0x00, 0x38, 0x00, 0xE0, 0x03, 0x80, 0x0E, 0xE1,
    0xFC, 0x3F, 0x87, 0xF0, 0xFE, 0x1F, 0xE3, 0xFF, 0xFF, 0xFF, 0x7D, 0xE0, 0x3C, 0x07, 0x80, 0xF0,
    0xF1, 0xC3, 0xF8, 0xE1, 0xFC, 0x70, 0xFE, 0x38, 0x7F, 0x1C, 0x3F, 0x8E, 0x1F, 0xC7, 0x0F, 0xE3,
    0x87, 0xF1, 0xC3, 0xFF, 0xFF, 0xFF, 0xFF, 0xFF, 0xFF, 0xF0, 0xF1, 0xC3, 0x9E, 0x38, 0x73, 0xC7,
    0x0E, 0x78, 0xE1, 0xCF, 0x1C, 0x39, 0xE3, 0x87, 0x3C, 0x70, 0xE7, 0x8E, 0x1C, 0xF1, 0xC3, 0x9F,
    0xFF, 0xFF, 0xFF, 0xFF, 0xFF, 0xFF, 0xF0, 0x00, 0x0E, 0x00, 0x01, 0xC0, 0x00, 0x38, 0x00, 0x07,
    0xFE, 0x03, 0xF8, 0x0F, 0xE0, 0x07, 0x80, 0x1F, 0xF0, 0x7F, 0xE1, 0xFF, 0xC7, 0x87, 0x1E, 0x1C,
    0x79, 0xF1, 0xFF, 0xC7, 0xFC, 0xF0, 0x07, 0xF0, 0x07, 0xF0, 0x07, 0xF0, 0x07, 0xFF, 0x87, 0xFF,
    0xC7, 0xFF, 0xE7, 0xF0, 0xE7, 0xF0, 0xE7, 0xF3, 0xE7, 0xFF, 0xE7, 0xFF, 0xC7, 0xF0, 0x1E, 0x03,
    0xC0, 0x78, 0x0F, 0xF9, 0xFF, 0xBF, 0xFF, 0x87, 0xF0, 0xFE, 0x7F, 0xFF, 0xFF, 0xE0, 0x7E, 0x3F,
    0xEF, 0xF9, 0x8F, 0x01, 0xC7, 0xF1, 0xFC, 0x7F, 0x23, 0xFD, 0xFF, 0xF9, 0xFC, 0x1C, 0x00, 0xF0,
    0xFE, 0x78, 0xFF, 0xBC, 0xFF, 0xFE, 0x78, 0xFF, 0xF8, 0x3F, 0xFC, 0x1F, 0xFE, 0x0F, 0xFF, 0x07,
    0xF3, 0xC7, 0xF9, 0xFF, 0xFC, 0x7F, 0xDE, 0x1F, 0xC0, 0x03, 0x80, 0x1F, 0xF3, 0xFF, 0x7F, 0xF7,
    0x8F, 0x70, 0xF7, 0x8F, 0x7F, 0xF3, 0xFF, 0x1F, 0xF3, 0xCF, 0x78, 0xFF, 0x0F, 0x18, 0x07, 0x80,
    0x70, 0x07, 0x00, 0x40, 0x00, 0x07, 0xE3, 0xFE, 0x7F, 0xDE, 0x3F, 0x83, 0xFF, 0xFF, 0xFF, 0xC0,
    0x3C, 0x27, 0xCF, 0x7F, 0xC7, 0xF0, 0x38, 0x00, 0x31, 0x8F, 0x79, 0xEF, 0x18, 0xC0, 0x00, 0x3F,
    0x1F, 0xF3, 0xFE, 0xF1, 0xFC, 0x1F, 0xFF, 0xFF, 0xFE, 0x01, 0xE1, 0x3E, 0x7B, 0xFE, 0x3F, 0x81,
    0xC0, 0x78, 0x0F, 0xF0, 0xFF, 0x0F, 0xF0, 0x79, 0xC7, 0xFE, 0x7F, 0xF7, 0xCF, 0x78, 0x77, 0x87,
    0x78, 0x77, 0x87, 0x78, 0x77, 0x87, 0x78, 0x77, 0x87, 0x00, 0x70, 0x07, 0x03, 0xF0, 0x3F, 0x03,
    0xE0, 0x06, 0x07, 0x83, 0x83, 0x80, 0x80, 0x03, 0xFF, 0xFF, 0xFF, 0xF8, 0x3C, 0x1E, 0x0F, 0x07,
    0x83, 0xC1, 0xE0, 0xF0, 0x78, 0x00, 0x1F, 0x9F, 0xF7, 0xFF, 0xC6, 0xE0, 0x3F, 0xCF, 0xF3, 0xFC,
    0xF0, 0xBE, 0xF7, 0xFC, 0xFE, 0x0E, 0x00, 0x1F, 0x8F, 0xF9, 0xFF, 0xB8, 0x47, 0x80, 0xFE, 0x07,
    0xF0, 0x3F, 0x21, 0xFE, 0x3D, 0xFF, 0x1F, 0xC0, 0xE0, 0x6F, 0xFF, 0x00, 0xFF, 0xFF, 0xFF, 0xFF,
    0xFF, 0xF0, 0xE7, 0x7B, 0xF9, 0xC0, 0x00, 0x00, 0xE0, 0x70, 0x38, 0x1C, 0x0E, 0x07, 0x03, 0x81,
    0xC0, 0xE0, 0x70, 0x38, 0x18, 0xF3, 0xC7, 0x00, 0x03, 0xCF, 0x3C, 0xF3, 0xCF, 0x3C, 0xF3, 0xCF,
    0x3C, 0xF3, 0xFF, 0xFB, 0xC0, 0x1F, 0xF8, 0x01, 0xFF, 0x80, 0x1F, 0xF8, 0x01, 0xC7, 0x80, 0x1C,
    0x7F, 0xC1, 0xC7, 0xFF, 0x1C, 0x7F, 0xF1, 0xC7, 0x87, 0x3C, 0x78, 0x7F, 0xC7, 0x8F, 0xF8, 0x7F,
    0xFF, 0x07, 0xFE, 0xC0, 0x00, 0x00, 0xF0, 0xE0, 0x1E, 0x1C, 0x03, 0xC3, 0x80, 0x78, 0x70, 0x0F,
    0xFF, 0xF1, 0xFF, 0xFF, 0xBF, 0xFF, 0xF7, 0x87, 0x0F, 0xF0, 0xE1, 0xFE, 0x1C, 0x7F, 0xC3, 0xFF,
    0x78, 0x7F, 0xC0, 0x78, 0x0F, 0xF0, 0xFF, 0x0F, 0xF0, 0x79, 0xC7, 0xFE, 0x7F, 0xF7, 0xCF, 0x78,
    0x77, 0x87, 0x78, 0x77, 0x87, 0x78, 0x77, 0x87, 0x78, 0x77, 0x87, 0x03, 0x00, 0x38, 0x07, 0x80,
    0xE0, 0x04, 0x00, 0x00, 0xF1, 0xFF, 0x1C, 0xF3, 0xCF, 0x78, 0xFF, 0x0F, 0xE0, 0xFF, 0x0F, 0xF0,
    0xF7, 0x8F, 0x3C, 0xF1, 0xEF, 0x1F, 0x0C, 0x03, 0xC0, 0x1E, 0x00, 0xF0, 0x06, 0x00, 0x00, 0xE1,
    0xFE, 0x1F, 0xE3, 0xFE, 0x3F, 0xE7, 0xFE, 0x7F, 0xEE, 0xFE, 0xEF, 0xFC, 0xFF, 0xCF, 0xF8, 0xFF,
    0x8F, 0x18, 0xC0, 0xC6, 0x07, 0x70, 0x1F, 0x80, 0x78, 0x00, 0x03, 0xC1, 0xEE, 0x0F, 0x78, 0x73,
    0xC7, 0x8E, 0x3C, 0x79, 0xC1, 0xDE, 0x0E, 0xE0, 0x7F, 0x01, 0xF8, 0x0F, 0x80, 0x3C, 0x01, 0xC0,
    0x1E, 0x00, 0xF0, 0x07, 0x00, 0x78, 0x00, 0xF0, 0xFE, 0x1F, 0xC3, 0xF8, 0x7F, 0x0F, 0xE1, 0xFC,
    0x3F, 0x87, 0xF0, 0xFF, 0xFF, 0xFF, 0xFF, 0xF0, 0xE0, 0x1C, 0x03, 0x80, 0x70, 0x1E, 0x00, 0x1E,
    0x00, 0xFF, 0xF0, 0xFF, 0xF0, 0xFF, 0xF0, 0x1E, 0x00, 0x1F, 0xE0, 0x1F, 0xFC, 0x1F, 0xFE, 0x1F,
    0xFF, 0x1E, 0x0F, 0x1E, 0x0F, 0x1E, 0x0F, 0x1F, 0xFE, 0x1F, 0xFE, 0x1F, 0xFC, 0x1C, 0x00, 0x70,
    0x01, 0xC0, 0x07, 0x00, 0xFF, 0xC3, 0xFF, 0x0F, 0xFC, 0x07, 0x00, 0x1F, 0xE0, 0x7F, 0xE1, 0xFF,
    0xC7, 0x0F, 0x1C, 0x3C, 0x71, 0xF1, 0xFF, 0x87, 0xFC, 0x7F, 0xFF, 0x0F, 0xFF, 0x81, 0xFF, 0xE0,
    0x78, 0xF0, 0x0F, 0x38, 0x01, 0xDE, 0x00, 0x7F, 0x00, 0x7F, 0xF0, 0x3F, 0xFF, 0x1F, 0xFF, 0xCF,
    0x1C, 0x7B, 0xC7, 0x0E, 0xE1, 0xC3, 0xB8, 0x70, 0xFE, 0x1C, 0x3F, 0x87, 0x0F, 0x7F, 0xF8, 0xFF,
    0xC3, 0xFE, 0x07, 0x38, 0x0F, 0xC0, 0xFF, 0xC7, 0xFF, 0xBF, 0xFF, 0xE7, 0x3F, 0x9C, 0x7E, 0x71,
    0xF9, 0xC7, 0x0F, 0xE0, 0x7F, 0xF1, 0xFF, 0xE3, 0xC1, 0xEF, 0x01, 0xFE, 0x03, 0xFF, 0x87, 0xFF,
    0xFF, 0xFF, 0xFF, 0xE3, 0xFF, 0xC0, 0x7F, 0x80, 0xF7, 0x83, 0xCF, 0xFF, 0x8F, 0xFE, 0x0F, 0xF8,
    0x03, 0x80, 0x1F, 0x87, 0xFC, 0x7F, 0xEF, 0x0E, 0xE0, 0xEF, 0xFF, 0xFF, 0xFF, 0x7E, 0xF0, 0xEF,
    0x1E, 0x7F, 0xC3, 0xF8, 0x0E, 0x00, 0xF0, 0x07, 0xDC, 0x03, 0xF7, 0x81, 0xFD, 0xE0, 0x79, 0x38,
    0x1C, 0x0F, 0x0F, 0x03, 0xC3, 0xC0, 0x70, 0xE0, 0x1E, 0x78, 0x03, 0x9C, 0x00, 0xFF, 0x00, 0x3F,
    0xC0, 0x07, 0xE0, 0x01, 0xF8, 0x00, 0x3C, 0x00, 0x0F, 0x00, 0xF0, 0x7F, 0xC1, 0xF7, 0x0F, 0xDE,
    0x39, 0x79, 0xE0, 0xE7, 0x03, 0x9C, 0x07, 0x70, 0x1F, 0x80, 0x7E, 0x00, 0xF8, 0x03, 0xC0, 0x01,
    0xE0, 0x3C, 0x07, 0xFF, 0xFF, 0xFF, 0xFF, 0xFC, 0x07, 0x80, 0xF0, 0x1E, 0x03, 0xC0, 0x78, 0x0F,
    0x01, 0xE0, 0x3C, 0x07, 0x80, 0xF0, 0x1E, 0x03, 0xC0, 0x00, 0x03, 0x81, 0xC0, 0xFF, 0xFF, 0xFF,
    0xFF, 0xC1, 0xE0, 0xF0, 0x78, 0x3C, 0x1E, 0x0F, 0x07, 0x83, 0xC0, 0x3F, 0xF3, 0xFF, 0x3F, 0xF3,
    0xC0, 0x3C, 0x03, 0xC0, 0x3C, 0x0F, 0xF8, 0xFF, 0x8F, 0xF8, 0x3C, 0x03, 0xC0, 0x3C, 0x03, 0xC0,
    0x3C, 0x03, 0xC0, 0x3F, 0xE7, 0xFC, 0xFF, 0x9E, 0x03, 0xC1, 0xFF, 0x3F, 0xE7, 0xFC, 0x3C, 0x07,
    0x80, 0xF0, 0x1E, 0x00, 0x78, 0xF1, 0xE1, 0xC7, 0x9E, 0x0F, 0x3C, 0xE0, 0x3D, 0xEE, 0x00, 0xFF,
    0xF0, 0x03, 0xFF, 0x00, 0x3F, 0xF8, 0x01, 0xDF, 0xE0, 0x1E, 0xF7, 0x81, 0xE7, 0x9F, 0xDE, 0x3C,
    0xFE, 0xF1, 0xE3, 0xF8, 0x00, 0x07, 0x80, 0x00, 0x1C, 0x00, 0x00, 0xC0, 0x00, 0x06, 0xF0, 0x7D,
    0xE0, 0xF3, 0xC3, 0xC7, 0x8F, 0x0F, 0x3C, 0x1E, 0xF0, 0x3F, 0xC0, 0x7F, 0x80, 0xFF, 0x01, 0xEF,
    0x03, 0xDF, 0x07, 0x9F, 0x0F, 0x1E, 0x1E, 0x1F, 0xFC, 0x1F, 0xF8, 0x1F, 0x00, 0x0E, 0x00, 0x1C,
    0x00, 0x38, 0x00, 0x60, 0xF1, 0xF7, 0x8E, 0x3C, 0xF1, 0xEF, 0x0F, 0xF0, 0x7F, 0x03, 0xFC, 0x1F,
    0xE0, 0xF7, 0x87, 0x9F, 0xFC, 0x7F, 0xE3, 0xF0, 0x03, 0x80, 0x1C, 0x00, 0xE0, 0x07, 0xF0, 0x0F,
    0xF0, 0x1E, 0xF0, 0x3C, 0xF6, 0x3C, 0xF6, 0x78, 0xF6, 0x70, 0xFF, 0xF0, 0xFF, 0xE0, 0xFF, 0xE0,
    0xFF, 0xF0, 0xF6, 0xF0, 0xF6, 0x78, 0xF6, 0x3C, 0xF0, 0x3C, 0xF0, 0x1E, 0xF0, 0x0F, 0xE0, 0x7E,
    0x0F, 0xEC, 0xEE, 0xDC, 0xFF, 0xCF, 0xF8, 0xFF, 0x8F, 0xFC, 0xED, 0xCE, 0xCE, 0xE0, 0xFE, 0x07,
    0xF0, 0x1C, 0x78, 0x0E, 0x3C, 0x07, 0x1E, 0x03, 0x8F, 0x01, 0xC7, 0x80, 0xE3, 0xFF, 0xF1, 0xFF,
    0xF8, 0xFF, 0xFC, 0x78, 0x0E, 0x3C, 0x07, 0x1E, 0x03, 0x8F, 0x01, 0xC7, 0x80, 0xFF, 0xC0, 0x7F,
    0xE0, 0x3F, 0x00, 0x07, 0x80, 0x01, 0xC0, 0x00, 0xC0, 0x00, 0x60, 0xF0, 0xE3, 0xC3, 0x8F, 0x0E,
    0x3C, 0x38, 0xFF, 0xE3, 0xFF, 0x8F, 0xFE, 0x3F, 0xF8, 0xF0, 0xE3, 0xC3, 0xFF, 0x0F, 0xBC, 0x3E,
    0x00, 0x38, 0x00, 0xE0, 0x03, 0x80, 0x0E, 0xF0, 0x1E, 0xF0, 0x3D, 0xE0, 0xF1, 0xE1, 0xC1, 0xC7,
    0x83, 0xCE, 0x03, 0xBC, 0x07, 0xF0, 0x07, 0xC0, 0x07, 0x80, 0x0F, 0x00, 0x1E, 0x00, 0x3C, 0x00,
    0x78, 0x00, 0xF0, 0x01, 0xE0, 0xF0, 0x7F, 0x87, 0x9C, 0x3C, 0xE1, 0xC7, 0x9E, 0x1C, 0xE0, 0xE7,
    0x03, 0xB8, 0x1F, 0x80, 0xFC, 0x03, 0xE0, 0x1E, 0x00, 0xF0, 0x07, 0x80, 0x3C, 0x01, 0xE0, 0x0F,
    0x00, 0xF8, 0x1F, 0x78, 0x1E, 0x3C, 0x3C, 0x3C, 0x38, 0x1E, 0x78, 0x0E, 0xF0, 0x0F, 0xF0, 0x07,
    0xE0, 0x3F, 0xFC, 0x3F, 0xFC, 0x3F, 0xFC, 0x03, 0xC0, 0x03, 0xC0, 0x03, 0xC0, 0x03, 0xC0, 0x03,
    0xC0, 0xF0, 0x7B, 0x83, 0x9E, 0x3C, 0x71, 0xC3, 0xCE, 0x1E, 0xF0, 0x77, 0x03, 0xF8, 0x0F, 0x81,
    0xFF, 0x0F, 0xF8, 0x7F, 0xC0, 0x70, 0x03, 0x80, 0x1C, 0x00, 0xE0, 0x07, 0x00, 0x78, 0x1F, 0x1E,
    0x1F, 0x0F, 0x8F, 0x03, 0xCF, 0x00, 0xF7, 0x80, 0x3F, 0x80, 0x1F, 0x80, 0x07, 0x80, 0x03, 0xE0,
    0x03, 0xF0, 0x03, 0xFC, 0x01, 0xEF, 0x01, 0xE7, 0x81, 0xE1, 0xFC, 0xF0, 0xFE, 0xF0, 0x3F, 0x80,
    0x03, 0x80, 0x01, 0xC0, 0x00, 0xE0, 0x00, 0x70, 0xF0, 0xF1, 0xE7, 0x83, 0xDE, 0x07, 0xF0, 0x1F,
    0x80, 0x3C, 0x00, 0xF0, 0x07, 0xE0, 0x3F, 0xC0, 0xF7, 0xF7, 0x9F, 0xFC, 0x3F, 0x00, 0x1C, 0x00,
    0x70, 0x01, 0xC0, 0x07, 0xF0, 0x38, 0xF0, 0x38, 0xF0, 0x38, 0xF0, 0x38, 0xF0, 0x38, 0xF0, 0x38,
    0xF0, 0x38, 0xF0, 0x78, 0xF8, 0xF8, 0x7F, 0xF8, 0x7F, 0xB8, 0x3F, 0x38, 0x00, 0x38, 0x00, 0x3F,
    0x00, 0x3F, 0x00, 0x3F, 0x00, 0x0F, 0x00, 0x07, 0x00, 0x06, 0x00, 0x06, 0xE1, 0xE7, 0x0F, 0x38,
    0x79, 0xC3, 0xCE, 0x1E, 0x70, 0xF3, 0xFF, 0x9F, 0xFC, 0x7F, 0xE1, 0xCF, 0xC0, 0x7E, 0x03, 0xF0,
    0x03, 0x80, 0x1C, 0x00, 0xE0, 0x06, 0xF0, 0x3F, 0x81, 0xFC, 0x0F, 0xE0, 0x7F, 0x03, 0xF8, 0x1F,
    0xDC, 0xFE, 0xE7, 0xFF, 0x7B, 0xFF, 0xDF, 0xFE, 0x3F, 0x70, 0x73, 0x83, 0x9C, 0x1C, 0xE0, 0x07,
    0xE1, 0xFC, 0x3F, 0x87, 0xF0, 0xFE, 0xDF, 0xDB, 0xFF, 0xFF, 0xFF, 0x7D, 0xE1, 0xBC, 0x37, 0x80,
    0xF0, 0xF0, 0x07, 0x80, 0x3C, 0x01, 0xE0, 0x0F, 0x00, 0x7B, 0xF3, 0xFF, 0xDF, 0xFE, 0xF8, 0xFF,
    0x83, 0xFC, 0x0F, 0xE0, 0x7F, 0x03, 0xF8, 0x1F, 0xC0, 0xFE, 0x07, 0xF0, 0x1E, 0x03, 0xC0, 0x78,
    0x0F, 0x7D, 0xFF, 0xBF, 0xFF, 0x8F, 0xF0, 0xFE, 0x1F, 0xC3, 0xF8, 0x7F, 0x0F, 0xE1, 0xFC, 0x3F,
    0x87, 0xF0, 0xE3, 0xC3, 0x8F, 0x0E, 0x3C, 0x38, 0xFF, 0xE3, 0xFF, 0x8F, 0xFE, 0x3F, 0xF8, 0xF0,
    0xE3, 0xC3, 0xFF, 0x0F, 0xBC, 0x3E, 0x00, 0x38, 0x00, 0xE0, 0x07, 0x00, 0x1C, 0x1F, 0xC0, 0xFF,
    0xC7, 0xFF, 0x3E, 0x1E, 0x20, 0x38, 0x00, 0xF0, 0x03, 0xFF, 0xFF, 0xFF, 0xFF, 0xFF, 0xFE, 0x03,
    0xFC, 0x0E, 0xF0, 0x79, 0xF7, 0xE3, 0xFF, 0x07, 0xF8, 0x07, 0x00, 0x3F, 0x0F, 0xF3, 0xFF, 0x10,
    0xF0, 0x1F, 0xFF, 0xFF, 0xFF, 0xFF, 0xE1, 0xFE, 0x79, 0xFF, 0x1F, 0xC0, 0xE0, 0x1F, 0xC0, 0x7F,
    0x01, 0xFC, 0x00, 0x00, 0xF0, 0x1F, 0xC0, 0xFF, 0x07, 0xFC, 0x3F, 0xF0, 0xFF, 0xC7, 0xFF, 0x3D,
    0xFC, 0xF7, 0xF7, 0x9F, 0xFC, 0x7F, 0xE1, 0xFF, 0x87, 0xFC, 0x1F, 0xE0, 0x7F, 0x81, 0xFC, 0x07,
    0x3F, 0xC7, 0xF8, 0xFF, 0x00, 0x0E, 0x1F, 0xC3, 0xF8, 0xFF, 0x1F, 0xE7, 0xFC, 0xFF, 0xBB, 0xF7,
    0x7F, 0xCF, 0xF9, 0xFE, 0x3F, 0xC7, 0x0F, 0xE0, 0x7F, 0xF1, 0xFF, 0xE3, 0xC1, 0xEF, 0x01, 0xFE,
    0x03, 0xFC, 0x07, 0xFF, 0xFF, 0xFF, 0xFF, 0xFF, 0xFF, 0xC0, 0x7F, 0x80, 0xF7, 0x83, 0xCF, 0xFF,
    0x8F, 0xFE, 0x0F, 0xF8, 0x03, 0x80, 0x1F, 0x87, 0xFC, 0x7F, 0xEF, 0x0E, 0xE0, 0xEF, 0xFF, 0xFF,
    0xFE, 0x0E, 0xF0, 0xEF, 0x1E, 0x7F, 0xC3, 0xF8, 0x0E, 0x00, 0x0F, 0xE0, 0x1F, 0xC0, 0x3F, 0x80,
    0x00, 0x0F, 0x01, 0xEE, 0x03, 0x9E, 0x0F, 0x1C, 0x1C, 0x3C, 0x78, 0x38, 0xE0, 0x7B, 0xC0, 0x77,
    0x00, 0xFE, 0x00, 0xF8, 0x01, 0xF0, 0x01, 0xC0, 0x07, 0x80, 0x0E, 0x00, 0x3C, 0x00, 0xF0, 0x00,
    0x1F, 0xC0, 0xFE, 0x07, 0xF0, 0x00, 0x0F, 0x07, 0xF8, 0x39, 0xC3, 0xCF, 0x1E, 0x78, 0xE1, 0xCF,
    0x0F, 0x70, 0x3B, 0x81, 0xFC, 0x0F, 0xC0, 0x3E, 0x01, 0xE0, 0x0F, 0x00, 0x78, 0x03, 0x80, 0x3C,
    0x01, 0xC0, 0x00, 0x03, 0xC0, 0x03, 0xC0, 0x07, 0xE0, 0x07, 0xE0, 0x07, 0xE0, 0x0F, 0xF0, 0x0E,
    0x70, 0x1E, 0x78, 0x1E, 0x78, 0x1F, 0xF8, 0x3F, 0xFC, 0x3F, 0xFC, 0x7F, 0xFC, 0x78, 0x1E, 0x70,
    0x0E, 0xF0, 0x0F, 0x00, 0x00, 0x00, 0x00, 0x03, 0xC0, 0x03, 0xC0, 0x03, 0xC0, 0x01, 0x80, 0x3F,
    0x1F, 0xEF, 0xFC, 0x87, 0x01, 0xCF, 0xF7, 0xFF, 0xE7, 0xE1, 0xF8, 0xFF, 0xFD, 0xF7, 0x38, 0x00,
    0x00, 0xE0, 0x78, 0x0E, 0x01, 0x00, 0x07, 0xC0, 0x03, 0xE0, 0x00, 0xE0, 0x01, 0xC0, 0x00, 0x00,
    0x03, 0xC0, 0x03, 0xC0, 0x07, 0xE0, 0x07, 0xE0, 0x07, 0xE0, 0x0F, 0xF0, 0x0E, 0x70, 0x1E, 0x78,
    0x1E, 0x78, 0x1F, 0xF8, 0x3F, 0xFC, 0x3F, 0xFC, 0x7F, 0xFC, 0x78, 0x1E, 0x70, 0x0E, 0xF0, 0x0F,
    0x3E, 0x07, 0xC0, 0x30, 0x3C, 0x06, 0x00, 0x03, 0xF1, 0xFE, 0xFF, 0xC8, 0x70, 0x1C, 0xFF, 0x7F,
    0xFE, 0x7E, 0x1F, 0x8F, 0xFF, 0xDF, 0x73, 0x80, 0x00, 0x04, 0x00, 0x0E, 0x00, 0x1C, 0x00, 0x38,
    0x03, 0xC0, 0x07, 0xE0, 0x0E, 0x70, 0x00, 0x00, 0x03, 0xC0, 0x03, 0xC0, 0x07, 0xE0, 0x07, 0xE0,
    0x07, 0xE0, 0x0F, 0xF0, 0x0E, 0x70, 0x1E, 0x78, 0x1E, 0x78, 0x1F, 0xF8, 0x3F, 0xFC, 0x3F, 0xFC,
    0x7F, 0xFC, 0x78, 0x1E, 0x70, 0x0E, 0xF0, 0x0F, 0x00, 0x20, 0x03, 0x00, 0x1E, 0x01, 0xC0, 0x1C,
    0x0F, 0x40, 0x7C, 0x07, 0x60, 0x71, 0x80, 0x00, 0x0F, 0xC0, 0xFF, 0x0F, 0xFC, 0x10, 0xE0, 0x07,
    0x07, 0xF8, 0x7F, 0xC7, 0xCE, 0x38, 0x71, 0xC7, 0x8F, 0xFC, 0x3E, 0xE0, 0xE0, 0x00, 0x00, 0x40,
    0x00, 0xE0, 0x00, 0x70, 0x00, 0x38, 0x03, 0xC0, 0x07, 0xE0, 0x0E, 0x70, 0x00, 0x00, 0x03, 0xC0,
    0x03, 0xC0, 0x07, 0xE0, 0x07, 0xE0, 0x07, 0xE0, 0x0F, 0xF0, 0x0E, 0x70, 0x1E, 0x78, 0x1E, 0x78,
    0x1F, 0xF8, 0x3F, 0xFC, 0x3F, 0xFC, 0x7F, 0xFC, 0x78, 0x1E, 0x70, 0x0E, 0xF0, 0x0F, 0x01, 0x00,
    0x30, 0x1E, 0x01, 0xE0, 0x1E, 0x3C, 0x87, 0xC1, 0xD8, 0x71, 0x80, 0x00, 0xFC, 0x3F, 0xCF, 0xFC,
    0x43, 0x80, 0x71, 0xFE, 0x7F, 0xDF, 0x3B, 0x87, 0x71, 0xEF, 0xFC, 0xFB, 0x8E, 0x00, 0x00, 0x78,
    0x00, 0x7C, 0x00, 0x3C, 0x03, 0xD8, 0x07, 0xC0, 0x07, 0xE0, 0x0E, 0x70, 0x00, 0x00, 0x03, 0xC0,
    0x03, 0xC0, 0x07, 0xE0, 0x07, 0xE0, 0x07, 0xE0, 0x0F, 0xF0, 0x0E, 0x70, 0x1E, 0x78, 0x1E, 0x78,
    0x1F, 0xF8, 0x3F, 0xFC, 0x3F, 0xFC, 0x7F, 0xFC, 0x78, 0x1E, 0x70, 0x0E, 0xF0, 0x0F, 0x03, 0xE0,
    0x7C, 0x01, 0x80, 0x71, 0xEC, 0x3E, 0x0E, 0xC3, 0x8C, 0x00, 0x07, 0xE1, 0xFE, 0x7F, 0xE2, 0x1C,
    0x03, 0x8F, 0xF3, 0xFE, 0xF9, 0xDC, 0x3B, 0x8F, 0x7F, 0xE7, 0xDC, 0x70, 0x00, 0x07, 0x20, 0x0F,
    0xF0, 0x0D, 0xE0, 0x00, 0x00, 0x03, 0xC0, 0x07, 0xE0, 0x0E, 0x70, 0x00, 0x00, 0x03, 0xC0, 0x03,
    0xC0, 0x07, 0xE0, 0x07, 0xE0, 0x07, 0xE0, 0x0F, 0xF0, 0x0E, 0x70, 0x1E, 0x78, 0x1E, 0x78, 0x1F,
    0xF8, 0x3F, 0xFC, 0x3F, 0xFC, 0x7F, 0xFC, 0x78, 0x1E, 0x70, 0x0E, 0xF0, 0x0F, 0x11, 0x0F, 0x77,
    0xF9, 0x9E, 0x00, 0x07, 0x81, 0xF0, 0xEC, 0x71, 0x80, 0x03, 0xF1, 0xFE, 0xFF, 0xC8, 0x70, 0x1C,
    0xFF, 0x7F, 0xFE, 0x7E, 0x1F, 0x8F, 0xFF, 0xDF, 0x73, 0x80, 0x03, 0xC0, 0x03, 0xC0, 0x07, 0xE0,
    0x0E, 0x70, 0x00, 0x00, 0x03, 0xC0, 0x03, 0xC0, 0x07, 0xE0, 0x07, 0xE0, 0x07, 0xE0, 0x0F, 0xF0,
    0x0E, 0x70, 0x1E, 0x78, 0x1E, 0x78, 0x1F, 0xF8, 0x3F, 0xFC, 0x3F, 0xFC, 0x7F, 0xFC, 0x78, 0x1E,
    0x70, 0x0E, 0xF0, 0x0F, 0x00, 0x00, 0x00, 0x00, 0x03, 0xC0, 0x03, 0xC0, 0x03, 0xC0, 0x01, 0x80,
    0x1E, 0x07, 0xC3, 0xB1, 0xC6, 0x00, 0x0F, 0xC7, 0xFB, 0xFF, 0x21, 0xC0, 0x73, 0xFD, 0xFF, 0xF9,
    0xF8, 0x7E, 0x3F, 0xFF, 0x7D, 0xCE, 0x00, 0x00, 0x38, 0x1E, 0x03, 0x80, 0x40, 0x00, 0x40, 0x00,
    0xE0, 0x03, 0xC0, 0x01, 0x00, 0x0E, 0x60, 0x07, 0xE0, 0x07, 0xC0, 0x00, 0x00, 0x03, 0xC0, 0x03,
    0xC0, 0x07, 0xE0, 0x07, 0xE0, 0x07, 0xE0, 0x0F, 0xF0, 0x0E, 0x70, 0x1E, 0x78, 0x1E, 0x78, 0x1F,
    0xF8, 0x3F, 0xFC, 0x3F, 0xFC, 0x7F, 0xFC, 0x78, 0x1E, 0x70, 0x0E, 0xF0, 0x0F, 0x02, 0x01, 0xC0,
    0x78, 0x3C, 0x1C, 0x01, 0x03, 0x18, 0xEC, 0x3F, 0x07, 0x80, 0x00, 0xFC, 0x7F, 0xBF, 0xF2, 0x1C,
    0x07, 0x3F, 0xDF, 0xFF, 0x9F, 0x87, 0xE3, 0xFF, 0xF7, 0xDC, 0xE0, 0x02, 0x00, 0x07, 0x00, 0x03,
    0xC0, 0x00, 0x80, 0x0E, 0x60, 0x07, 0xE0, 0x07, 0xC0, 0x00, 0x00, 0x03, 0xC0, 0x03, 0xC0, 0x07,
    0xE0, 0x07, 0xE0, 0x07, 0xE0, 0x0F, 0xF0, 0x0E, 0x70, 0x1E, 0x78, 0x1E, 0x78, 0x1F, 0xF8, 0x3F,
    0xFC, 0x3F, 0xFC, 0x7F, 0xFC, 0x78, 0x1E, 0x70, 0x0E, 0xF0, 0x0F, 0x10, 0x06, 0x03, 0xC0, 0x70,
    0x0E, 0x01, 0x03, 0x18, 0xEC, 0x3F, 0x07, 0x80, 0x00, 0xFC, 0x7F, 0xBF, 0xF2, 0x1C, 0x07, 0x3F,
    0xDF, 0xFF, 0x9F, 0x87, 0xE3, 0xFF, 0xF7, 0xDC, 0xE0, 0x07, 0xC0, 0x03, 0xE0, 0x01, 0xE0, 0x01,
    0x80, 0x0E, 0x60, 0x07, 0xE0, 0x07, 0xC0, 0x00, 0x00, 0x03, 0xC0, 0x03, 0xC0, 0x07, 0xE0, 0x07,
    0xE0, 0x07, 0xE0, 0x0F, 0xF0, 0x0E, 0x70, 0x1E, 0x78, 0x1E, 0x78, 0x1F, 0xF8, 0x3F, 0xFC, 0x3F,
    0xFC, 0x7F, 0xFC, 0x78, 0x1E, 0x70, 0x0E, 0xF0, 0x0F, 0x08, 0x0F, 0x81, 0xF0, 0x1C, 0x0E, 0x02,
    0x03, 0x38, 0xCC, 0x3F, 0x07, 0x80, 0x00, 0xFC, 0x7F, 0xBF, 0xF2, 0x1C, 0x07, 0x3F, 0xDF, 0xFF,
    0x9F, 0x87, 0xE3, 0xFF, 0xF7, 0xDC, 0xE0, 0x07, 0x20, 0x0F, 0xF0, 0x0D, 0xE0, 0x00, 0x00, 0x0E,
    0x60, 0x07, 0xE0, 0x07, 0xC0, 0x00, 0x00, 0x03, 0xC0, 0x03, 0xC0, 0x07, 0xE0, 0x07, 0xE0, 0x07,
    0xE0, 0x0F, 0xF0, 0x0E, 0x70, 0x1E, 0x78, 0x1E, 0x78, 0x1F, 0xF8, 0x3F, 0xFC, 0x3F, 0xFC, 0x7F,
    0xFC, 0x78, 0x1E, 0x70, 0x0E, 0xF0, 0x0F, 0x39, 0x9F, 0xF7, 0xF8, 0x9C, 0x00, 0x0C, 0x63, 0xB0,
    0xFC, 0x1E, 0x00, 0x03, 0xF1, 0xFE, 0xFF, 0xC8, 0x70, 0x1C, 0xFF, 0x7F, 0xFE, 0x7E, 0x1F, 0x8F,
    0xFF, 0xDF, 0x73, 0x80, 0x0C, 0x60, 0x06, 0x60, 0x07, 0xE0, 0x03, 0xC0, 0x00, 0x00, 0x03, 0xC0,
    0x03, 0xC0, 0x07, 0xE0, 0x07, 0xE0, 0x07, 0xE0, 0x0F, 0xF0, 0x0E, 0x70, 0x1E, 0x78, 0x1E, 0x78,
    0x1F, 0xF8, 0x3F, 0xFC, 0x3F, 0xFC, 0x7F, 0xFC, 0x78, 0x1E, 0x70, 0x0E, 0xF0, 0x0F, 0x00, 0x00,
    0x00, 0x00, 0x03, 0xC0, 0x03, 0xC0, 0x03, 0xC0, 0x01, 0x80, 0x31, 0x8E, 0xC3, 0xF0, 0x78, 0x00,
    0x0F, 0xC7, 0xFB, 0xFF, 0x21, 0xC0, 0x73, 0xFD, 0xFF, 0xF9, 0xF8, 0x7E, 0x3F, 0xFF, 0x7D, 0xCE,
    0x00, 0x00, 0x38, 0x1E, 0x03, 0x80, 0x40, 0xFF, 0xEF, 0xFE, 0xFF, 0xEF, 0x00, 0xF0, 0x0F, 0x00,
    0xFF, 0xEF, 0xFE, 0xFF, 0xEF, 0xFE, 0xF0, 0x0F, 0x00, 0xF0, 0x0F, 0xFF, 0xFF, 0xFF, 0xFF, 0x00,
    0x00, 0x00, 0x0F, 0x00, 0xF0, 0x0F, 0x00, 0x60, 0x1F, 0x8F, 0xF9, 0xFF, 0x78, 0xFE, 0x0F, 0xFF,
    0xFF, 0xFF, 0x00, 0xF0, 0x9F, 0x3D, 0xFF, 0x1F, 0xC0, 0xE0, 0x00, 0x03, 0xC0, 0x78, 0x0F, 0x00,
    0xC0, 0x1F, 0x00, 0xF8, 0x03, 0x80, 0x70, 0x00, 0x0F, 0xFE, 0xFF, 0xEF, 0xFE, 0xF0, 0x0F, 0x00,
    0xF0, 0x0F, 0xFE, 0xFF, 0xEF, 0xFE, 0xFF, 0xEF, 0x00, 0xF0, 0x0F, 0x00, 0xFF, 0xFF, 0xFF, 0xFF,
    0xF0, 0x1F, 0x03, 0xE0, 0x0C, 0x07, 0x80, 0x60, 0x00, 0x07, 0xE3, 0xFE, 0x7F, 0xDE, 0x3F, 0x83,
    0xFF, 0xFF, 0xFF, 0xC0, 0x3C, 0x27, 0xCF, 0x7F, 0xC7, 0xF0, 0x38, 0x00, 0x18, 0x83, 0xDC, 0x3F,
    0xC7, 0x78, 0x00, 0x0F, 0xFE, 0xFF, 0xEF, 0xFE, 0xF0, 0x0F, 0x00, 0xF0, 0x0F, 0xFE, 0xFF, 0xEF,
    0xFE, 0xFF, 0xEF, 0x00, 0xF0, 0x0F, 0x00, 0xFF, 0xFF, 0xFF, 0xFF, 0xF0, 0x18, 0x87, 0xB9, 0xFF,
    0x13, 0xC0, 0x00, 0x3F, 0x1F, 0xF3, 0xFE, 0xF1, 0xFC, 0x1F, 0xFF, 0xFF, 0xFE, 0x01, 0xE1, 0x3E,
    0x7B, 0xFE, 0x3F, 0x81, 0xC0, 0x00, 0x10, 0x01, 0x80, 0x1E, 0x01, 0x80, 0xF0, 0x0F, 0xC0, 0xE7,
    0x00, 0x00, 0xFF, 0xE7, 0xFF, 0x3F, 0xF9, 0xE0, 0x0F, 0x00, 0x78, 0x03, 0xFF, 0x9F, 0xFC, 0xFF,
    0xE7, 0xFF, 0x3C, 0x01, 0xE0, 0x0F, 0x00, 0x7F, 0xFB, 0xFF, 0xDF, 0xFE, 0x00, 0x20, 0x01, 0x80,
    0x1E, 0x01, 0xE0, 0x0E, 0x07, 0x20, 0x7C, 0x07, 0x70, 0x31, 0x80, 0x00, 0x07, 0xE0, 0xFF, 0x87,
    0xFC, 0x78, 0xF3, 0x83, 0x9F, 0xFC, 0xFF, 0xE7, 0x00, 0x3C, 0x21, 0xF3, 0xC7, 0xFC, 0x1F, 0xC0,
    0x38, 0x00, 0x01, 0x00, 0x38, 0x03, 0xC0, 0x0E, 0x0F, 0x01, 0xF8, 0x39, 0xC0, 0x00, 0xFF, 0xEF,
    0xFE, 0xFF, 0xEF, 0x00, 0xF0, 0x0F, 0x00, 0xFF, 0xEF, 0xFE, 0xFF, 0xEF, 0xFE, 0xF0, 0x0F, 0x00,
    0xF0, 0x0F, 0xFF, 0xFF, 0xFF, 0xFF, 0x00, 0x80, 0x30, 0x0F, 0x00, 0xE0, 0x0E, 0x1C, 0x87, 0xC1,
    0xDC, 0x31, 0x80, 0x00, 0x7E, 0x3F, 0xE7, 0xFD, 0xE3, 0xF8, 0x3F, 0xFF, 0xFF, 0xFC, 0x03, 0xC2,
    0x7C, 0xF7, 0xFC, 0x7F, 0x03, 0x80, 0x01, 0xE0, 0x1F, 0x00, 0x70, 0xEE, 0x1F, 0x01, 0xF8, 0x31,
    0xC0, 0x00, 0xFF, 0xEF, 0xFE, 0xFF, 0xEF, 0x00, 0xF0, 0x0F, 0x00, 0xFF, 0xEF, 0xFE, 0xFF, 0xEF,
    0xFE, 0xF0, 0x0F, 0x00, 0xF0, 0x0F, 0xFF, 0xFF, 0xFF, 0xFF, 0x03, 0xE0, 0x1F, 0x00, 0x70, 0x0E,
    0x0E, 0xC1, 0xF0, 0x3B, 0x83, 0x18, 0x00, 0x01, 0xF8, 0x7F, 0xC7, 0xFC, 0xF1, 0xEE, 0x0E, 0xFF,
    0xEF, 0xFE, 0xE0, 0x0F, 0x08, 0xF9, 0xE7, 0xFC, 0x3F, 0x80, 0xE0, 0x1C, 0x83, 0xFC, 0x37, 0x80,
    0x00, 0x0F, 0x01, 0xF8, 0x39, 0xC0, 0x00, 0xFF, 0xEF, 0xFE, 0xFF, 0xEF, 0x00, 0xF0, 0x0F, 0x00,
    0xFF, 0xEF, 0xFE, 0xFF, 0xEF, 0xFE, 0xF0, 0x0F, 0x00, 0xF0, 0x0F, 0xFF, 0xFF, 0xFF, 0xFF, 0x18,
    0x87, 0xB9, 0xFF, 0x1B, 0xC0, 0x00, 0x1C, 0x07, 0xC1, 0xDC, 0x31, 0x80, 0x00, 0x7E, 0x3F, 0xE7,
    0xFD, 0xE3, 0xF8, 0x3F, 0xFF, 0xFF, 0xFC, 0x03, 0xC2, 0x7C, 0xF7, 0xFC, 0x7F, 0x03, 0x80, 0x0E,
    0x01, 0xF0, 0x1F, 0x83, 0x1C, 0x00, 0x0F, 0xFE, 0xFF, 0xEF, 0xFE, 0xF0, 0x0F, 0x00, 0xF0, 0x0F,
    0xFE, 0xFF, 0xEF, 0xFE, 0xFF, 0xEF, 0x00, 0xF0, 0x0F, 0x00, 0xFF, 0xFF, 0xFF, 0xFF, 0xF0, 0x00,
    0x00, 0x00, 0xF0, 0x0F, 0x00, 0xF0, 0x06, 0x00, 0x0E, 0x03, 0xE0, 0xEE, 0x18, 0xC0, 0x00, 0x3F,
    0x1F, 0xF3, 0xFE, 0xF1, 0xFC, 0x1F, 0xFF, 0xFF, 0xFE, 0x01, 0xE1, 0x3E, 0x7B, 0xFE, 0x3F, 0x81,
    0xC0, 0x00, 0x07, 0x80, 0xF0, 0x1E, 0x01, 0x80, 0xF9, 0xF1, 0xCE, 0x01, 0xE7, 0x9E, 0x79, 0xE7,
    0x9E, 0x79, 0xE7, 0x9E, 0x79, 0xE7, 0x9E, 0x78, 0xF9, 0xF1, 0xCF, 0x30, 0x07, 0x9E, 0x79, 0xE7,
    0x9E, 0x79, 0xE7, 0x9E, 0x79, 0xE0, 0xFF, 0xFF, 0xFF, 0xFF, 0xFF, 0xFF, 0xFF, 0xFF, 0x00, 0xFF,
    0xF6, 0xFF, 0xF6, 0x0F, 0xFF, 0xFF, 0xFF, 0xFF, 0xFF, 0xF0, 0x00, 0x7F, 0xF6, 0x0F, 0xE0, 0x7F,
    0xF1, 0xFF, 0xE3, 0xE3, 0xEF, 0x01, 0xFE, 0x03, 0xFC, 0x07, 0xF0, 0x07, 0xE0, 0x0F, 0xC0, 0x3F,
    0xC0, 0x7F, 0x80, 0xF7, 0x83, 0xCF, 0xFF, 0x8F, 0xFE, 0x0F, 0xF8, 0x03, 0x80, 0x00, 0x00, 0x0E,
    0x00, 0x3C, 0x00, 0x38, 0x00, 0x20, 0x00, 0x1F, 0x87, 0xFC, 0x7F, 0xEF, 0x1E, 0xE0, 0xEE, 0x0F,
    0xE0, 0xFE, 0x0E, 0xF1, 0xEF, 0xFE, 0x7F, 0xC3, 0xF8, 0x0E, 0x00, 0x00, 0x0E, 0x00, 0xF0, 0x0E,
    0x00, 0x40, 0x07, 0xC0, 0x0F, 0x80, 0x0F, 0x00, 0x0E, 0x00, 0x00, 0x01, 0xFC, 0x0F, 0xFE, 0x3F,
    0xFC, 0x7C, 0x7D, 0xE0, 0x3F, 0xC0, 0x7F, 0x80, 0xFE, 0x00, 0xFC, 0x01, 0xF8, 0x07, 0xF8, 0x0F,
    0xF0, 0x1E, 0xF0, 0x79, 0xFF, 0xF1, 0xFF, 0xC1, 0xFF, 0x00, 0x70, 0x00, 0x1F, 0x01, 0xF0, 0x03,
    0x80, 0x70, 0x06, 0x00, 0x00, 0x1F, 0x87, 0xFC, 0x7F, 0xEF, 0x1E, 0xE0, 0xEE, 0x0F, 0xE0, 0xFE,
    0x0E, 0xF1, 0xEF, 0xFE, 0x7F, 0xC3, 0xF8, 0x0E, 0x00, 0x00, 0x08, 0x00, 0x38, 0x00, 0xF0, 0x01,
    0x80, 0x78, 0x01, 0xF8, 0x03, 0x18, 0x00, 0x00, 0x0F, 0xE0, 0x7F, 0xF1, 0xFF, 0xE3, 0xE3, 0xEF,
    0x01, 0xFE, 0x03, 0xFC, 0x07, 0xF0, 0x07, 0xE0, 0x0F, 0xC0, 0x3F, 0xC0, 0x7F, 0x80, 0xF7, 0x83,
    0xCF, 0xFF, 0x8F, 0xFE, 0x0F, 0xF8, 0x03, 0x80, 0x00, 0x20, 0x01, 0x80, 0x1E, 0x01, 0xE0, 0x0E,
    0x07, 0xA0, 0x7C, 0x07, 0x70, 0x31, 0x80, 0x00, 0x07, 0xE0, 0xFF, 0x87, 0xFE, 0x78, 0xF3, 0x83,
    0x9C, 0x1E, 0xE0, 0xF7, 0x07, 0x3C, 0x79, 0xFF, 0xC7, 0xFC, 0x1F, 0xC0, 0x38, 0x00, 0x00, 0x40,
    0x01, 0xC0, 0x07, 0xC0, 0x01, 0x80, 0x78, 0x01, 0xF8, 0x03, 0x18, 0x00, 0x00, 0x0F, 0xE0, 0x7F,
    0xF1, 0xFF, 0xE3, 0xE3, 0xEF, 0x01, 0xFE, 0x03, 0xFC, 0x07, 0xF0, 0x07, 0xE0, 0x0F, 0xC0, 0x3F,
    0xC0, 0x7F, 0x80, 0xF7, 0x83, 0xCF, 0xFF, 0x8F, 0xFE, 0x0F, 0xF8, 0x03, 0x80, 0x00, 0x80, 0x18,
    0x03, 0xC0, 0x1E, 0x00, 0xE0, 0xF4, 0x1F, 0x03, 0xB8, 0x31, 0x80, 0x00, 0x1F, 0x87, 0xFC, 0x7F,
    0xEF, 0x1E, 0xE0, 0xEE, 0x0F, 0xE0, 0xFE, 0x0E, 0xF1, 0xEF, 0xFE, 0x7F, 0xC3, 0xF8, 0x0E, 0x00,
    0x00, 0xF8, 0x00, 0xF8, 0x00, 0xF0, 0x1D, 0xC0, 0x7C, 0x01, 0xDC, 0x03, 0x18, 0x00, 0x00, 0x0F,
    0xE0, 0x7F, 0xF1, 0xFF, 0xE3, 0xE3, 0xEF, 0x01, 0xFE, 0x03, 0xFC, 0x07, 0xF0, 0x07, 0xE0, 0x0F,
    0xC0, 0x3F, 0xC0, 0x7F, 0x80, 0xF7, 0x83, 0xCF, 0xFF, 0x8F, 0xFE, 0x0F, 0xF8, 0x03, 0x80, 0x03,
    0xE0, 0x1F, 0x00, 0x70, 0x0F, 0x0F, 0x41, 0xF0, 0x3B, 0x83, 0x18, 0x00, 0x01, 0xF8, 0x7F, 0xC7,
    0xFE, 0xF1, 0xEE, 0x0E, 0xE0, 0xFE, 0x0F, 0xE0, 0xEF, 0x1E, 0xFF, 0xE7, 0xFC, 0x3F, 0x80, 0xE0,
    0x0E, 0x60, 0x1F, 0xC0, 0x77, 0x80, 0x00, 0x00, 0x78, 0x01, 0xF8, 0x03, 0x18, 0x00, 0x00, 0x0F,
    0xE0, 0x7F, 0xF1, 0xFF, 0xE3, 0xE3, 0xEF, 0x01, 0xFE, 0x03, 0xFC, 0x07, 0xF0, 0x07, 0xE0, 0x0F,
    0xC0, 0x3F, 0xC0, 0x7F, 0x80, 0xF7, 0x83, 0xCF, 0xFF, 0x8F, 0xFE, 0x0F, 0xF8, 0x03, 0x80, 0x18,
    0x83, 0xDC, 0x7F, 0xC3, 0x78, 0x00, 0x00, 0xE0, 0x1F, 0x03, 0xB8, 0x31, 0x80, 0x00, 0x1F, 0x87,
    0xFC, 0x7F, 0xEF, 0x1E, 0xE0, 0xEE, 0x0F, 0xE0, 0xFE, 0x0E, 0xF0, 0xEF, 0xFE, 0x7F, 0xC3, 0xF8,
    0x0E, 0x00, 0x03, 0x80, 0x0F, 0x80, 0x3B, 0x80, 0x63, 0x00, 0x00, 0x01, 0xFC, 0x0F, 0xFE, 0x3F,
    0xFC, 0x7C, 0x7D, 0xE0, 0x3F, 0xC0, 0x7F, 0x80, 0xFE, 0x00, 0xFC, 0x01, 0xF8, 0x07, 0xF8, 0x0F,
    0xF0, 0x1E, 0xF0, 0x79, 0xFF, 0xF1, 0xFF, 0xC1, 0xFF, 0x00, 0x70, 0x00, 0x00, 0x01, 0xC0, 0x07,
    0x80, 0x07, 0x00, 0x04, 0x00, 0x0F, 0x01, 0xF0, 0x3B, 0x83, 0x18, 0x00, 0x01, 0xF8, 0x7F, 0xC7,
    0xFE, 0xF1, 0xEE, 0x0E, 0xE0, 0xFE, 0x0F, 0xE0, 0xEF, 0x1E, 0xFF, 0xE7, 0xFC, 0x3F, 0x80, 0xE0,
    0x00, 0x00, 0xE0, 0x0F, 0x00, 0xE0, 0x04, 0x00, 0x00, 0x80, 0x01, 0xC0, 0x03, 0xE2, 0x07, 0x86,
    0x03, 0x0E, 0x00, 0x07, 0x0F, 0xFE, 0x3F, 0xFC, 0x7F, 0xF8, 0x7C, 0x7C, 0xF0, 0x1C, 0xF0, 0x1E,
    0xF0, 0x1E, 0xE0, 0x0E, 0xE0, 0x0E, 0xE0, 0x1E, 0xF0, 0x1E, 0xF0, 0x1E, 0x78, 0x3C, 0x7F, 0xFC,
    0x3F, 0xF8, 0x1F, 0xF0, 0x03, 0x80, 0x03, 0x00, 0x78, 0x07, 0x20, 0xE3, 0x04, 0x70, 0x07, 0x1F,
    0xF7, 0xFE, 0x7F, 0xCF, 0x1E, 0xE0, 0xEE, 0x0F, 0xE0, 0xFE, 0x0E, 0xF1, 0xEF, 0xFE, 0x7F, 0xC3,
    0xF8, 0x0E, 0x00, 0x02, 0x00, 0x07, 0x00, 0x0F, 0x02, 0x07, 0xC6, 0x01, 0x8E, 0x00, 0x07, 0x0F,
    0xFE, 0x3F, 0xFC, 0x7F, 0xF8, 0x7C, 0x7C, 0xF0, 0x1C, 0xF0, 0x1E, 0xF0, 0x1E, 0xE0, 0x0E, 0xE0,
    0x0E, 0xE0, 0x1E, 0xF0, 0x1E, 0xF0, 0x1E, 0x78, 0x3C, 0x7F, 0xFC, 0x3F, 0xF8, 0x1F, 0xF0, 0x03,
    0x80, 0x18, 0x03, 0xC0, 0x1E, 0x20, 0xE3, 0x04, 0x70, 0x07, 0x1F, 0xF7, 0xFE, 0x7F, 0xCF, 0x1E,
    0xE0, 0xEE, 0x0F, 0xE0, 0xFE, 0x0E, 0xF1, 0xEF, 0xFE, 0x7F, 0xC3, 0xF8, 0x0E, 0x00, 0x07, 0xC0,
    0x07, 0xC2, 0x03, 0xC6, 0x01, 0xCE, 0x00, 0x07, 0x0F, 0xFE, 0x3F, 0xFC, 0x7F, 0xF8, 0x7C, 0x7C,
    0xF0, 0x1C, 0xF0, 0x1E, 0xF0, 0x1E, 0xE0, 0x0E, 0xE0, 0x0E, 0xE0, 0x1E, 0xF0, 0x1E, 0xF0, 0x1E,
    0x78, 0x3C, 0x7F, 0xFC, 0x3F, 0xF8, 0x1F, 0xF0, 0x03, 0x80, 0x1F, 0x01, 0xF0, 0x03, 0xA0, 0x73,
    0x06, 0x70, 0x07, 0x1F, 0xF7, 0xFE, 0x7F, 0xCF, 0x1E, 0xE0, 0xEE, 0x0F, 0xE0, 0xFE, 0x0E, 0xF1,
    0xEF, 0xFE, 0x7F, 0xC3, 0xF8, 0x0E, 0x00, 0x06, 0x20, 0x0F, 0x72, 0x1F, 0xE6, 0x09, 0xEE, 0x00,
    0x07, 0x0F, 0xFE, 0x3F, 0xFC, 0x7F, 0xF8, 0x7C, 0x7C, 0xF0, 0x1C, 0xF0, 0x1E, 0xF0, 0x1E, 0xE0,
    0x0E, 0xE0, 0x0E, 0xE0, 0x1E, 0xF0, 0x1E, 0xF0, 0x1E, 0x78, 0x3C, 0x7F, 0xFC, 0x3F, 0xF8, 0x1F,
    0xF0, 0x03, 0x80, 0x19, 0x03, 0xDA, 0x7F, 0xB2, 0x77, 0x00, 0x71, 0xFF, 0x7F, 0xE7, 0xFC, 0xF1,
    0xEE, 0x0E, 0xE0, 0xFE, 0x0F, 0xE0, 0xEF, 0x1E, 0xFF, 0xE7, 0xFC, 0x3F, 0x80, 0xE0, 0x00, 0x02,
    0x00, 0x06, 0x00, 0x0E, 0x00, 0x07, 0x0F, 0xFE, 0x3F, 0xFC, 0x7F, 0xF8, 0x7C, 0x7C, 0xF0, 0x1C,
    0xF0, 0x1E, 0xF0, 0x1E, 0xE0, 0x0E, 0xE0, 0x0E, 0xE0, 0x1E, 0xF0, 0x1E, 0xF0, 0x1E, 0x78, 0x3C,
    0x7F, 0xFC, 0x3F, 0xF8, 0x1F, 0xF0, 0x03, 0x80, 0x00, 0x00, 0x03, 0x80, 0x07, 0xC0, 0x03, 0x80,
    0x01, 0x00, 0x00, 0x20, 0x03, 0x00, 0x70, 0x07, 0x1F, 0xF7, 0xFE, 0x7F, 0xCF, 0x1E, 0xE0, 0xEE,
    0x0F, 0xE0, 0xFE, 0x0E, 0xF1, 0xEF, 0xFE, 0x7F, 0xC3, 0xF8, 0x0E, 0x00, 0x00, 0x0E, 0x00, 0xF0,
    0x0E, 0x00, 0x40, 0xF0, 0x3F, 0xC0, 0xFF, 0x03, 0xFC, 0x0F, 0xF0, 0x3F, 0xC0, 0xFF, 0x03, 0xFC,
    0x0F, 0xF0, 0x3F, 0xC0, 0xFF, 0x03, 0xFC, 0x0E, 0x78, 0x79, 0xFF, 0xE3, 0xFF, 0x07, 0xF8, 0x07,
    0x80, 0x00, 0x00, 0x78, 0x01, 0xE0, 0x07, 0x80, 0x0C, 0x00, 0xF0, 0xFE, 0x1F, 0xC3, 0xF8, 0x7F,
    0x0F, 0xE1, 0xFC, 0x3F, 0x87, 0xF1, 0xFF, 0xFD, 0xFF, 0xBF, 0x71, 0x80, 0x00, 0x03, 0xC0, 0x78,
    0x0F, 0x00, 0xC0, 0x0F, 0x80, 0x1F, 0x00, 0x1C, 0x00, 0xE0, 0x00, 0x03, 0xC0, 0xFF, 0x03, 0xFC,
    0x0F, 0xF0, 0x3F, 0xC0, 0xFF, 0x03, 0xFC, 0x0F, 0xF0, 0x3F, 0xC0, 0xFF, 0x03, 0xFC, 0x0F, 0xF0,
    0x39, 0xE1, 0xE7, 0xFF, 0x8F, 0xFC, 0x1F, 0xE0, 0x1E, 0x00, 0x1F, 0x03, 0xE0, 0x0E, 0x03, 0x80,
    0x60, 0x00, 0x3C, 0x3F, 0x87, 0xF0, 0xFE, 0x1F, 0xC3, 0xF8, 0x7F, 0x0F, 0xE1, 0xFC, 0x7F, 0xFF,
    0x7F, 0xEF, 0xDC, 0x60, 0x00, 0x01, 0x00, 0x01, 0x80, 0x03, 0xC2, 0x07, 0x83, 0x02, 0x07, 0x00,
    0x07, 0xF0, 0x3F, 0xF0, 0x3E, 0xF0, 0x3C, 0xF0, 0x3C, 0xF0, 0x3C, 0xF0, 0x3C, 0xF0, 0x3C, 0xF0,
    0x3C, 0xF0, 0x3C, 0xF0, 0x3C, 0xF0, 0x3C, 0xF0, 0x38, 0x78, 0x78, 0x7F, 0xF8, 0x3F, 0xF0, 0x1F,
    0xE0, 0x07, 0x80, 0x03, 0x00, 0x1E, 0x00, 0x70, 0x83, 0x86, 0x04, 0x3C, 0x00, 0x7F, 0x0F, 0xBC,
    0x3E, 0xF0, 0xE3, 0xC3, 0x8F, 0x0E, 0x3C, 0x38, 0xF0, 0xE3, 0xC3, 0x8F, 0x1E, 0x3F, 0xF8, 0x7F,
    0xE1, 0xFB, 0x81, 0x80, 0x00, 0x04, 0x00, 0x06, 0x00, 0x0F, 0x02, 0x07, 0x83, 0x03, 0x07, 0x00,
    0x07, 0xF0, 0x3F, 0xF0, 0x3E, 0xF0, 0x3C, 0xF0, 0x3C, 0xF0, 0x3C, 0xF0, 0x3C, 0xF0, 0x3C, 0xF0,
    0x3C, 0xF0, 0x3C, 0xF0, 0x3C, 0xF0, 0x3C, 0xF0, 0x38, 0x78, 0x78, 0x7F, 0xF8, 0x3F, 0xF0, 0x1F,
    0xE0, 0x07, 0x80, 0x08, 0x00, 0xF0, 0x01, 0xE0, 0x83, 0x86, 0x04, 0x3C, 0x00, 0x7F, 0x0F, 0xBC,
    0x3E, 0xF0, 0xE3, 0xC3, 0x8F, 0x0E, 0x3C, 0x38, 0xF0, 0xE3, 0xC3, 0x8F, 0x1E, 0x3F, 0xF8, 0x7F,
    0xE1, 0xFB, 0x81, 0x80, 0x00, 0x0F, 0x80, 0x07, 0xC2, 0x01, 0xC3, 0x03, 0x87, 0x00, 0x07, 0xF0,
    0x3F, 0xF0, 0x3E, 0xF0, 0x3C, 0xF0, 0x3C, 0xF0, 0x3C, 0xF0, 0x3C, 0xF0, 0x3C, 0xF0, 0x3C, 0xF0,
    0x3C, 0xF0, 0x3C, 0xF0, 0x3C, 0xF0, 0x38, 0x78, 0x78, 0x7F, 0xF8, 0x3F, 0xF0, 0x1F, 0xE0, 0x07,
    0x80, 0x1F, 0x00, 0x7C, 0x00, 0x38, 0x81, 0xC6, 0x06, 0x3C, 0x00, 0x7F, 0x0F, 0xBC, 0x3E, 0xF0,
    0xE3, 0xC3, 0x8F, 0x0E, 0x3C, 0x38, 0xF0, 0xE3, 0xC3, 0x8F, 0x1E, 0x3F, 0xF8, 0x7F, 0xE1, 0xFB,
    0x81, 0x80, 0x00, 0x0C, 0x40, 0x1F, 0x62, 0x1F, 0xE3, 0x1B, 0xC7, 0x00, 0x07, 0xF0, 0x3F, 0xF0,
    0x3E, 0xF0, 0x3C, 0xF0, 0x3C, 0xF0, 0x3C, 0xF0, 0x3C, 0xF0, 0x3C, 0xF0, 0x3C, 0xF0, 0x3C, 0xF0,
    0x3C, 0xF0, 0x3C, 0xF0, 0x38, 0x78, 0x78, 0x7F, 0xF8, 0x3F, 0xF0, 0x1F, 0xE0, 0x07, 0x80, 0x18,
    0x80, 0xFF, 0x27, 0xFD, 0x8C, 0xEF, 0x00, 0x1F, 0xC3, 0xEF, 0x0F, 0xBC, 0x38, 0xF0, 0xE3, 0xC3,
    0x8F, 0x0E, 0x3C, 0x38, 0xF0, 0xE3, 0xC7, 0x8F, 0xFE, 0x1F, 0xF8, 0x7E, 0xE0, 0x60, 0x00, 0x00,
    0x02, 0x00, 0x03, 0x00, 0x07, 0x00, 0x07, 0xF0, 0x3F, 0xF0, 0x3E, 0xF0, 0x3C, 0xF0, 0x3C, 0xF0,
    0x3C, 0xF0, 0x3C, 0xF0, 0x3C, 0xF0, 0x3C, 0xF0, 0x3C, 0xF0, 0x3C, 0xF0, 0x3C, 0xF0, 0x38, 0x78,
    0x78, 0x7F, 0xF8, 0x3F, 0xF0, 0x1F, 0xE0, 0x07, 0x80, 0x00, 0x00, 0x00, 0x00, 0x07, 0x80, 0x07,
    0x80, 0x07, 0x80, 0x03, 0x00, 0x00, 0x08, 0x00, 0x60, 0x03, 0xC0, 0x07, 0xF0, 0xFB, 0xC3, 0xEF,
    0x0E, 0x3C, 0x38, 0xF0, 0xE3, 0xC3, 0x8F, 0x0E, 0x3C, 0x38, 0xF1, 0xE3, 0xFF, 0x87, 0xFE, 0x1F,
    0xB8, 0x18, 0x00, 0x00, 0x00, 0xF0, 0x03, 0xC0, 0x0F, 0x00, 0x18, 0x00, 0x02, 0x00, 0x06, 0x00,
    0x3E, 0x00, 0x1E, 0x00, 0x18, 0x00, 0x00, 0x3C, 0x07, 0xBC, 0x0F, 0x78, 0x3C, 0x78, 0x70, 0x71,
    0xE0, 0xF3, 0x80, 0xEF, 0x01, 0xFC, 0x01, 0xF0, 0x01, 0xE0, 0x03, 0xC0, 0x07, 0x80, 0x0F, 0x00,
    0x1E, 0x00, 0x3C, 0x00, 0x78, 0x00, 0x0C, 0x00, 0xE0, 0x07, 0x80, 0x0E, 0x00, 0x20, 0x00, 0x03,
    0xC1, 0xFE, 0x0E, 0x70, 0xF3, 0xC7, 0x9E, 0x38, 0x73, 0xC3, 0xDC, 0x0E, 0xE0, 0x7F, 0x03, 0xF0,
    0x0F, 0x80, 0x78, 0x03, 0xC0, 0x1E, 0x00, 0xE0, 0x0F, 0x00, 0x70, 0x00, 0xF0, 0x1E, 0xF0, 0x3D,
    0xE0, 0xF1, 0xE1, 0xC1, 0xC7, 0x83, 0xCE, 0x03, 0xBC, 0x07, 0xF0, 0x07, 0xC0, 0x07, 0x80, 0x0F,
    0x00, 0x1E, 0x00, 0x3C, 0x00, 0x78, 0x00, 0xF0, 0x01, 0xE0, 0x00, 0x00, 0x00, 0x00, 0x00, 0x00,
    0x1C, 0x00, 0x3C, 0x00, 0x78, 0x00, 0x60, 0x00, 0xF0, 0x7F, 0x83, 0x9C, 0x3C, 0xF1, 0xE7, 0x8E,
    0x1C, 0xF0, 0xF7, 0x03, 0xB8, 0x1F, 0xC0, 0xFC, 0x03, 0xE0, 0x1E, 0x00, 0xF0, 0x07, 0x80, 0x39,
    0xE3, 0xCF, 0x1C, 0x78, 0x01, 0x80, 0x07, 0xC0, 0x0F, 0xC0, 0x03, 0x80, 0x0E, 0x00, 0x00, 0x1E,
    0x03, 0xDE, 0x07, 0xBC, 0x1E, 0x3C, 0x38, 0x38, 0xF0, 0x79, 0xC0, 0x77, 0x80, 0xFE, 0x00, 0xF8,
    0x00, 0xF0, 0x01, 0xE0, 0x03, 0xC0, 0x07, 0x80, 0x0F, 0x00, 0x1E, 0x00, 0x3C, 0x00, 0x0F, 0x00,
    0x7C, 0x00, 0x60, 0x0F, 0x00, 0x30, 0x00, 0x03, 0xC1, 0xFE, 0x0E, 0x70, 0xF3, 0xC7, 0x9E, 0x38,
    0x73, 0xC3, 0xDC, 0x0E, 0xE0, 0x7F, 0x03, 0xF0, 0x0F, 0x80, 0x78, 0x03, 0xC0, 0x1E, 0x00, 0xE0,
    0x0F, 0x00, 0x70, 0x00, 0x06, 0x20, 0x1E, 0xE0, 0x7F, 0xC0, 0x6F, 0x00, 0x00, 0x1E, 0x03, 0xDE,
    0x07, 0xBC, 0x1E, 0x3C, 0x38, 0x38, 0xF0, 0x79, 0xC0, 0x77, 0x80, 0xFE, 0x00, 0xF8, 0x00, 0xF0,
    0x01, 0xE0, 0x03, 0xC0, 0x07, 0x80, 0x0F, 0x00, 0x1E, 0x00, 0x3C, 0x00, 0x0C, 0x40, 0xF7, 0x0F,
    0xF0, 0x27, 0x80, 0x00, 0x78, 0x3F, 0xC1, 0xCE, 0x1E, 0x78, 0xF3, 0xC7, 0x0E, 0x78, 0x7B, 0x81,
    0xDC, 0x0F, 0xE0, 0x7E, 0x01, 0xF0, 0x0F, 0x00, 0x78, 0x03, 0xC0, 0x1C, 0x01, 0xE0, 0x0E, 0x00,
    0x00, 0x00, 0x00, 0x00, 0x00, 0xFF, 0xFF, 0xFF, 0xFF, 0xFF, 0xFF, 0xFC, 0xFF, 0xFF, 0xFF, 0xFF,
    0xFF, 0xFF, 0xFF, 0xFE, 0xFF, 0xFF, 0xFF, 0xFF, 0xFF, 0xFF, 0xFF, 0xFE, 0xE3, 0xF1, 0xF8, 0xFC,
    0x7E, 0x3F, 0x1F, 0x8F, 0xC7, 0xE3, 0xF1, 0xF8, 0xFC, 0x7E, 0x3F, 0x1F, 0x8F, 0xC7, 0xE3, 0xF1,
    0xF8, 0xE0, 0x27, 0x4C, 0xEE, 0xEE, 0xFF, 0xF3, 0x2E, 0x40, 0xFF, 0xF3, 0x26, 0xC0, 0x22, 0x77,
    0x44, 0xCC, 0xEE, 0xEE, 0xEE, 0xEE, 0xFF, 0xFF, 0xFF, 0x33, 0x22, 0xEE, 0x44, 0xFF, 0xFF, 0xFF,
    0x33, 0x23, 0x66, 0xCC, 0x1C, 0x0E, 0x07, 0x1F, 0xFF, 0xFF, 0xFC, 0x70, 0x38, 0x1C, 0x0E, 0x07,
    0x03, 0x81, 0xC0, 0xE0, 0x1C, 0x0E, 0x07, 0x1F, 0xFF, 0xFF, 0xFC, 0x70, 0x38, 0xFF, 0xFF, 0xC7,
    0x03, 0x81, 0xC0, 0xE0, 0x1C, 0x7F, 0x7F, 0xFF, 0xFF, 0x7F, 0x7E, 0x1C, 0xF0, 0x1F, 0xE0, 0x3F,
    0xC0, 0x78, 0xE1, 0xC7, 0xF0, 0xE3, 0xF8, 0x71, 0xE0, 0x00, 0x00, 0x3C, 0x07, 0x00, 0x0F, 0xC1,
    0xC0, 0x01, 0x9C, 0x70, 0x00, 0x71, 0x8E, 0x00, 0x0E, 0x33, 0x80, 0x00, 0xFE, 0xE0, 0x00, 0x1F,
    0x9C, 0x00, 0x00, 0xC7, 0x00, 0x00, 0x01, 0xE0, 0x00, 0x00, 0x39, 0xE0, 0xF0, 0x0E, 0x7E, 0x3F,
    0x03, 0xDC, 0xEE, 0x70, 0x73, 0x8D, 0x8E, 0x1C, 0x73, 0xB9, 0xC7, 0x87, 0xE7, 0xF1, 0xE0, 0x7C,
    0x7C, 0x3C, 0x0F, 0x00, 0x00, 0x0F, 0xC1, 0xC0, 0x00, 0x01, 0x9C, 0x70, 0x00, 0x00, 0x71, 0x9E,
    0x00, 0x00, 0x0E, 0x33, 0x80, 0x00, 0x00, 0xFE, 0xE0, 0x00, 0x00, 0x1F, 0xBC, 0x00, 0x00, 0x00,
    0xC7, 0x00, 0x00, 0x00, 0x01, 0xC0, 0x00, 0x00, 0x00, 0x7B, 0xE1, 0xF0, 0xF0, 0x0E, 0xFE, 0x7E,
    0x3F, 0x03, 0x98, 0xDC, 0xEE, 0x70, 0x73, 0x1B, 0x8D, 0x8E, 0x1C, 0x63, 0x71, 0xB9, 0xC7, 0x0F,
    0xE7, 0xF7, 0xF1, 0xE0, 0xF8, 0x7C, 0x7C, 0x7B, 0x9C, 0xC6, 0x33, 0x00, 0x7B, 0xB9, 0xDD, 0xCC,
    0xE6, 0x63, 0x33, 0x18, 0x7B, 0xBD, 0xCE, 0xE7, 0x73, 0x99, 0xCC, 0x66, 0x31, 0x99, 0xCC, 0x66,
    0x00, 0xF3, 0x9C, 0x63, 0x1C, 0x60, 0xF7, 0x3B, 0x9C, 0xE6, 0x73, 0x19, 0xCC, 0x66, 0xF7, 0x79,
    0xDC, 0xE7, 0x3B, 0x8C, 0xE6, 0x31, 0x98, 0xE6, 0x61, 0x98, 0xC0, 0x0F, 0x1E, 0x3C, 0x3C, 0x78,
    0xF0, 0x78, 0x3C, 0x1E, 0x0F, 0xF8, 0x78, 0x3C, 0x1E, 0x0F, 0x0F, 0x1E, 0x1C, 0x3C, 0xF8, 0x01,
    0xC0, 0x10, 0xE1, 0x1C, 0x71, 0xCF, 0x39, 0xC3, 0xC1, 0xC0, 0xF1, 0xC0, 0x3D, 0xC1, 0xCF, 0xC7,
    0xE3, 0xC3, 0xF1, 0xF1, 0xF9, 0xFC, 0xE1, 0xCF, 0x01, 0xC3, 0xC1, 0xC0, 0xF1, 0xC7, 0x3C, 0x43,
    0x8C, 0x01, 0xC0, 0x00, 0xF1, 0xEE, 0x3D, 0xC7, 0xB8, 0x77, 0x0E, 0xE1, 0xDC, 0x3B, 0x87, 0x70,
    0xEE, 0x1D, 0xC3, 0x80, 0x00, 0x00, 0xE3, 0xDC, 0x7B, 0x8F, 0xFF, 0xFF, 0xFF, 0xFF, 0xFF, 0xFF,
    0xFF, 0xFE, 0xE0, 0x00, 0xDC, 0x00, 0x63, 0xC0, 0xF0, 0x7F, 0xF8, 0x03, 0xF0, 0x00, 0x01, 0xC0,
    0x01, 0x68, 0x01, 0xFC, 0x00, 0x3C, 0x00, 0x7F, 0x00, 0x15, 0x80, 0x0B, 0x40, 0x02, 0x00, 0x00,
    0x00, 0x1C, 0x07, 0x16, 0x85, 0xFF, 0xC7, 0xF3, 0xC0, 0xE7, 0xF1, 0xFD, 0x58, 0xD6, 0xF4, 0x3D,
    0xFF, 0xFF, 0xFF, 0xE0, 0x00, 0x1E, 0x00, 0x70, 0x00, 0xE0, 0x03, 0x80, 0x0E, 0x00, 0x1C, 0x00,
    0x70, 0x01, 0xC0, 0x07, 0x00, 0x0E, 0x00, 0x38, 0x00, 0xE0, 0x01, 0x80, 0x07, 0x00, 0x1C, 0x00,
    0x70, 0x00, 0x1F, 0x83, 0xF1, 0xFF, 0x1F, 0xE7, 0xFE, 0xFF, 0xFC, 0x7F, 0x8F, 0x21, 0xE4, 0x1C,
    0x07, 0x80, 0xF0, 0x3C, 0x07, 0x81, 0xE0, 0x3C, 0x0F, 0x01, 0xE0, 0x38, 0x07, 0x80, 0xE0, 0x1C,
    0x00, 0x00, 0x00, 0x00, 0x00, 0x00, 0x3C, 0x07, 0x80, 0xF0, 0x1E, 0x03, 0xC0, 0x78, 0x1F, 0x8F,
    0xBF, 0xE3, 0x9F, 0xF9, 0xDE, 0x3C, 0xE2, 0x1E, 0x70, 0x0F, 0x38, 0x0F, 0x1C, 0x0F, 0x0E, 0x0F,
    0x07, 0x07, 0x03, 0x83, 0x81, 0xC0, 0x00, 0x00, 0x00, 0x00, 0x78, 0x38, 0x3C, 0x1C, 0x1E, 0x0E,
    0xF0, 0xFC, 0xF3, 0xFE, 0x77, 0xFE, 0x77, 0x8F, 0x71, 0x0F, 0x70, 0x0E, 0x70, 0x3E, 0x70, 0x7C,
    0x70, 0x78, 0x70, 0x70, 0x70, 0x70, 0x00, 0x00, 0x00, 0x00, 0x70, 0x70, 0x70, 0x70, 0x70, 0x70,
    0x38, 0xB7, 0xF9, 0xEF, 0xEA, 0xDE, 0x80, 0x38, 0xB7, 0xF9, 0xEF, 0xEA, 0xD6, 0x90, 0x00, 0x71,
    0x6F, 0xF3, 0xDF, 0xD5, 0xBD, 0x2E, 0x8D, 0xB3, 0xFF, 0x5F, 0x9F, 0xFF, 0xFF, 0xEF, 0xCF, 0xFE,
    0x6D, 0x85, 0xD0, 0x00, 0x00, 0x00, 0x00, 0x00, 0x00, 0x00, 0x00, 0x00, 0x7D, 0xFF, 0xBE, 0x7C,
    0x78, 0xF3, 0xF7, 0xFE, 0xF8, 0xF3, 0xFF, 0xF0, 0x1E, 0x0F, 0x07, 0x87, 0xC3, 0x63, 0xB1, 0xFF,
    0xFF, 0x06, 0x03, 0x00, 0x7E, 0x7E, 0x60, 0x68, 0x7E, 0x7F, 0x07, 0x27, 0xFE, 0x7E, 0x1E, 0x1C,
    0x38, 0x3E, 0x7F, 0x77, 0xE3, 0x67, 0x7F, 0x3E, 0xFF, 0xFF, 0xF0, 0xE1, 0x87, 0x0E, 0x38, 0x71,
    0xC0, 0x3E, 0x7F, 0x77, 0x77, 0x3E, 0x7F, 0x67, 0xE7, 0x7F, 0x3E, 0x3E, 0x7F, 0x77, 0xE3, 0x77,
    0x7F, 0x3E, 0x0E, 0x1C, 0x3C, 0x30, 0xCF, 0xFF, 0x30, 0xC3, 0x00, 0xFF, 0xF0, 0xFB, 0xFC, 0xF3,
    0xCF, 0x3C, 0xC0, 0x38, 0xFB, 0xFF, 0x7C, 0x78, 0xF3, 0xF7, 0xFE, 0xF8, 0x40, 0x3F, 0xFF, 0x73,
    0x9C, 0xE7, 0x39, 0xC0, 0x3C, 0x7E, 0xFE, 0x27, 0x0E, 0x1E, 0x3C, 0x78, 0x7F, 0xFF, 0x7E, 0x7E,
    0x7E, 0x1C, 0x3C, 0x1E, 0x07, 0x67, 0xFE, 0x7E, 0x10, 0x0E, 0x0F, 0x07, 0x87, 0xC3, 0x63, 0xB1,
    0xFF, 0xFF, 0xFF, 0x83, 0x00, 0x7E, 0x7E, 0x7E, 0x60, 0x7E, 0x7F, 0x27, 0x27, 0xFF, 0x7E, 0x08,
    0x1E, 0x1C, 0x38, 0x3C, 0x7F, 0x7F, 0xE3, 0x67, 0x7F, 0x3E, 0x08, 0xFF, 0xFF, 0xF0, 0xE1, 0xC7,
    0x0E, 0x38, 0x71, 0xC0, 0x3C, 0x7F, 0x77, 0x77, 0x3E, 0x7E, 0x67, 0xE7, 0x7F, 0x7E, 0x08, 0x3C,
    0x7F, 0x77, 0xE3, 0x77, 0x7F, 0x3E, 0x0E, 0x1C, 0x3C, 0x39, 0xDC, 0xEF, 0x73, 0x9C, 0xE7, 0x39,
    0xCE, 0x73, 0x9E, 0x73, 0x8E, 0xE7, 0x1C, 0xE7, 0x1C, 0xE7, 0x39, 0xCE, 0x73, 0x9C, 0xEE, 0x77,
    0xB8, 0x3F, 0xF3, 0xFF, 0x3F, 0xF3, 0x80, 0x38, 0x03, 0x80, 0x38, 0x03, 0xFF, 0x3F, 0xF3, 0xFF,
    0x38, 0x0F, 0xF8, 0xFF, 0x8F, 0xF8, 0x38, 0x03, 0x80, 0x07, 0xC0, 0xFF, 0x07, 0xFC, 0x78, 0xE3,
    0x82, 0x1C, 0x01, 0xFF, 0x0F, 0xF8, 0x38, 0x03, 0xFE, 0x1F, 0xF0, 0xFF, 0x83, 0x80, 0x3F, 0xFF,
    0xFF, 0xFF, 0xFF, 0xFF, 0x80, 0x03, 0xFF, 0x00, 0x0F, 0xFE, 0x00, 0x3C, 0x7C, 0x00, 0xF0, 0xF1,
    0xF3, 0xC3, 0xCF, 0xEF, 0x0F, 0x7F, 0xFF, 0xFD, 0xE4, 0xFF, 0xE7, 0x83, 0xFF, 0x0F, 0xCF, 0xF8,
    0x1F, 0xBC, 0xF0, 0x1F, 0xF1, 0xE1, 0x1F, 0xC7, 0x9C, 0x7F, 0x0F, 0x7F, 0xFC, 0x3C, 0xFE, 0x00,
    0x08, 0xE0, 0x70, 0xF0, 0xF7, 0x8F, 0x0E, 0x78, 0xF8, 0xE7, 0x8F, 0x9E, 0x39, 0xF9, 0xE3, 0x9F,
    0x9E, 0xF9, 0xD9, 0xFF, 0x9D, 0x9F, 0xFD, 0x9D, 0xF1, 0xD9, 0xDC, 0x1D, 0x9F, 0xC1, 0xF9, 0xF8,
    0x1F, 0x9F, 0x81, 0xF8, 0xF8, 0x0F, 0x8F, 0x80, 0xF0, 0xF8, 0x00, 0xE0, 0x3F, 0xC1, 0xFE, 0x01,
    0xC3, 0xEE, 0x3F, 0xF3, 0xFF, 0x9E, 0x3C, 0xE0, 0xE7, 0x07, 0x38, 0x39, 0xC1, 0xCF, 0x0E, 0x7F,
    0xF1, 0xFF, 0x87, 0xDC, 0x0C, 0x07, 0xFF, 0xBF, 0xFD, 0xFF, 0xE0, 0x07, 0xE0, 0x7F, 0x87, 0xFE,
    0x3C, 0x73, 0xC2, 0x3F, 0xF1, 0xFF, 0x9F, 0xF8, 0x38, 0x03, 0xFE, 0x3F, 0xE0, 0x78, 0x03, 0xC3,
    0x0F, 0xFC, 0x7F, 0xC0, 0xFC, 0x01, 0x80, 0xFF, 0xFF, 0xFF, 0xFF, 0xFE, 0x0E, 0x00, 0x70, 0x03,
    0xB0, 0x1F, 0x81, 0xFC, 0x3F, 0x01, 0xFB, 0x09, 0xF8, 0x1F, 0xC3, 0xF0, 0x1F, 0x80, 0x9C, 0x00,
    0xE0, 0x7F, 0x83, 0xFE, 0x1E, 0xF9, 0xFF, 0xFF, 0xFF, 0xFF, 0xFD, 0xE1, 0xDF, 0xFF, 0xFF, 0xFB,
    0xCF, 0x1F, 0xF8, 0xFF, 0x87, 0x80, 0x3C, 0x01, 0xE0, 0x0F, 0x00, 0xFF, 0xFF, 0xFF, 0xFF, 0xFE,
    0x00, 0x00, 0x00, 0x7F, 0xFF, 0xFF, 0xFF, 0xFF, 0x07, 0x00, 0x38, 0x01, 0xC0, 0x0E, 0x00, 0x70,
    0x03, 0x80, 0x1C, 0x00, 0xE0, 0xFF, 0xFF, 0xFF, 0xFF, 0x81, 0xCF, 0xFF, 0xFF, 0xFF, 0xF8, 0x3C,
    0xFF, 0x9F, 0xE3, 0xE0, 0x3C, 0x03, 0xC0, 0x3C, 0x03, 0xC0, 0x7C, 0x38, 0x03, 0x80, 0x38, 0x83,
    0xF8, 0x3F, 0x8F, 0xE0, 0xF8, 0x8F, 0xF8, 0x3F, 0x8F, 0xE7, 0xF8, 0x7F, 0x87, 0x38, 0xF3, 0xFE,
    0x3F, 0xE3, 0xF8, 0x3F, 0xC1, 0xFF, 0x0F, 0xFC, 0x71, 0xF3, 0x87, 0x9C, 0x3C, 0xE1, 0xFF, 0xFF,
    0xFF, 0xF7, 0xFF, 0x0E, 0x00, 0x70, 0x0F, 0xF8, 0x7F, 0xC3, 0xFE, 0x07, 0x00, 0x19, 0x80, 0xCC,
    0x3F, 0xF1, 0xFF, 0xCF, 0xFF, 0x78, 0x7B, 0xC1, 0xDE, 0x0E, 0xFF, 0xF7, 0xFF, 0x3F, 0xF9, 0xFF,
    0xEF, 0x07, 0xF8, 0x3F, 0xC1, 0xFF, 0xFF, 0xFF, 0xF7, 0xFF, 0x06, 0x60, 0x33, 0x00, 0x0F, 0x00,
    0x03, 0xC0, 0x00, 0xF0, 0x00, 0x3F, 0xFF, 0xFF, 0xFF, 0xFF, 0xFF, 0xFF, 0xDE, 0x00, 0x01, 0xE0,
    0x00, 0x1E, 0x00, 0x01, 0xE0, 0x00, 0x08, 0x0C, 0x0F, 0x0F, 0xCF, 0xF7, 0xFF, 0x77, 0x39, 0x9C,
    0x8E, 0x07, 0x03, 0x81, 0xC0, 0xE0, 0x70, 0x38, 0x1C, 0x0E, 0x07, 0x00, 0x00, 0x3E, 0x00, 0x01,
    0xE0, 0x00, 0x1E, 0x7F, 0xFF, 0xCF, 0xFF, 0xFF, 0xFF, 0xFF, 0x80, 0x00, 0xE0, 0x00, 0x38, 0x00,
    0x0E, 0x00, 0x07, 0x80, 0x1C, 0x0E, 0x07, 0x03, 0x81, 0xC0, 0xE0, 0x70, 0x38, 0x1C, 0x0E, 0x07,
    0x13, 0x99, 0xCE, 0xEF, 0xFF, 0xFE, 0x7E, 0x1E, 0x06, 0x00, 0xFE, 0x01, 0xFE, 0x03, 0xFF, 0x07,
    0xE0, 0x0F, 0xE0, 0x1F, 0xE0, 0x3B, 0xE0, 0x73, 0xE0, 0x63, 0xE0, 0x43, 0xE0, 0x03, 0xE0, 0x03,
    0xE0, 0x03, 0xE0, 0x03, 0x80, 0x02, 0x00, 0x00, 0xFE, 0x03, 0xFC, 0x1F, 0xF8, 0x03, 0xF0, 0x0F,
    0xE0, 0x3F, 0xC0, 0xFB, 0x83, 0xE6, 0x0F, 0x88, 0x3E, 0x10, 0xF8, 0x03, 0xE0, 0x0F, 0x80, 0x0E,
    0x00, 0x08, 0x00, 0x00, 0x20, 0x00, 0xE0, 0x03, 0xE0, 0x03, 0xE0, 0x03, 0xE0, 0x03, 0xE1, 0x03,
    0xE2, 0x03, 0xE6, 0x03, 0xEE, 0x03, 0xFC, 0x03, 0xF8, 0x03, 0xF0, 0x7F, 0xE0, 0x7F, 0xC0, 0x7F,
    0x80, 0x00, 0x08, 0x00, 0x38, 0x00, 0xF8, 0x03, 0xE0, 0x0F, 0x84, 0x3E, 0x08, 0xF8, 0x33, 0xE0,
    0xEF, 0x81, 0xFE, 0x03, 0xF8, 0x07, 0xE0, 0x0F, 0xFC, 0x1F, 0xE0, 0x3F, 0x80, 0x00, 0x00, 0x3E,
    0x00, 0x01, 0xE0, 0x00, 0x1E, 0x7F, 0xFF, 0xEF, 0xFF, 0xFF, 0xFF, 0xFF, 0x80, 0x00, 0xE0, 0x00,
    0x38, 0x0F, 0x0E, 0x03, 0xC7, 0x80, 0xF0, 0x00, 0x3F, 0xFF, 0xFF, 0xFF, 0xFF, 0xFF, 0xFF, 0xDE,
    0x00, 0x01, 0xE0, 0x00, 0x1E, 0x00, 0x01, 0xE0, 0x00, 0x3C, 0x03, 0xC0, 0x3C, 0x03, 0xC0, 0x38,
    0x3B, 0x9F, 0xF7, 0xFF, 0xF1, 0xFC, 0x3F, 0x83, 0xF0, 0x7E, 0x1F, 0xF7, 0xDF, 0xF1, 0xFC, 0x0E,
    0x00, 0x07, 0x80, 0x1E, 0x00, 0xFC, 0x03, 0xF0, 0x1F, 0xC0, 0x77, 0x81, 0xCE, 0x0F, 0x38, 0x38,
    0xF1, 0xE1, 0xC7, 0x87, 0x9C, 0x0E, 0xF0, 0x3B, 0xFF, 0xFF, 0xFF, 0xFF, 0xFF, 0x07, 0xF3, 0xFF,
    0x7F, 0xFF, 0xFF, 0xF0, 0x0E, 0x00, 0xFF, 0xFF, 0xFF, 0xFF, 0xFE, 0x00, 0xF8, 0x07, 0xFF, 0x3F,
    0xF0, 0xFF, 0xFF, 0xFF, 0xFF, 0xFF, 0xFF, 0xE0, 0x7F, 0x03, 0xF8, 0x1F, 0xC0, 0xFE, 0x07, 0xF0,
    0x3F, 0x81, 0xFC, 0x0F, 0xE0, 0x7F, 0x03, 0xF8, 0x1F, 0xC0, 0xFE, 0x07, 0xFF, 0xEF, 0xFE, 0xFF,
    0xEF, 0x80, 0x7C, 0x03, 0xF0, 0x1F, 0x80, 0x78, 0x07, 0x80, 0xF8, 0x1F, 0x07, 0xE0, 0xFC, 0x0F,
    0xFF, 0xFF, 0xFF, 0xFF, 0xFF, 0xFF, 0xFF, 0xFF, 0x80, 0x07, 0x83, 0x81, 0xC1, 0xC0, 0xE0, 0x70,
    0x78, 0x38, 0x1C, 0x1E, 0x0E, 0x07, 0x07, 0x83, 0x81, 0xC1, 0xE0, 0x00, 0x3C, 0x00, 0xE0, 0x03,
    0x80, 0x1C, 0x00, 0x70, 0x01, 0xC0, 0x0E, 0x00, 0x38, 0xF0, 0xE3, 0xC7, 0x0F, 0x9C, 0x0E, 0x70,
    0x1F, 0x80, 0x7E, 0x00, 0xF8, 0x03, 0xC0, 0x08, 0x03, 0x7F, 0x1F, 0x7F, 0xBF, 0xFF, 0xFF, 0xF1,
    0xF0, 0xF1, 0xE0, 0xF3, 0xF8, 0xFF, 0xFF, 0x7F, 0x1F, 0x3E, 0x0F, 0x08, 0x02, 0x0F, 0xE3, 0xF1,
    0xFE, 0xFF, 0x7F, 0xFF, 0xEF, 0x1F, 0x1F, 0xE3, 0xC3, 0xFC, 0xFE, 0xFF, 0xFF, 0xFE, 0x7F, 0x3F,
    0xC7, 0xC1, 0xE0, 0xE0, 0x00, 0x70, 0x00, 0x38, 0x00, 0x1C, 0x00, 0x0E, 0x00, 0x07, 0x00, 0x03,
    0x80, 0x01, 0xC0, 0x00, 0xE0, 0x00, 0x70, 0x00, 0x38, 0x00, 0x1C, 0x00, 0x0E, 0x00, 0x07, 0xFF,
    0xFF, 0xFF, 0xFF, 0xFF, 0xFF, 0x00, 0x04, 0x00, 0x07, 0x80, 0x07, 0xC0, 0x07, 0xC0, 0x03, 0xC0,
    0x03, 0xC0, 0x03, 0xC0, 0x03, 0xC0, 0x03, 0xC0, 0x03, 0xE0, 0x03, 0xE0, 0x01, 0xE0, 0x01, 0xE0,
    0x01, 0xFF, 0xFD, 0xFF, 0xFF, 0xFF, 0xFF, 0xFF, 0xFF, 0xFF, 0xFF, 0xFF, 0xFF, 0x07, 0x38, 0x7B,
    0xC3, 0x9C, 0x1C, 0xE1, 0xEF, 0x0E, 0x70, 0x73, 0x87, 0xBC, 0x39, 0xC1, 0xCE, 0x0E, 0x70, 0xF7,
    0x87, 0x38, 0x39, 0xC3, 0xDE, 0x1C, 0xE0, 0x03, 0xC0, 0x03, 0xC0, 0x07, 0xE0, 0x07, 0xE0, 0x07,
    0xE0, 0x0F, 0xF0, 0x0E, 0x70, 0x1E, 0x78, 0x1E, 0x78, 0x1C, 0x38, 0x3C, 0x3C, 0x3C, 0x3C, 0x38,
    0x1E, 0x78, 0x1E, 0x78, 0x0E, 0xF0, 0x0F, 0xF0, 0x0F, 0x70, 0x0F, 0x78, 0x1E, 0x78, 0x1E, 0x3C,
    0x1C, 0x3C, 0x3C, 0x1C, 0x3C, 0x1E, 0x38, 0x1E, 0x78, 0x0E, 0x78, 0x0F, 0x70, 0x07, 0xF0, 0x07,
    0xE0, 0x07, 0xE0, 0x03, 0xE0, 0x03, 0xC0, 0x0F, 0xC0, 0xFF, 0xC7, 0xFF, 0x9E, 0x1E, 0x70, 0x3B,
    0xC0, 0xFF, 0x03, 0xFC, 0x0F, 0xF0, 0x3F, 0xC0, 0xFF, 0x03, 0xFC, 0x0F, 0xF0, 0x3F, 0xC0, 0xFF,
    0x03, 0xFC, 0x0F, 0xF0, 0x3F, 0xC0, 0xFF, 0x03, 0xFC, 0x0F, 0xF0, 0x3F, 0xC0, 0xFF, 0x03, 0xFC,
    0x0F, 0xF0, 0x3F, 0xC0, 0xFF, 0x03, 0xFC, 0x0E, 0x78, 0x79, 0xFF, 0xE3, 0xFF, 0x07, 0xF8, 0x07,
    0x80, 0x07, 0xC3, 0xF1, 0xFC, 0x79, 0x1C, 0x07, 0x01, 0xC0, 0x70, 0x1C, 0x07, 0x01, 0xC0, 0x70,
    0x1C, 0x07, 0x01, 0xC0, 0x70, 0x1C, 0x07, 0x01, 0xC3, 0xF0, 0xFC, 0x3E, 0x00, 0x03, 0xE0, 0x7E,
    0x0F, 0xE0, 0xF2, 0x0E, 0x00, 0xE0, 0x3F, 0x87, 0xFC, 0xFE, 0xEE, 0xE6, 0xEE, 0x7E, 0xE7, 0xEE,
    0x7E, 0xEE, 0x7F, 0xE3, 0xFC, 0x1F, 0x80, 0xE0, 0x0E, 0x07, 0xE0, 0x7E, 0x07, 0xC0, 0x0F, 0x00,
    0xF0, 0x0F, 0x00, 0xF0, 0x00, 0x00, 0x00, 0x00, 0x00, 0x00, 0x00, 0x0E, 0x0F, 0xE0, 0xFE, 0x0F,
    0xE0, 0xFE, 0x0F, 0xE0, 0xFE, 0x0F, 0x00, 0x00, 0x00, 0x00, 0x00, 0x00, 0x00, 0x00, 0xF0, 0x0F,
    0x00, 0xF0, 0xFF, 0xFF, 0x00, 0x00, 0x0F, 0xFF, 0xE0, 0xFE, 0x0F, 0xE0, 0xFE, 0x0F, 0x00, 0x00,
    0x00, 0x00, 0x00, 0x00, 0x00, 0x0E, 0x0F, 0xE0, 0xFE, 0x0F, 0x7C, 0x4F, 0xFE, 0xFF, 0xF4, 0x7E,
    0x00, 0x80, 0xE3, 0xDF, 0xFD, 0xFF, 0xBE, 0x71, 0x8E, 0x10, 0x07, 0xE6, 0xFF, 0xFF, 0xFE, 0x43,
    0xC3, 0x82, 0x7F, 0xEF, 0xFF, 0x7F, 0xE4, 0x1C, 0xE0, 0x1E, 0xFB, 0xFF, 0xBF, 0xF3, 0xCE, 0x00,
    0x3F, 0xFF, 0xFF, 0xFF, 0xE0, 0x00, 0x00, 0x7F, 0xFF, 0xFF, 0xFF, 0xC0, 0x38, 0x07, 0x00, 0xE0,
    0x1C, 0x00, 0x01, 0xFF, 0xFF, 0xFF, 0xFF, 0x00, 0x00, 0x03, 0xFF, 0xFF, 0xFF, 0xFE, 0x00, 0x00,
    0x00, 0x0E, 0x01, 0xC0, 0x38, 0x00, 0xC0, 0x30, 0x06, 0x7F, 0xFF, 0xFF, 0xFF, 0xC1, 0x80, 0x30,
    0xFF, 0xFF, 0xFF, 0xFF, 0x8C, 0x03, 0x80, 0x60, 0x00, 0xFF, 0xFF, 0xFF, 0xFF, 0xFF, 0xF0, 0x00,
    0x00, 0x3F, 0xFF, 0xFF, 0xFF, 0xE0, 0x00, 0x00, 0x7F, 0xFF, 0xFF, 0xFF, 0xC0, 0x00, 0x20, 0x3C,
    0x3F, 0xBF, 0xFF, 0xE1, 0xF8, 0x3F, 0xF8, 0xFF, 0xC3, 0xFF, 0x87, 0xFE, 0x1F, 0xF0, 0x7E, 0x00,
    0xC0, 0x80, 0x1E, 0x03, 0xFC, 0x7F, 0xF0, 0xFE, 0x0F, 0xDF, 0xFF, 0xF8, 0xF8, 0x78, 0x7C, 0x7F,
    0xFF, 0xCF, 0xC1, 0xC0, 0x00, 0x00, 0x60, 0x7C, 0x7F, 0xFF, 0xEF, 0x81, 0xFE, 0x1F, 0xF8, 0x3F,
    0x00, 0xFF, 0xFF, 0xFF, 0xFF, 0xF0, 0x01, 0xFF, 0xFF, 0xFF, 0xFF, 0xE0, 0x1F, 0x83, 0xFE, 0x1F,
    0xF0, 0x3E, 0x1F, 0xFF, 0xF7, 0xF0, 0xF0, 0x1F, 0xFF, 0xFF, 0xFF, 0xF0, 0x01, 0xFF, 0xFF, 0xFF,
    0xFF, 0x00, 0xC0, 0x1C, 0x03, 0x80, 0xF0, 0x7E, 0x3F, 0x9F, 0xC7, 0xF8, 0xFB, 0x1F, 0xC0, 0xFE,
    0x07, 0xF0, 0xFE, 0x19, 0xC3, 0x08, 0x83, 0x1C, 0x43, 0xF8, 0x7F, 0x03, 0xF0, 0x1F, 0x83, 0xF8,
    0x6F, 0x1F, 0xE3, 0xF1, 0xF8, 0x7E, 0x0F, 0x01, 0xE0, 0x1C, 0x00, 0x01, 0xF0, 0x01, 0xFF, 0xC0,
    0x70, 0x1C, 0x1C, 0x01, 0xC7, 0x0E, 0x1C, 0xC1, 0xC1, 0xB0, 0x38, 0x1E, 0x07, 0x03, 0xCF, 0xFE,
    0x79, 0xFF, 0xCF, 0x3F, 0xF9, 0xE0, 0x70, 0x3C, 0x0E, 0x07, 0x81, 0xC0, 0xD8, 0x38, 0x33, 0x80,
    0x0E, 0x38, 0x03, 0x83, 0xC1, 0xE0, 0x1F, 0xF0, 0x00, 0x70, 0x00, 0x01, 0xF0, 0x01, 0xFF, 0xC0,
    0x70, 0x1C, 0x1C, 0x01, 0xC7, 0x00, 0x1C, 0xC0, 0x01, 0xB0, 0x00, 0x1E, 0x00, 0x03, 0xC0, 0xE0,
    0x78, 0x3E, 0x0F, 0x07, 0x81, 0xE0, 0x70, 0x3C, 0x00, 0x07, 0x80, 0x00, 0xD8, 0x00, 0x33, 0x80,
    0x0E, 0x38, 0x03, 0x83, 0xC1, 0xE0, 0x1F, 0xF0, 0x00, 0x70, 0x00, 0x01, 0xC0, 0x00, 0xE0, 0x00,
    0x70, 0x00, 0x38, 0x00, 0x1C, 0x00, 0x0E, 0x00, 0x07, 0x00, 0x03, 0x80, 0x01, 0xC0, 0x00, 0xE0,
    0x00, 0x70, 0x00, 0x38, 0x00, 0x1C, 0x07, 0xFF, 0xFF, 0xFF, 0xFF, 0xFF, 0xFF, 0x00, 0x00, 0x80,
    0x00, 0x40, 0x00, 0x60, 0x00, 0x70, 0x00, 0x78, 0x00, 0x7C, 0x00, 0x7E, 0x00, 0x7F, 0x00, 0x7B,
    0x80, 0x79, 0xC0, 0x78, 0xE0, 0x78, 0x70, 0x78, 0x38, 0x78, 0x1C, 0x7C, 0x0E, 0x7F, 0xFF, 0x7F,
    0xFF, 0xFF, 0xFF, 0xC0,
};

static const EpdGlyph misans_latin_10_boldGlyphs[] = {
    { 1, 1, 200, 0, 1, 1, 0 }, // U+0001
    { 1, 1, 99, 0, 1, 1, 1 }, // U+000A
    { 1, 1, 0, 0, 1, 1, 2 }, // U+000D
    { 1, 1, 99, 0, 1, 1, 3 }, // U+0020
    { 4, 16, 109, 1, 16, 8, 4 }, // !
    { 7, 6, 149, 1, 18, 6, 12 }, // "
    { 14, 16, 252, 1, 16, 28, 18 }, // #
    { 13, 20, 209, 0, 18, 33, 46 }, // $
    { 19, 16, 303, 0, 16, 38, 79 }, // %
    { 15, 17, 261, 1, 16, 32, 117 }, // &
    { 3, 6, 78, 1, 18, 3, 149 }, // '
    { 5, 19, 126, 2, 18, 12, 152 }, // (
    { 5, 19, 126, 1, 18, 12, 164 }, // )
    { 7, 7, 150, 1, 16, 7, 176 }, // *
    { 11, 11, 217, 1, 13, 16, 183 }, // +
    { 4, 8, 103, 1, 3, 4, 199 }, // ,
    { 8, 3, 163, 1, 10, 3, 203 }, // -
    { 4, 3, 99, 1, 3, 2, 206 }, // .
    { 8, 16, 154, 1, 16, 16, 208 }, // /
    { 12, 17, 225, 1, 16, 26, 224 }, // 0
    { 7, 16, 168, 1, 16, 14, 250 }, // 1
    { 11, 16, 209, 1, 16, 22, 264 }, // 2
    { 11, 17, 211, 1, 16, 24, 286 }, // 3
    { 12, 16, 217, 1, 16, 24, 310 }, // 4
    { 11, 17, 212, 1, 16, 24, 334 }, // 5
    { 12, 17, 220, 1, 16, 26, 358 }, // 6
    { 12, 16, 194, 0, 16, 24, 384 }, // 7
    { 12, 17, 227, 1, 16, 26, 408 }, // 8
    { 12, 16, 220, 1, 16, 24, 434 }, // 9
    { 4, 12, 99, 1, 12, 6, 458 }, // :
    { 4, 17, 103, 1, 12, 9, 464 }, // ;
    { 11, 14, 217, 1, 15, 20, 473 }, // <
    { 11, 8, 217, 1, 12, 11, 493 }, // =
    { 11, 14, 217, 1, 15, 20, 504 }, // >
    { 11, 16, 186, 0, 16, 22, 524 }, // ?
    { 17, 17, 294, 1, 16, 37, 546 }, // @
    { 16, 16, 254, 0, 16, 32, 583 }, // A
    { 13, 16, 240, 1, 16, 26, 615 }, // B
    { 14, 17, 248, 1, 16, 30, 641 }, // C
    { 15, 16, 264, 1, 16, 30, 671 }, // D
    { 12, 16, 212, 1, 16, 24, 701 }, // E
    { 11, 16, 205, 1, 16, 22, 725 }, // F
    { 14, 17, 259, 1, 16, 30, 747 }, // G
    { 14, 16, 267, 1, 16, 28, 777 }, // H
    { 4, 16, 100, 1, 16, 8, 805 }, // I
    { 10, 17, 187, 0, 16, 22, 813 }, // J
    { 15, 16, 249, 1, 16, 30, 835 }, // K
    { 11, 16, 205, 1, 16, 22, 865 }, // L
    { 18, 16, 318, 1, 16, 36, 887 }, // M
    { 14, 16, 261, 1, 16, 28, 923 }, // N
    { 15, 17, 271, 1, 16, 32, 951 }, // O
    { 13, 16, 229, 1, 16, 26, 983 }, // P
    { 15, 19, 272, 1, 16, 36, 1009 }, // Q
    { 13, 16, 234, 1, 16, 26, 1045 }, // R
    { 13, 17, 219, 0, 16, 28, 1071 }, // S
    { 12, 16, 219, 1, 16, 24, 1099 }, // T
    { 14, 17, 255, 1, 16, 30, 1123 }, // U
    { 16, 16, 256, 0, 16, 32, 1153 }, // V
    { 23, 16, 377, 0, 16, 46, 1185 }, // W
    { 16, 16, 261, 0, 16, 32, 1231 }, // X
    { 15, 16, 248, 0, 16, 30, 1263 }, // Y
    { 12, 16, 226, 1, 16, 24, 1293 }, // Z
    { 6, 19, 126, 2, 18, 15, 1317 }, // [
    { 8, 16, 134, 0, 16, 16, 1332 }, // <backslash>
    { 6, 19, 126, 0, 18, 15, 1348 }, // ]
    { 10, 6, 164, 0, 18, 8, 1363 }, // ^
    { 10, 3, 159, 0, -1, 4, 1371 }, // _
    { 6, 5, 112, 0, 18, 4, 1375 }, // `
    { 10, 13, 198, 1, 12, 17, 1379 }, // a
    { 12, 17, 218, 1, 16, 26, 1396 }, // b
    { 11, 13, 196, 1, 12, 18, 1422 }, // c
    { 11, 17, 218, 1, 16, 24, 1440 }, // d
    { 11, 13, 205, 1, 12, 18, 1464 }, // e
    { 8, 16, 138, 0, 16, 16, 1482 }, // f
    { 11, 17, 217, 1, 12, 24, 1498 }, // g
    { 11, 16, 212, 1, 16, 22, 1522 }, // h
    { 4, 17, 99, 1, 17, 9, 1544 }, // i
    { 6, 22, 100, -1, 17, 17, 1553 }, // j
    { 12, 16, 207, 1, 16, 24, 1570 }, // k
    { 5, 16, 102, 1, 16, 10, 1594 }, // l
    { 18, 12, 316, 1, 12, 27, 1604 }, // m
    { 11, 12, 211, 1, 12, 17, 1631 }, // n
    { 12, 13, 212, 1, 12, 20, 1648 }, // o
    { 12, 17, 217, 1, 12, 26, 1668 }, // p
    { 11, 17, 217, 1, 12, 24, 1694 }, // q
    { 8, 12, 155, 1, 12, 12, 1718 }, // r
    { 11, 13, 179, 0, 12, 18, 1730 }, // s
    { 9, 16, 146, 0, 15, 18, 1748 }, // t
    { 11, 13, 211, 1, 12, 18, 1766 }, // u
    { 13, 12, 196, 0, 12, 20, 1784 }, // v
    { 19, 12, 297, 0, 12, 29, 1804 }, // w
    { 13, 12, 195, 0, 12, 20, 1833 }, // x
    { 13, 17, 201, 0, 12, 28, 1853 }, // y
    { 10, 12, 177, 1, 12, 15, 1881 }, // z
    { 8, 19, 135, 0, 18, 19, 1896 }, // {
    { 3, 19, 89, 1, 18, 8, 1915 }, // |
    { 8, 19, 135, 0, 18, 19, 1923 }, // }
    { 13, 5, 211, 0, 10, 9, 1942 }, // ~
    { 1, 1, 0, 0, 1, 1, 1951 }, // U+007F
    { 1, 1, 99, 0, 1, 1, 1952 }, // U+00A0
    { 4, 16, 109, 1, 12, 8, 1953 }, // U+00A1
    { 12, 16, 220, 1, 14, 24, 1961 }, // U+00A2
    { 13, 16, 210, 0, 16, 26, 1985 }, // U+00A3
    { 15, 15, 242, 0, 15, 29, 2011 }, // U+00A4
    { 13, 16, 210, 0, 16, 26, 2040 }, // U+00A5
    { 3, 19, 89, 1, 18, 8, 2066 }, // U+00A6
    { 13, 21, 240, 1, 16, 35, 2074 }, // U+00A7
    { 8, 4, 166, 1, 17, 4, 2109 }, // U+00A8
    { 17, 18, 305, 1, 17, 39, 2113 }, // U+00A9
    { 7, 8, 121, 0, 18, 7, 2152 }, // U+00AA
    { 14, 10, 264, 1, 11, 18, 2159 }, // U+00AB
    { 11, 7, 210, 1, 11, 10, 2177 }, // U+00AC
    { 8, 3, 163, 1, 10, 3, 2187 }, // U+00AD
    { 11, 11, 201, 1, 17, 16, 2190 }, // U+00AE
    { 7, 3, 140, 1, 16, 3, 2206 }, // U+00AF
    { 7, 7, 146, 1, 16, 7, 2209 }, // U+00B0
    { 11, 14, 210, 1, 15, 20, 2216 }, // U+00B1
    { 8, 10, 130, 0, 19, 10, 2236 }, // U+00B2
    { 8, 10, 130, 0, 19, 10, 2246 }, // U+00B3
    { 6, 5, 112, 1, 18, 4, 2256 }, // U+00B4
    { 10, 17, 201, 1, 12, 22, 2260 }, // U+00B5
    { 14, 20, 264, 1, 14, 35, 2282 }, // U+00B6
    { 4, 4, 167, 3, 10, 2, 2317 }, // U+00B7
    { 5, 5, 119, 1, 0, 4, 2319 }, // U+00B8
    { 5, 10, 105, 1, 19, 7, 2323 }, // U+00B9
    { 8, 8, 134, 0, 18, 8, 2330 }, // U+00BA
    { 14, 10, 264, 1, 11, 18, 2338 }, // U+00BB
    { 19, 16, 320, 1, 16, 38, 2356 }, // U+00BC
    { 20, 16, 339, 1, 16, 40, 2394 }, // U+00BD
    { 21, 16, 336, 0, 16, 42, 2434 }, // U+00BE
    { 10, 17, 186, 1, 12, 22, 2476 }, // U+00BF
    { 16, 22, 254, 0, 22, 44, 2498 }, // U+00C0
    { 16, 22, 254, 0, 22, 44, 2542 }, // U+00C1
    { 16, 21, 254, 0, 21, 42, 2586 }, // U+00C2
    { 16, 21, 254, 0, 21, 42, 2628 }, // U+00C3
    { 16, 21, 254, 0, 21, 42, 2670 }, // U+00C4
    { 16, 22, 255, 0, 22, 44, 2712 }, // U+00C5
    { 23, 16, 373, 0, 16, 46, 2756 }, // U+00C6
    { 14, 21, 248, 1, 16, 37, 2802 }, // U+00C7
    { 12, 22, 212, 1, 22, 33, 2839 }, // U+00C8
    { 12, 22, 212, 1, 22, 33, 2872 }, // U+00C9
    { 12, 21, 212, 1, 21, 32, 2905 }, // U+00CA
    { 12, 21, 212, 1, 21, 32, 2937 }, // U+00CB
    { 5, 22, 100, 0, 22, 14, 2969 }, // U+00CC
    { 5, 22, 100, 1, 22, 14, 2983 }, // U+00CD
    { 8, 21, 100, -1, 21, 21, 2997 }, // U+00CE
    { 9, 21, 100, -1, 21, 24, 3018 }, // U+00CF
    { 17, 16, 279, 0, 16, 34, 3042 }, // U+00D0
    { 14, 21, 261, 1, 21, 37, 3076 }, // U+00D1
    { 15, 23, 271, 1, 22, 44, 3113 }, // U+00D2
    { 15, 23, 271, 1, 22, 44, 3157 }, // U+00D3
    { 15, 22, 271, 1, 21, 42, 3201 }, // U+00D4
    { 15, 22, 271, 1, 21, 42, 3243 }, // U+00D5
    { 15, 22, 271, 1, 21, 42, 3285 }, // U+00D6
    { 12, 12, 217, 1, 14, 18, 3327 }, // U+00D7
    { 16, 20, 268, 0, 18, 40, 3345 }, // U+00D8
    { 14, 23, 255, 1, 22, 41, 3385 }, // U+00D9
    { 14, 23, 255, 1, 22, 41, 3426 }, // U+00DA
    { 14, 22, 255, 1, 21, 39, 3467 }, // U+00DB
    { 14, 22, 255, 1, 21, 39, 3506 }, // U+00DC
    { 15, 22, 248, 0, 22, 42, 3545 }, // U+00DD
    { 13, 16, 229, 1, 16, 26, 3587 }, // U+00DE
    { 12, 17, 222, 1, 16, 26, 3613 }, // U+00DF
    { 10, 19, 198, 1, 18, 24, 3639 }, // U+00E0
    { 10, 19, 198, 1, 18, 24, 3663 }, // U+00E1
    { 10, 18, 198, 1, 17, 23, 3687 }, // U+00E2
    { 10, 18, 198, 1, 17, 23, 3710 }, // U+00E3
    { 10, 18, 198, 1, 17, 23, 3733 }, // U+00E4
    { 10, 19, 198, 1, 18, 24, 3756 }, // U+00E5
    { 18, 13, 318, 1, 12, 30, 3780 }, // U+00E6
    { 11, 17, 196, 1, 12, 24, 3810 }, // U+00E7
    { 11, 19, 205, 1, 18, 27, 3834 }, // U+00E8
    { 11, 19, 205, 1, 18, 27, 3861 }, // U+00E9
    { 11, 18, 205, 1, 17, 25, 3888 }, // U+00EA
    { 11, 18, 205, 1, 17, 25, 3913 }, // U+00EB
    { 6, 18, 93, -1, 18, 14, 3938 }, // U+00EC
    { 6, 18, 93, 1, 18, 14, 3952 }, // U+00ED
    { 8, 17, 94, -1, 17, 17, 3966 }, // U+00EE
    { 8, 17, 104, -1, 17, 17, 3983 }, // U+00EF
    { 11, 17, 206, 1, 16, 24, 4000 }, // U+00F0
    { 11, 17, 211, 1, 17, 24, 4024 }, // U+00F1
    { 12, 19, 212, 1, 18, 29, 4048 }, // U+00F2
    { 12, 19, 212, 1, 18, 29, 4077 }, // U+00F3
    { 12, 18, 212, 1, 17, 27, 4106 }, // U+00F4
    { 12, 18, 212, 1, 17, 27, 4133 }, // U+00F5
    { 12, 18, 212, 1, 17, 27, 4160 }, // U+00F6
    { 11, 13, 217, 1, 14, 18, 4187 }, // U+00F7
    { 13, 16, 213, 0, 14, 26, 4205 }, // U+00F8
    { 11, 19, 211, 1, 18, 27, 4231 }, // U+00F9
    { 11, 19, 211, 1, 18, 27, 4258 }, // U+00FA
    { 11, 18, 211, 1, 17, 25, 4285 }, // U+00FB
    { 11, 18, 211, 1, 17, 25, 4310 }, // U+00FC
    { 13, 23, 201, 0, 18, 38, 4335 }, // U+00FD
    { 12, 21, 217, 1, 16, 32, 4373 }, // U+00FE
    { 13, 22, 201, 0, 17, 36, 4405 }, // U+00FF
    { 16, 20, 254, 0, 20, 40, 4441 }, // U+0100
    { 10, 17, 198, 1, 16, 22, 4481 }, // U+0101
    { 16, 21, 254, 0, 21, 42, 4503 }, // U+0102
    { 10, 18, 198, 1, 17, 23, 4545 }, // U+0103
    { 17, 21, 257, 0, 16, 45, 4568 }, // U+0104
    { 11, 17, 199, 1, 12, 24, 4613 }, // U+0105
    { 14, 23, 248, 1, 22, 41, 4637 }, // U+0106
    { 11, 19, 196, 1, 18, 27, 4678 }, // U+0107
    { 14, 22, 248, 1, 21, 39, 4705 }, // U+0108
    { 11, 18, 196, 1, 17, 25, 4744 }, // U+0109
    { 14, 22, 248, 1, 21, 39, 4769 }, // U+010A
    { 11, 18, 196, 1, 17, 25, 4808 }, // U+010B
    { 14, 22, 248, 1, 21, 39, 4833 }, // U+010C
    { 11, 19, 196, 1, 18, 27, 4872 }, // U+010D
    { 15, 21, 264, 1, 21, 40, 4899 }, // U+010E
    { 17, 18, 256, 1, 17, 39, 4939 }, // U+010F
    { 17, 16, 279, 0, 16, 34, 4978 }, // U+0110
    { 13, 17, 222, 1, 16, 28, 5012 }, // U+0111
    { 12, 20, 212, 1, 20, 30, 5040 }, // U+0112
    { 11, 17, 205, 1, 16, 24, 5070 }, // U+0113
    { 12, 21, 212, 1, 21, 32, 5094 }, // U+0114
    { 11, 18, 205, 1, 17, 25, 5126 }, // U+0115
    { 12, 21, 212, 1, 21, 32, 5151 }, // U+0116
    { 11, 18, 205, 1, 17, 25, 5183 }, // U+0117
    { 12, 21, 212, 1, 16, 32, 5208 }, // U+0118
    { 11, 17, 205, 1, 12, 24, 5240 }, // U+0119
    { 12, 21, 212, 1, 21, 32, 5264 }, // U+011A
    { 11, 19, 205, 1, 18, 27, 5296 }, // U+011B
    { 14, 22, 259, 1, 21, 39, 5323 }, // U+011C
    { 11, 22, 217, 1, 17, 31, 5362 }, // U+011D
    { 14, 22, 259, 1, 21, 39, 5393 }, // U+011E
    { 11, 22, 217, 1, 17, 31, 5432 }, // U+011F
    { 14, 22, 259, 1, 21, 39, 5463 }, // U+0120
    { 11, 22, 217, 1, 17, 31, 5502 }, // U+0121
    { 14, 24, 259, 1, 16, 42, 5533 }, // U+0122
    { 11, 25, 217, 1, 20, 35, 5575 }, // U+0123
    { 14, 21, 267, 1, 21, 37, 5610 }, // U+0124
    { 13, 21, 212, -1, 21, 35, 5647 }, // U+0125
    { 17, 16, 274, 0, 16, 34, 5682 }, // U+0126
    { 12, 16, 216, 0, 16, 24, 5716 }, // U+0127
    { 8, 21, 100, -1, 21, 21, 5740 }, // U+0128
    { 9, 17, 110, -1, 17, 20, 5761 }, // U+0129
    { 7, 20, 100, 0, 20, 18, 5781 }, // U+012A
    { 7, 16, 94, -1, 16, 14, 5799 }, // U+012B
    { 7, 21, 100, 0, 21, 19, 5813 }, // U+012C
    { 7, 18, 94, -1, 18, 16, 5832 }, // U+012D
    { 6, 21, 100, 0, 16, 16, 5848 }, // U+012E
    { 6, 22, 101, 0, 17, 17, 5864 }, // U+012F
    { 4, 21, 100, 1, 21, 11, 5881 }, // U+0130
    { 4, 12, 92, 1, 12, 6, 5892 }, // U+0131
    { 16, 17, 293, 1, 16, 34, 5898 }, // U+0132
    { 10, 22, 200, 1, 17, 28, 5932 }, // U+0133
    { 13, 22, 193, 0, 21, 36, 5960 }, // U+0134
    { 8, 22, 98, -1, 17, 22, 5996 }, // U+0135
    { 15, 24, 249, 1, 16, 45, 6018 }, // U+0136
    { 12, 24, 207, 1, 16, 36, 6063 }, // U+0137
    { 12, 12, 208, 1, 12, 18, 6099 }, // U+0138
    { 11, 22, 205, 1, 22, 31, 6117 }, // U+0139
    { 6, 22, 103, 1, 22, 17, 6148 }, // U+013A
    { 11, 24, 205, 1, 16, 33, 6165 }, // U+013B
    { 5, 24, 102, 1, 16, 15, 6198 }, // U+013C
    { 11, 17, 205, 1, 17, 24, 6213 }, // U+013D
    { 9, 17, 159, 1, 17, 20, 6237 }, // U+013E
    { 11, 16, 205, 1, 16, 22, 6257 }, // U+013F
    { 9, 16, 157, 1, 16, 18, 6279 }, // U+0140
    { 13, 16, 216, 0, 16, 26, 6297 }, // U+0141
    { 6, 16, 102, 0, 16, 12, 6323 }, // U+0142
    { 14, 22, 261, 1, 22, 39, 6335 }, // U+0143
    { 11, 18, 211, 1, 18, 25, 6374 }, // U+0144
    { 14, 24, 261, 1, 16, 42, 6399 }, // U+0145
    { 11, 20, 211, 1, 12, 28, 6441 }, // U+0146
    { 14, 21, 261, 1, 21, 37, 6469 }, // U+0147
    { 11, 18, 211, 1, 18, 25, 6506 }, // U+0148
    { 16, 16, 270, 0, 16, 32, 6531 }, // U+0149
    { 14, 22, 261, 1, 16, 39, 6563 }, // U+014A
    { 11, 18, 211, 1, 12, 25, 6602 }, // U+014B
    { 15, 21, 271, 1, 20, 40, 6627 }, // U+014C
    { 12, 17, 212, 1, 16, 26, 6667 }, // U+014D
    { 15, 22, 271, 1, 21, 42, 6693 }, // U+014E
    { 12, 19, 212, 1, 18, 29, 6735 }, // U+014F
    { 15, 23, 271, 1, 22, 44, 6764 }, // U+0150
    { 12, 19, 213, 1, 18, 29, 6808 }, // U+0151
    { 22, 17, 387, 1, 16, 47, 6837 }, // U+0152
    { 20, 13, 343, 1, 12, 33, 6884 }, // U+0153
    { 13, 22, 234, 1, 22, 36, 6917 }, // U+0154
    { 8, 18, 155, 1, 18, 18, 6953 }, // U+0155
    { 13, 24, 234, 1, 16, 39, 6971 }, // U+0156
    { 8, 20, 155, 1, 12, 20, 7010 }, // U+0157
    { 13, 21, 234, 1, 21, 35, 7030 }, // U+0158
    { 8, 18, 155, 1, 18, 18, 7065 }, // U+0159
    { 13, 23, 219, 0, 22, 38, 7083 }, // U+015A
    { 11, 19, 179, 0, 18, 27, 7121 }, // U+015B
    { 13, 22, 219, 0, 21, 36, 7148 }, // U+015C
    { 11, 18, 179, 0, 17, 25, 7184 }, // U+015D
    { 13, 21, 219, 0, 16, 35, 7209 }, // U+015E
    { 11, 17, 179, 0, 12, 24, 7244 }, // U+015F
    { 13, 22, 219, 0, 21, 36, 7268 }, // U+0160
    { 11, 19, 179, 0, 18, 27, 7304 }, // U+0161
    { 12, 21, 219, 1, 16, 32, 7331 }, // U+0162
    { 9, 20, 146, 0, 15, 23, 7363 }, // U+0163
    { 12, 21, 219, 1, 21, 32, 7386 }, // U+0164
    { 11, 19, 149, 0, 18, 27, 7418 }, // U+0165
    { 12, 16, 219, 1, 16, 24, 7445 }, // U+0166
    { 9, 16, 149, 0, 15, 18, 7469 }, // U+0167
    { 14, 22, 255, 1, 21, 39, 7487 }, // U+0168
    { 11, 18, 211, 1, 17, 25, 7526 }, // U+0169
    { 14, 21, 255, 1, 20, 37, 7551 }, // U+016A
    { 11, 17, 211, 1, 16, 24, 7588 }, // U+016B
    { 14, 22, 255, 1, 21, 39, 7612 }, // U+016C
    { 11, 19, 211, 1, 18, 27, 7651 }, // U+016D
    { 14, 23, 255, 1, 22, 41, 7678 }, // U+016E
    { 11, 19, 211, 1, 18, 27, 7719 }, // U+016F
    { 14, 23, 255, 1, 22, 41, 7746 }, // U+0170
    { 11, 19, 220, 1, 18, 27, 7787 }, // U+0171
    { 14, 21, 255, 1, 16, 37, 7814 }, // U+0172
    { 12, 17, 212, 1, 12, 26, 7851 }, // U+0173
    { 23, 21, 377, 0, 21, 61, 7877 }, // U+0174
    { 19, 17, 297, 0, 17, 41, 7938 }, // U+0175
    { 15, 21, 248, 0, 21, 40, 7979 }, // U+0176
    { 13, 22, 201, 0, 17, 36, 8019 }, // U+0177
    { 15, 21, 248, 0, 21, 40, 8055 }, // U+0178
    { 12, 22, 226, 1, 22, 33, 8095 }, // U+0179
    { 10, 18, 177, 1, 18, 23, 8128 }, // U+017A
    { 12, 21, 226, 1, 21, 32, 8151 }, // U+017B
    { 10, 17, 177, 1, 17, 22, 8183 }, // U+017C
    { 12, 21, 226, 1, 21, 32, 8205 }, // U+017D
    { 10, 18, 177, 1, 18, 23, 8237 }, // U+017E
    { 7, 16, 114, 1, 16, 14, 8260 }, // U+017F
    { 16, 21, 278, 1, 20, 42, 8274 }, // U+01A0
    { 12, 17, 212, 1, 16, 26, 8316 }, // U+01A1
    { 16, 21, 273, 1, 20, 42, 8342 }, // U+01AF
    { 14, 17, 231, 1, 16, 30, 8384 }, // U+01B0
    { 16, 21, 254, 0, 21, 42, 8414 }, // U+01CD
    { 10, 19, 198, 1, 18, 24, 8456 }, // U+01CE
    { 8, 21, 100, -1, 21, 21, 8480 }, // U+01CF
    { 8, 18, 94, -1, 18, 18, 8501 }, // U+01D0
    { 15, 22, 271, 1, 21, 42, 8519 }, // U+01D1
    { 12, 19, 212, 1, 18, 29, 8561 }, // U+01D2
    { 14, 22, 255, 1, 21, 39, 8590 }, // U+01D3
    { 11, 19, 211, 1, 18, 27, 8629 }, // U+01D4
    { 14, 25, 255, 1, 24, 44, 8656 }, // U+01D5
    { 11, 21, 211, 1, 20, 29, 8700 }, // U+01D6
    { 14, 27, 255, 1, 26, 48, 8729 }, // U+01D7
    { 11, 23, 211, 1, 22, 32, 8777 }, // U+01D8
    { 14, 26, 255, 1, 25, 46, 8809 }, // U+01D9
    { 11, 23, 211, 1, 22, 32, 8855 }, // U+01DA
    { 14, 27, 255, 1, 26, 48, 8887 }, // U+01DB
    { 11, 23, 211, 1, 22, 32, 8935 }, // U+01DC
    { 16, 17, 269, 1, 16, 34, 8967 }, // U+01E4
    { 13, 17, 230, 1, 12, 28, 9001 }, // U+01E5
    { 14, 22, 259, 1, 21, 39, 9029 }, // U+01E6
    { 11, 23, 217, 1, 18, 32, 9068 }, // U+01E7
    { 15, 21, 249, 1, 21, 40, 9100 }, // U+01E8
    { 14, 21, 207, -1, 21, 37, 9140 }, // U+01E9
    { 12, 22, 198, 0, 21, 33, 9177 }, // U+01EE
    { 11, 23, 190, 0, 18, 32, 9210 }, // U+01EF
    { 8, 23, 98, -1, 18, 23, 9242 }, // U+01F0
    { 11, 18, 211, 1, 18, 25, 9265 }, // U+01F9
    { 16, 25, 255, 0, 25, 50, 9290 }, // U+01FA
    { 10, 25, 198, 1, 24, 32, 9340 }, // U+01FB
    { 23, 22, 373, 0, 22, 64, 9372 }, // U+01FC
    { 18, 19, 318, 1, 18, 43, 9436 }, // U+01FD
    { 16, 24, 268, 0, 22, 48, 9479 }, // U+01FE
    { 13, 20, 213, 0, 18, 33, 9527 }, // U+01FF
    { 13, 24, 219, 0, 16, 39, 9560 }, // U+0218
    { 11, 20, 179, 0, 12, 28, 9599 }, // U+0219
    { 12, 24, 219, 1, 16, 36, 9627 }, // U+021A
    { 9, 23, 146, 0, 15, 26, 9663 }, // U+021B
    { 14, 21, 267, 1, 21, 37, 9689 }, // U+021E
    { 13, 21, 212, -1, 21, 35, 9726 }, // U+021F
    { 6, 5, 0, -7, 18, 4, 9761 }, // U+0300
    { 6, 5, 0, -6, 18, 4, 9765 }, // U+0301
    { 8, 4, 0, -9, 17, 4, 9769 }, // U+0302
    { 9, 4, 0, -10, 17, 5, 9773 }, // U+0303
    { 7, 3, 0, -8, 16, 3, 9778 }, // U+0304
    { 13, 2, 0, -14, 20, 4, 9781 }, // U+0305
    { 7, 5, 0, -8, 18, 5, 9785 }, // U+0306
    { 4, 4, 0, -5, 17, 2, 9790 }, // U+0307
    { 9, 4, 0, -10, 17, 5, 9792 }, // U+0308
    { 5, 4, 0, -10, 21, 3, 9797 }, // U+0309
    { 5, 5, 0, -6, 18, 4, 9800 }, // U+030A
    { 9, 5, 0, -10, 18, 6, 9804 }, // U+030B
    { 8, 5, 0, -9, 18, 5, 9810 }, // U+030C
    { 11, 5, 0, -11, 18, 7, 9815 }, // U+030F
    { 4, 7, 0, -5, 20, 4, 9822 }, // U+0312
    { 5, 6, 0, -6, -1, 4, 9826 }, // U+0318
    { 5, 6, 0, -6, -1, 4, 9830 }, // U+0319
    { 6, 4, 0, -7, 20, 3, 9834 }, // U+031A
    { 2, 5, 0, -3, -2, 2, 9837 }, // U+031C
    { 5, 6, 0, -6, -1, 4, 9839 }, // U+031D
    { 5, 6, 0, -6, -1, 4, 9843 }, // U+031E
    { 5, 6, 0, -6, -1, 4, 9847 }, // U+031F
    { 5, 2, 0, -6, -3, 2, 9851 }, // U+0320
    { 4, 4, 0, -5, -2, 2, 9853 }, // U+0323
    { 8, 3, 0, -9, -2, 3, 9855 }, // U+0324
    { 5, 5, 0, -6, -2, 4, 9858 }, // U+0325
    { 4, 7, 0, -5, -1, 4, 9862 }, // U+0326
    { 5, 5, 0, -7, 0, 4, 9866 }, // U+0327
    { 5, 5, 0, -6, 0, 4, 9870 }, // U+0328
    { 2, 6, 0, -4, -1, 2, 9874 }, // U+0329
    { 7, 4, 0, -8, -2, 4, 9876 }, // U+032A
    { 8, 4, 0, -9, -2, 4, 9880 }, // U+032C
    { 9, 4, 0, -10, -2, 5, 9884 }, // U+0330
    { 13, 2, 0, -14, -3, 4, 9889 }, // U+0332
    { 9, 5, 0, -10, 10, 6, 9893 }, // U+0334
    { 2, 5, 0, -3, -2, 2, 9899 }, // U+0339
    { 7, 4, 0, -8, -2, 4, 9901 }, // U+033A
    { 5, 5, 0, -6, -2, 4, 9905 }, // U+033B
    { 9, 3, 0, -10, -2, 4, 9909 }, // U+033C
    { 6, 6, 0, -7, 19, 5, 9913 }, // U+033D
    { 7, 4, 0, -8, 17, 4, 9918 }, // U+0346
    { 12, 4, 0, -13, -2, 6, 9922 }, // U+0347
    { 5, 6, 0, -7, -1, 4, 9928 }, // U+0348
    { 5, 6, 0, -6, -1, 4, 9932 }, // U+0349
    { 9, 6, 0, -10, 18, 7, 9936 }, // U+034A
    { 9, 9, 0, -10, 22, 11, 9943 }, // U+034B
    { 8, 6, 0, -9, 19, 6, 9954 }, // U+034C
    { 7, 5, 0, -8, -1, 5, 9960 }, // U+034D
    { 5, 6, 0, -6, -1, 4, 9965 }, // U+034E
    { 18, 5, 0, -18, -1, 12, 9969 }, // U+035C
    { 18, 5, 0, -18, 18, 12, 9981 }, // U+0361
    { 14, 5, 0, -15, -1, 9, 9993 }, // U+0362
    { 12, 22, 212, 1, 22, 33, 10002 }, // U+0400
    { 12, 21, 212, 1, 21, 32, 10035 }, // U+0401
    { 17, 17, 295, 1, 16, 37, 10067 }, // U+0402
    { 11, 22, 194, 1, 22, 31, 10104 }, // U+0403
    { 14, 17, 247, 1, 16, 30, 10135 }, // U+0404
    { 13, 17, 219, 0, 16, 28, 10165 }, // U+0405
    { 4, 16, 100, 1, 16, 8, 10193 }, // U+0406
    { 9, 21, 117, -1, 21, 24, 10201 }, // U+0407
    { 10, 17, 187, 0, 16, 22, 10225 }, // U+0408
    { 24, 17, 400, 0, 16, 51, 10247 }, // U+0409
    { 23, 16, 398, 1, 16, 46, 10298 }, // U+040A
    { 17, 16, 303, 1, 16, 34, 10344 }, // U+040B
    { 15, 22, 252, 1, 22, 42, 10378 }, // U+040C
    { 14, 22, 261, 1, 22, 39, 10420 }, // U+040D
    { 15, 21, 240, 0, 21, 40, 10459 }, // U+040E
    { 13, 20, 254, 1, 16, 33, 10499 }, // U+040F
    { 16, 16, 259, 0, 16, 32, 10532 }, // U+0410
    { 13, 16, 233, 1, 16, 26, 10564 }, // U+0411
    { 13, 16, 240, 1, 16, 26, 10590 }, // U+0412
    { 11, 16, 193, 1, 16, 22, 10616 }, // U+0413
    { 18, 20, 291, 0, 16, 45, 10638 }, // U+0414
    { 12, 16, 212, 1, 16, 24, 10683 }, // U+0415
    { 25, 16, 393, 0, 16, 50, 10707 }, // U+0416
    { 13, 17, 212, 0, 16, 28, 10757 }, // U+0417
    { 14, 16, 261, 1, 16, 28, 10785 }, // U+0418
    { 14, 21, 261, 1, 21, 37, 10813 }, // U+0419
    { 15, 16, 247, 1, 16, 30, 10850 }, // U+041A
    { 15, 17, 269, 0, 16, 32, 10880 }, // U+041B
    { 18, 16, 318, 1, 16, 36, 10912 }, // U+041C
    { 14, 16, 267, 1, 16, 28, 10948 }, // U+041D
    { 15, 17, 271, 1, 16, 32, 10976 }, // U+041E
    { 13, 16, 254, 1, 16, 26, 11008 }, // U+041F
    { 13, 16, 229, 1, 16, 26, 11034 }, // U+0420
    { 14, 17, 252, 1, 16, 30, 11060 }, // U+0421
    { 12, 16, 219, 1, 16, 24, 11090 }, // U+0422
    { 15, 16, 240, 0, 16, 30, 11114 }, // U+0423
    { 17, 16, 296, 1, 16, 34, 11144 }, // U+0424
    { 16, 16, 261, 0, 16, 32, 11178 }, // U+0425
    { 16, 20, 275, 1, 16, 40, 11210 }, // U+0426
    { 13, 16, 251, 1, 16, 26, 11250 }, // U+0427
    { 21, 16, 379, 1, 16, 42, 11276 }, // U+0428
    { 24, 20, 401, 1, 16, 60, 11318 }, // U+0429
    { 16, 16, 263, 0, 16, 32, 11378 }, // U+042A
    { 18, 16, 327, 1, 16, 36, 11410 }, // U+042B
    { 13, 16, 231, 1, 16, 26, 11446 }, // U+042C
    { 14, 17, 247, 1, 16, 30, 11472 }, // U+042D
    { 21, 17, 371, 1, 16, 45, 11502 }, // U+042E
    { 13, 16, 234, 0, 16, 26, 11547 }, // U+042F
    { 10, 13, 198, 1, 12, 17, 11573 }, // U+0430
    { 12, 18, 215, 1, 17, 27, 11590 }, // U+0431
    { 11, 12, 202, 1, 12, 17, 11617 }, // U+0432
    { 9, 12, 171, 1, 12, 14, 11634 }, // U+0433
    { 15, 16, 236, 0, 12, 30, 11648 }, // U+0434
    { 11, 13, 205, 1, 12, 18, 11678 }, // U+0435
    { 19, 12, 306, 0, 12, 29, 11696 }, // U+0436
    { 11, 13, 181, 0, 12, 18, 11725 }, // U+0437
    { 11, 12, 218, 1, 12, 17, 11743 }, // U+0438
    { 12, 18, 220, 1, 18, 27, 11760 }, // U+0439
    { 12, 12, 206, 1, 12, 18, 11787 }, // U+043A
    { 13, 13, 223, 0, 12, 22, 11805 }, // U+043B
    { 14, 12, 265, 1, 12, 21, 11827 }, // U+043C
    { 11, 12, 214, 1, 12, 17, 11848 }, // U+043D
    { 12, 13, 212, 1, 12, 20, 11865 }, // U+043E
    { 11, 12, 214, 1, 12, 17, 11885 }, // U+043F
    { 12, 17, 217, 1, 12, 26, 11902 }, // U+0440
    { 11, 13, 196, 1, 12, 18, 11928 }, // U+0441
    { 11, 12, 183, 0, 12, 17, 11946 }, // U+0442
    { 13, 17, 201, 0, 12, 28, 11963 }, // U+0443
    { 15, 21, 267, 1, 16, 40, 11991 }, // U+0444
    { 13, 12, 195, 0, 12, 20, 12031 }, // U+0445
    { 14, 16, 235, 1, 12, 28, 12051 }, // U+0446
    { 11, 12, 206, 1, 12, 17, 12079 }, // U+0447
    { 17, 12, 309, 1, 12, 26, 12096 }, // U+0448
    { 19, 16, 330, 1, 12, 38, 12122 }, // U+0449
    { 14, 12, 235, 0, 12, 21, 12160 }, // U+044A
    { 16, 12, 293, 1, 12, 24, 12181 }, // U+044B
    { 11, 12, 203, 1, 12, 17, 12205 }, // U+044C
    { 10, 13, 193, 1, 12, 17, 12222 }, // U+044D
    { 17, 13, 306, 1, 12, 28, 12239 }, // U+044E
    { 12, 12, 203, 0, 12, 18, 12267 }, // U+044F
    { 11, 19, 205, 1, 18, 27, 12285 }, // U+0450
    { 11, 18, 205, 1, 17, 25, 12312 }, // U+0451
    { 12, 21, 216, 0, 16, 32, 12337 }, // U+0452
    { 9, 18, 171, 1, 18, 21, 12369 }, // U+0453
    { 10, 13, 193, 1, 12, 17, 12390 }, // U+0454
    { 11, 13, 179, 0, 12, 18, 12407 }, // U+0455
    { 4, 17, 99, 1, 17, 9, 12425 }, // U+0456
    { 9, 16, 104, -1, 16, 18, 12434 }, // U+0457
    { 6, 22, 100, -1, 17, 17, 12452 }, // U+0458
    { 20, 13, 334, 0, 12, 33, 12469 }, // U+0459
    { 19, 12, 326, 1, 12, 29, 12502 }, // U+045A
    { 12, 16, 215, 0, 16, 24, 12531 }, // U+045B
    { 12, 18, 211, 1, 18, 27, 12555 }, // U+045C
    { 12, 18, 220, 1, 18, 27, 12582 }, // U+045D
    { 13, 23, 214, 0, 18, 38, 12609 }, // U+045E
    { 11, 16, 214, 1, 12, 22, 12647 }, // U+045F
    { 16, 16, 268, 0, 16, 32, 12669 }, // U+0462
    { 14, 16, 230, 0, 16, 28, 12701 }, // U+0463
    { 18, 16, 310, 1, 16, 36, 12729 }, // U+046A
    { 14, 12, 253, 1, 12, 21, 12765 }, // U+046B
    { 15, 17, 271, 1, 16, 32, 12786 }, // U+0472
    { 12, 13, 212, 1, 12, 20, 12818 }, // U+0473
    { 18, 16, 296, 0, 16, 36, 12838 }, // U+0474
    { 14, 12, 227, 0, 12, 21, 12874 }, // U+0475
    { 11, 19, 199, 1, 19, 27, 12895 }, // U+0490
    { 9, 15, 171, 1, 15, 17, 12922 }, // U+0491
    { 12, 16, 205, 0, 16, 24, 12939 }, // U+0492
    { 11, 12, 190, 0, 12, 17, 12963 }, // U+0493
    { 21, 16, 334, 0, 12, 42, 12980 }, // U+0497
    { 15, 20, 262, 1, 16, 38, 13022 }, // U+049A
    { 13, 16, 227, 1, 12, 26, 13060 }, // U+049B
    { 16, 16, 273, 1, 16, 32, 13086 }, // U+049C
    { 12, 12, 218, 1, 12, 18, 13118 }, // U+049D
    { 17, 20, 289, 1, 16, 43, 13136 }, // U+04A2
    { 14, 16, 235, 1, 12, 28, 13179 }, // U+04A3
    { 15, 16, 248, 0, 16, 30, 13207 }, // U+04AE
    { 13, 17, 196, 0, 12, 28, 13237 }, // U+04AF
    { 16, 16, 253, 0, 16, 32, 13265 }, // U+04B0
    { 13, 17, 209, 0, 12, 28, 13297 }, // U+04B1
    { 17, 20, 281, 0, 16, 43, 13325 }, // U+04B2
    { 14, 16, 225, 0, 12, 28, 13368 }, // U+04B3
    { 16, 20, 273, 1, 16, 40, 13396 }, // U+04B6
    { 13, 16, 227, 1, 12, 26, 13436 }, // U+04B7
    { 13, 16, 254, 1, 16, 26, 13462 }, // U+04B8
    { 11, 12, 206, 1, 12, 17, 13488 }, // U+04B9
    { 13, 16, 242, 1, 16, 26, 13505 }, // U+04BA
    { 11, 16, 212, 1, 16, 22, 13531 }, // U+04BB
    { 14, 16, 235, 1, 12, 28, 13553 }, // U+04CA
    { 14, 17, 252, 1, 16, 30, 13581 }, // U+04D8
    { 11, 13, 205, 1, 12, 18, 13611 }, // U+04D9
    { 14, 20, 261, 1, 20, 35, 13629 }, // U+04E2
    { 11, 16, 218, 1, 16, 22, 13664 }, // U+04E3
    { 15, 17, 271, 1, 16, 32, 13686 }, // U+04E8
    { 12, 13, 212, 1, 12, 20, 13718 }, // U+04E9
    { 15, 20, 240, 0, 20, 38, 13738 }, // U+04EE
    { 13, 21, 201, 0, 16, 35, 13776 }, // U+04EF
    { 16, 22, 254, 0, 16, 44, 13811 }, // U+1EA0
    { 10, 18, 198, 1, 12, 23, 13855 }, // U+1EA1
    { 16, 21, 254, 0, 21, 42, 13878 }, // U+1EA2
    { 10, 19, 198, 1, 18, 24, 13920 }, // U+1EA3
    { 16, 24, 254, 0, 24, 48, 13944 }, // U+1EA4
    { 13, 23, 197, 1, 22, 38, 13992 }, // U+1EA5
    { 16, 24, 254, 0, 24, 48, 14030 }, // U+1EA6
    { 11, 23, 197, 1, 22, 32, 14078 }, // U+1EA7
    { 16, 24, 254, 0, 24, 48, 14110 }, // U+1EA8
    { 11, 22, 203, 1, 21, 31, 14158 }, // U+1EA9
    { 16, 24, 254, 0, 24, 48, 14189 }, // U+1EAA
    { 10, 23, 198, 1, 22, 29, 14237 }, // U+1EAB
    { 16, 27, 254, 0, 21, 54, 14266 }, // U+1EAC
    { 10, 23, 198, 1, 17, 29, 14320 }, // U+1EAD
    { 16, 24, 254, 0, 24, 48, 14349 }, // U+1EAE
    { 10, 24, 198, 1, 23, 30, 14397 }, // U+1EAF
    { 16, 24, 254, 0, 24, 48, 14427 }, // U+1EB0
    { 10, 24, 198, 1, 23, 30, 14475 }, // U+1EB1
    { 16, 24, 254, 0, 24, 48, 14505 }, // U+1EB2
    { 10, 24, 198, 1, 23, 30, 14553 }, // U+1EB3
    { 16, 24, 254, 0, 24, 48, 14583 }, // U+1EB4
    { 10, 23, 198, 1, 22, 29, 14631 }, // U+1EB5
    { 16, 27, 254, 0, 21, 54, 14660 }, // U+1EB6
    { 10, 23, 198, 1, 17, 29, 14714 }, // U+1EB7
    { 12, 22, 212, 1, 16, 33, 14743 }, // U+1EB8
    { 11, 18, 205, 1, 12, 25, 14776 }, // U+1EB9
    { 12, 21, 212, 1, 21, 32, 14801 }, // U+1EBA
    { 11, 19, 205, 1, 18, 27, 14833 }, // U+1EBB
    { 12, 21, 212, 1, 21, 32, 14860 }, // U+1EBC
    { 11, 18, 205, 1, 17, 25, 14892 }, // U+1EBD
    { 13, 24, 234, 1, 24, 39, 14917 }, // U+1EBE
    { 13, 23, 205, 1, 22, 38, 14956 }, // U+1EBF
    { 12, 24, 212, 1, 24, 36, 14994 }, // U+1EC0
    { 11, 23, 207, 1, 22, 32, 15030 }, // U+1EC1
    { 12, 24, 223, 1, 24, 36, 15062 }, // U+1EC2
    { 12, 22, 205, 1, 21, 33, 15098 }, // U+1EC3
    { 12, 24, 212, 1, 24, 36, 15131 }, // U+1EC4
    { 11, 23, 205, 1, 22, 32, 15167 }, // U+1EC5
    { 12, 27, 212, 1, 21, 41, 15199 }, // U+1EC6
    { 11, 23, 205, 1, 17, 32, 15240 }, // U+1EC7
    { 6, 21, 100, 0, 21, 16, 15272 }, // U+1EC8
    { 6, 18, 94, 0, 18, 14, 15288 }, // U+1EC9
    { 4, 22, 100, 1, 16, 11, 15302 }, // U+1ECA
    { 4, 24, 100, 1, 17, 12, 15313 }, // U+1ECB
    { 15, 22, 271, 1, 16, 42, 15325 }, // U+1ECC
    { 12, 18, 212, 1, 12, 27, 15367 }, // U+1ECD
    { 15, 22, 271, 1, 21, 42, 15394 }, // U+1ECE
    { 12, 19, 212, 1, 18, 29, 15436 }, // U+1ECF
    { 15, 25, 271, 1, 24, 47, 15465 }, // U+1ED0
    { 13, 23, 212, 1, 22, 38, 15512 }, // U+1ED1
    { 15, 25, 271, 1, 24, 47, 15550 }, // U+1ED2
    { 12, 23, 212, 1, 22, 35, 15597 }, // U+1ED3
    { 15, 25, 271, 1, 24, 47, 15632 }, // U+1ED4
    { 12, 22, 220, 1, 21, 33, 15679 }, // U+1ED5
    { 15, 25, 271, 1, 24, 47, 15712 }, // U+1ED6
    { 12, 23, 213, 1, 22, 35, 15759 }, // U+1ED7
    { 15, 27, 271, 1, 21, 51, 15794 }, // U+1ED8
    { 12, 23, 212, 1, 17, 35, 15845 }, // U+1ED9
    { 16, 23, 278, 1, 22, 46, 15880 }, // U+1EDA
    { 12, 19, 212, 1, 18, 29, 15926 }, // U+1EDB
    { 16, 23, 278, 1, 22, 46, 15955 }, // U+1EDC
    { 12, 19, 212, 1, 18, 29, 16001 }, // U+1EDD
    { 16, 22, 278, 1, 21, 44, 16030 }, // U+1EDE
    { 12, 19, 212, 1, 18, 29, 16074 }, // U+1EDF
    { 16, 22, 278, 1, 21, 44, 16103 }, // U+1EE0
    { 12, 18, 212, 1, 17, 27, 16147 }, // U+1EE1
    { 16, 26, 278, 1, 20, 52, 16174 }, // U+1EE2
    { 12, 22, 212, 1, 16, 33, 16226 }, // U+1EE3
    { 14, 22, 255, 1, 16, 39, 16259 }, // U+1EE4
    { 11, 18, 211, 1, 12, 25, 16298 }, // U+1EE5
    { 14, 22, 255, 1, 21, 39, 16323 }, // U+1EE6
    { 11, 19, 211, 1, 18, 27, 16362 }, // U+1EE7
    { 16, 23, 273, 1, 22, 46, 16389 }, // U+1EE8
    { 14, 19, 231, 1, 18, 34, 16435 }, // U+1EE9
    { 16, 23, 273, 1, 22, 46, 16469 }, // U+1EEA
    { 14, 19, 231, 1, 18, 34, 16515 }, // U+1EEB
    { 16, 22, 273, 1, 21, 44, 16549 }, // U+1EEC
    { 14, 19, 231, 1, 18, 34, 16593 }, // U+1EED
    { 16, 22, 273, 1, 21, 44, 16627 }, // U+1EEE
    { 14, 18, 231, 1, 17, 32, 16671 }, // U+1EEF
    { 16, 27, 273, 1, 20, 54, 16703 }, // U+1EF0
    { 14, 22, 231, 1, 16, 39, 16757 }, // U+1EF1
    { 15, 22, 248, 0, 22, 42, 16796 }, // U+1EF2
    { 13, 23, 201, 0, 18, 38, 16838 }, // U+1EF3
    { 15, 23, 248, 0, 16, 44, 16876 }, // U+1EF4
    { 13, 18, 203, 0, 12, 30, 16920 }, // U+1EF5
    { 15, 21, 248, 0, 21, 40, 16950 }, // U+1EF6
    { 13, 23, 201, 0, 18, 38, 16990 }, // U+1EF7
    { 15, 21, 248, 0, 21, 40, 17028 }, // U+1EF8
    { 13, 22, 201, 0, 17, 36, 17068 }, // U+1EF9
    { 1, 1, 111, 0, 1, 1, 17104 }, // U+2004
    { 1, 1, 83, 0, 1, 1, 17105 }, // U+2005
    { 1, 1, 56, 0, 1, 1, 17106 }, // U+2006
    { 1, 1, 67, 0, 1, 1, 17107 }, // U+2009
    { 1, 1, 48, 0, 1, 1, 17108 }, // U+200A
    { 8, 3, 163, 1, 10, 3, 17109 }, // U+2010
    { 10, 3, 167, 0, 10, 4, 17112 }, // U+2013
    { 21, 3, 333, 0, 10, 8, 17116 }, // U+2014
    { 21, 3, 333, 0, 10, 8, 17124 }, // U+2015
    { 9, 19, 178, 1, 18, 22, 17132 }, // U+2016
    { 4, 8, 92, 1, 19, 4, 17154 }, // U+2018
    { 4, 7, 92, 1, 18, 4, 17158 }, // U+2019
    { 4, 7, 92, 1, 3, 4, 17162 }, // U+201A
    { 8, 8, 157, 1, 19, 8, 17166 }, // U+201C
    { 8, 7, 157, 1, 18, 7, 17174 }, // U+201D
    { 8, 7, 157, 1, 3, 7, 17181 }, // U+201E
    { 9, 14, 169, 1, 16, 16, 17188 }, // U+2020
    { 9, 14, 169, 1, 16, 16, 17204 }, // U+2021
    { 8, 8, 333, 6, 12, 8, 17220 }, // U+2022
    { 15, 3, 333, 3, 3, 6, 17228 }, // U+2025
    { 17, 3, 333, 2, 3, 7, 17234 }, // U+2026
    { 1, 1, 200, 0, 1, 1, 17241 }, // U+2028
    { 1, 1, 200, 0, 1, 1, 17242 }, // U+2029
    { 27, 16, 433, 0, 16, 54, 17243 }, // U+2030
    { 35, 16, 561, 0, 16, 70, 17297 }, // U+2031
    { 5, 7, 115, 1, 18, 5, 17367 }, // U+2032
    { 9, 7, 186, 1, 18, 8, 17372 }, // U+2033
    { 14, 7, 256, 1, 18, 13, 17380 }, // U+2034
    { 5, 7, 115, 1, 18, 5, 17393 }, // U+2035
    { 9, 7, 186, 1, 18, 8, 17398 }, // U+2036
    { 14, 7, 256, 1, 18, 13, 17406 }, // U+2037
    { 8, 10, 168, 1, 11, 10, 17419 }, // U+2039
    { 8, 10, 168, 1, 11, 10, 17429 }, // U+203A
    { 17, 17, 333, 2, 17, 37, 17439 }, // U+203B
    { 11, 16, 221, 1, 16, 22, 17476 }, // U+203C
    { 21, 3, 333, 0, 16, 8, 17498 }, // U+203E
    { 18, 5, 295, 0, -1, 12, 17506 }, // U+203F
    { 17, 16, 310, 1, 16, 34, 17518 }, // U+2042
    { 9, 3, 333, 6, 10, 4, 17552 }, // U+2043
    { 15, 16, 103, -4, 16, 30, 17556 }, // U+2044
    { 22, 16, 365, 0, 16, 44, 17586 }, // U+2047
    { 17, 16, 286, 0, 16, 34, 17630 }, // U+2048
    { 16, 16, 279, 1, 16, 32, 17664 }, // U+2049
    { 7, 7, 150, 1, 7, 7, 17696 }, // U+204E
    { 7, 16, 150, 1, 16, 14, 17703 }, // U+2051
    { 11, 10, 200, 1, 13, 14, 17717 }, // U+2055
    { 1, 1, 200, 0, 1, 1, 17731 }, // U+2060
    { 1, 1, 200, 0, 1, 1, 17732 }, // U+2061
    { 1, 1, 200, 0, 1, 1, 17733 }, // U+2062
    { 1, 1, 200, 0, 1, 1, 17734 }, // U+2063
    { 1, 1, 200, 0, 1, 1, 17735 }, // U+2064
    { 1, 1, 200, 0, 1, 1, 17736 }, // U+2066
    { 1, 1, 200, 0, 1, 1, 17737 }, // U+2067
    { 1, 1, 200, 0, 1, 1, 17738 }, // U+2068
    { 1, 1, 200, 0, 1, 1, 17739 }, // U+2069
    { 7, 10, 143, 1, 19, 9, 17740 }, // U+2070
    { 2, 10, 60, 1, 22, 3, 17749 }, // U+2071
    { 9, 10, 143, 0, 19, 12, 17752 }, // U+2074
    { 8, 10, 134, 0, 19, 10, 17764 }, // U+2075
    { 8, 10, 141, 0, 19, 10, 17774 }, // U+2076
    { 7, 10, 132, 1, 19, 9, 17784 }, // U+2077
    { 8, 10, 140, 0, 19, 10, 17793 }, // U+2078
    { 8, 10, 141, 0, 19, 10, 17803 }, // U+2079
    { 6, 7, 125, 1, 19, 6, 17813 }, // U+207A
    { 6, 2, 125, 1, 17, 2, 17819 }, // U+207B
    { 6, 7, 122, 1, 19, 6, 17821 }, // U+207F
    { 7, 11, 143, 1, 10, 10, 17827 }, // U+2080
    { 5, 10, 105, 1, 10, 7, 17837 }, // U+2081
    { 8, 10, 130, 0, 10, 10, 17844 }, // U+2082
    { 8, 11, 130, 0, 10, 11, 17854 }, // U+2083
    { 9, 10, 143, 0, 10, 12, 17865 }, // U+2084
    { 8, 11, 134, 0, 10, 11, 17877 }, // U+2085
    { 8, 11, 141, 0, 10, 11, 17888 }, // U+2086
    { 7, 10, 132, 1, 10, 9, 17899 }, // U+2087
    { 8, 11, 140, 0, 10, 11, 17908 }, // U+2088
    { 8, 10, 141, 0, 10, 10, 17919 }, // U+2089
    { 5, 19, 126, 2, 18, 12, 17929 }, // U+208D
    { 5, 19, 126, 1, 18, 12, 17941 }, // U+208E
    { 12, 16, 210, 0, 16, 24, 17953 }, // U+20A3
    { 13, 16, 210, 0, 16, 26, 17977 }, // U+20A4
    { 22, 17, 379, 1, 16, 47, 18003 }, // U+20A8
    { 20, 16, 326, 0, 16, 40, 18050 }, // U+20A9
    { 13, 20, 222, 1, 16, 33, 18090 }, // U+20AB
    { 13, 17, 221, 0, 16, 28, 18123 }, // U+20AC
    { 13, 16, 211, 0, 16, 26, 18151 }, // U+20AE
    { 13, 16, 210, 0, 16, 26, 18177 }, // U+20B1
    { 13, 16, 210, 0, 16, 26, 18203 }, // U+20B8
    { 11, 16, 210, 1, 16, 22, 18229 }, // U+20B9
    { 12, 16, 211, 0, 16, 24, 18251 }, // U+20BA
    { 13, 16, 210, 0, 16, 26, 18275 }, // U+20BD
    { 13, 20, 233, 1, 18, 33, 18301 }, // U+20BF
    { 19, 10, 333, 1, 13, 24, 18334 }, // U+2190
    { 9, 19, 333, 6, 18, 22, 18358 }, // U+2191
    { 19, 10, 333, 1, 13, 24, 18380 }, // U+2192
    { 9, 19, 333, 6, 18, 22, 18404 }, // U+2193
    { 15, 15, 333, 3, 15, 29, 18426 }, // U+2196
    { 15, 15, 333, 3, 15, 29, 18455 }, // U+2197
    { 15, 15, 333, 3, 15, 29, 18484 }, // U+2198
    { 15, 15, 333, 3, 15, 29, 18513 }, // U+2199
    { 19, 18, 333, 1, 17, 43, 18542 }, // U+21C4
    { 11, 17, 206, 1, 16, 24, 18585 }, // U+2202
    { 14, 16, 252, 1, 16, 28, 18609 }, // U+2206
    { 12, 14, 217, 1, 15, 21, 18637 }, // U+2208
    { 13, 16, 254, 1, 16, 26, 18658 }, // U+220F
    { 12, 16, 215, 1, 16, 24, 18684 }, // U+2211
    { 11, 3, 217, 1, 9, 5, 18708 }, // U+2212
    { 9, 16, 217, 3, 16, 18, 18713 }, // U+2215
    { 14, 16, 217, 0, 16, 28, 18731 }, // U+221A
    { 16, 10, 279, 1, 13, 20, 18759 }, // U+221D
    { 19, 10, 329, 1, 13, 24, 18779 }, // U+221E
    { 17, 16, 333, 2, 16, 34, 18803 }, // U+221F
    { 17, 16, 333, 2, 16, 34, 18837 }, // U+2220
    { 3, 16, 185, 4, 16, 6, 18871 }, // U+2223
    { 13, 16, 217, 1, 16, 26, 18877 }, // U+2225
    { 16, 16, 259, 0, 16, 32, 18903 }, // U+2227
    { 16, 16, 260, 0, 16, 32, 18935 }, // U+2228
    { 14, 16, 255, 1, 16, 28, 18967 }, // U+2229
    { 14, 17, 255, 1, 16, 30, 18995 }, // U+222A
    { 10, 22, 217, 2, 19, 28, 19025 }, // U+222B
    { 12, 22, 217, 1, 19, 33, 19053 }, // U+222E
    { 12, 12, 217, 1, 14, 18, 19086 }, // U+2234
    { 12, 12, 217, 1, 14, 18, 19104 }, // U+2235
    { 4, 12, 217, 5, 14, 6, 19122 }, // U+2236
    { 12, 12, 217, 1, 14, 18, 19128 }, // U+2237
    { 12, 5, 217, 1, 10, 8, 19146 }, // U+223C
    { 11, 5, 217, 1, 10, 7, 19154 }, // U+223D
    { 12, 10, 217, 1, 13, 15, 19161 }, // U+2248
    { 11, 14, 217, 1, 15, 20, 19176 }, // U+224C
    { 11, 18, 217, 1, 17, 25, 19196 }, // U+2252
    { 11, 14, 217, 1, 15, 20, 19221 }, // U+2260
    { 11, 14, 217, 1, 15, 20, 19241 }, // U+2261
    { 11, 14, 217, 1, 15, 20, 19261 }, // U+2264
    { 11, 14, 217, 1, 15, 20, 19281 }, // U+2265
    { 11, 16, 217, 1, 16, 22, 19301 }, // U+2266
    { 11, 16, 217, 1, 16, 22, 19323 }, // U+2267
    { 11, 15, 217, 1, 16, 21, 19345 }, // U+226E
    { 11, 15, 217, 1, 15, 21, 19366 }, // U+226F
    { 19, 20, 333, 1, 18, 48, 19387 }, // U+2295
    { 19, 20, 333, 1, 18, 48, 19435 }, // U+2299
    { 17, 16, 333, 2, 16, 34, 19483 }, // U+22A5
    { 17, 18, 333, 2, 18, 39, 19517 }, // U+22BF
};

static const EpdUnicodeInterval misans_latin_10_boldIntervals[] = {
    { 0x1, 0x1, 0x0 },
    { 0xA, 0xA, 0x1 },
    { 0xD, 0xD, 0x2 },
    { 0x20, 0x7F, 0x3 },
    { 0xA0, 0x17F, 0x63 },
    { 0x1A0, 0x1A1, 0x143 },
    { 0x1AF, 0x1B0, 0x145 },
    { 0x1CD, 0x1DC, 0x147 },
    { 0x1E4, 0x1E9, 0x157 },
    { 0x1EE, 0x1F0, 0x15D },
    { 0x1F9, 0x1FF, 0x160 },
    { 0x218, 0x21B, 0x167 },
    { 0x21E, 0x21F, 0x16B },
    { 0x300, 0x30C, 0x16D },
    { 0x30F, 0x30F, 0x17A },
    { 0x312, 0x312, 0x17B },
    { 0x318, 0x31A, 0x17C },
    { 0x31C, 0x320, 0x17F },
    { 0x323, 0x32A, 0x184 },
    { 0x32C, 0x32C, 0x18C },
    { 0x330, 0x330, 0x18D },
    { 0x332, 0x332, 0x18E },
    { 0x334, 0x334, 0x18F },
    { 0x339, 0x33D, 0x190 },
    { 0x346, 0x34E, 0x195 },
    { 0x35C, 0x35C, 0x19E },
    { 0x361, 0x362, 0x19F },
    { 0x400, 0x45F, 0x1A1 },
    { 0x462, 0x463, 0x201 },
    { 0x46A, 0x46B, 0x203 },
    { 0x472, 0x475, 0x205 },
    { 0x490, 0x493, 0x209 },
    { 0x497, 0x497, 0x20D },
    { 0x49A, 0x49D, 0x20E },
    { 0x4A2, 0x4A3, 0x212 },
    { 0x4AE, 0x4B3, 0x214 },
    { 0x4B6, 0x4BB, 0x21A },
    { 0x4CA, 0x4CA, 0x220 },
    { 0x4D8, 0x4D9, 0x221 },
    { 0x4E2, 0x4E3, 0x223 },
    { 0x4E8, 0x4E9, 0x225 },
    { 0x4EE, 0x4EF, 0x227 },
    { 0x1EA0, 0x1EF9, 0x229 },
    { 0x2004, 0x2006, 0x283 },
    { 0x2009, 0x200A, 0x286 },
    { 0x2010, 0x2010, 0x288 },
    { 0x2013, 0x2016, 0x289 },
    { 0x2018, 0x201A, 0x28D },
    { 0x201C, 0x201E, 0x290 },
    { 0x2020, 0x2022, 0x293 },
    { 0x2025, 0x2026, 0x296 },
    { 0x2028, 0x2029, 0x298 },
    { 0x2030, 0x2037, 0x29A },
    { 0x2039, 0x203C, 0x2A2 },
    { 0x203E, 0x203F, 0x2A6 },
    { 0x2042, 0x2044, 0x2A8 },
    { 0x2047, 0x2049, 0x2AB },
    { 0x204E, 0x204E, 0x2AE },
    { 0x2051, 0x2051, 0x2AF },
    { 0x2055, 0x2055, 0x2B0 },
    { 0x2060, 0x2064, 0x2B1 },
    { 0x2066, 0x2069, 0x2B6 },
    { 0x2070, 0x2071, 0x2BA },
    { 0x2074, 0x207B, 0x2BC },
    { 0x207F, 0x2089, 0x2C4 },
    { 0x208D, 0x208E, 0x2CF },
    { 0x20A3, 0x20A4, 0x2D1 },
    { 0x20A8, 0x20A9, 0x2D3 },
    { 0x20AB, 0x20AC, 0x2D5 },
    { 0x20AE, 0x20AE, 0x2D7 },
    { 0x20B1, 0x20B1, 0x2D8 },
    { 0x20B8, 0x20BA, 0x2D9 },
    { 0x20BD, 0x20BD, 0x2DC },
    { 0x20BF, 0x20BF, 0x2DD },
    { 0x2190, 0x2193, 0x2DE },
    { 0x2196, 0x2199, 0x2E2 },
    { 0x21C4, 0x21C4, 0x2E6 },
    { 0x2202, 0x2202, 0x2E7 },
    { 0x2206, 0x2206, 0x2E8 },
    { 0x2208, 0x2208, 0x2E9 },
    { 0x220F, 0x220F, 0x2EA },
    { 0x2211, 0x2212, 0x2EB },
    { 0x2215, 0x2215, 0x2ED },
    { 0x221A, 0x221A, 0x2EE },
    { 0x221D, 0x2220, 0x2EF },
    { 0x2223, 0x2223, 0x2F3 },
    { 0x2225, 0x2225, 0x2F4 },
    { 0x2227, 0x222B, 0x2F5 },
    { 0x222E, 0x222E, 0x2FA },
    { 0x2234, 0x2237, 0x2FB },
    { 0x223C, 0x223D, 0x2FF },
    { 0x2248, 0x2248, 0x301 },
    { 0x224C, 0x224C, 0x302 },
    { 0x2252, 0x2252, 0x303 },
    { 0x2260, 0x2261, 0x304 },
    { 0x2264, 0x2267, 0x306 },
    { 0x226E, 0x226F, 0x30A },
    { 0x2295, 0x2295, 0x30C },
    { 0x2299, 0x2299, 0x30D },
    { 0x22A5, 0x22A5, 0x30E },
    { 0x22BF, 0x22BF, 0x30F },
};

static const uint16_t misans_latin_10_boldKernLeftCodepoints[] = {
    0x0022, 0x0026, 0x0027, 0x0028, 0x002C, 0x002D, 0x002E, 0x002F, 0x0030, 0x0032, 0x0033, 0x0034,
    0x0035, 0x0036, 0x0037, 0x0038, 0x0039, 0x003F, 0x0040, 0x0041, 0x0042, 0x0043, 0x0044, 0x0045,
    0x0046, 0x0047, 0x0048, 0x0049, 0x004A, 0x004B, 0x004C, 0x004D, 0x004E, 0x004F, 0x0050, 0x0051,
    0x0052, 0x0053, 0x0054, 0x0055, 0x0056, 0x0057, 0x0058, 0x0059, 0x005A, 0x005B, 0x005F, 0x0061,
    0x0062, 0x0063, 0x0064, 0x0065, 0x0066, 0x0067, 0x0068, 0x0069, 0x006A, 0x006B, 0x006C, 0x006D,
    0x006E, 0x006F, 0x0070, 0x0071, 0x0072, 0x0073, 0x0074, 0x0075, 0x0076, 0x0077, 0x0078, 0x0079,
    0x007A, 0x007B, 0x00AB, 0x00B2, 0x00B3, 0x00BF, 0x00C0, 0x00C1, 0x00C2, 0x00C3, 0x00C4, 0x00C5,
    0x00C6, 0x00C7, 0x00C8, 0x00C9, 0x00CA, 0x00CB, 0x00CC, 0x00CD, 0x00CE, 0x00CF, 0x00D0, 0x00D1,
    0x00D2, 0x00D3, 0x00D4, 0x00D5, 0x00D6, 0x00D8, 0x00D9, 0x00DA, 0x00DB, 0x00DC, 0x00DD, 0x00DE,
    0x00DF, 0x00E0, 0x00E1, 0x00E2, 0x00E3, 0x00E4, 0x00E5, 0x00E6, 0x00E7, 0x00E8, 0x00E9, 0x00EA,
    0x00EB, 0x00EC, 0x00ED, 0x00EE, 0x00EF, 0x00F0, 0x00F1, 0x00F2, 0x00F3, 0x00F4, 0x00F5, 0x00F6,
    0x00F8, 0x00F9, 0x00FA, 0x00FB, 0x00FC, 0x00FD, 0x00FE, 0x00FF, 0x0100, 0x0101, 0x0102, 0x0103,
    0x0104, 0x0105, 0x0106, 0x0107, 0x0108, 0x0109, 0x010A, 0x010B, 0x010C, 0x010D, 0x010E, 0x010F,
    0x0110, 0x0111, 0x0112, 0x0113, 0x0114, 0x0115, 0x0116, 0x0117, 0x0118, 0x0119, 0x011A, 0x011B,
    0x011C, 0x011D, 0x011E, 0x011F, 0x0120, 0x0121, 0x0122, 0x0123, 0x0124, 0x0125, 0x0126, 0x0127,
    0x0128, 0x0129, 0x012A, 0x012B, 0x012C, 0x012D, 0x012E, 0x0130, 0x0131, 0x0132, 0x0134, 0x0135,
    0x0136, 0x0137, 0x0138, 0x0139, 0x013B, 0x013C, 0x013D, 0x013E, 0x013F, 0x0141, 0x0142, 0x0143,
    0x0144, 0x0145, 0x0146, 0x0147, 0x0148, 0x0149, 0x014A, 0x014B, 0x014C, 0x014D, 0x014E, 0x014F,
    0x0150, 0x0151, 0x0152, 0x0153, 0x0154, 0x0155, 0x0156, 0x0157, 0x0158, 0x0159, 0x015A, 0x015B,
    0x015C, 0x015D, 0x015E, 0x015F, 0x0160, 0x0161, 0x0162, 0x0163, 0x0164, 0x0165, 0x0166, 0x0167,
    0x0168, 0x0169, 0x016A, 0x016B, 0x016C, 0x016D, 0x016E, 0x016F, 0x0170, 0x0171, 0x0172, 0x0173,
    0x0174, 0x0175, 0x0176, 0x0177, 0x0178, 0x0179, 0x017A, 0x017B, 0x017C, 0x017D, 0x017E, 0x017F,
    0x01A0, 0x01A1, 0x01AF, 0x01B0, 0x01CD, 0x01CE, 0x01CF, 0x01D0, 0x01D1, 0x01D2, 0x01D3, 0x01D4,
    0x01D5, 0x01D6, 0x01D7, 0x01D8, 0x01D9, 0x01DA, 0x01DB, 0x01DC, 0x01E4, 0x01E5, 0x01E6, 0x01E7,
    0x01E8, 0x01E9, 0x01EE, 0x01EF, 0x01F0, 0x01F9, 0x01FA, 0x01FB, 0x01FC, 0x01FD, 0x01FE, 0x01FF,
    0x0218, 0x0219, 0x021A, 0x021B, 0x021E, 0x021F, 0x0400, 0x0401, 0x0402, 0x0403, 0x0404, 0x0405,
    0x0406, 0x0407, 0x0408, 0x0409, 0x040A, 0x040B, 0x040C, 0x040D, 0x040E, 0x040F, 0x0410, 0x0411,
    0x0412, 0x0413, 0x0414, 0x0415, 0x0416, 0x0417, 0x0418, 0x0419, 0x041A, 0x041B, 0x041C, 0x041D,
    0x041E, 0x041F, 0x0420, 0x0421, 0x0422, 0x0423, 0x0424, 0x0425, 0x0426, 0x0427, 0x0428, 0x0429,
    0x042A, 0x042B, 0x042C, 0x042D, 0x042E, 0x042F, 0x0430, 0x0431, 0x0432, 0x0433, 0x0434, 0x0435,
    0x0436, 0x0437, 0x0438, 0x0439, 0x043A, 0x043B, 0x043C, 0x043D, 0x043E, 0x043F, 0x0440, 0x0441,
    0x0442, 0x0443, 0x0444, 0x0445, 0x0446, 0x0447, 0x0448, 0x0449, 0x044A, 0x044B, 0x044C, 0x044D,
    0x044E, 0x044F, 0x0450, 0x0451, 0x0452, 0x0453, 0x0454, 0x0455, 0x0456, 0x0457, 0x0458, 0x0459,
    0x045A, 0x045B, 0x045C, 0x045D, 0x045E, 0x045F, 0x0462, 0x0463, 0x046A, 0x046B, 0x0472, 0x0473,
    0x0474, 0x0475, 0x0490, 0x0491, 0x0492, 0x0493, 0x0497, 0x049A, 0x049B, 0x049C, 0x049D, 0x04A2,
    0x04A3, 0x04AE, 0x04AF, 0x04B0, 0x04B2, 0x04B3, 0x04B6, 0x04B7, 0x04B8, 0x04B9, 0x04BA, 0x04BB,
    0x04CA, 0x04D8, 0x04D9, 0x04E2, 0x04E3, 0x04E8, 0x04E9, 0x04EE, 0x04EF, 0x1EA0, 0x1EA1, 0x1EA2,
    0x1EA3, 0x1EA4, 0x1EA5, 0x1EA6, 0x1EA7, 0x1EA8, 0x1EA9, 0x1EAA, 0x1EAB, 0x1EAC, 0x1EAD, 0x1EAE,
    0x1EAF, 0x1EB0, 0x1EB1, 0x1EB2, 0x1EB3, 0x1EB4, 0x1EB5, 0x1EB6, 0x1EB7, 0x1EB8, 0x1EB9, 0x1EBA,
    0x1EBB, 0x1EBC, 0x1EBD, 0x1EBE, 0x1EBF, 0x1EC0, 0x1EC1, 0x1EC2, 0x1EC3, 0x1EC4, 0x1EC5, 0x1EC6,
    0x1EC7, 0x1EC8, 0x1EC9, 0x1ECA, 0x1ECB, 0x1ECC, 0x1ECD, 0x1ECE, 0x1ECF, 0x1ED0, 0x1ED1, 0x1ED2,
    0x1ED3, 0x1ED4, 0x1ED5, 0x1ED6, 0x1ED7, 0x1ED8, 0x1ED9, 0x1EDA, 0x1EDB, 0x1EDC, 0x1EDD, 0x1EDE,
    0x1EDF, 0x1EE0, 0x1EE1, 0x1EE2, 0x1EE3, 0x1EE4, 0x1EE5, 0x1EE6, 0x1EE7, 0x1EE8, 0x1EE9, 0x1EEA,
    0x1EEB, 0x1EEC, 0x1EED, 0x1EEE, 0x1EEF, 0x1EF0, 0x1EF1, 0x1EF2, 0x1EF3, 0x1EF4, 0x1EF5, 0x1EF6,
    0x1EF7, 0x1EF8, 0x1EF9, 0x2013, 0x2014, 0x2018, 0x2019, 0x201C, 0x201D, 0x2044, 0x2070, 0x2074,
    0x2075, 0x2076, 0x2077, 0x2078, 0x2079, 0x2080, 0x20A8,
};

static const uint8_t misans_latin_10_boldKernLeftClassIds[] = {
      1,   2,   1,   3,   4,   5,   4,   6,   7,   8,   9,  10,  11,  12,  13,  14,
     15,  16,  17,  18,  19,  20,  21,  22,  23,  24,  25,  25,  26,  27,  28,  25,
     25,  21,  29,  30,  31,  32,  33,  34,  35,  36,  37,  38,  39,  40,  41,  42,
     43,  44,  45,  43,  46,  47,  42,  48,  48,  49,  50,  42,  42,  43,  43,  47,
     51,  52,  53,  54,  55,  56,  57,  55,  58,  40,  59,  60,  61,  62,  18,  18,
     18,  18,  18,  18,  22,  20,  22,  22,  22,  22,  25,  25,  25,  25,  21,  25,
     21,  21,  21,  21,  21,  21,  34,  34,  34,  34,  38,  63,  64,  42,  42,  65,
     65,  65,  65,  43,  44,  43,  66,  66,  66,  48,  67,  67,  67,  68,  69,  43,
     70,  70,  70,  70,  71,  54,  54,  54,  54,  72,  43,  72,  18,  65,  18,  65,
     18,  73,  20,  74,  20,  74,  20,  44,  20,  74,  21,  75,  21,  76,  22,  66,
     22,  66,  22,  66,  22,  43,  22,  66,  24,  77,  24,  77,  24,  47,  24,  47,
     25,  42,  78,  42,  25,  67,  25,  67,  25,  67,  25,  25,  79,  26,  26,  80,
     27,  49,  49,  28,  28,  50,  28,  75,  28,  28,  81,  25,  69,  25,  42,  25,
     69,  42,  25,  47,  21,  70,  21,  70,  21,  70,  22,  82,  31,  83,  31,  51,
     31,  83,  32,  84,  32,  84,  32,  52,  32,  84,  33,  53,  33,  85,  86,  53,
     34,  54,  34,  54,  34,  54,  34,  54,  34,  54,  34,  87,  36,  56,  38,  72,
     38,  39,  88,  39,  88,  39,  88,  89,  90,  91,  92,  93,  18,  65,  25,  67,
     21,  70,  34,  54,  34,  54,  34,  54,  34,  54,  34,  54,  94,  77,  24,  77,
     27,  49,  95,  96,  80,  69,  18,  65,  22,  43,  21,  71,  32,  52,  33,  53,
     25,  42,  22,  22,  97,  98,  20,  32,  25,  25,  26,  99,  99,  42,  27,  25,
    100,  25,  18, 101,  19,  98, 102,  22,  27,  19,  25,  25,  27,  25,  25,  25,
     21,  25,  29,  20,  33, 100, 103,  37, 102,  25,  25, 102,  99,  25,  99,  21,
     21,  25,  42, 104, 105, 106, 107,  43, 108, 109,  54,  54, 110,  54,  54,  54,
     43,  54,  43,  44, 111,  55,  43,  57, 107,  54,  54, 107, 112,  54, 112,  43,
     43,  54,  43,  66,  42, 106,  44,  52,  48,  67,  48, 112, 112,  42, 110,  54,
     55,  54,  99, 112, 113, 114,  21,  43, 115, 116,  98, 106,  23, 106, 117,  27,
    117,  27, 118, 102, 107,  38,  55, 119,  27,  57, 102, 107,  25,  54, 120,  42,
    107,  21,  43,  25,  54,  21,  43, 100,  55,  18,  42,  18,  42,  18, 121,  18,
    121,  18, 121,  18,  65,  18,  65,  18,  65,  18,  65,  18,  65,  18,  65,  18,
     65,  22,  43,  22,  66,  22,  66,  22, 122,  22, 122,  22, 122,  22,  66,  22,
     66,  25,  67,  25,  48,  21,  43,  21,  70,  21, 123,  21, 123,  21, 123,  21,
     70,  21,  70,  90,  91,  90,  91,  90,  91,  90,  91,  90,  91,  34,  54,  34,
     54,  92,  93,  92,  93,  92,  93,  92,  93,  92,  93,  38,  72,  38,  55,  38,
     72,  38,  72,   5,   5, 124, 125, 124, 125, 126, 127, 128, 129, 130, 131, 132,
    133, 127,  52,
};

static const uint16_t misans_latin_10_boldKernRightCodepoints[] = {
    0x0022, 0x0026, 0x0027, 0x0029, 0x002C, 0x002D, 0x002E, 0x002F, 0x0030, 0x0031, 0x0032, 0x0033,
    0x0034, 0x0035, 0x0036, 0x0037, 0x0038, 0x0039, 0x003F, 0x0040, 0x0041, 0x0042, 0x0043, 0x0044,
    0x0045, 0x0046, 0x0047, 0x0048, 0x0049, 0x004A, 0x004B, 0x004C, 0x004D, 0x004E, 0x004F, 0x0050,
    0x0051, 0x0052, 0x0053, 0x0054, 0x0055, 0x0056, 0x0057, 0x0058, 0x0059, 0x005A, 0x005C, 0x005D,
    0x005F, 0x0061, 0x0062, 0x0063, 0x0064, 0x0065, 0x0066, 0x0067, 0x0068, 0x0069, 0x006A, 0x006B,
    0x006C, 0x006D, 0x006E, 0x006F, 0x0070, 0x0071, 0x0072, 0x0073, 0x0074, 0x0075, 0x0076, 0x0077,
    0x0078, 0x0079, 0x007A, 0x007D, 0x00B2, 0x00B3, 0x00B9, 0x00BB, 0x00C0, 0x00C1, 0x00C2, 0x00C3,
    0x00C4, 0x00C5, 0x00C6, 0x00C7, 0x00C8, 0x00C9, 0x00CA, 0x00CB, 0x00CC, 0x00CD, 0x00CE, 0x00CF,
    0x00D0, 0x00D1, 0x00D2, 0x00D3, 0x00D4, 0x00D5, 0x00D6, 0x00D8, 0x00D9, 0x00DA, 0x00DB, 0x00DC,
    0x00DD, 0x00DE, 0x00DF, 0x00E0, 0x00E1, 0x00E2, 0x00E3, 0x00E4, 0x00E5, 0x00E6, 0x00E7, 0x00E8,
    0x00E9, 0x00EA, 0x00EB, 0x00EC, 0x00ED, 0x00EE, 0x00EF, 0x00F0, 0x00F1, 0x00F2, 0x00F3, 0x00F4,
    0x00F5, 0x00F6, 0x00F8, 0x00F9, 0x00FA, 0x00FB, 0x00FC, 0x00FD, 0x00FE, 0x00FF, 0x0100, 0x0101,
    0x0102, 0x0103, 0x0104, 0x0105, 0x0106, 0x0107, 0x0108, 0x0109, 0x010A, 0x010B, 0x010C, 0x010D,
    0x010E, 0x010F, 0x0111, 0x0112, 0x0113, 0x0114, 0x0115, 0x0116, 0x0117, 0x0118, 0x0119, 0x011A,
    0x011B, 0x011C, 0x011D, 0x011E, 0x011F, 0x0120, 0x0121, 0x0122, 0x0123, 0x0124, 0x0125, 0x0126,
    0x0127, 0x0128, 0x0129, 0x012A, 0x012B, 0x012C, 0x012D, 0x012E, 0x0130, 0x0131, 0x0132, 0x0133,
    0x0134, 0x0135, 0x0136, 0x0137, 0x0138, 0x0139, 0x013B, 0x013C, 0x013D, 0x013E, 0x013F, 0x0140,
    0x0141, 0x0142, 0x0143, 0x0144, 0x0145, 0x0146, 0x0147, 0x0148, 0x0149, 0x014A, 0x014B, 0x014C,
    0x014D, 0x014E, 0x014F, 0x0150, 0x0151, 0x0152, 0x0153, 0x0154, 0x0155, 0x0156, 0x0157, 0x0158,
    0x0159, 0x015A, 0x015B, 0x015C, 0x015D, 0x015E, 0x015F, 0x0160, 0x0161, 0x0162, 0x0163, 0x0164,
    0x0165, 0x0166, 0x0167, 0x0168, 0x0169, 0x016A, 0x016B, 0x016C, 0x016D, 0x016E, 0x016F, 0x0170,
    0x0171, 0x0172, 0x0173, 0x0174, 0x0175, 0x0176, 0x0177, 0x0178, 0x0179, 0x017A, 0x017B, 0x017C,
    0x017D, 0x017E, 0x017F, 0x01A0, 0x01A1, 0x01AF, 0x01B0, 0x01CD, 0x01CE, 0x01CF, 0x01D0, 0x01D1,
    0x01D2, 0x01D3, 0x01D4, 0x01D5, 0x01D6, 0x01D7, 0x01D8, 0x01D9, 0x01DA, 0x01DB, 0x01DC, 0x01E4,
    0x01E5, 0x01E6, 0x01E7, 0x01E8, 0x01E9, 0x01EE, 0x01EF, 0x01F0, 0x01F9, 0x01FA, 0x01FB, 0x01FC,
    0x01FD, 0x01FE, 0x01FF, 0x0218, 0x0219, 0x021A, 0x021B, 0x021E, 0x021F, 0x0400, 0x0401, 0x0402,
    0x0403, 0x0404, 0x0405, 0x0406, 0x0407, 0x0408, 0x0409, 0x040A, 0x040B, 0x040C, 0x040D, 0x040E,
    0x040F, 0x0410, 0x0412, 0x0413, 0x0414, 0x0415, 0x0416, 0x0417, 0x0418, 0x0419, 0x041A, 0x041B,
    0x041C, 0x041D, 0x041E, 0x041F, 0x0420, 0x0421, 0x0422, 0x0423, 0x0424, 0x0425, 0x0426, 0x0427,
    0x0428, 0x0429, 0x042A, 0x042B, 0x042C, 0x042D, 0x042E, 0x042F, 0x0430, 0x0431, 0x0432, 0x0433,
    0x0434, 0x0435, 0x0436, 0x0437, 0x0438, 0x0439, 0x043A, 0x043B, 0x043C, 0x043D, 0x043E, 0x043F,
    0x0440, 0x0441, 0x0442, 0x0443, 0x0444, 0x0445, 0x0446, 0x0447, 0x0448, 0x0449, 0x044A, 0x044B,
    0x044C, 0x044D, 0x044E, 0x044F, 0x0450, 0x0451, 0x0452, 0x0453, 0x0454, 0x0455, 0x0456, 0x0457,
    0x0458, 0x0459, 0x045A, 0x045B, 0x045C, 0x045D, 0x045E, 0x045F, 0x0462, 0x0463, 0x046A, 0x046B,
    0x0472, 0x0473, 0x0474, 0x0475, 0x0490, 0x0491, 0x0492, 0x0493, 0x0497, 0x049A, 0x049B, 0x049C,
    0x049D, 0x04A3, 0x04AE, 0x04AF, 0x04B0, 0x04B1, 0x04B2, 0x04B3, 0x04B6, 0x04B7, 0x04B8, 0x04B9,
    0x04BA, 0x04BB, 0x04CA, 0x04D9, 0x04E2, 0x04E3, 0x04E8, 0x04E9, 0x04EE, 0x04EF, 0x1EA0, 0x1EA1,
    0x1EA2, 0x1EA3, 0x1EA4, 0x1EA5, 0x1EA6, 0x1EA7, 0x1EA8, 0x1EA9, 0x1EAA, 0x1EAB, 0x1EAC, 0x1EAD,
    0x1EAE, 0x1EAF, 0x1EB0, 0x1EB1, 0x1EB2, 0x1EB3, 0x1EB4, 0x1EB5, 0x1EB6, 0x1EB7, 0x1EB8, 0x1EB9,
    0x1EBA, 0x1EBB, 0x1EBC, 0x1EBD, 0x1EBE, 0x1EBF, 0x1EC0, 0x1EC1, 0x1EC2, 0x1EC3, 0x1EC4, 0x1EC5,
    0x1EC6, 0x1EC7, 0x1EC8, 0x1EC9, 0x1ECA, 0x1ECB, 0x1ECC, 0x1ECD, 0x1ECE, 0x1ECF, 0x1ED0, 0x1ED1,
    0x1ED2, 0x1ED3, 0x1ED4, 0x1ED5, 0x1ED6, 0x1ED7, 0x1ED8, 0x1ED9, 0x1EDA, 0x1EDB, 0x1EDC, 0x1EDD,
    0x1EDE, 0x1EDF, 0x1EE0, 0x1EE1, 0x1EE2, 0x1EE3, 0x1EE4, 0x1EE5, 0x1EE6, 0x1EE7, 0x1EE8, 0x1EE9,
    0x1EEA, 0x1EEB, 0x1EEC, 0x1EED, 0x1EEE, 0x1EEF, 0x1EF0, 0x1EF1, 0x1EF2, 0x1EF3, 0x1EF4, 0x1EF5,
    0x1EF6, 0x1EF7, 0x1EF8, 0x1EF9, 0x2013, 0x2014, 0x2018, 0x2019, 0x201A, 0x201C, 0x201D, 0x201E,
    0x2044, 0x2070, 0x2074, 0x2075, 0x2076, 0x2077, 0x2078, 0x2079, 0x207A, 0x207B, 0x2080, 0x208E,
};

static const uint8_t misans_latin_10_boldKernRightClassIds[] = {
      1,   2,   1,   3,   4,   5,   4,   6,   7,   8,   9,  10,  11,  12,  13,  14,
     15,  16,  17,  18,  19,  20,  21,  20,  20,  20,  21,  20,  20,  22,  20,  20,
     20,  20,  21,  20,  21,  20,  23,  24,  25,  26,  27,  28,  29,  30,  31,  32,
     33,  34,  35,  36,  36,  36,  37,  38,  35,  39,  40,  35,  41,  42,  42,  36,
     42,  36,  42,  43,  44,  45,  46,  47,  48,  46,  49,  50,  51,  52,  53,  54,
     19,  19,  19,  19,  19,  19,  55,  21,  20,  20,  20,  20,  20,  20,  20,  20,
     20,  20,  21,  21,  21,  21,  21,  21,  25,  25,  25,  25,  29,  20,  35,  56,
     34,  56,  56,  56,  56,  34,  36,  57,  57,  57,  57,  58,  39,  58,  58,  59,
     60,  61,  61,  61,  61,  61,  62,  45,  45,  45,  45,  63,  35,  63,  19,  56,
     19,  56,  19,  34,  21,  64,  21,  64,  21,  36,  21,  64,  20,  36,  36,  20,
     57,  20,  57,  20,  57,  20,  36,  20,  57,  21,  65,  21,  65,  21,  38,  21,
     38,  20,  66,  67,  68,  20,  58,  20,  58,  20,  58,  20,  20,  69,  20,  39,
     22,  70,  20,  35,  42,  20,  20,  41,  20,  41,  20,  41,  20,  71,  20,  42,
     20,  42,  20,  60,  72,  20,  42,  21,  61,  21,  61,  21,  36,  21,  36,  20,
     73,  20,  74,  20,  73,  23,  75,  23,  75,  23,  43,  23,  75,  24,  44,  24,
     44,  76,  44,  25,  45,  25,  45,  25,  45,  25,  45,  25,  45,  25,  45,  27,
     47,  29,  63,  29,  30,  49,  30,  77,  30,  77,  35,  21,  36,  25,  45,  19,
     56,  20,  58,  21,  61,  25,  45,  25,  45,  25,  45,  25,  45,  25,  45,  21,
     38,  21,  65,  20,  78,  79,  33,  70,  60,  19,  56,  55,  34,  21,  62,  23,
     43,  24,  44,  20,  78,  20,  20,  24,  20,  21,  23,  20,  20,  22,  80,  20,
     24,  20,  20,  81,  20,  19,  20,  20,  82,  20,  83,  84,  20,  20,  20,  80,
     20,  20,  21,  20,  20,  21,  24,  81,  85,  28,  20,  86,  20,  20,  87,  20,
     20,  88,  20,  89,  34,  90,  42,  42,  91,  36,  92,  93,  42,  42,  42,  94,
     42,  42,  36,  42,  42,  36,  95,  46,  36,  48,  42,  96,  42,  42,  97,  42,
     42,  98,  42,  99,  57,  57, 100,  42,  36,  43,  39,  58,  39,  94,  42, 100,
     42,  42,  46,  42, 101, 102, 103, 104,  21,  36,  26,  46,  20,  42, 105, 106,
     92,  20,  42,  20,  42,  42,  29,  46, 107, 108,  28,  48,  86,  96,  86,  96,
     20,  35,  42, 109,  20,  42,  21,  36,  81,  46,  19,  34,  19,  34,  19,  56,
     19,  56,  19,  56,  19,  56,  19,  56,  19,  56,  19,  56,  19,  56,  19,  56,
     19,  56,  20,  36,  20,  57,  20,  57,  20,  57,  20,  57,  20,  57,  20,  57,
     20,  57,  20,  58,  20,  39,  21,  36,  21,  61,  21,  61,  21,  61,  21,  61,
     21,  61,  21,  61,  21,  36,  21,  36,  21,  36,  21,  36,  21,  36,  25,  45,
     25,  45,  25,  45,  25,  45,  25,  45,  25,  45,  25,  45,  29,  63,  29,  46,
     29,  63,  29,  63,   5,   5, 110, 111, 112, 110, 111, 112, 113, 114, 115, 116,
    117, 118, 119, 120, 121, 122, 114,   3,
};

static const uint16_t misans_latin_10_boldKernRowOffsets[] = {
        0,    14,    37,    38,    62,    77,    80,    90,    97,   104,   114,   120,   135,   159,   169,   184,
      198,   201,   239,   259,   286,   315,   321,   364,   381,   383,   389,   437,   467,   503,   512,   526,
      536,   600,   605,   661,   698,   747,   813,   831,   833,   835,   856,   894,   924,   925,   951,   958,
      960,   988,  1000,  1030,  1045,  1058,  1073,  1109,  1128,  1155,  1176,  1182,  1183,  1185,  1194,  1205,
     1208,  1216,  1231,  1271,  1276,  1281,  1297,  1304,  1316,  1330,  1342,  1381,  1382,  1388,  1389,  1393,
     1401,  1402,  1429,  1442,  1449,  1460,  1482,  1488,  1498,  1505,  1510,  1518,  1532,  1550,  1551,  1555,
     1557,  1566,  1598,  1612,  1645,  1653,  1668,  1686,  1705,  1713,  1730,  1745,  1757,  1767,  1776,  1796,
     1814,  1817,  1818,  1844,  1847,  1858,  1859,  1888,  1891,  1896,  1906,  1917,  1930,  1948,  1955,  1960,
     1963,  1965,  1968,  1973,  1975,  1979,
};

static const uint8_t misans_latin_10_boldKernSparseCols[] = {
     10,  12,  13,  18,  20,  21,  23,  33,  35,  42,  43,  54,  57,  65,   7,   9,
     10,  12,  13,  15,  20,  21,  22,  23,  24,  25,  26,  27,  28,  33,  35,  36,
     40,  43,  45,  46,  47,  39,   6,   7,   9,  10,  11,  12,  13,  14,  15,  20,
     23,  24,  25,  26,  27,  28,  35,  36,  39,  40,  43,  44,  45,  46,   8,   9,
     13,  18,  21,  23,  25,  26,  27,  28,  29,  33,  36,  47,  48,  10,  12,  57,
      3,   8,   9,  13,  18,  21,  23,  25,  26,  28,   4,   6,   9,  10,  12,  25,
     28,   3,   8,  15,  16,  27,  28,  57,   0,   7,   9,  13,  15,  16,  23,  25,
     28,  29,   3,   7,  13,  16,  25,  27,   0,   3,   7,  13,  15,  16,  23,  25,
     27,  28,  45,  47,  48, 109, 110,   0,   1,   3,   4,   5,   6,  10,  12,  13,
     14,  16,  18,  21,  33,  35,  36,  37,  41,  42,  44,  47,  48,  54,  61,   3,
     13,  15,  16,  23,  25,  28,  47, 109, 110,   1,   3,   5,  10,  12,  14,  18,
     21,  25,  27,  28,  33,  35,  36,  43,   9,  10,  11,  12,  13,  14,  18,  20,
     21,  27,  28,  33,  35,  42,  18,  27,  54,   0,   1,   4,   6,   7,  15,  16,
     20,  23,  24,  25,  26,  28,  35,  36,  37,  40,  43,  44,  45,  46,  56,  60,
     62,  63,  75,  80,  81,  84,  85,  86,  89,  94,  95,  96, 106, 109, 110,   0,
      3,  16,  18,  21,  23,  25,  26,  27,  28,  29,  47,  48,  76,  80,  81,  82,
     90,  93, 110,   4,  18,  20,  23,  27,  28,  29,  33,  35,  37,  45,  46,  47,
     54,  55,  56,  57,  60,  61,  62,  80,  82,  84,  88,  94,  96, 106,   0,   3,
     16,  18,  21,  23,  25,  26,  27,  28,  29,  48,  54,  57,  75,  76,  78,  79,
     80,  81,  82,  83,  86,  90,  91,  93, 102, 106, 110,   1,  45,  57,  62,  96,
    110,   0,   1,   3,  10,  12,  18,  21,  22,  27,  33,  35,  37,  41,  42,  44,
     45,  46,  47,  48,  53,  54,  55,  56,  57,  60,  61,  62,  63,  64,  74,  76,
     81,  89,  90,  91,  92,  93,  94,  95,  96,  97,  98, 110,   3,  16,  18,  23,
     25,  26,  27,  28,  29,  42,  45,  46,  47,  54,  62,  74,  75,  57, 110,   3,
     21,  27,  54,  57,  81,   1,   3,   4,   6,   7,  10,  15,  16,  20,  21,  22,
     24,  33,  35,  36,  37,  40,  41,  42,  43,  44,  45,  46,  55,  56,  57,  58,
     60,  61,  62,  63,  64,  74,  83,  84,  85,  87,  89,  90,  91,  94,  95,  96,
     97, 101, 105, 108, 110,   0,   3,   4,   7,  13,  15,  16,  20,  23,  24,  25,
     26,  28,  33,  35,  36,  37,  43,  44,  45,  46,  55,  56,  60,  62,  63,  64,
     75, 109, 110,   1,   3,   8,  10,  18,  21,  23,  25,  26,  27,  28,  29,  33,
     35,  36,  37,  42,  43,  45,  46,  54,  55,  56,  57,  60,  61,  62,  63,  64,
     74,  79,  80,  81,  82,  96,  98,  18,  21,  23,  25,  26,  27,  28,  29, 110,
      1,  21,  23,  25,  26,  28,  33,  35,  37,  55,  56,  57,  60,  63,  23,  25,
     27,  28,  46,  47,  48,  54,  57, 106,   0,   1,   3,   4,   6,  10,  12,  14,
     18,  20,  21,  22,  25,  27,  33,  34,  35,  36,  37,  41,  42,  43,  44,  45,
     46,  47,  48,  53,  54,  55,  56,  57,  58,  59,  60,  61,  62,  63,  64,  68,
     69,  71,  72,  73,  74,  76,  79,  81,  84,  86,  88,  89,  90,  91,  92,  93,
     94,  95,  96,  97,  98,  99, 108, 110,   3,  18,  21,  27,  57,   1,   3,   4,
      6,   8,  10,  11,  12,  14,  18,  20,  21,  22,  33,  34,  35,  36,  37,  41,
     42,  43,  44,  45,  46,  47,  48,  53,  54,  55,  56,  57,  58,  59,  60,  61,
     62,  63,  64,  68,  69,  71,  72,  74,  76,  79,  81,  84,  88,  91,  92,  93,
     95,  98, 101, 104, 105,   1,   3,   4,   6,  10,  18,  20,  21,  22,  33,  35,
     36,  37,  41,  42,  43,  44,  45,  46,  47,  48,  54,  55,  56,  57,  58,  59,
     60,  61,  63,  64,  68,  69,  71,  72,  74,  76,   1,   3,   4,   7,   9,  10,
     11,  12,  15,  16,  17,  20,  21,  22,  23,  24,  33,  35,  36,  37,  40,  41,
     42,  43,  44,  45,  46,  55,  56,  57,  58,  59,  60,  62,  63,  64,  69,  71,
     74,  84,  89,  90,  92,  94,  95,  96,  97, 101, 109,   1,   3,   4,   6,   7,
      8,   9,  10,  12,  14,  15,  16,  17,  18,  20,  21,  22,  33,  34,  35,  36,
     37,  41,  42,  43,  44,  45,  46,  47,  48,  53,  54,  55,  56,  57,  58,  59,
     60,  61,  62,  63,  64,  68,  69,  71,  72,  73,  74,  76,  79,  81,  83,  84,
     87,  88,  89,  90,  91,  92,  93,  94,  95,  96,  97,  98, 103,   1,   4,  10,
     20,  24,  35,  43,  44,  45,  46,  56,  57,  60,  63,  69,  71,  84,  94,  39,
     57,  35,  39,   0,   7,  13,  15,  16,  22,  23,  25,  26,  27,  28,  75,  80,
     82,  85,  91,  95,  96, 106, 109, 110,   0,   3,  13,  15,  16,  18,  21,  22,
     23,  25,  26,  27,  28,  29,  32,  45,  46,  47,  62,  75,  79,  80,  81,  82,
     85,  86,  90,  91,  92,  93,  96,  97,  98, 100, 101, 106, 109, 110,   0,  16,
     18,  22,  23,  25,  26,  27,  28,  33,  35,  38,  40,  45,  47,  55,  56,  60,
     62,  63,  75,  80,  82,  86,  90,  91,  94,  97,  98, 106,  57,   0,   1,   3,
      4,  10,  13,  15,  18,  21,  25,  26,  31,  33,  35,  37,  42,  43,  54,  55,
     56,  57,  60,  63,  64, 109, 110,  23,  25,  26,  28,  39,  75,  80,  39,  57,
      0,   1,   3,   4,  10,  12,  14,  15,  16,  20,  23,  24,  25,  26,  28,  33,
     35,  37,  40,  42,  43,  44,  55,  56,  60,  63,  74,  75,   1,   3,   4,  16,
     20,  23,  28,  33,  40,  55,  57,  94,   1,   3,   8,   9,  10,  12,  15,  18,
     21,  23,  25,  26,  27,  28,  29,  33,  35,  37,  42,  44,  45,  46,  54,  55,
     56,  58,  60,  62,  63,  64,   0,   7,  13,  16,  23,  25,  26,  27,  28,  45,
     46,  47,  80,  82, 106,  10,  15,  22,  23,  25,  26,  28,  35,  36,  42,  44,
     57,  60,  13,  16,  23,  25,  26,  27,  28,  39,  69,  75,  80,  86, 100, 106,
    109,   1,   3,  10,  12,  18,  21,  23,  25,  26,  27,  28,  29,  33,  35,  37,
     42,  45,  54,  55,  56,  58,  60,  62,  63,  64,  74,  75,  79,  80,  81,  82,
     88,  90,  93,  96, 106,   1,   3,  18,  21,  23,  25,  26,  27,  28,  29,  33,
     35,  42,  46,  54,  55,  60,  74,  80,   1,   4,  10,  12,  13,  14,  20,  23,
     25,  26,  28,  33,  35,  40,  42,  44,  55,  56,  60,  63,  74,  80,  81,  84,
     85,  95, 106,   1,   4,  10,  12,  13,  20,  23,  25,  26,  28,  35,  37,  42,
     44,  56,  60,  63,  64,  74,  75,  80,  23,  25,  26,  28,  80, 106, 114, 112,
    117,  23,  25,  28,  35,  39,  43,  44,  45,  46,   3,  18,  21,  23,  25,  26,
     27,  28,  29,  54, 111,  23,  25,  28,  22,  23,  25,  26,  27,  28,  45,  75,
     18,  21,  22,  23,  25,  26,  27,  28,  29,  45,  47,  75,  80,  82, 106,   0,
      9,  19,  20,  22,  23,  24,  25,  26,  27,  28,  29,  30,  31,  34,  38,  39,
     40,  49,  54,  57,  65,  66,  67,  69,  70,  71,  75,  77,  78,  80,  82,  83,
     85,  86,  99, 100, 106, 109, 110,  23,  25,  26,  27,  28,  23,  25,  26,  27,
     28,  18,  21,  22,  23,  25,  26,  27,  28,  29,  45,  46,  47,  48,  75,  80,
    106,  18,  23,  25,  26,  27,  28,  75,  18,  23,  25,  27,  28,  29,  33,  35,
     37,  42,  45,  62,   0,  13,  15,  16,  23,  25,  26,  28,  45,  46,  75,  80,
    106, 109,  22,  23,  25,  26,  27,  28,  33,  38,  40,  45,  47,  75,   0,   2,
     16,  19,  20,  22,  23,  24,  25,  26,  27,  28,  29,  30,  31,  34,  36,  40,
     49,  50,  51,  52,  57,  65,  74,  75,  76,  77, 109, 110, 113, 114, 115, 116,
    117, 118, 119, 120, 121,  57,  23,  25,  26,  28,  39,  75,  57,  23,  25,  26,
     28,  23,  25,  26,  27,  28,  29,  57,  69,  57,   3,  13,  16,  18,  21,  23,
     25,  26,  27,  28,  45,  46,  47,  75,  79,  80,  82,  85,  86,  90,  91,  93,
     94,  96, 106, 109, 110,  18,  23,  25,  26,  28,  29,  33,  35,  37,  44,  45,
     46,  57,  23,  25,  26,  27,  28,  46,  47,   0,  19,  23,  25,  26,  27,  28,
     29,  57,  65,  77,  18,  20,  33,  35,  37,  41,  44,  45,  55,  56,  57,  60,
     61,  63,  64,  71,  92,  93,  95,  97,  98, 108,  23,  25,  26,  27,  28,  75,
     20,  23,  25,  26,  28,  35,  37,  42,  44,  60,  33,  35,  36,  40,  43,  57,
     75,  18,  21,  26,  28,  57,  18,  21,  23,  25,  26,  28,  41,  57,  18,  20,
     21,  22,  23,  25,  26,  27,  28,  29,  35,  41,  57,  75,  18,  19,  22,  23,
     25,  26,  28,  33,  35,  36,  37,  42,  43,  45,  46,  47,  48,  57,  75,  23,
     25,  26,  57,  35,  75,   0,  25,  28,  45,  91,  94,  96, 100, 106,  18,  20,
     33,  35,  41,  42,  44,  45,  47,  53,  56,  57,  58,  60,  79,  81,  84,  86,
     88,  90,  91,  92,  93,  94,  95,  96,  97,  98, 101, 105, 107, 108,  18,  23,
     25,  28,  80,  81,  82,  85,  86,  90,  94,  96,  97, 106,  18,  20,  33,  35,
     37,  41,  42,  45,  47,  53,  56,  57,  60,  79,  81,  83,  84,  86,  87,  88,
     89,  90,  91,  92,  93,  94,  95,  96,  97,  98, 101, 105, 108,  27,  28,  80,
     86,  90,  93,  94,  96,  20,  23,  25,  28,  47,  80,  81,  84,  85,  86,  90,
     94,  95,  96, 106,  18,  23,  25,  27,  28,  29,  47,  79,  80,  81,  82,  83,
     86,  87,  90,  91,  93, 106,  18,  23,  27,  28,  45,  47,  79,  80,  81,  82,
     85,  87,  88,  90,  93,  94,  96, 100, 106,  23,  25,  28,  75,  80,  86,  96,
    106,  18,  21,  23,  27,  28,  33,  35,  57,  80,  81,  82,  90,  93,  98, 102,
    105, 106,  20,  23,  25,  28,  45,  75,  80,  81,  84,  85,  90,  94,  95,  96,
    106,  20,  23,  25,  28,  35,  80,  83,  84,  85,  97, 106, 108,  23,  25,  27,
     28,  45,  75,  80,  85,  91, 106,  23,  28,  33,  35,  75,  80,  95,  97, 106,
     18,  21,  23,  27,  28,  33,  35,  45,  57,  79,  80,  81,  82,  86,  90,  93,
     96,  98, 102, 106,  23,  25,  27,  28,  45,  75,  80,  82,  84,  85,  86,  91,
     94,  95,  96,  98, 100, 106,  20,  94,  96,  28,   4,  18,  33,  34,  35,  41,
     45,  47,  56,  57,  60,  79,  81,  84,  88,  90,  91,  92,  93,  94,  95,  96,
     97,  98, 101, 105,  35,  75,  98,  23,  33,  35,  45,  75,  80,  91,  92,  95,
    101, 105,  75,  18,  20,  22,  33,  35,  41,  42,  45,  47,  53,  56,  57,  60,
     79,  81,  84,  87,  88,  89,  90,  91,  92,  93,  94,  95,  96,  97,  98, 105,
     23,  25,  86,  23,  25,  26,  27,  28,  18,  21,  23,  25,  26,  27,  28,  45,
     47,  75,  18,  23,  25,  26,  27,  28,  45,  47,  75,  80, 106,   6,  10,  12,
     14,  15,  18,  20,  21,  33,  35,  41,  54,  57,   6,  10,  12,  14,  15,  18,
     20,  21,  22,  24,  27,  33,  35,  36,  37,  41,  54,  57,   7,  52, 113, 114,
    116, 117, 119,  50,  51, 112, 114, 117,  52, 117, 119, 112, 117,  52, 117, 119,
    112, 113, 114, 116, 118, 117, 119, 112, 114, 116, 117,
};

static const int8_t misans_latin_10_boldKernSparseValues[] = {
     -33,  -18,    7,  -38,   -7,  -57,    8,  -12,  -13,  -10,    7,  -50,   16,   15,  -20,  -19,
     -12,  -18,  -21,  -17,   -6,  -13,  -15,  -41,  -15,  -41,  -26,  -16,  -43,   -8,   -6,   -6,
      -7,  -15,  -21,  -14,  -11,   13,   -8,  -35,   -7,   -3,   -5,   -4,   -7,   -1,  -31,  -11,
     -37,   -9,  -45,  -30,    1,  -49,   -5,  -10,   27,   -4,  -22,   -8,  -24,  -20,   -7,  -10,
      -5,  -22,  -34,  -27,  -18,  -11,  -32,  -26,  -14,   -9,   12,  -12,   -1,  -26,  -17,   17,
      -8,   -6,   -8,   -1,  -11,   -9,   -8,  -11,   -6,  -18,   -1,   -4,   -7,  -10,   -7,   -6,
     -12,   -4,   -4,   -3,   -7,   -6,   -7,   10,   -7,   -4,   -5,   -8,   -7,  -10,  -10,   -8,
     -13,    1,   -4,   -7,   -5,  -10,   -6,  -15,  -27,   -4,  -19,  -11,   -3,  -18,  -29,  -21,
     -15,  -34,  -11,  -10,   -5,  -17,  -22,    7,  -21,  -41,   -4,  -25,   -5,  -23,  -21,    8,
      -9,    6,  -38,  -42,  -22,  -19,   -4,  -21,  -10,  -15,   -8,   -5,   -6,  -59,  -21,   -1,
      -4,   -7,   -4,   -7,  -11,  -13,   -7,   -8,   -4,  -17,  -31,  -17,   -9,   -6,   -7,  -23,
     -32,   -4,  -20,  -12,  -11,   -8,    5,    2,   -7,  -22,   -1,  -13,    3,   -4,  -25,   -4,
     -35,  -10,   -5,  -10,  -11,   -3,  -16,  -19,  -31,  -38,   -1,  -22,  -11,  -26,  -27,  -29,
     -13,  -27,   -9,  -38,  -25,  -37,   -4,   -9,   -4,   -6,  -15,   -8,  -18,  -15,   -5,   -5,
     -15,   -4,  -20,  -29,    3,  -21,  -27,  -25,  -12,  -19,  -15,  -22,  -32,  -40,  -35,  -10,
      -4,   -8,   -6,   -4,   -8,  -10,   -6,   -9,  -14,   -2,   -2,   -2,   -2,  -10,   -2,  -15,
      -4,   -6,   -5,  -16,   -9,   -5,   -2,  -12,  -18,   -3,   -5,   -9,   -8,   -6,   -4,   -3,
     -24,   -5,   -9,   14,   -9,   -6,   -1,  -12,  -14,  -20,   -5,   -8,   -7,  -13,   -7,  -11,
      -8,  -13,  -14,  -12,  -10,   -5,  -20,  -19,  -10,   -4,  -31,    7,   -7,   -4,   -7,  -11,
     -13,  -14,  -18,   -5,   -1,  -11,   -8,  -13,   -4,  -14,   -4,   -1,   -3,   19,   -1,    1,
      10,    4,   -7,  -21,   -7,   -6,  -20,  -38,   -4,   -6,  -13,  -10,   -9,   -6,   -6,   -7,
      -3,   -3,   -7,   -3,  -27,  -48,  -13,  -10,   24,   -8,  -10,   -1,  -10,   -7,   -6,   -3,
     -28,  -11,  -41,  -19,  -19,  -37,   -9,  -11,  -10,  -19,  -19,   10,   -8,   -7,   -7,  -10,
     -10,   -5,  -13,  -16,   -3,   -3,   -3,   -4,   -7,  -24,   -3,   -3,   -7,   15,    3,   -8,
      -9,   -6,  -21,   15,   -5,  -13,    2,  -35,  -16,  -13,  -11,  -22,  -16,  -12,   -7,  -12,
      -8,   -6,  -16,  -14,  -15,  -10,   -5,   -1,  -14,  -10,  -17,  -17,   -7,  -15,   17,  -13,
     -16,   -1,  -11,  -16,  -15,   -1,   -7,  -20,  -11,  -13,  -11,    1,    4,  -20,  -15,  -21,
      -9,  -21,  -13,  -15,    3,  -34,    7,  -33,  -34,   -6,  -34,  -35,   -7,  -33,  -10,  -26,
     -27,  -58,   -1,   -6,   -7,   -4,  -20,   -4,  -23,  -17,   -1,   -6,   -4,  -23,   -6,   -4,
     -36,  -42,  -28,  -13,  -31,   -6,  -11,  -24,  -39,   -7,  -11,   -5,  -21,  -15,   -7,  -13,
      -7,    4,   -7,   -3,    4,    3,    5,  -57,  -12,   -7,   11,   -7,   -7,    3,   -7,   -7,
      -3,  -28,   -8,  -28,  -25,    6,   -7,   -9,  -11,  -10,   -7,   -7,  -14,  -16,   -3,   -4,
      -5,  -10,   -5,   -7,   -3,  -13,   -1,   -3,   -2,   -1,   -3,    7,   -3,   -2,   -5,   -9,
      -9,  -12,   -2,   -3,   -1,  -23,   10,   -9,    8,  -21,  -34,  -27,   -8,  -31,  -24,   -7,
     -27,  -11,  -41,   -6,   -4,   -9,  -32,  -15,  -35,  -13,  -37,  -23,  -33,   -7,  -16,  -19,
     -17,  -15,  -17,  -34,  -60,  -18,  -25,   23,  -20,  -15,  -24,  -33,   -4,  -27,  -27,   -6,
      11,   13,   -8,  -21,  -17,   -9,  -27,  -32,  -18,   13,   -4,  -15,  -35,  -27,  -28,  -35,
     -21,  -25,  -18,  -25,  -26,   -1,  -32,   11,   -9,   -9,  -13,   -6,   10,  -23,  -45,  -18,
     -11,   -9,  -26,   -3,  -19,  -11,  -37,  -10,  -46,   -7,  -29,  -19,  -29,   -8,  -29,  -17,
     -26,   -6,  -18,  -13,  -10,  -16,  -13,  -26,  -63,  -17,  -24,   22,  -21,  -12,  -23,  -29,
      -7,  -26,  -22,   -9,   10,   11,   -9,  -16,   -9,  -33,  -35,  -23,  -11,  -16,  -15,  -35,
     -11,  -25,   -4,  -15,  -24,  -13,  -30,  -11,   -6,  -22,  -25,   -5,  -33,   -3,  -23,  -21,
      -4,  -21,  -13,  -18,   -2,  -15,   -3,   -5,  -13,   -9,  -51,  -19,  -20,   22,  -17,   -9,
     -13,  -20,  -21,  -16,   -2,   10,   11,   -7,   -9,   -3,  -13,    1,  -32,   -7,   -6,  -12,
      -7,  -12,  -16,   -7,  -12,  -20,  -12,   -9,  -10,   -6,  -11,  -19,  -15,  -18,   -3,   -4,
     -12,  -16,  -16,  -21,  -19,  -11,  -18,   12,  -16,   -4,  -19,  -12,  -19,  -15,    4,    3,
     -12,  -33,  -20,   11,   -2,  -23,  -23,  -18,  -12,  -20,  -10,  -29,  -49,  -26,  -18,   -5,
      -7,   -6,  -39,  -33,  -13,  -10,   -3,  -19,  -37,  -19,  -50,  -15,  -41,  -17,  -39,  -16,
     -41,  -27,  -35,  -14,  -26,  -18,  -18,  -25,  -23,  -36,  -68,  -20,  -29,   22,  -28,  -19,
     -29,  -39,   -7,  -33,  -29,  -13,   10,    9,  -17,  -19,  -25,  -16,  -37,  -39,  -10,  -34,
     -18,  -13,  -16,  -47,  -26,  -33,  -47,  -22,  -25,  -20,  -33,  -36,  -33,  -13,  -14,   -3,
     -10,   -3,   -5,   -8,   -7,   -7,   -9,   -5,   17,   -5,   -5,   10,    4,  -15,  -10,   13,
      22,   -9,   36,   -8,  -10,   -8,   -7,  -14,   -4,  -35,  -27,  -19,   -9,  -32,  -15,  -24,
      -4,  -16,   -5,   -2,  -12,  -20,  -13,  -11,  -14,   -5,  -14,   -9,  -23,   -6,   -3,   -5,
     -35,  -29,  -21,  -20,  -38,   -3,   -5,   -3,   -4,   -6,   -3,  -15,   -7,  -30,   -6,  -17,
     -13,  -23,   -6,  -11,   -2,   -5,   -3,   -7,   -1,  -15,  -10,  -18,  -12,  -12,   -6,   -7,
      -6,   -6,  -28,  -21,  -15,  -18,  -39,   -6,   -2,   -3,   -3,   -6,   -9,   -4,   -2,   -5,
      -6,   -2,   -9,  -26,  -16,  -17,   -1,   -9,   -4,   -3,   -5,  -23,    8,   10,   -6,  -23,
      11,  -16,    8,    5,  -21,  -23,    9,    6,    9,   -8,   -4,   -5,   -5,    2,  -30,   -8,
      -4,   26,   -6,   -4,   -5,    7,   17,  -25,  -21,  -16,  -23,   15,   -9,  -16,    4,   11,
      -9,   -5,    2,  -15,  -13,  -10,  -11,   -5,   -4,   -7,  -23,   -5,  -19,  -10,  -25,   -3,
     -10,   -5,   -4,   -7,   -5,   -5,   -5,  -10,  -14,  -10,   -7,  -14,    2,    7,   -2,   -9,
      -3,  -11,  -14,    2,   -1,    2,    3,   -3,  -14,  -36,   -4,  -11,  -17,  -10,    3,  -27,
     -35,  -11,   -8,   -7,  -20,  -18,   -9,  -10,   -6,   -6,   -4,   -6,    4,    5,  -40,  -10,
      -6,   -5,   -6,    4,   -6,   -6,  -13,   -7,   -7,  -16,  -32,  -25,  -18,  -12,  -35,   -4,
      -3,   -6,  -22,   -6,  -16,   -1,    4,    1,   -7,  -10,   -3,  -19,   -1,    2,   -2,   -1,
       6,   -4,   -2,   -5,  -14,  -17,  -13,   -3,  -23,    3,    4,   -7,  -23,   -9,   -2,  -18,
      -5,  -13,  -28,  -15,  -11,  -21,  -33,  -21,   -7,   -3,  -21,  -18,   -8,   -6,   -3,   -3,
      -5,   11,  -34,  -11,   -3,   -7,   -9,    8,   -8,   -3,   -5,   -2,  -15,  -16,  -12,  -21,
       3,  -17,  -20,   13,  -17,   -7,  -25,  -17,  -22,  -17,  -10,   -5,  -19,  -18,   -9,   -9,
      -5,   -3,    8,  -30,   -9,   -4,   -3,  -11,   -4,  -12,   -8,  -10,   -5,   -7,   -3,  -15,
     -16,  -13,  -25,   -4,   -6,   -3,   -6,   -3,   -7,   -6,   -6,   -6,   -6,  -22,    5,  -12,
      -7,   -3,  -19,   -5,   -2,   -4,   -5,   -1,   -4,  -16,  -14,  -10,  -23,   -1,   -2,   -3,
      -3,   -1,   -7,   -1,   -2,   -3,   -8,  -17,  -34,  -29,   -8,  -36,  -32,  -30,   -2,   -9,
      -3,  -23,  -23,  -29,  -23,   23,  -20,  -20,  -20,  -20,  -20,  -24,  -29,  -19,  -21,  -12,
     -34,  -31,  -13,  -37,  -20,  -25,  -23,  -26,   -4,  -19,  -15,  -15,   -9,  -20,   -8,   -9,
      -6,   -1,   -1,  -25,  -15,  -17,  -18,  -25,   -3,   -3,   -6,   -9,  -20,  -13,  -10,   16,
      16,   14,    1,    7,   23,   13,   22,   22,   12,   19,   20,   21,   22,    8,   11,    9,
      14,   22,  -16,   39,   11,   22,   17,   29,   12,   26,   19,   11,   13,   21,   12,   13,
      15,   42,   35,   23,   21,   13,   13,  -17,  -13,  -13,  -19,  -21,  -21,  -13,  -15,   -9,
     -26,   -6,   -3,   -5,  -24,  -23,  -17,  -20,  -26,   -4,   -9,   -4,  -14,   -4,   -8,  -27,
     -16,   -9,   -8,  -11,   -4,  -13,  -21,   -3,  -19,   -4,   -7,  -13,   -7,   -1,   -6,   -3,
      -3,   -5,    8,    8,  -13,  -11,   -5,  -14,  -31,  -30,  -18,  -36,   -6,   -5,  -13,  -33,
     -22,  -11,   -6,  -14,  -17,  -10,  -18,  -21,   -6,   -3,   -3,   -6,  -10,   -8,   19,   21,
      21,   13,    2,    5,   23,   15,   31,   31,   22,   31,   20,   33,   29,   15,   12,   15,
      29,   32,   32,   24,   47,   23,    1,   30,    9,   23,   22,   22,   33,   21,   26,   24,
      32,   24,   34,   31,   34,   21,  -25,  -17,  -13,  -23,   15,   -9,   22,   -6,   -9,   -2,
     -12,   11,   10,   13,    7,   10,   10,   29,   23,   12,   -6,  -12,  -18,   -6,   -1,  -31,
     -26,  -17,  -19,  -35,   -5,   -1,   -9,   -8,   -5,  -29,  -16,   -8,  -20,   -6,  -10,   -7,
      -3,   -3,  -18,   -7,   -4,  -27,    1,    1,    1,   -4,    1,  -10,   -6,   -6,   -7,    4,
       5,   10,  -17,  -16,   -9,  -12,  -20,   -3,   -6,   20,    9,   18,   20,   20,   11,   20,
      11,   36,   20,   17,  -20,   -7,  -15,  -15,   -9,   -7,   -8,   -2,   -9,   -9,   19,   -8,
      -8,   -8,   -9,    9,   -3,  -25,   -8,   -9,  -14,   -9,  -13,  -16,  -13,   -4,  -23,   -8,
      -4,   -9,   -9,   -3,  -16,   -1,   -2,   -3,   -3,   -1,   -3,   -8,    9,   11,    4,   39,
      15,  -18,  -17,    1,   -1,   12,   -9,   -8,    8,    5,    5,    4,    3,   28,  -28,  -16,
     -31,  -11,    9,    9,   11,    4,   13,    5,  -13,  -13,   27,    5,  -19,    3,   -2,    8,
       7,    7,    7,  -12,  -12,    8,  -10,   -6,    8,   10,   11,    3,    4,   28,   -8,   -8,
      -7,   -1,    5,   -5,  -15,  -30,  -31,  -45,   -6,  -10,  -11,  -13,  -29,  -18,  -33,  -12,
     -33,  -35,  -17,  -38,  -24,  -18,  -23,  -27,  -28,   26,  -25,  -12,  -36,  -35,  -27,   13,
      -7,  -45,  -34,  -37,  -45,  -16,  -17,  -29,  -39,  -29,   -7,  -37,  -31,  -35,   -6,  -35,
     -30,  -45,  -25,   -2,  -27,  -10,  -27,   -5,  -11,  -12,  -11,  -19,  -45,  -22,  -39,  -36,
     -33,  -24,  -32,  -16,  -22,  -31,  -26,   22,  -32,  -33,  -39,  -10,  -23,   10,  -13,  -16,
     -22,  -50,  -27,  -28,  -46,  -18,  -25,  -21,  -31,  -38,  -17,  -42,  -38,  -12,  -23,  -17,
     -10,   -4,   -4,  -14,  -10,   -2,  -15,  -16,  -17,    5,   -8,    9,   -9,  -13,   -6,   10,
     -12,   -9,  -12,  -16,  -21,  -18,  -23,  -31,  -34,  -15,  -12,  -21,  -20,  -19,  -35,  -11,
      -2,  -10,  -23,  -15,  -17,  -19,  -12,   -9,  -14,   -7,   -3,   -7,   -2,  -11,   -3,   -9,
      -5,   -8,   -4,   -3,   -7,   -4,   -3,   -7,   -6,  -27,  -20,  -33,  -14,  -25,  -16,   -3,
     -20,  -29,  -40,  -16,  -25,  -19,  -11,   -7,   13,  -15,  -29,  -15,  -30,  -29,   -7,  -26,
     -15,  -20,   -5,  -33,  -27,  -32,   -3,  -24,  -23,   13,  -12,  -17,    7,  -13,   -9,   -6,
     -26,   -8,  -29,  -16,  -26,  -11,  -16,   -5,  -15,  -14,   -9,  -27,  -14,  -28,  -24,   -5,
     -37,   -1,   -9,  -18,   -9,   -7,  -14,  -24,  -15,   -4,  -10,   -4,  -14,   -3,   -7,  -30,
     -22,  -34,  -21,  -24,  -22,   -7,   -6,    7,    6,  -14,  -18,  -13,  -16,   -4,  -24,  -20,
       7,   -3,  -13,  -16,  -52,  -33,   -9,  -49,  -12,  -24,  -41,  -12,   -4,  -16,  -25,  -12,
     -22,  -10,  -23,   -4,  -30,  -21,   -4,  -13,  -13,  -33,  -37,  -59,  -45,  -23,  -46,  -28,
      -5,  -16,  -28,   23,  -31,  -48,  -52,  -33,  -13,  -61,  -22,  -30,  -53,  -15,  -20,  -16,
     -40,  -42,  -17,  -37,  -14,  -15,   -8,  -30,    4,   -5,   -8,  -20,  -34,    4,   13,  -12,
     -14,   -6,  -15,  -32,  -15,  -13,  -26,  -18,  -15,  -16,  -17,  -19,  -29,  -10,   18,  -16,
     -33,  -32,  -19,  -13,  -15,  -11,  -36,  -27,  -19,  -37,  -16,  -17,  -12,  -19,  -20,  -16,
     -33,  -30,  -26,  -13,  -12,   -7,   -6,  -17,   -6,   -3,  -16,  -15,  -12,  -17,  -24,   -3,
      -6,  -12,   -6,  -21,  -17,  -12,  -18,  -19,   -3,   -6,   -5,  -19,  -16,   -7,  -29,  -27,
      -7,   -4,  -45,  -12,  -55,  -11,  -25,   -7,  -69,   13,  -14,  -43,  -35,  -17,  -11,  -41,
     -13,  -67,   -8,   -5,   -7,  -26,  -37,  -11,  -25,  -17,  -69,   13,   35,    7,  -13,  -30,
     -25,    4,   -7,   -3,   -4,  -13,   -2,   -4,  -10,   -7,   -9,   -9,   -6,  -14,  -13,   -7,
     -32,   -1,  -20,  -14,   -5,   -5,   -3,  -19,  -10,   -4,   -3,
};

static const EpdFontData misans_latin_10_bold = {
    misans_latin_10_boldBitmaps,
    misans_latin_10_boldGlyphs,
    misans_latin_10_boldIntervals,
    101,
    28,
    22,
    -6,
    false,
    nullptr,
    0,
    nullptr,
    nullptr,  // kernLeftClasses: built-in fonts use the split arrays below
    nullptr,  // kernRightClasses
    misans_latin_10_boldKernLeftCodepoints,
    misans_latin_10_boldKernLeftClassIds,
    misans_latin_10_boldKernRightCodepoints,
    misans_latin_10_boldKernRightClassIds,
    nullptr,  // kernMatrix: built-in fonts use the sparse form below
    misans_latin_10_boldKernRowOffsets,
    misans_latin_10_boldKernSparseCols,
    misans_latin_10_boldKernSparseValues,
    547,
    552,
    133,
    122,
    nullptr,
    0,
};
