/**
 * generated by fontconvert.py
 * name: misans_latin_12_bold
 * size: 12
 * mode: 1-bit mono
 * Command used: fontconvert.py misans_latin_12_bold 12 ../builtinFonts/source/MiSans/MiSans-Bold.ttf --mono
 */
#pragma once
#include "EpdFontData.h"

static const uint8_t misans_latin_12_boldBitmaps[27614] = {
    0x00, 0x00, 0x00, 0x00, 0xFF, 0xBD, 0xEF, 0x7B, 0xDE, 0xF7, 0xBD, 0xEF, 0x00, 0x1E, 0xF7, 0xBC,
    0xF7, 0xFB, 0xFD, 0xFE, 0xF7, 0x3B, 0x9D, 0x8C, 0xC6, 0x03, 0x8E, 0x03, 0xCF, 0x01, 0xC7, 0x00,
    0xE3, 0x80, 0x71, 0xC3, 0xFF, 0xFD, 0xFF, 0xFE, 0xFF, 0xFF, 0x0E, 0x38, 0x07, 0x1C, 0x03, 0x8E,
    0x1F, 0xFF, 0xEF, 0xFF, 0xF7, 0xFF, 0xF8, 0x71, 0xC0, 0x38, 0xE0, 0x3C, 0xF0, 0x1C, 0x78, 0x0E,
    0x38, 0x00, 0x03, 0xC0, 0x07, 0x80, 0x0F, 0x00, 0x7F, 0x81, 0xFF, 0x87, 0xFF, 0x9F, 0x1F, 0xBC,
    0x0E, 0x78, 0x08, 0xF0, 0x01, 0xF8, 0x01, 0xFF, 0x01, 0xFF, 0x80, 0xFF, 0x80, 0x3F, 0x80, 0x0F,
    0x10, 0x1E, 0xE0, 0x3F, 0xF0, 0xFB, 0xFF, 0xE3, 0xFF, 0xC3, 0xFF, 0x00, 0xF0, 0x01, 0xE0, 0x03,
    0xC0, 0x1E, 0x00, 0xF9, 0xFE, 0x07, 0x87, 0xF8, 0x1E, 0x38, 0x70, 0xF0, 0xE1, 0xC7, 0x81, 0x87,
    0x3C, 0x07, 0xF8, 0xF0, 0x0F, 0xE7, 0x80, 0x1E, 0x3C, 0x00, 0x01, 0xE0, 0x00, 0x07, 0x86, 0x00,
    0x3C, 0x7E, 0x01, 0xE3, 0xFC, 0x07, 0x9C, 0x70, 0x3C, 0x70, 0xC1, 0xE1, 0xC7, 0x0F, 0x07, 0x9C,
    0x3C, 0x0F, 0xF3, 0xE0, 0x1F, 0x80, 0x0F, 0xE0, 0x07, 0xFC, 0x03, 0xFF, 0x80, 0xF9, 0xF0, 0x3C,
    0x3C, 0x0F, 0x0C, 0x03, 0xE0, 0x00, 0x78, 0x00, 0x1F, 0x00, 0x0F, 0xE1, 0x87, 0xFC, 0xFB, 0xFF,
    0xBC, 0xF1, 0xFF, 0x3C, 0x3F, 0x8F, 0x07, 0xE3, 0xE1, 0xF8, 0xFF, 0xFF, 0x1F, 0xFF, 0xE3, 0xFE,
    0xFC, 0x3C, 0x00, 0xFF, 0xFF, 0xEE, 0x66, 0x1E, 0x78, 0xF3, 0xC7, 0x8F, 0x3C, 0x78, 0xF1, 0xE3,
    0xC7, 0x8F, 0x1E, 0x3C, 0x78, 0x70, 0xF1, 0xE3, 0xC3, 0xC7, 0x87, 0x80, 0xF1, 0xE1, 0xE3, 0xC3,
    0x87, 0x8F, 0x1E, 0x1C, 0x38, 0x78, 0xF1, 0xE3, 0x8F, 0x1E, 0x3C, 0x79, 0xE3, 0xC7, 0x9E, 0x3C,
    0x00, 0x1C, 0x26, 0x9B, 0xFF, 0xF3, 0xE7, 0xFD, 0xBC, 0xBA, 0x1C, 0x00, 0x0F, 0x00, 0x78, 0x03,
    0xC0, 0x1E, 0x00, 0xF0, 0x7F, 0xFF, 0xFF, 0xFF, 0xFF, 0xFF, 0xF8, 0x78, 0x03, 0xC0, 0x1E, 0x00,
    0xF0, 0x00, 0x7B, 0xDE, 0xF1, 0x8C, 0x67, 0xF3, 0x00, 0xFF, 0xFF, 0xFF, 0xFF, 0xFF, 0xFF, 0xFF,
    0xF0, 0x03, 0xC1, 0xE0, 0x78, 0x1E, 0x0F, 0x03, 0xC0, 0xF0, 0x78, 0x1E, 0x07, 0x81, 0xE0, 0xF0,
    0x3C, 0x0F, 0x07, 0x81, 0xE0, 0x78, 0x3C, 0x0F, 0x00, 0x0F, 0xE0, 0x3F, 0xE0, 0xFF, 0xE3, 0xF7,
    0xE7, 0x87, 0xCF, 0x07, 0xBE, 0x0F, 0x7C, 0x1F, 0xF0, 0x3F, 0xE0, 0x7F, 0xC0, 0xFF, 0x81, 0xFF,
    0x83, 0xFF, 0x07, 0x9E, 0x0F, 0x3E, 0x3E, 0x3F, 0xF8, 0x7F, 0xF0, 0x7F, 0xC0, 0x3C, 0x00, 0x0F,
    0x9F, 0xFF, 0xFF, 0xFF, 0xFF, 0x7E, 0x3E, 0x1F, 0x0F, 0x87, 0xC3, 0xE1, 0xF0, 0xF8, 0x7C, 0x3E,
    0x1F, 0x0F, 0x87, 0xC3, 0xE0, 0x1F, 0xE0, 0xFF, 0xC7, 0xFF, 0x3F, 0x7E, 0x70, 0x78, 0x41, 0xE0,
    0x07, 0x80, 0x3E, 0x00, 0xF0, 0x07, 0xC0, 0x3E, 0x01, 0xF0, 0x0F, 0x80, 0x7C, 0x03, 0xE0, 0x1F,
    0xFF, 0xFF, 0xFF, 0xFF, 0xFF, 0xFF, 0xC0, 0x7F, 0xF9, 0xFF, 0xE7, 0xFF, 0x9F, 0xFE, 0x01, 0xE0,
    0x1F, 0x00, 0xF8, 0x07, 0xE0, 0x1F, 0xF0, 0x3F, 0xE0, 0xFF, 0x80, 0x1F, 0x00, 0x3C, 0x40, 0xF3,
    0x07, 0xFE, 0x1E, 0x7F, 0xF9, 0xFF, 0xC3, 0xFE, 0x01, 0xE0, 0x03, 0xF0, 0x07, 0xE0, 0x1F, 0xC0,
    0x3F, 0x80, 0xFF, 0x01, 0xFE, 0x07, 0xBC, 0x0F, 0x78, 0x3C, 0xF0, 0x79, 0xE1, 0xE3, 0xC3, 0xC7,
    0x8F, 0xFF, 0xFF, 0xFF, 0xFF, 0xFF, 0xFF, 0xFF, 0x00, 0xF0, 0x01, 0xE0, 0x03, 0xC0, 0x7F, 0xF9,
    0xFF, 0xE7, 0xFF, 0x9F, 0xFE, 0x78, 0x01, 0xE0, 0x07, 0x80, 0x1F, 0xF8, 0x7F, 0xF3, 0xFF, 0xEF,
    0xDF, 0x8C, 0x1F, 0x00, 0x3C, 0x40, 0xF3, 0x07, 0xFE, 0x3E, 0xFF, 0xF9, 0xFF, 0xC3, 0xFE, 0x03,
    0xE0, 0x03, 0xE0, 0x0F, 0x80, 0x1E, 0x00, 0x7C, 0x01, 0xF0, 0x03, 0xE0, 0x0F, 0xA0, 0x1F, 0xF8,
    0x7F, 0xF8, 0xFF, 0xFB, 0xF1, 0xF7, 0xC1, 0xEF, 0x03, 0xFE, 0x07, 0xBE, 0x0F, 0x7E, 0x3E, 0x7F,
    0xFC, 0x7F, 0xF0, 0x7F, 0xC0, 0x3C, 0x00, 0xFF, 0xFF, 0xFF, 0xFF, 0xFF, 0xFF, 0xE0, 0x0F, 0x00,
    0xF8, 0x07, 0x80, 0x7C, 0x03, 0xC0, 0x3E, 0x01, 0xE0, 0x1F, 0x00, 0xF0, 0x0F, 0x80, 0x7C, 0x07,
    0xC0, 0x3E, 0x01, 0xE0, 0x1F, 0x00, 0x1F, 0xF0, 0x7F, 0xF1, 0xFF, 0xF3, 0xE3, 0xE7, 0x83, 0xCF,
    0x07, 0x9F, 0x1F, 0x1F, 0xFC, 0x1F, 0xF0, 0x3F, 0xE0, 0xFF, 0xE3, 0xE3, 0xEF, 0x83, 0xFE, 0x03,
    0xFE, 0x0F, 0xFE, 0x3F, 0x7F, 0xFC, 0xFF, 0xF8, 0x7F, 0xC0, 0x3E, 0x00, 0x1F, 0xE0, 0x7F, 0xF1,
    0xFF, 0xE3, 0xE7, 0xEF, 0x83, 0xDE, 0x07, 0xBC, 0x0F, 0xFC, 0x1E, 0xF8, 0x7C, 0xFF, 0xF9, 0xFF,
    0xE1, 0xFF, 0xC0, 0xFF, 0x00, 0x3E, 0x00, 0xF8, 0x01, 0xF0, 0x07, 0xC0, 0x0F, 0x80, 0x7E, 0x00,
    0xFF, 0xFF, 0xF0, 0x00, 0x00, 0x00, 0x3F, 0xFF, 0xFC, 0x7B, 0xDE, 0xF0, 0x00, 0x00, 0x00, 0x1E,
    0xF7, 0xBC, 0x63, 0x19, 0xFC, 0xC0, 0x00, 0x08, 0x01, 0xC0, 0x3E, 0x07, 0xF0, 0x7F, 0x8F, 0xF1,
    0xFE, 0x1F, 0xC0, 0xF8, 0x07, 0xE0, 0x3F, 0xC0, 0x7F, 0x80, 0xFF, 0x01, 0xFC, 0x03, 0xE0, 0x07,
    0x00, 0x18, 0xFF, 0xFF, 0xFF, 0xFF, 0xFE, 0x00, 0x00, 0x00, 0x00, 0x03, 0xFF, 0xFF, 0xFF, 0xFF,
    0xFF, 0xFF, 0xC0, 0x80, 0x06, 0x00, 0x3C, 0x01, 0xF8, 0x0F, 0xF0, 0x1F, 0xE0, 0x3F, 0x80, 0x7F,
    0x00, 0xF8, 0x1F, 0xC3, 0xFC, 0x7F, 0x8F, 0xF0, 0x7E, 0x03, 0xE0, 0x1C, 0x00, 0x80, 0x00, 0x1F,
    0xE1, 0xFF, 0x9F, 0xFF, 0xFB, 0xF7, 0x07, 0x88, 0x3C, 0x03, 0xE0, 0x3E, 0x03, 0xE0, 0x3E, 0x01,
    0xE0, 0x0F, 0x00, 0x78, 0x00, 0x00, 0x00, 0x00, 0xF0, 0x07, 0x80, 0x3C, 0x01, 0xE0, 0x07, 0xFE,
    0x00, 0xFF, 0xF8, 0x1F, 0x07, 0xC3, 0xC0, 0x1E, 0x78, 0xC0, 0xEF, 0x3F, 0xE7, 0xE7, 0xFE, 0x7E,
    0x7F, 0xE7, 0xE7, 0x0E, 0x7E, 0x70, 0xE7, 0xE7, 0x0E, 0x7E, 0x79, 0xE7, 0xE7, 0xFF, 0xEF, 0x3F,
    0x7E, 0x70, 0xC1, 0x87, 0x80, 0x00, 0x3E, 0x03, 0x01, 0xFF, 0xF0, 0x07, 0xFF, 0x00, 0x0F, 0x00,
    0x01, 0xF0, 0x00, 0x3E, 0x00, 0x0F, 0xE0, 0x01, 0xFC, 0x00, 0x3F, 0x80, 0x0F, 0x78, 0x01, 0xEF,
    0x00, 0x3D, 0xF0, 0x0F, 0x1E, 0x01, 0xE3, 0xC0, 0x7C, 0x7C, 0x0F, 0xFF, 0x81, 0xFF, 0xF0, 0x7F,
    0xFF, 0x0F, 0xFF, 0xE1, 0xE0, 0x3E, 0x7C, 0x03, 0xCF, 0x00, 0x7B, 0xE0, 0x0F, 0x80, 0xFF, 0xE1,
    0xFF, 0xF3, 0xFF, 0xF7, 0xFF, 0xEF, 0x03, 0xDE, 0x07, 0xBC, 0x0F, 0x78, 0x7E, 0xFF, 0xF9, 0xFF,
    0xF3, 0xFF, 0xF7, 0x83, 0xFF, 0x01, 0xFE, 0x03, 0xFC, 0x07, 0xF8, 0x3F, 0xFF, 0xFF, 0xFF, 0xFB,
    0xFF, 0xE0, 0x07, 0xF8, 0x0F, 0xFF, 0x0F, 0xFF, 0xC7, 0xF7, 0xF7, 0xC0, 0xF3, 0xC0, 0x23, 0xE0,
    0x01, 0xE0, 0x00, 0xF0, 0x00, 0x78, 0x00, 0x3C, 0x00, 0x1E, 0x00, 0x0F, 0x80, 0x03, 0xC0, 0x21,
    0xF0, 0x18, 0xFE, 0x3F, 0x3F, 0xFF, 0x0F, 0xFF, 0x03, 0xFF, 0x00, 0x3C, 0x00, 0xFF, 0xE0, 0x7F,
    0xFC, 0x3F, 0xFF, 0x1F, 0xFF, 0xCF, 0x03, 0xF7, 0x80, 0xFB, 0xC0, 0x3D, 0xE0, 0x1F, 0xF0, 0x0F,
    0xF8, 0x03, 0xFC, 0x03, 0xFE, 0x01, 0xFF, 0x00, 0xF7, 0x80, 0xFB, 0xC0, 0xFD, 0xFF, 0xFC, 0xFF,
    0xFC, 0x7F, 0xFC, 0x3F, 0xFC, 0x00, 0xFF, 0xFF, 0xFF, 0xFF, 0xFF, 0xFF, 0xFF, 0x00, 0x78, 0x03,
    0xC0, 0x1E, 0x00, 0xFF, 0xF7, 0xFF, 0xBF, 0xFD, 0xE0, 0x0F, 0x00, 0x78, 0x03, 0xC0, 0x1E, 0x00,
    0xFF, 0xFF, 0xFF, 0xFF, 0xFE, 0xFF, 0xFF, 0xFF, 0xFF, 0xFF, 0xFF, 0xFF, 0x00, 0x78, 0x03, 0xC0,
    0x1E, 0x00, 0xFF, 0xF7, 0xFF, 0xBF, 0xFD, 0xFF, 0xEF, 0x00, 0x78, 0x03, 0xC0, 0x1E, 0x00, 0xF0,
    0x07, 0x80, 0x3C, 0x00, 0x07, 0xFC, 0x0F, 0xFF, 0x0F, 0xFF, 0xC7, 0xF7, 0xF7, 0xC0, 0xE3, 0xC0,
    0x23, 0xE0, 0x01, 0xE0, 0x00, 0xF0, 0x7F, 0xF8, 0x3F, 0xFC, 0x1F, 0xFE, 0x0F, 0xFF, 0x80, 0x7F,
    0xC0, 0x3D, 0xF0, 0x1E, 0xFE, 0x3F, 0x3F, 0xFF, 0x8F, 0xFF, 0x83, 0xFF, 0x00, 0x3E, 0x00, 0xF0,
    0x0F, 0xF0, 0x0F, 0xF0, 0x0F, 0xF0, 0x0F, 0xF0, 0x0F, 0xF0, 0x0F, 0xF0, 0x0F, 0xFF, 0xFF, 0xFF,
    0xFF, 0xFF, 0xFF, 0xFF, 0xFF, 0xF0, 0x0F, 0xF0, 0x0F, 0xF0, 0x0F, 0xF0, 0x0F, 0xF0, 0x0F, 0xF0,
    0x0F, 0xF0, 0x0F, 0xF0, 0x0F, 0xFF, 0xFF, 0xFF, 0xFF, 0xFF, 0xFF, 0xFF, 0xFF, 0xFF, 0xF0, 0x00,
    0xF0, 0x0F, 0x00, 0xF0, 0x0F, 0x00, 0xF0, 0x0F, 0x00, 0xF0, 0x0F, 0x00, 0xF0, 0x0F, 0x00, 0xF0,
    0x0F, 0x00, 0xF0, 0x0F, 0x30, 0xF7, 0x9F, 0xFF, 0xF7, 0xFE, 0x3F, 0xC0, 0xF0, 0xF0, 0x1F, 0xF8,
    0x1F, 0x3C, 0x1F, 0x1E, 0x1F, 0x0F, 0x1F, 0x07, 0x9F, 0x03, 0xDF, 0x01, 0xFF, 0x00, 0xFF, 0xC0,
    0x7F, 0xF0, 0x3F, 0xF8, 0x1F, 0x3E, 0x0F, 0x1F, 0x07, 0x87, 0xC3, 0xC1, 0xF1, 0xE0, 0xF8, 0xF0,
    0x3E, 0x78, 0x1F, 0xBC, 0x07, 0xE0, 0xF0, 0x07, 0x80, 0x3C, 0x01, 0xE0, 0x0F, 0x00, 0x78, 0x03,
    0xC0, 0x1E, 0x00, 0xF0, 0x07, 0x80, 0x3C, 0x01, 0xE0, 0x0F, 0x00, 0x78, 0x03, 0xC0, 0x1E, 0x00,
    0xFF, 0xFF, 0xFF, 0xFF, 0xFE, 0xF0, 0x00, 0xFF, 0x00, 0x1F, 0xF8, 0x01, 0xFF, 0xC0, 0x3F, 0xFC,
    0x07, 0xFF, 0xE0, 0x7F, 0xFF, 0x0F, 0xFF, 0xF0, 0xFF, 0xFF, 0x9E, 0xFF, 0x7F, 0xEF, 0xF3, 0xFC,
    0xFF, 0x3F, 0x8F, 0xF1, 0xF8, 0xFF, 0x0F, 0x0F, 0xF0, 0xE0, 0xFF, 0x00, 0x0F, 0xF0, 0x00, 0xFF,
    0x00, 0x0F, 0xF0, 0x00, 0xF0, 0xF0, 0x0F, 0xF0, 0x0F, 0xF8, 0x0F, 0xFC, 0x0F, 0xFE, 0x0F, 0xFE,
    0x0F, 0xFF, 0x0F, 0xFF, 0x8F, 0xF7, 0x8F, 0xF7, 0xCF, 0xF3, 0xEF, 0xF1, 0xEF, 0xF1, 0xFF, 0xF0,
    0xFF, 0xF0, 0x7F, 0xF0, 0x3F, 0xF0, 0x3F, 0xF0, 0x1F, 0xF0, 0x0F, 0x07, 0xFC, 0x07, 0xFF, 0x83,
    0xFF, 0xF1, 0xFF, 0xFE, 0x7C, 0x0F, 0x9E, 0x01, 0xFF, 0x80, 0x3F, 0xC0, 0x0F, 0xF0, 0x03, 0xFC,
    0x00, 0xFF, 0x00, 0x3F, 0xC0, 0x0F, 0xF8, 0x03, 0xFE, 0x01, 0xF7, 0xC0, 0xF9, 0xF8, 0x7E, 0x3F,
    0xFF, 0x07, 0xFF, 0x80, 0xFF, 0xC0, 0x07, 0x80, 0xFF, 0xE1, 0xFF, 0xE3, 0xFF, 0xE7, 0xFF, 0xEF,
    0x07, 0xDE, 0x07, 0xFC, 0x0F, 0xF8, 0x1F, 0xF0, 0x3D, 0xFF, 0xFB, 0xFF, 0xF7, 0xFF, 0xCF, 0xFE,
    0x1E, 0x00, 0x3C, 0x00, 0x78, 0x00, 0xF0, 0x01, 0xE0, 0x03, 0xC0, 0x00, 0x07, 0xFC, 0x07, 0xFF,
    0x83, 0xFF, 0xF1, 0xFF, 0xFE, 0x7C, 0x0F, 0x9E, 0x01, 0xFF, 0x80, 0x3F, 0xC0, 0x0F, 0xF0, 0x03,
    0xFC, 0x00, 0xFF, 0x00, 0x3F, 0xC0, 0x0F, 0xF8, 0x03, 0xFE, 0x01, 0xF7, 0xC0, 0xF9, 0xF8, 0x7E,
    0x3F, 0xFF, 0x07, 0xFF, 0xE0, 0xFF, 0xFC, 0x07, 0x9F, 0x00, 0x03, 0x80, 0x00, 0x40, 0xFF, 0xE1,
    0xFF, 0xE3, 0xFF, 0xE7, 0xFF, 0xEF, 0x07, 0xDE, 0x07, 0xBC, 0x0F, 0x78, 0x1E, 0xF0, 0xFD, 0xFF,
    0xFB, 0xFF, 0xE7, 0xFF, 0x8F, 0xFE, 0x1E, 0x3E, 0x3C, 0x3C, 0x78, 0x7C, 0xF0, 0x7D, 0xE0, 0xFB,
    0xC0, 0xF8, 0x1F, 0xF0, 0x7F, 0xF1, 0xFF, 0xF7, 0xE3, 0xFF, 0x83, 0xDE, 0x02, 0x3E, 0x00, 0x3F,
    0x00, 0x7F, 0xC0, 0x7F, 0xF0, 0x3F, 0xF0, 0x0F, 0xE0, 0x03, 0xE4, 0x03, 0xDC, 0x0F, 0xFC, 0x3F,
    0xFF, 0xFC, 0xFF, 0xF0, 0xFF, 0xC0, 0x3E, 0x00, 0xFF, 0xFF, 0xFF, 0xFF, 0xFF, 0xFF, 0xFF, 0xF0,
    0x78, 0x00, 0xF0, 0x01, 0xE0, 0x03, 0xC0, 0x07, 0x80, 0x0F, 0x00, 0x1E, 0x00, 0x3C, 0x00, 0x78,
    0x00, 0xF0, 0x01, 0xE0, 0x03, 0xC0, 0x07, 0x80, 0x0F, 0x00, 0x1E, 0x00, 0xF0, 0x1F, 0xE0, 0x3F,
    0xC0, 0x7F, 0x80, 0xFF, 0x01, 0xFE, 0x03, 0xFC, 0x07, 0xF8, 0x0F, 0xF0, 0x1F, 0xE0, 0x3F, 0xC0,
    0x7F, 0x80, 0xFF, 0x01, 0xFE, 0x03, 0xFE, 0x07, 0xFE, 0x3F, 0x7F, 0xFC, 0x7F, 0xF8, 0x7F, 0xC0,
    0x3E, 0x00, 0xF8, 0x03, 0xEF, 0x00, 0x7D, 0xF0, 0x0F, 0x3E, 0x03, 0xE3, 0xC0, 0x78, 0x7C, 0x0F,
    0x07, 0x83, 0xE0, 0xF0, 0x78, 0x1F, 0x0F, 0x01, 0xE3, 0xE0, 0x3C, 0x78, 0x07, 0xDF, 0x00, 0x7B,
    0xC0, 0x0F, 0x78, 0x00, 0xFF, 0x00, 0x1F, 0xC0, 0x03, 0xF8, 0x00, 0x3E, 0x00, 0x07, 0xC0, 0x00,
    0xF8, 0x0F, 0x00, 0xF7, 0x81, 0xF8, 0x1F, 0x78, 0x1F, 0x81, 0xE7, 0x81, 0xF8, 0x1E, 0x7C, 0x3F,
    0xC1, 0xE3, 0xC3, 0xFC, 0x3E, 0x3C, 0x3F, 0xC3, 0xC3, 0xC3, 0xDE, 0x3C, 0x1E, 0x79, 0xE3, 0xC1,
    0xE7, 0x9E, 0x78, 0x1E, 0x78, 0xE7, 0x81, 0xE7, 0x0F, 0x78, 0x0F, 0xF0, 0xF7, 0x80, 0xFF, 0x07,
    0xF0, 0x0F, 0xE0, 0x7F, 0x00, 0xFE, 0x07, 0xF0, 0x07, 0xE0, 0x7E, 0x00, 0x7C, 0x03, 0xE0, 0x07,
    0xC0, 0x3E, 0x00, 0x7C, 0x07, 0xE7, 0xC0, 0xF8, 0x7C, 0x3E, 0x0F, 0x8F, 0x80, 0xF9, 0xF0, 0x0F,
    0xFC, 0x01, 0xFF, 0x00, 0x1F, 0xC0, 0x01, 0xF8, 0x00, 0x3E, 0x00, 0x0F, 0xE0, 0x01, 0xFE, 0x00,
    0x7F, 0xC0, 0x1F, 0x7C, 0x03, 0xE7, 0xC0, 0xF8, 0x78, 0x3E, 0x0F, 0x87, 0xC0, 0xFB, 0xF0, 0x1F,
    0x80, 0xF8, 0x07, 0xEF, 0x80, 0xF8, 0xF0, 0x3E, 0x1F, 0x07, 0x81, 0xE1, 0xF0, 0x3E, 0x3C, 0x03,
    0xCF, 0x80, 0x3D, 0xE0, 0x07, 0xF8, 0x00, 0x7F, 0x00, 0x0F, 0xC0, 0x00, 0xF8, 0x00, 0x1E, 0x00,
    0x03, 0xC0, 0x00, 0x78, 0x00, 0x0F, 0x00, 0x01, 0xE0, 0x00, 0x3C, 0x00, 0x07, 0x80, 0x00, 0xFF,
    0xFF, 0xFF, 0xFF, 0xFF, 0xFF, 0xFF, 0xE0, 0x07, 0xC0, 0x1F, 0x00, 0x7C, 0x01, 0xF0, 0x03, 0xE0,
    0x0F, 0x80, 0x3E, 0x00, 0xF8, 0x01, 0xF0, 0x07, 0xC0, 0x1F, 0x00, 0x7F, 0xFF, 0xFF, 0xFF, 0xFF,
    0xFF, 0xFF, 0xF8, 0xFF, 0xFF, 0xFF, 0x8F, 0x1E, 0x3C, 0x78, 0xF1, 0xE3, 0xC7, 0x8F, 0x1E, 0x3C,
    0x78, 0xF1, 0xE3, 0xC7, 0xFF, 0xFF, 0xFF, 0x80, 0xF0, 0x1E, 0x07, 0x81, 0xE0, 0x38, 0x0F, 0x03,
    0xC0, 0xF0, 0x1E, 0x07, 0x81, 0xE0, 0x3C, 0x0F, 0x03, 0xC0, 0x70, 0x1E, 0x07, 0x81, 0xE0, 0x3C,
    0xFF, 0xFF, 0xF8, 0xF1, 0xE3, 0xC7, 0x8F, 0x1E, 0x3C, 0x78, 0xF1, 0xE3, 0xC7, 0x8F, 0x1E, 0x3C,
    0x7F, 0xFF, 0xFF, 0xFF, 0x80, 0x0F, 0x00, 0xF8, 0x1F, 0x81, 0xFC, 0x3D, 0xC3, 0x9E, 0x70, 0xEF,
    0x0F, 0xFF, 0xFF, 0xFF, 0xFF, 0xF0, 0x21, 0xCF, 0x1E, 0x3C, 0x60, 0x0F, 0x03, 0xFC, 0x7F, 0xEF,
    0xFF, 0x30, 0xF0, 0x0F, 0x0F, 0xF3, 0xFF, 0x7F, 0xFF, 0xFF, 0xF0, 0xFF, 0x0F, 0xFF, 0xFF, 0xFF,
    0x7F, 0xF1, 0xC0, 0xF8, 0x01, 0xF0, 0x03, 0xE0, 0x07, 0xC0, 0x0F, 0x9C, 0x1F, 0xFE, 0x3F, 0xFE,
    0x7F, 0xFE, 0xFC, 0x7D, 0xF0, 0x7B, 0xE0, 0xF7, 0x81, 0xFF, 0x03, 0xDF, 0x07, 0xBE, 0x0F, 0x7E,
    0x3E, 0xFF, 0xFD, 0xFF, 0xF3, 0xFF, 0xC0, 0x0E, 0x00, 0x07, 0x80, 0xFF, 0x0F, 0xFC, 0xFF, 0xFF,
    0x8F, 0x7C, 0x33, 0xC0, 0x1E, 0x00, 0xF0, 0x07, 0x80, 0x3C, 0x19, 0xF1, 0xE7, 0xFF, 0x9F, 0xF8,
    0x7F, 0x80, 0xF0, 0x00, 0x3C, 0x00, 0xF0, 0x03, 0xC0, 0x0F, 0x0E, 0x3C, 0xFE, 0xF7, 0xFF, 0xDF,
    0xFF, 0xFC, 0xFF, 0xE1, 0xFF, 0x03, 0xFC, 0x0F, 0xF0, 0x3F, 0xC0, 0xFF, 0x87, 0xFE, 0x3F, 0x7F,
    0xFD, 0xFF, 0xF3, 0xFB, 0xC3, 0x80, 0x07, 0x80, 0x7F, 0x83, 0xFF, 0x1F, 0xFE, 0xF8, 0x7B, 0xC1,
    0xEF, 0xFF, 0xFF, 0xFF, 0xFF, 0xFB, 0xC0, 0x0F, 0x04, 0x3E, 0x1C, 0x7F, 0xF8, 0xFF, 0xC1, 0xFE,
    0x01, 0xE0, 0x03, 0x03, 0xF1, 0xFC, 0x7F, 0x3E, 0x0F, 0x0F, 0xFF, 0xFF, 0xFF, 0xFF, 0xF3, 0xC0,
    0xF0, 0x3C, 0x0F, 0x03, 0xC0, 0xF0, 0x3C, 0x0F, 0x03, 0xC0, 0xF0, 0x0E, 0x00, 0xFE, 0xF7, 0xFF,
    0xDF, 0xFF, 0xF8, 0xFF, 0xC1, 0xFF, 0x03, 0xFC, 0x0F, 0xF0, 0x3F, 0xC0, 0xFF, 0x87, 0xDF, 0xFF,
    0x7F, 0xFC, 0xFE, 0xF1, 0xF3, 0xC0, 0x0F, 0x30, 0x7F, 0xE3, 0xE7, 0xFF, 0x8F, 0xFC, 0x1F, 0xC0,
    0xF8, 0x07, 0xC0, 0x3E, 0x01, 0xF0, 0x0F, 0x9C, 0x7D, 0xFB, 0xFF, 0xFF, 0xFF, 0xFC, 0xFF, 0xC3,
    0xFE, 0x1F, 0xF0, 0xFF, 0x87, 0xFC, 0x3F, 0xE1, 0xFF, 0x0F, 0xF8, 0x7F, 0xC3, 0xFE, 0x1E, 0x77,
    0xFE, 0xF3, 0x01, 0xEF, 0x7B, 0xDE, 0xF7, 0xBD, 0xEF, 0x7B, 0xDE, 0xF0, 0x0E, 0x0F, 0x1F, 0x0F,
    0x06, 0x00, 0x0F, 0x0F, 0x0F, 0x0F, 0x0F, 0x0F, 0x0F, 0x0F, 0x0F, 0x0F, 0x0F, 0x0F, 0x0F, 0x0F,
    0x0F, 0x0F, 0xFF, 0xFE, 0xFE, 0xFC, 0xF8, 0x01, 0xF0, 0x03, 0xE0, 0x07, 0xC0, 0x0F, 0x80, 0x1F,
    0x0F, 0xBE, 0x3E, 0x7C, 0xF8, 0xFB, 0xE1, 0xFF, 0x83, 0xFE, 0x07, 0xFE, 0x0F, 0xFE, 0x1F, 0xFC,
    0x3E, 0x7C, 0x7C, 0xF8, 0xF8, 0xF9, 0xF0, 0xFB, 0xE1, 0xF8, 0xFB, 0xEF, 0xBE, 0xFB, 0xEF, 0xBE,
    0xFB, 0xEF, 0xBE, 0xFB, 0xEF, 0xBE, 0xFD, 0xF7, 0xC0, 0x01, 0xC1, 0xC7, 0xBF, 0x3F, 0xBD, 0xFF,
    0xFF, 0xFF, 0xFF, 0xFF, 0x8F, 0xCF, 0xFC, 0x3C, 0x3F, 0xC1, 0xE1, 0xFE, 0x0F, 0x0F, 0xF0, 0x78,
    0x7F, 0x83, 0xC3, 0xFC, 0x1E, 0x1F, 0xE0, 0xF0, 0xFF, 0x07, 0x87, 0xF8, 0x3C, 0x3F, 0xC1, 0xE1,
    0xE0, 0x01, 0xC7, 0xBF, 0xBD, 0xFF, 0xFF, 0xFF, 0xCF, 0xFC, 0x3F, 0xC1, 0xFE, 0x0F, 0xF0, 0x7F,
    0x83, 0xFC, 0x1F, 0xE0, 0xFF, 0x07, 0xF8, 0x3F, 0xC1, 0xE0, 0x07, 0x80, 0x7F, 0x83, 0xFF, 0x1F,
    0xFE, 0xFC, 0xFB, 0xE1, 0xFF, 0x03, 0xFC, 0x0F, 0xF0, 0x3F, 0xC0, 0xFF, 0x87, 0xFE, 0x3E, 0x7F,
    0xF8, 0xFF, 0xC1, 0xFE, 0x01, 0xE0, 0x01, 0xC3, 0xDF, 0xCF, 0xFF, 0xBF, 0xFF, 0xFC, 0x7F, 0xE0,
    0xFF, 0x83, 0xFC, 0x0F, 0xF0, 0x3F, 0xE0, 0xFF, 0x83, 0xFF, 0x1F, 0xFF, 0xFF, 0xFF, 0xEF, 0x7F,
    0x3C, 0x70, 0xF0, 0x03, 0xC0, 0x0F, 0x00, 0x3C, 0x00, 0xF0, 0x00, 0x0E, 0x00, 0xFE, 0xF7, 0xFF,
    0xDF, 0xFF, 0xFC, 0xFF, 0xE1, 0xFF, 0x03, 0xFC, 0x0F, 0xF0, 0x3F, 0xC0, 0xFF, 0x87, 0xFE, 0x3F,
    0x7F, 0xFD, 0xFF, 0xF3, 0xFB, 0xC3, 0x8F, 0x00, 0x3C, 0x00, 0xF0, 0x03, 0xC0, 0x0F, 0x00, 0x3C,
    0x00, 0xFC, 0xFF, 0x7F, 0xFF, 0xFE, 0x3E, 0x0F, 0x83, 0xE0, 0xF0, 0x3C, 0x0F, 0x03, 0xC0, 0xF0,
    0x3C, 0x0F, 0x00, 0x07, 0x80, 0xFF, 0x0F, 0xFC, 0xFF, 0xF7, 0x86, 0x3C, 0x01, 0xFC, 0x07, 0xFC,
    0x1F, 0xF0, 0x1F, 0xC4, 0x3E, 0x60, 0xFF, 0xFF, 0xBF, 0xF8, 0xFF, 0x80, 0xF0, 0x1E, 0x07, 0x81,
    0xE0, 0x78, 0xFF, 0xFF, 0xFF, 0xFF, 0xFF, 0x1E, 0x07, 0x81, 0xE0, 0x78, 0x1E, 0x07, 0x81, 0xE0,
    0x7F, 0x1F, 0xC3, 0xF0, 0x38, 0xF0, 0x7F, 0x83, 0xFC, 0x1F, 0xE0, 0xFF, 0x07, 0xF8, 0x3F, 0xC1,
    0xFE, 0x0F, 0xF0, 0x7F, 0xC3, 0xFE, 0x3E, 0xFF, 0xF7, 0xFF, 0x9F, 0xBC, 0x38, 0x00, 0xF0, 0x3F,
    0xF0, 0x79, 0xE0, 0xF3, 0xC3, 0xE7, 0xC7, 0x87, 0x8F, 0x0F, 0x3C, 0x0F, 0x78, 0x1E, 0xF0, 0x3D,
    0xC0, 0x3F, 0x80, 0x7F, 0x00, 0xFC, 0x00, 0xF8, 0x00, 0xF0, 0x78, 0x3F, 0xF0, 0xF8, 0x79, 0xE3,
    0xF0, 0xF3, 0xC7, 0xE3, 0xC7, 0x8F, 0xC7, 0x87, 0x1F, 0xCF, 0x0F, 0x7B, 0x9C, 0x1E, 0xE7, 0x78,
    0x3D, 0xCE, 0xF0, 0x3F, 0x8F, 0xE0, 0x7F, 0x1F, 0x80, 0xFC, 0x3F, 0x00, 0xF8, 0x7E, 0x01, 0xF0,
    0x78, 0x00, 0xF8, 0x7E, 0xF8, 0xF0, 0xFB, 0xE0, 0xF7, 0x80, 0xFE, 0x01, 0xFC, 0x01, 0xF0, 0x03,
    0xE0, 0x0F, 0xE0, 0x3F, 0xC0, 0xFB, 0xC1, 0xE7, 0xC7, 0xC7, 0xDF, 0x07, 0xC0, 0xF0, 0x1F, 0xF0,
    0x7D, 0xE0, 0xF3, 0xC1, 0xE3, 0xC7, 0xC7, 0x8F, 0x0F, 0x1E, 0x0F, 0x78, 0x1E, 0xF0, 0x1F, 0xE0,
    0x3F, 0x80, 0x7F, 0x00, 0x7C, 0x00, 0xF8, 0x01, 0xF0, 0x03, 0xC0, 0x07, 0x80, 0x1E, 0x00, 0x3C,
    0x00, 0xF8, 0x00, 0xFF, 0xEF, 0xFE, 0xFF, 0xE0, 0x3E, 0x07, 0xC0, 0xF8, 0x0F, 0x01, 0xE0, 0x3E,
    0x07, 0xC0, 0xF8, 0x0F, 0xFF, 0xFF, 0xFF, 0xFF, 0x03, 0xC1, 0xF0, 0xFC, 0x3E, 0x1E, 0x07, 0x81,
    0xE0, 0x78, 0x1E, 0x3F, 0x8F, 0xC3, 0xE0, 0xFE, 0x07, 0x81, 0xE0, 0x78, 0x1E, 0x07, 0x81, 0xF0,
    0x3F, 0x0F, 0xC1, 0xF0, 0x04, 0xFF, 0xFF, 0xFF, 0xFF, 0xFF, 0xFF, 0xFF, 0xFF, 0xFF, 0xFF, 0xFF,
    0xF0, 0xF0, 0x3E, 0x0F, 0xC1, 0xF8, 0x1E, 0x07, 0x81, 0xE0, 0x78, 0x1E, 0x07, 0xF0, 0xFC, 0x1F,
    0x0F, 0xC7, 0x81, 0xE0, 0x78, 0x1E, 0x07, 0x83, 0xE3, 0xF0, 0xFC, 0x3E, 0x08, 0x00, 0x00, 0x08,
    0x3E, 0x18, 0xFF, 0xFB, 0xFF, 0xFF, 0xFF, 0xC6, 0x3F, 0x04, 0x00, 0x00, 0x00, 0x00, 0xF7, 0xBD,
    0xE0, 0x03, 0xDE, 0xF7, 0xBD, 0xEF, 0x7B, 0xDE, 0xF7, 0xBE, 0x03, 0xC0, 0x0F, 0x00, 0x3C, 0x07,
    0xFC, 0x3F, 0xF9, 0xFF, 0xF7, 0xC3, 0xBE, 0x04, 0xF0, 0x03, 0xC0, 0x0F, 0x00, 0x3C, 0x00, 0xF8,
    0x11, 0xF0, 0xE7, 0xFF, 0xCF, 0xFE, 0x1F, 0xF0, 0x0F, 0x00, 0x3C, 0x00, 0xF0, 0x0F, 0xE0, 0x7F,
    0xE3, 0xFF, 0x8F, 0xBF, 0x3C, 0x39, 0xE0, 0x47, 0x80, 0x1E, 0x00, 0xFF, 0xE3, 0xFF, 0x8F, 0xFE,
    0x3F, 0xF8, 0x78, 0x01, 0xE0, 0x07, 0x80, 0x1C, 0x00, 0xFF, 0xFF, 0xFF, 0xFF, 0xFF, 0xC0, 0x30,
    0x03, 0x1E, 0x11, 0xEF, 0xFF, 0xFD, 0xFF, 0xFE, 0x3F, 0xFF, 0x07, 0xFF, 0x83, 0xE1, 0xF0, 0xF0,
    0x3C, 0x3C, 0x0F, 0x0F, 0x03, 0xC3, 0xE0, 0xF0, 0x7C, 0xFC, 0x3F, 0xFF, 0x1F, 0xFF, 0xEF, 0xFF,
    0xFD, 0xE7, 0x9E, 0x30, 0x03, 0x08, 0x00, 0x40, 0xF8, 0x1F, 0x78, 0x3E, 0x3C, 0x3C, 0x3C, 0x7C,
    0x1E, 0x78, 0x1E, 0xF0, 0x0F, 0xF0, 0x0F, 0xE0, 0x07, 0xE0, 0x3F, 0xFC, 0x3F, 0xFC, 0x3F, 0xFC,
    0x03, 0xC0, 0x3F, 0xFC, 0x3F, 0xFC, 0x3F, 0xFC, 0x03, 0xC0, 0x03, 0xC0, 0x03, 0xC0, 0xFF, 0xFF,
    0xFF, 0xFF, 0xF0, 0x00, 0x0F, 0xFF, 0xFF, 0xFF, 0xFF, 0xF0, 0x07, 0xF8, 0x1F, 0xFC, 0x3F, 0xFE,
    0x3C, 0x1F, 0x3C, 0x08, 0x3C, 0x00, 0x3F, 0x00, 0x1F, 0xF0, 0x3F, 0xFC, 0x7F, 0xFE, 0xF8, 0x3E,
    0xF8, 0x1F, 0xF8, 0x0F, 0xFC, 0x1E, 0x7F, 0xFE, 0x3F, 0xFC, 0x0F, 0xFC, 0x01, 0xFC, 0x00, 0x3E,
    0x10, 0x1E, 0x38, 0x3E, 0xFC, 0x7E, 0x7F, 0xFC, 0x3F, 0xF8, 0x0F, 0xE0, 0x71, 0xBC, 0xFF, 0x3F,
    0xCF, 0x01, 0xFC, 0x00, 0x3F, 0xF8, 0x07, 0x00, 0xE0, 0x70, 0x01, 0x83, 0x07, 0x86, 0x30, 0xFE,
    0x19, 0x8F, 0xF8, 0xD8, 0x71, 0xC2, 0xC7, 0x84, 0x1E, 0x38, 0x00, 0xF1, 0xC0, 0x07, 0x8E, 0x00,
    0x3C, 0x78, 0x41, 0xE1, 0xEF, 0x09, 0x8F, 0xF8, 0xCC, 0x3F, 0x86, 0x30, 0x60, 0x60, 0xC0, 0x06,
    0x03, 0x80, 0xE0, 0x0F, 0xFE, 0x00, 0x0F, 0x00, 0x00, 0x1E, 0x7F, 0x27, 0x03, 0x3F, 0x7F, 0xE3,
    0x7F, 0x7B, 0x10, 0x0F, 0x9F, 0x1F, 0x3E, 0x3E, 0x7C, 0x3C, 0x78, 0x78, 0xF8, 0xF9, 0xF0, 0xF9,
    0xF0, 0x78, 0xF8, 0x7C, 0x78, 0x3E, 0x7C, 0x1F, 0x3E, 0x0F, 0x9F, 0xFF, 0xFF, 0xFF, 0xFF, 0xFE,
    0x00, 0xF0, 0x07, 0x80, 0x3C, 0x01, 0xE0, 0x0F, 0xFF, 0xFF, 0xFF, 0xFF, 0xFF, 0x0F, 0x81, 0xC7,
    0x18, 0x0C, 0x9F, 0x2C, 0xD9, 0xC6, 0xE6, 0x3E, 0x31, 0xE1, 0xCD, 0x9A, 0x6E, 0x98, 0x0C, 0x71,
    0xC0, 0xF8, 0x00, 0xFF, 0xFF, 0xFF, 0x3E, 0x3F, 0xB8, 0xF8, 0x3C, 0x3F, 0x1D, 0xFC, 0x7C, 0x07,
    0x80, 0x1E, 0x00, 0x78, 0x01, 0xE0, 0xFF, 0xFF, 0xFF, 0xFF, 0xFF, 0xFF, 0xFF, 0x07, 0x80, 0x1E,
    0x00, 0x78, 0x01, 0xE0, 0x00, 0x03, 0xFF, 0xFF, 0xFF, 0xFF, 0xFF, 0xFF, 0xFC, 0x1E, 0x3F, 0xBF,
    0xEC, 0x70, 0x38, 0x3C, 0x3C, 0x3C, 0x3C, 0x3F, 0xFF, 0xFF, 0xF0, 0x7F, 0xBF, 0xDF, 0xE1, 0xE1,
    0xE1, 0xF8, 0x7E, 0x07, 0x23, 0xFB, 0xDF, 0xE7, 0xE0, 0x80, 0x30, 0xE7, 0xFE, 0xF3, 0x80, 0xF0,
    0x7F, 0x83, 0xFC, 0x1F, 0xE0, 0xFF, 0x07, 0xF8, 0x3F, 0xC1, 0xFE, 0x0F, 0xF0, 0x7F, 0x83, 0xFE,
    0x3F, 0xFF, 0xFF, 0xFF, 0xFF, 0xBF, 0xD8, 0x1E, 0x00, 0xF0, 0x07, 0x80, 0x3C, 0x01, 0xE0, 0x00,
    0x0F, 0xFF, 0x9F, 0xFF, 0xDF, 0xFF, 0xEF, 0x9E, 0x7F, 0x0F, 0x3F, 0x87, 0x9F, 0xC3, 0xCF, 0xF1,
    0xE7, 0x7F, 0xF3, 0xBF, 0xF9, 0xCF, 0xFC, 0xE0, 0xFE, 0x70, 0x0F, 0x38, 0x07, 0x9C, 0x03, 0xCE,
    0x01, 0xE7, 0x00, 0xF3, 0x80, 0x79, 0xC0, 0x3C, 0xE0, 0x1E, 0x70, 0x0F, 0x38, 0x07, 0x9C, 0x03,
    0xCE, 0x01, 0xE7, 0xFF, 0xFF, 0xFF, 0x80, 0x73, 0xCF, 0x97, 0xFF, 0xE0, 0x3F, 0xFF, 0xFF, 0xBC,
    0xF3, 0xCF, 0x3C, 0xF3, 0xCF, 0x3C, 0x7E, 0xFF, 0xE7, 0xC3, 0xC3, 0xE7, 0xFF, 0x7E, 0x08, 0xF9,
    0xF0, 0x7C, 0xF8, 0x3C, 0x7C, 0x3E, 0x3C, 0x1F, 0x3E, 0x0F, 0x9F, 0x0F, 0x9F, 0x1F, 0x3E, 0x3E,
    0x3C, 0x3C, 0x7C, 0x7C, 0xF8, 0xF9, 0xF0, 0x1C, 0x00, 0xF0, 0xF8, 0x03, 0xC3, 0xF0, 0x07, 0x07,
    0xE0, 0x1E, 0x0B, 0xC0, 0x78, 0x07, 0x81, 0xE0, 0x0F, 0x03, 0x80, 0x1E, 0x0F, 0x00, 0x3C, 0x3C,
    0x78, 0x78, 0x71, 0xF0, 0xF1, 0xC3, 0xE1, 0xE7, 0x8F, 0xC3, 0xDE, 0x1F, 0x80, 0x38, 0x77, 0x00,
    0xF0, 0xEE, 0x03, 0xC3, 0x9C, 0x07, 0x07, 0xFE, 0x1C, 0x0F, 0xFC, 0x78, 0x00, 0xE1, 0xE0, 0x01,
    0xC0, 0x1C, 0x00, 0xF0, 0x7C, 0x01, 0xE0, 0xFC, 0x01, 0xC0, 0xFC, 0x03, 0xC0, 0xBC, 0x07, 0x80,
    0x3C, 0x0F, 0x00, 0x3C, 0x0E, 0x00, 0x3C, 0x1E, 0x00, 0x3C, 0x3C, 0x7C, 0x3C, 0x38, 0xFE, 0x3C,
    0x71, 0xFE, 0x3C, 0xF0, 0xCF, 0x3D, 0xE0, 0x4F, 0x01, 0xC0, 0x0E, 0x03, 0xC0, 0x1E, 0x07, 0x80,
    0x3C, 0x07, 0x00, 0x78, 0x0E, 0x00, 0xFF, 0x1E, 0x01, 0xFF, 0x3C, 0x01, 0xFF, 0x7F, 0x80, 0x3C,
    0x3F, 0xC0, 0x1C, 0x1F, 0xE0, 0x1C, 0x00, 0xE0, 0x1E, 0x00, 0xE0, 0x1E, 0x01, 0xF8, 0x0E, 0x00,
    0x7E, 0x0F, 0x00, 0x2F, 0x0F, 0x00, 0x23, 0x87, 0x1E, 0x39, 0xC7, 0x1F, 0x3F, 0xE7, 0x8F, 0x8F,
    0xE7, 0x8E, 0xC1, 0xC3, 0x87, 0x60, 0x03, 0xC7, 0x30, 0x03, 0xC3, 0x98, 0x03, 0xC3, 0xCC, 0x01,
    0xC1, 0xFF, 0x81, 0xE0, 0xFF, 0xC1, 0xE0, 0x01, 0x81, 0xE0, 0x00, 0xC0, 0x0F, 0x00, 0x78, 0x03,
    0xC0, 0x1E, 0x00, 0x00, 0x00, 0x00, 0x3C, 0x01, 0xE0, 0x0F, 0x00, 0xF8, 0x0F, 0x80, 0xF8, 0x0F,
    0x80, 0x78, 0x23, 0xC3, 0xDF, 0xBF, 0xFF, 0xF3, 0xFF, 0x0F, 0xF0, 0x08, 0x00, 0x00, 0x80, 0x00,
    0x38, 0x00, 0x0F, 0x80, 0x00, 0xF8, 0x00, 0x0F, 0x00, 0x00, 0x40, 0x00, 0x00, 0x00, 0x0F, 0x80,
    0x01, 0xF0, 0x00, 0x7F, 0x00, 0x0F, 0xE0, 0x01, 0xFC, 0x00, 0x7B, 0xC0, 0x0F, 0x78, 0x01, 0xEF,
    0x80, 0x78, 0xF0, 0x0F, 0x1E, 0x03, 0xE3, 0xE0, 0x7F, 0xFC, 0x0F, 0xFF, 0x83, 0xFF, 0xF8, 0x7F,
    0xFF, 0x0F, 0x01, 0xF3, 0xE0, 0x1E, 0x78, 0x03, 0xDF, 0x00, 0x7C, 0x00, 0x20, 0x00, 0x0E, 0x00,
    0x03, 0xF0, 0x00, 0x78, 0x00, 0x1E, 0x00, 0x00, 0x80, 0x00, 0x00, 0x00, 0x0F, 0x80, 0x01, 0xF0,
    0x00, 0x7F, 0x00, 0x0F, 0xE0, 0x01, 0xFC, 0x00, 0x7B, 0xC0, 0x0F, 0x78, 0x01, 0xEF, 0x80, 0x78,
    0xF0, 0x0F, 0x1E, 0x03, 0xE3, 0xE0, 0x7F, 0xFC, 0x0F, 0xFF, 0x83, 0xFF, 0xF8, 0x7F, 0xFF, 0x0F,
    0x01, 0xF3, 0xE0, 0x1E, 0x78, 0x03, 0xDF, 0x00, 0x7C, 0x01, 0xF0, 0x00, 0x3E, 0x00, 0x0F, 0xE0,
    0x03, 0xCE, 0x00, 0x20, 0x80, 0x00, 0x00, 0x00, 0x7C, 0x00, 0x0F, 0x80, 0x03, 0xF8, 0x00, 0x7F,
    0x00, 0x0F, 0xE0, 0x03, 0xDE, 0x00, 0x7B, 0xC0, 0x0F, 0x7C, 0x03, 0xC7, 0x80, 0x78, 0xF0, 0x1F,
    0x1F, 0x03, 0xFF, 0xE0, 0x7F, 0xFC, 0x1F, 0xFF, 0xC3, 0xFF, 0xF8, 0x78, 0x0F, 0x9F, 0x00, 0xF3,
    0xC0, 0x1E, 0xF8, 0x03, 0xE0, 0x03, 0x88, 0x00, 0xF9, 0xC0, 0x1F, 0xF0, 0x07, 0xFE, 0x00, 0x23,
    0x80, 0x00, 0x00, 0x00, 0x7C, 0x00, 0x0F, 0x80, 0x03, 0xF8, 0x00, 0x7F, 0x00, 0x0F, 0xE0, 0x03,
    0xDE, 0x00, 0x7B, 0xC0, 0x0F, 0x7C, 0x03, 0xC7, 0x80, 0x78, 0xF0, 0x1F, 0x1F, 0x03, 0xFF, 0xE0,
    0x7F, 0xFC, 0x1F, 0xFF, 0xC3, 0xFF, 0xF8, 0x78, 0x0F, 0x9F, 0x00, 0xF3, 0xC0, 0x1E, 0xF8, 0x03,
    0xE0, 0x06, 0x0C, 0x01, 0xE3, 0xC0, 0x3C, 0x78, 0x07, 0x8F, 0x00, 0x60, 0xC0, 0x00, 0x00, 0x00,
    0x7C, 0x00, 0x0F, 0x80, 0x03, 0xF8, 0x00, 0x7F, 0x00, 0x0F, 0xE0, 0x03, 0xDE, 0x00, 0x7B, 0xC0,
    0x0F, 0x7C, 0x03, 0xC7, 0x80, 0x78, 0xF0, 0x1F, 0x1F, 0x03, 0xFF, 0xE0, 0x7F, 0xFC, 0x1F, 0xFF,
    0xC3, 0xFF, 0xF8, 0x78, 0x0F, 0x9F, 0x00, 0xF3, 0xC0, 0x1E, 0xF8, 0x03, 0xE0, 0x00, 0xF0, 0x00,
    0x3E, 0x00, 0x06, 0x60, 0x00, 0xCC, 0x00, 0x1F, 0x00, 0x01, 0xC0, 0x00, 0x00, 0x00, 0x0F, 0x80,
    0x01, 0xF0, 0x00, 0x7F, 0x00, 0x0F, 0xE0, 0x01, 0xFC, 0x00, 0x7B, 0xC0, 0x0F, 0x78, 0x01, 0xEF,
    0x80, 0x78, 0xF0, 0x0F, 0x1E, 0x03, 0xE3, 0xE0, 0x7F, 0xFC, 0x0F, 0xFF, 0x83, 0xFF, 0xF8, 0x7F,
    0xFF, 0x0F, 0x01, 0xF3, 0xE0, 0x1E, 0x78, 0x03, 0xDF, 0x00, 0x7C, 0x00, 0x1F, 0xFF, 0xE0, 0x03,
    0xFF, 0xFC, 0x00, 0xFF, 0xFF, 0x80, 0x1F, 0xFF, 0xF0, 0x07, 0xFE, 0x00, 0x01, 0xF7, 0xC0, 0x00,
    0x3E, 0xF8, 0x00, 0x0F, 0x9F, 0x00, 0x01, 0xE3, 0xFF, 0xC0, 0x7C, 0x7F, 0xF8, 0x1F, 0x0F, 0xFF,
    0x03, 0xFF, 0xF0, 0x00, 0xFF, 0xFE, 0x00, 0x1F, 0xFF, 0xC0, 0x07, 0xFF, 0xF8, 0x01, 0xF0, 0x1F,
    0x00, 0x3E, 0x03, 0xFF, 0xEF, 0x80, 0x7F, 0xFF, 0xE0, 0x0F, 0xFF, 0x80, 0x07, 0xF8, 0x0F, 0xFF,
    0x0F, 0xFF, 0xC7, 0xF7, 0xF7, 0xC0, 0xF3, 0xC0, 0x23, 0xE0, 0x01, 0xE0, 0x00, 0xF0, 0x00, 0x78,
    0x00, 0x3C, 0x00, 0x1E, 0x00, 0x0F, 0x80, 0x03, 0xC0, 0x21, 0xF0, 0x18, 0xFE, 0x3F, 0x3F, 0xFF,
    0x0F, 0xFF, 0x03, 0xFF, 0x00, 0x3C, 0x00, 0x1E, 0x00, 0x0F, 0x80, 0x03, 0xE0, 0x03, 0xE0, 0x01,
    0xF0, 0x00, 0x0C, 0x00, 0xE0, 0x0F, 0x80, 0x3E, 0x00, 0x78, 0x01, 0x00, 0x00, 0x1F, 0xFF, 0xFF,
    0xFF, 0xFF, 0xFF, 0xFF, 0xE0, 0x0F, 0x00, 0x78, 0x03, 0xC0, 0x1F, 0xFE, 0xFF, 0xF7, 0xFF, 0xBC,
    0x01, 0xE0, 0x0F, 0x00, 0x78, 0x03, 0xC0, 0x1F, 0xFF, 0xFF, 0xFF, 0xFF, 0xC0, 0x01, 0x00, 0x1C,
    0x01, 0xF0, 0x1F, 0x00, 0xF0, 0x02, 0x00, 0x00, 0x1F, 0xFF, 0xFF, 0xFF, 0xFF, 0xFF, 0xFF, 0xE0,
    0x0F, 0x00, 0x78, 0x03, 0xC0, 0x1F, 0xFE, 0xFF, 0xF7, 0xFF, 0xBC, 0x01, 0xE0, 0x0F, 0x00, 0x78,
    0x03, 0xC0, 0x1F, 0xFF, 0xFF, 0xFF, 0xFF, 0xC0, 0x0F, 0x00, 0xFC, 0x07, 0xF0, 0x73, 0xC1, 0x0C,
    0x00, 0x03, 0xFF, 0xFF, 0xFF, 0xFF, 0xFF, 0xFF, 0xFC, 0x01, 0xE0, 0x0F, 0x00, 0x78, 0x03, 0xFF,
    0xDF, 0xFE, 0xFF, 0xF7, 0x80, 0x3C, 0x01, 0xE0, 0x0F, 0x00, 0x78, 0x03, 0xFF, 0xFF, 0xFF, 0xFF,
    0xF8, 0x30, 0x43, 0xC7, 0x1E, 0x7C, 0xF3, 0xE3, 0x0E, 0x00, 0x03, 0xFF, 0xFF, 0xFF, 0xFF, 0xFF,
    0xFF, 0xFC, 0x01, 0xE0, 0x0F, 0x00, 0x78, 0x03, 0xFF, 0xDF, 0xFE, 0xFF, 0xF7, 0x80, 0x3C, 0x01,
    0xE0, 0x0F, 0x00, 0x78, 0x03, 0xFF, 0xFF, 0xFF, 0xFF, 0xF8, 0x21, 0xCF, 0x9F, 0x3C, 0x20, 0x0F,
    0x3C, 0xF3, 0xCF, 0x3C, 0xF3, 0xCF, 0x3C, 0xF3, 0xCF, 0x3C, 0xF3, 0xCF, 0x3C, 0xF0, 0x18, 0x78,
    0xFB, 0xEF, 0x04, 0x00, 0x3C, 0x78, 0xF1, 0xE3, 0xC7, 0x8F, 0x1E, 0x3C, 0x78, 0xF1, 0xE3, 0xC7,
    0x8F, 0x1E, 0x3C, 0x78, 0xF0, 0x1E, 0x1F, 0x9F, 0xDE, 0x74, 0x10, 0x00, 0x78, 0x3C, 0x1E, 0x0F,
    0x07, 0x83, 0xC1, 0xE0, 0xF0, 0x78, 0x3C, 0x1E, 0x0F, 0x07, 0x83, 0xC1, 0xE0, 0xF0, 0x78, 0x3C,
    0x1E, 0x00, 0x20, 0xDE, 0x3F, 0xE7, 0xFC, 0xF7, 0x0C, 0x00, 0x03, 0xC0, 0x78, 0x0F, 0x01, 0xE0,
    0x3C, 0x07, 0x80, 0xF0, 0x1E, 0x03, 0xC0, 0x78, 0x0F, 0x01, 0xE0, 0x3C, 0x07, 0x80, 0xF0, 0x1E,
    0x03, 0xC0, 0x78, 0x0F, 0x00, 0x1F, 0xFC, 0x01, 0xFF, 0xF0, 0x1F, 0xFF, 0x81, 0xFF, 0xFC, 0x1E,
    0x07, 0xE1, 0xE0, 0x3E, 0x1E, 0x01, 0xFF, 0xFE, 0x1F, 0xFF, 0xE0, 0xFF, 0xFE, 0x0F, 0xFF, 0xE0,
    0xF1, 0xE0, 0x1F, 0x1E, 0x01, 0xF1, 0xE0, 0x1E, 0x1E, 0x03, 0xE1, 0xFF, 0xFC, 0x1F, 0xFF, 0xC1,
    0xFF, 0xF8, 0x1F, 0xFE, 0x00, 0x06, 0x20, 0x1F, 0x38, 0x1F, 0xF8, 0x3F, 0xF0, 0x08, 0xE0, 0x00,
    0x00, 0xF0, 0x0F, 0xF0, 0x0F, 0xF8, 0x0F, 0xFC, 0x0F, 0xFE, 0x0F, 0xFE, 0x0F, 0xFF, 0x0F, 0xFF,
    0x8F, 0xF7, 0x8F, 0xF7, 0xCF, 0xF3, 0xEF, 0xF1, 0xEF, 0xF1, 0xFF, 0xF0, 0xFF, 0xF0, 0x7F, 0xF0,
    0x3F, 0xF0, 0x3F, 0xF0, 0x1F, 0xF0, 0x0F, 0x01, 0x80, 0x00, 0xE0, 0x00, 0x7C, 0x00, 0x0F, 0x80,
    0x00, 0xF0, 0x00, 0x10, 0x00, 0x00, 0x00, 0x1F, 0xF0, 0x1F, 0xFE, 0x0F, 0xFF, 0xC7, 0xFF, 0xF9,
    0xF0, 0x3E, 0x78, 0x07, 0xFE, 0x00, 0xFF, 0x00, 0x3F, 0xC0, 0x0F, 0xF0, 0x03, 0xFC, 0x00, 0xFF,
    0x00, 0x3F, 0xE0, 0x0F, 0xF8, 0x07, 0xDF, 0x03, 0xE7, 0xE1, 0xF8, 0xFF, 0xFC, 0x1F, 0xFE, 0x03,
    0xFF, 0x00, 0x1E, 0x00, 0x00, 0x20, 0x00, 0x1C, 0x00, 0x0F, 0x80, 0x07, 0xC0, 0x01, 0xC0, 0x00,
    0x20, 0x00, 0x00, 0x00, 0x1F, 0xF0, 0x1F, 0xFE, 0x0F, 0xFF, 0xC7, 0xFF, 0xF9, 0xF0, 0x3E, 0x78,
    0x07, 0xFE, 0x00, 0xFF, 0x00, 0x3F, 0xC0, 0x0F, 0xF0, 0x03, 0xFC, 0x00, 0xFF, 0x00, 0x3F, 0xE0,
    0x0F, 0xF8, 0x07, 0xDF, 0x03, 0xE7, 0xE1, 0xF8, 0xFF, 0xFC, 0x1F, 0xFE, 0x03, 0xFF, 0x00, 0x1E,
    0x00, 0x01, 0xE0, 0x00, 0xFC, 0x00, 0x7F, 0x80, 0x1C, 0xF0, 0x02, 0x18, 0x00, 0x00, 0x00, 0x7F,
    0xC0, 0x7F, 0xF8, 0x3F, 0xFF, 0x1F, 0xFF, 0xE7, 0xC0, 0xF9, 0xE0, 0x1F, 0xF8, 0x03, 0xFC, 0x00,
    0xFF, 0x00, 0x3F, 0xC0, 0x0F, 0xF0, 0x03, 0xFC, 0x00, 0xFF, 0x80, 0x3F, 0xE0, 0x1F, 0x7C, 0x0F,
    0x9F, 0x87, 0xE3, 0xFF, 0xF0, 0x7F, 0xF8, 0x0F, 0xFC, 0x00, 0x78, 0x00, 0x03, 0x08, 0x01, 0xF7,
    0x00, 0xFF, 0xC0, 0x3B, 0xF0, 0x04, 0x78, 0x00, 0x00, 0x00, 0x7F, 0xC0, 0x7F, 0xF8, 0x3F, 0xFF,
    0x1F, 0xFF, 0xE7, 0xC0, 0xF9, 0xE0, 0x1F, 0xF8, 0x03, 0xFC, 0x00, 0xFF, 0x00, 0x3F, 0xC0, 0x0F,
    0xF0, 0x03, 0xFC, 0x00, 0xFF, 0x80, 0x3F, 0xE0, 0x1F, 0x7C, 0x0F, 0x9F, 0x87, 0xE3, 0xFF, 0xF0,
    0x7F, 0xF8, 0x0F, 0xFC, 0x00, 0x78, 0x00, 0x06, 0x08, 0x03, 0xCF, 0x00, 0xF3, 0xE0, 0x3C, 0xF8,
    0x06, 0x1C, 0x00, 0x00, 0x00, 0x7F, 0xC0, 0x7F, 0xF8, 0x3F, 0xFF, 0x1F, 0xFF, 0xE7, 0xC0, 0xF9,
    0xE0, 0x1F, 0xF8, 0x03, 0xFC, 0x00, 0xFF, 0x00, 0x3F, 0xC0, 0x0F, 0xF0, 0x03, 0xFC, 0x00, 0xFF,
    0x80, 0x3F, 0xE0, 0x1F, 0x7C, 0x0F, 0x9F, 0x87, 0xE3, 0xFF, 0xF0, 0x7F, 0xF8, 0x0F, 0xFC, 0x00,
    0x78, 0x00, 0x30, 0x31, 0xE1, 0xEF, 0xCF, 0xDF, 0xFE, 0x3F, 0xF0, 0x7F, 0x80, 0xFC, 0x07, 0xF8,
    0x3F, 0xF1, 0xFF, 0xEF, 0xCF, 0xDE, 0x1E, 0x30, 0x30, 0x40, 0x40, 0x00, 0x00, 0x80, 0x00, 0x38,
    0x00, 0x07, 0x81, 0xFF, 0xF0, 0xFF, 0xFC, 0x3F, 0xFF, 0x0F, 0xFF, 0xF1, 0xF0, 0x3E, 0x3C, 0x03,
    0xEF, 0x80, 0x3D, 0xE0, 0x07, 0xBC, 0x00, 0xF7, 0x80, 0x1E, 0xF0, 0x03, 0xDE, 0x00, 0x7B, 0xE0,
    0x0F, 0x7C, 0x03, 0xE7, 0xC0, 0xF8, 0xFC, 0x3F, 0x0F, 0xFF, 0xC3, 0xFF, 0xF0, 0xFF, 0xFC, 0x3F,
    0x3C, 0x01, 0xC0, 0x00, 0x10, 0x00, 0x00, 0x02, 0x00, 0x0E, 0x00, 0x3E, 0x00, 0x3E, 0x00, 0x3C,
    0x00, 0x10, 0x00, 0x00, 0x78, 0x0F, 0xF0, 0x1F, 0xE0, 0x3F, 0xC0, 0x7F, 0x80, 0xFF, 0x01, 0xFE,
    0x03, 0xFC, 0x07, 0xF8, 0x0F, 0xF0, 0x1F, 0xE0, 0x3F, 0xC0, 0x7F, 0x80, 0xFF, 0x01, 0xFF, 0x03,
    0xFF, 0x1F, 0xBF, 0xFE, 0x3F, 0xFC, 0x3F, 0xE0, 0x1F, 0x00, 0x00, 0x80, 0x03, 0x80, 0x0F, 0xC0,
    0x1E, 0x00, 0x78, 0x00, 0x20, 0x00, 0x00, 0x78, 0x0F, 0xF0, 0x1F, 0xE0, 0x3F, 0xC0, 0x7F, 0x80,
    0xFF, 0x01, 0xFE, 0x03, 0xFC, 0x07, 0xF8, 0x0F, 0xF0, 0x1F, 0xE0, 0x3F, 0xC0, 0x7F, 0x80, 0xFF,
    0x01, 0xFF, 0x03, 0xFF, 0x1F, 0xBF, 0xFE, 0x3F, 0xFC, 0x3F, 0xE0, 0x1F, 0x00, 0x07, 0xC0, 0x0F,
    0x80, 0x3F, 0x80, 0xF3, 0x80, 0x82, 0x00, 0x00, 0x3C, 0x07, 0xF8, 0x0F, 0xF0, 0x1F, 0xE0, 0x3F,
    0xC0, 0x7F, 0x80, 0xFF, 0x01, 0xFE, 0x03, 0xFC, 0x07, 0xF8, 0x0F, 0xF0, 0x1F, 0xE0, 0x3F, 0xC0,
    0x7F, 0x80, 0xFF, 0x81, 0xFF, 0x8F, 0xDF, 0xFF, 0x1F, 0xFE, 0x1F, 0xF0, 0x0F, 0x80, 0x18, 0x30,
    0x78, 0xF0, 0xF1, 0xE1, 0xE3, 0xC1, 0x83, 0x00, 0x00, 0x3C, 0x07, 0xF8, 0x0F, 0xF0, 0x1F, 0xE0,
    0x3F, 0xC0, 0x7F, 0x80, 0xFF, 0x01, 0xFE, 0x03, 0xFC, 0x07, 0xF8, 0x0F, 0xF0, 0x1F, 0xE0, 0x3F,
    0xC0, 0x7F, 0x80, 0xFF, 0x81, 0xFF, 0x8F, 0xDF, 0xFF, 0x1F, 0xFE, 0x1F, 0xF0, 0x0F, 0x80, 0x00,
    0x20, 0x00, 0x0E, 0x00, 0x03, 0xE0, 0x00, 0xF8, 0x00, 0x1E, 0x00, 0x01, 0x00, 0x00, 0x00, 0x0F,
    0xC0, 0x3E, 0x7C, 0x07, 0xC7, 0x81, 0xF0, 0xF8, 0x3C, 0x0F, 0x0F, 0x81, 0xF1, 0xE0, 0x1E, 0x7C,
    0x01, 0xEF, 0x00, 0x3F, 0xC0, 0x03, 0xF8, 0x00, 0x7E, 0x00, 0x07, 0xC0, 0x00, 0xF0, 0x00, 0x1E,
    0x00, 0x03, 0xC0, 0x00, 0x78, 0x00, 0x0F, 0x00, 0x01, 0xE0, 0x00, 0x3C, 0x00, 0xF0, 0x01, 0xE0,
    0x03, 0xC0, 0x07, 0xFF, 0x0F, 0xFF, 0x1F, 0xFF, 0x3F, 0xFF, 0x78, 0x3E, 0xF0, 0x3F, 0xE0, 0x7F,
    0xC0, 0xFF, 0x83, 0xEF, 0xFF, 0xDF, 0xFF, 0x3F, 0xFC, 0x7F, 0xF0, 0xF0, 0x01, 0xE0, 0x03, 0xC0,
    0x00, 0x1F, 0xE0, 0x7F, 0xE1, 0xFF, 0xE3, 0xE7, 0xC7, 0x87, 0x9F, 0x0F, 0x3E, 0x1E, 0x7C, 0x7C,
    0xFB, 0xF1, 0xF7, 0xC3, 0xEF, 0xE7, 0xDF, 0xEF, 0x83, 0xFF, 0x03, 0xFE, 0x07, 0xFC, 0x1F, 0xFB,
    0xFD, 0xF7, 0xFB, 0xEF, 0xE0, 0x1F, 0x00, 0x08, 0x01, 0xC0, 0x3E, 0x01, 0xF0, 0x0F, 0x00, 0x70,
    0x02, 0x00, 0xF0, 0x3F, 0xC7, 0xFE, 0xFF, 0xF3, 0x0F, 0x00, 0xF0, 0xFF, 0x3F, 0xF7, 0xFF, 0xFF,
    0xFF, 0x0F, 0xF0, 0xFF, 0xFF, 0xFF, 0xF7, 0xFF, 0x1C, 0x00, 0x01, 0x00, 0x1C, 0x03, 0xE0, 0x7C,
    0x0F, 0x80, 0x60, 0x02, 0x00, 0xF0, 0x3F, 0xC7, 0xFE, 0xFF, 0xF3, 0x0F, 0x00, 0xF0, 0xFF, 0x3F,
    0xF7, 0xFF, 0xFF, 0xFF, 0x0F, 0xF0, 0xFF, 0xFF, 0xFF, 0xF7, 0xFF, 0x1C, 0x00, 0x07, 0x00, 0xF8,
    0x1F, 0xC3, 0xDC, 0x38, 0xE1, 0x04, 0x0F, 0x03, 0xFC, 0x7F, 0xEF, 0xFF, 0x30, 0xF0, 0x0F, 0x0F,
    0xF3, 0xFF, 0x7F, 0xFF, 0xFF, 0xF0, 0xFF, 0x0F, 0xFF, 0xFF, 0xFF, 0x7F, 0xF1, 0xC0, 0x1C, 0x63,
    0xFF, 0x7F, 0xE3, 0x3E, 0x10, 0x80, 0xF0, 0x3F, 0xC7, 0xFE, 0xFF, 0xF3, 0x0F, 0x00, 0xF0, 0xFF,
    0x3F, 0xF7, 0xFF, 0xFF, 0xFF, 0x0F, 0xF0, 0xFF, 0xFF, 0xFF, 0xF7, 0xFF, 0x1C, 0x00, 0x38, 0xE7,
    0xDE, 0x7D, 0xE3, 0x9E, 0x00, 0x00, 0xF0, 0x3F, 0xC7, 0xFE, 0xFF, 0xF3, 0x0F, 0x00, 0xF0, 0xFF,
    0x3F, 0xF7, 0xFF, 0xFF, 0xFF, 0x0F, 0xF0, 0xFF, 0xFF, 0xFF, 0xF7, 0xFF, 0x1C, 0x00, 0x02, 0x00,
    0xF8, 0x1D, 0x81, 0x88, 0x1D, 0x80, 0xF8, 0x02, 0x00, 0xF0, 0x3F, 0xC7, 0xFE, 0xFF, 0xF3, 0x0F,
    0x00, 0xF0, 0xFF, 0x3F, 0xF7, 0xFF, 0xFF, 0xFF, 0x0F, 0xF0, 0xFF, 0xFF, 0xFF, 0xF7, 0xFF, 0x1C,
    0x00, 0x0F, 0x03, 0x80, 0xFF, 0x3F, 0x87, 0xFF, 0xFF, 0xBF, 0xFF, 0xFE, 0x30, 0xF8, 0x7C, 0x03,
    0xE0, 0xF0, 0xFF, 0xFF, 0xCF, 0xFF, 0xFF, 0x7F, 0xFF, 0xFF, 0xFF, 0xE0, 0x0F, 0x0F, 0x82, 0x3C,
    0x3E, 0x0C, 0xFF, 0xFF, 0xFB, 0xFF, 0x7F, 0xE7, 0xF9, 0xFF, 0x07, 0x80, 0xF0, 0x07, 0x80, 0xFF,
    0x0F, 0xFC, 0xFF, 0xFF, 0x8F, 0x7C, 0x33, 0xC0, 0x1E, 0x00, 0xF0, 0x07, 0x80, 0x3C, 0x19, 0xF1,
    0xE7, 0xFF, 0x9F, 0xF8, 0x7F, 0x80, 0xF0, 0x07, 0x00, 0x7E, 0x00, 0xF0, 0x0F, 0x80, 0x7C, 0x00,
    0x04, 0x00, 0x38, 0x03, 0xE0, 0x03, 0xC0, 0x07, 0x80, 0x0C, 0x00, 0x20, 0x01, 0xE0, 0x1F, 0xE0,
    0xFF, 0xC7, 0xFF, 0xBE, 0x1E, 0xF0, 0x7B, 0xFF, 0xFF, 0xFF, 0xFF, 0xFE, 0xF0, 0x03, 0xC1, 0x0F,
    0x87, 0x1F, 0xFE, 0x3F, 0xF0, 0x7F, 0x80, 0x78, 0x00, 0x00, 0x80, 0x07, 0x00, 0x3E, 0x00, 0xF0,
    0x07, 0x80, 0x0C, 0x00, 0x20, 0x01, 0xE0, 0x1F, 0xE0, 0xFF, 0xC7, 0xFF, 0xBE, 0x1E, 0xF0, 0x7B,
    0xFF, 0xFF, 0xFF, 0xFF, 0xFE, 0xF0, 0x03, 0xC1, 0x0F, 0x87, 0x1F, 0xFE, 0x3F, 0xF0, 0x7F, 0x80,
    0x78, 0x00, 0x07, 0x80, 0x3E, 0x00, 0xFC, 0x07, 0x78, 0x38, 0xE0, 0x41, 0x00, 0x78, 0x07, 0xF8,
    0x3F, 0xF1, 0xFF, 0xEF, 0x87, 0xBC, 0x1E, 0xFF, 0xFF, 0xFF, 0xFF, 0xFF, 0xBC, 0x00, 0xF0, 0x43,
    0xE1, 0xC7, 0xFF, 0x8F, 0xFC, 0x1F, 0xE0, 0x1E, 0x00, 0x38, 0xE0, 0xF3, 0xC3, 0xDF, 0x0F, 0x3C,
    0x00, 0x00, 0x1E, 0x01, 0xFE, 0x0F, 0xFC, 0x7F, 0xFB, 0xE1, 0xEF, 0x07, 0xBF, 0xFF, 0xFF, 0xFF,
    0xFF, 0xEF, 0x00, 0x3C, 0x10, 0xF8, 0x71, 0xFF, 0xE3, 0xFF, 0x07, 0xF8, 0x07, 0x80, 0x30, 0xE3,
    0xE3, 0xE3, 0xE3, 0x80, 0x00, 0x3E, 0x7C, 0xF9, 0xF3, 0xE7, 0xCF, 0x9F, 0x3E, 0x7C, 0xF9, 0xF3,
    0xE7, 0xC0, 0x18, 0x38, 0xFB, 0xEF, 0x8C, 0x00, 0x00, 0xF9, 0xF3, 0xE7, 0xCF, 0x9F, 0x3E, 0x7C,
    0xF9, 0xF3, 0xE7, 0xCF, 0x9F, 0x00, 0x1C, 0x1F, 0x1F, 0xCE, 0xEE, 0x3A, 0x08, 0x00, 0x7C, 0x3E,
    0x1F, 0x0F, 0x87, 0xC3, 0xE1, 0xF0, 0xF8, 0x7C, 0x3E, 0x1F, 0x0F, 0x87, 0xC3, 0xE0, 0x63, 0xBC,
    0xFF, 0x3F, 0xCF, 0x00, 0x00, 0x01, 0xE0, 0x78, 0x1E, 0x07, 0x81, 0xE0, 0x78, 0x1E, 0x07, 0x81,
    0xE0, 0x78, 0x1E, 0x07, 0x81, 0xE0, 0x78, 0x02, 0x00, 0x7D, 0xC0, 0xFF, 0x03, 0xFC, 0x7F, 0xC0,
    0xFF, 0x83, 0x1F, 0x07, 0xBC, 0x3F, 0xF9, 0xFF, 0xEF, 0xFF, 0xBE, 0x1E, 0xF0, 0x7F, 0xC1, 0xFF,
    0x07, 0xBC, 0x1E, 0xF8, 0xF9, 0xFF, 0xE7, 0xFF, 0x0F, 0xF8, 0x07, 0x80, 0x1E, 0x71, 0xFF, 0x8F,
    0xFC, 0x77, 0xC0, 0x88, 0x00, 0xE3, 0xDF, 0xDE, 0xFF, 0xFF, 0xFF, 0xE7, 0xFE, 0x1F, 0xE0, 0xFF,
    0x07, 0xF8, 0x3F, 0xC1, 0xFE, 0x0F, 0xF0, 0x7F, 0x83, 0xFC, 0x1F, 0xE0, 0xF0, 0x04, 0x00, 0x38,
    0x01, 0xE0, 0x03, 0xC0, 0x07, 0x80, 0x0C, 0x00, 0x00, 0x01, 0xE0, 0x1F, 0xE0, 0xFF, 0xC7, 0xFF,
    0xBF, 0x3E, 0xF8, 0x7F, 0xC0, 0xFF, 0x03, 0xFC, 0x0F, 0xF0, 0x3F, 0xE1, 0xFF, 0x8F, 0x9F, 0xFE,
    0x3F, 0xF0, 0x7F, 0x80, 0x78, 0x00, 0x00, 0x80, 0x07, 0x00, 0x3E, 0x00, 0xF0, 0x07, 0x80, 0x0C,
    0x00, 0x00, 0x01, 0xE0, 0x1F, 0xE0, 0xFF, 0xC7, 0xFF, 0xBF, 0x3E, 0xF8, 0x7F, 0xC0, 0xFF, 0x03,
    0xFC, 0x0F, 0xF0, 0x3F, 0xE1, 0xFF, 0x8F, 0x9F, 0xFE, 0x3F, 0xF0, 0x7F, 0x80, 0x78, 0x00, 0x07,
    0x80, 0x3E, 0x00, 0xFC, 0x07, 0xF8, 0x38, 0xF0, 0x21, 0x00, 0x78, 0x07, 0xF8, 0x3F, 0xF1, 0xFF,
    0xEF, 0xCF, 0xBE, 0x1F, 0xF0, 0x3F, 0xC0, 0xFF, 0x03, 0xFC, 0x0F, 0xF8, 0x7F, 0xE3, 0xE7, 0xFF,
    0x8F, 0xFC, 0x1F, 0xE0, 0x1E, 0x00, 0x1E, 0x30, 0xFF, 0xC3, 0xFF, 0x0E, 0xF8, 0x08, 0x80, 0x1E,
    0x01, 0xFE, 0x0F, 0xFC, 0x7F, 0xFB, 0xF3, 0xEF, 0x87, 0xFC, 0x0F, 0xF0, 0x3F, 0xC0, 0xFF, 0x03,
    0xFE, 0x1F, 0xF8, 0xF9, 0xFF, 0xE3, 0xFF, 0x07, 0xF8, 0x07, 0x80, 0x18, 0xE0, 0xF3, 0xC3, 0xCF,
    0x0F, 0x3C, 0x00, 0x00, 0x1E, 0x01, 0xFE, 0x0F, 0xFC, 0x7F, 0xFB, 0xF3, 0xEF, 0x87, 0xFC, 0x0F,
    0xF0, 0x3F, 0xC0, 0xFF, 0x03, 0xFE, 0x1F, 0xF8, 0xF9, 0xFF, 0xE3, 0xFF, 0x07, 0xF8, 0x07, 0x80,
    0x0F, 0x00, 0x78, 0x03, 0xC0, 0x1E, 0x00, 0x00, 0x00, 0x03, 0xFF, 0xFF, 0xFF, 0xFF, 0xFF, 0xFF,
    0xC0, 0x00, 0x1E, 0x00, 0xF0, 0x07, 0x80, 0x3C, 0x00, 0x00, 0x0C, 0x03, 0xDF, 0x0F, 0xFE, 0x1F,
    0xFC, 0x3F, 0xFC, 0x7E, 0x7C, 0x7C, 0x3E, 0x78, 0x1E, 0x78, 0x1E, 0x78, 0x1E, 0x78, 0x1E, 0x7C,
    0x3E, 0x7C, 0x7C, 0x3F, 0xFC, 0x3F, 0xF8, 0x7F, 0xF0, 0xFB, 0xC0, 0x30, 0x00, 0x04, 0x00, 0x70,
    0x07, 0x80, 0x1E, 0x00, 0x78, 0x01, 0x80, 0x00, 0x00, 0x00, 0xF0, 0x7F, 0x83, 0xFC, 0x1F, 0xE0,
    0xFF, 0x07, 0xF8, 0x3F, 0xC1, 0xFE, 0x0F, 0xF0, 0x7F, 0xC3, 0xFE, 0x3E, 0xFF, 0xF7, 0xFF, 0x9F,
    0xBC, 0x38, 0x00, 0x00, 0x80, 0x0E, 0x00, 0x78, 0x07, 0x80, 0x78, 0x01, 0x80, 0x00, 0x00, 0x00,
    0xF0, 0x7F, 0x83, 0xFC, 0x1F, 0xE0, 0xFF, 0x07, 0xF8, 0x3F, 0xC1, 0xFE, 0x0F, 0xF0, 0x7F, 0xC3,
    0xFE, 0x3E, 0xFF, 0xF7, 0xFF, 0x9F, 0xBC, 0x38, 0x00, 0x07, 0x80, 0x7E, 0x03, 0xF0, 0x3F, 0xC3,
    0xCF, 0x04, 0x20, 0x00, 0x1E, 0x0F, 0xF0, 0x7F, 0x83, 0xFC, 0x1F, 0xE0, 0xFF, 0x07, 0xF8, 0x3F,
    0xC1, 0xFE, 0x0F, 0xF8, 0x7F, 0xC7, 0xDF, 0xFE, 0xFF, 0xF3, 0xF7, 0x87, 0x00, 0x18, 0xE1, 0xE7,
    0x8F, 0x3C, 0x79, 0xE0, 0x00, 0x00, 0x03, 0xC1, 0xFE, 0x0F, 0xF0, 0x7F, 0x83, 0xFC, 0x1F, 0xE0,
    0xFF, 0x07, 0xF8, 0x3F, 0xC1, 0xFF, 0x0F, 0xF8, 0xFB, 0xFF, 0xDF, 0xFE, 0x7E, 0xF0, 0xE0, 0x00,
    0x00, 0xC0, 0x01, 0xC0, 0x07, 0xC0, 0x1F, 0x00, 0x7C, 0x00, 0x70, 0x00, 0x00, 0x00, 0x00, 0xF0,
    0x1F, 0xF0, 0x7D, 0xE0, 0xF3, 0xC1, 0xE3, 0xC7, 0xC7, 0x8F, 0x0F, 0x1E, 0x0F, 0x78, 0x1E, 0xF0,
    0x1F, 0xE0, 0x3F, 0x80, 0x7F, 0x00, 0x7C, 0x00, 0xF8, 0x01, 0xF0, 0x03, 0xC0, 0x07, 0x80, 0x1E,
    0x00, 0x3C, 0x00, 0xF8, 0x00, 0xF0, 0x03, 0xC0, 0x0F, 0x00, 0x3C, 0x00, 0xF1, 0xC3, 0xDF, 0xCF,
    0xFF, 0xBF, 0xFF, 0xFC, 0x7F, 0xE0, 0xFF, 0x83, 0xFC, 0x0F, 0xF0, 0x3F, 0xE0, 0xFF, 0x83, 0xFF,
    0x1F, 0xFF, 0xFF, 0xFF, 0xEF, 0x7F, 0x3C, 0x70, 0xF0, 0x03, 0xC0, 0x0F, 0x00, 0x3C, 0x00, 0xF0,
    0x00, 0x1C, 0x70, 0x3D, 0xF0, 0xFB, 0xE0, 0xE3, 0x80, 0x00, 0x00, 0x00, 0x3C, 0x07, 0xFC, 0x1F,
    0x78, 0x3C, 0xF0, 0x78, 0xF1, 0xF1, 0xE3, 0xC3, 0xC7, 0x83, 0xDE, 0x07, 0xBC, 0x07, 0xF8, 0x0F,
    0xE0, 0x1F, 0xC0, 0x1F, 0x00, 0x3E, 0x00, 0x7C, 0x00, 0xF0, 0x01, 0xE0, 0x07, 0x80, 0x0F, 0x00,
    0x3E, 0x00, 0x07, 0xFC, 0x00, 0xFF, 0x80, 0x1F, 0xF0, 0x00, 0x00, 0x00, 0x00, 0x00, 0x03, 0xE0,
    0x00, 0x7C, 0x00, 0x1F, 0xC0, 0x03, 0xF8, 0x00, 0x7F, 0x00, 0x1E, 0xF0, 0x03, 0xDE, 0x00, 0x7B,
    0xE0, 0x1E, 0x3C, 0x03, 0xC7, 0x80, 0xF8, 0xF8, 0x1F, 0xFF, 0x03, 0xFF, 0xE0, 0xFF, 0xFE, 0x1F,
    0xFF, 0xC3, 0xC0, 0x7C, 0xF8, 0x07, 0x9E, 0x00, 0xF7, 0xC0, 0x1F, 0x3F, 0xE3, 0xFE, 0x3F, 0xE0,
    0x00, 0x0F, 0x03, 0xFC, 0x7F, 0xEF, 0xFF, 0x30, 0xF0, 0x0F, 0x0F, 0xF3, 0xFF, 0x7F, 0xFF, 0xFF,
    0xF0, 0xFF, 0x0F, 0xFF, 0xFF, 0xFF, 0x7F, 0xF1, 0xC0, 0x07, 0x1C, 0x00, 0xE3, 0x80, 0x0F, 0xE0,
    0x01, 0xFC, 0x00, 0x04, 0x00, 0x00, 0x00, 0x00, 0x7C, 0x00, 0x0F, 0x80, 0x03, 0xF8, 0x00, 0x7F,
    0x00, 0x0F, 0xE0, 0x03, 0xDE, 0x00, 0x7B, 0xC0, 0x0F, 0x7C, 0x03, 0xC7, 0x80, 0x78, 0xF0, 0x1F,
    0x1F, 0x03, 0xFF, 0xE0, 0x7F, 0xFC, 0x1F, 0xFF, 0xC3, 0xFF, 0xF8, 0x78, 0x0F, 0x9F, 0x00, 0xF3,
    0xC0, 0x1E, 0xF8, 0x03, 0xE0, 0x38, 0xE3, 0x8E, 0x3D, 0xC1, 0xFC, 0x0F, 0x80, 0x00, 0x0F, 0x03,
    0xFC, 0x7F, 0xEF, 0xFF, 0x30, 0xF0, 0x0F, 0x0F, 0xF3, 0xFF, 0x7F, 0xFF, 0xFF, 0xF0, 0xFF, 0x0F,
    0xFF, 0xFF, 0xFF, 0x7F, 0xF1, 0xC0, 0x01, 0xF0, 0x00, 0x1F, 0x00, 0x03, 0xF8, 0x00, 0x3F, 0x80,
    0x03, 0xF8, 0x00, 0x7B, 0xC0, 0x07, 0xBC, 0x00, 0x7B, 0xE0, 0x0F, 0x1E, 0x00, 0xF1, 0xE0, 0x1F,
    0x1F, 0x01, 0xFF, 0xF0, 0x1F, 0xFF, 0x03, 0xFF, 0xF8, 0x3F, 0xFF, 0x83, 0xC0, 0x7C, 0x7C, 0x03,
    0xC7, 0x80, 0x3C, 0xF8, 0x03, 0xE0, 0x00, 0x3E, 0x00, 0x03, 0x80, 0x00, 0x78, 0x00, 0x07, 0xF0,
    0x00, 0x3F, 0x00, 0x03, 0xF0, 0x0F, 0x01, 0xFE, 0x1F, 0xF9, 0xFF, 0xE3, 0x0F, 0x00, 0x7C, 0x3F,
    0xE7, 0xFF, 0x7F, 0xFF, 0xFF, 0xFC, 0x3F, 0xE1, 0xFF, 0xFF, 0xFF, 0xFD, 0xFF, 0xE3, 0x9E, 0x01,
    0xE0, 0x0F, 0x00, 0x7E, 0x03, 0xF0, 0x0F, 0x80, 0x00, 0x20, 0x00, 0x38, 0x00, 0x3E, 0x00, 0x3E,
    0x00, 0x1E, 0x00, 0x04, 0x00, 0x00, 0x00, 0x0F, 0xF0, 0x1F, 0xFE, 0x1F, 0xFF, 0x8F, 0xEF, 0xEF,
    0x81, 0xE7, 0x80, 0x47, 0xC0, 0x03, 0xC0, 0x01, 0xE0, 0x00, 0xF0, 0x00, 0x78, 0x00, 0x3C, 0x00,
    0x1F, 0x00, 0x07, 0x80, 0x43, 0xE0, 0x31, 0xFC, 0x7E, 0x7F, 0xFE, 0x1F, 0xFE, 0x07, 0xFE, 0x00,
    0x78, 0x00, 0x00, 0x80, 0x0E, 0x00, 0x78, 0x07, 0x80, 0x78, 0x01, 0x80, 0x00, 0x00, 0xF0, 0x1F,
    0xE1, 0xFF, 0x9F, 0xFF, 0xF1, 0xEF, 0x86, 0x78, 0x03, 0xC0, 0x1E, 0x00, 0xF0, 0x07, 0x83, 0x3E,
    0x3C, 0xFF, 0xF3, 0xFF, 0x0F, 0xF0, 0x1E, 0x00, 0x01, 0xE0, 0x01, 0xF8, 0x00, 0xFE, 0x00, 0xE7,
    0x80, 0x20, 0x80, 0x00, 0x00, 0x1F, 0xE0, 0x3F, 0xFC, 0x3F, 0xFF, 0x1F, 0xDF, 0xDF, 0x03, 0xCF,
    0x00, 0x8F, 0x80, 0x07, 0x80, 0x03, 0xC0, 0x01, 0xE0, 0x00, 0xF0, 0x00, 0x78, 0x00, 0x3E, 0x00,
    0x0F, 0x00, 0x87, 0xC0, 0x63, 0xF8, 0xFC, 0xFF, 0xFC, 0x3F, 0xFC, 0x0F, 0xFC, 0x00, 0xF0, 0x00,
    0x07, 0x80, 0x7E, 0x03, 0xF0, 0x3F, 0xC3, 0xC7, 0x04, 0x20, 0x1E, 0x03, 0xFC, 0x3F, 0xF3, 0xFF,
    0xFE, 0x3D, 0xF0, 0xCF, 0x00, 0x78, 0x03, 0xC0, 0x1E, 0x00, 0xF0, 0x67, 0xC7, 0x9F, 0xFE, 0x7F,
    0xE1, 0xFE, 0x03, 0xC0, 0x00, 0x40, 0x00, 0xF0, 0x00, 0x78, 0x00, 0x3C, 0x00, 0x0C, 0x00, 0x00,
    0x00, 0x1F, 0xE0, 0x3F, 0xFC, 0x3F, 0xFF, 0x1F, 0xDF, 0xDF, 0x03, 0xCF, 0x00, 0x8F, 0x80, 0x07,
    0x80, 0x03, 0xC0, 0x01, 0xE0, 0x00, 0xF0, 0x00, 0x78, 0x00, 0x3E, 0x00, 0x0F, 0x00, 0x87, 0xC0,
    0x63, 0xF8, 0xFC, 0xFF, 0xFC, 0x3F, 0xFC, 0x0F, 0xFC, 0x00, 0xF0, 0x00, 0x01, 0x00, 0x3C, 0x01,
    0xE0, 0x0F, 0x00, 0x30, 0x00, 0x00, 0x1E, 0x03, 0xFC, 0x3F, 0xF3, 0xFF, 0xFE, 0x3D, 0xF0, 0xCF,
    0x00, 0x78, 0x03, 0xC0, 0x1E, 0x00, 0xF0, 0x67, 0xC7, 0x9F, 0xFE, 0x7F, 0xE1, 0xFE, 0x03, 0xC0,
    0x06, 0x18, 0x03, 0xDE, 0x00, 0xFE, 0x00, 0x3E, 0x00, 0x0E, 0x00, 0x00, 0x00, 0x1F, 0xE0, 0x3F,
    0xFC, 0x3F, 0xFF, 0x1F, 0xDF, 0xDF, 0x03, 0xCF, 0x00, 0x8F, 0x80, 0x07, 0x80, 0x03, 0xC0, 0x01,
    0xE0, 0x00, 0xF0, 0x00, 0x78, 0x00, 0x3E, 0x00, 0x0F, 0x00, 0x87, 0xC0, 0x63, 0xF8, 0xFC, 0xFF,
    0xFC, 0x3F, 0xFC, 0x0F, 0xFC, 0x00, 0xF0, 0x00, 0x18, 0x61, 0xE7, 0x87, 0xF8, 0x1F, 0x80, 0x78,
    0x00, 0x00, 0x1E, 0x03, 0xFC, 0x3F, 0xF3, 0xFF, 0xFE, 0x3D, 0xF0, 0xCF, 0x00, 0x78, 0x03, 0xC0,
    0x1E, 0x00, 0xF0, 0x67, 0xC7, 0x9F, 0xFE, 0x7F, 0xE1, 0xFE, 0x03, 0xC0, 0x38, 0x70, 0x0E, 0xF0,
    0x03, 0xF0, 0x01, 0xF8, 0x00, 0x78, 0x00, 0x00, 0x03, 0xFF, 0x81, 0xFF, 0xF0, 0xFF, 0xFC, 0x7F,
    0xFF, 0x3C, 0x0F, 0xDE, 0x03, 0xEF, 0x00, 0xF7, 0x80, 0x7F, 0xC0, 0x3F, 0xE0, 0x0F, 0xF0, 0x0F,
    0xF8, 0x07, 0xFC, 0x03, 0xDE, 0x03, 0xEF, 0x03, 0xF7, 0xFF, 0xF3, 0xFF, 0xF1, 0xFF, 0xF0, 0xFF,
    0xF0, 0x00, 0x00, 0x00, 0xC0, 0x03, 0xCF, 0x00, 0x3C, 0xF0, 0x03, 0xCE, 0x00, 0x3C, 0xE0, 0xE3,
    0xCC, 0x3F, 0xBC, 0x07, 0xFF, 0xC0, 0x7F, 0xFC, 0x0F, 0xCF, 0xC0, 0xF8, 0x7C, 0x0F, 0x03, 0xC0,
    0xF0, 0x3C, 0x0F, 0x03, 0xC0, 0xF0, 0x3C, 0x0F, 0x87, 0xC0, 0xF8, 0xFC, 0x07, 0xFF, 0xC0, 0x7F,
    0xFC, 0x03, 0xFB, 0xC0, 0x0E, 0x00, 0x00, 0x1F, 0xFC, 0x01, 0xFF, 0xF0, 0x1F, 0xFF, 0x81, 0xFF,
    0xFC, 0x1E, 0x07, 0xE1, 0xE0, 0x3E, 0x1E, 0x01, 0xFF, 0xFE, 0x1F, 0xFF, 0xE0, 0xFF, 0xFE, 0x0F,
    0xFF, 0xE0, 0xF1, 0xE0, 0x1F, 0x1E, 0x01, 0xF1, 0xE0, 0x1E, 0x1E, 0x03, 0xE1, 0xFF, 0xFC, 0x1F,
    0xFF, 0xC1, 0xFF, 0xF8, 0x1F, 0xFE, 0x00, 0x00, 0x3C, 0x03, 0xFF, 0x03, 0xFF, 0x03, 0xFF, 0x00,
    0x3C, 0x1F, 0x3C, 0x3F, 0xBC, 0x7F, 0xFC, 0xFF, 0xFC, 0xF8, 0x7C, 0xF0, 0x3C, 0xF0, 0x3C, 0xF0,
    0x3C, 0xF0, 0x3C, 0xF0, 0x7C, 0xF8, 0x7C, 0x7F, 0xFC, 0x7F, 0xFC, 0x3F, 0xBC, 0x0E, 0x00, 0x3F,
    0xC1, 0xFE, 0x0F, 0xF0, 0x00, 0x00, 0x00, 0x7F, 0xFF, 0xFF, 0xFF, 0xFF, 0xFF, 0xFF, 0x80, 0x3C,
    0x01, 0xE0, 0x0F, 0x00, 0x7F, 0xFB, 0xFF, 0xDF, 0xFE, 0xF0, 0x07, 0x80, 0x3C, 0x01, 0xE0, 0x0F,
    0x00, 0x7F, 0xFF, 0xFF, 0xFF, 0xFF, 0x1F, 0xE0, 0x7F, 0x81, 0xFE, 0x00, 0x00, 0x07, 0x80, 0x7F,
    0x83, 0xFF, 0x1F, 0xFE, 0xF8, 0x7B, 0xC1, 0xEF, 0xFF, 0xFF, 0xFF, 0xFF, 0xFB, 0xC0, 0x0F, 0x04,
    0x3E, 0x1C, 0x7F, 0xF8, 0xFF, 0xC1, 0xFE, 0x01, 0xE0, 0x30, 0xC1, 0xCE, 0x0F, 0xF0, 0x3F, 0x00,
    0x60, 0x00, 0x03, 0xFF, 0xFF, 0xFF, 0xFF, 0xFF, 0xFF, 0xFC, 0x01, 0xE0, 0x0F, 0x00, 0x78, 0x03,
    0xFF, 0xDF, 0xFE, 0xFF, 0xF7, 0x80, 0x3C, 0x01, 0xE0, 0x0F, 0x00, 0x78, 0x03, 0xFF, 0xFF, 0xFF,
    0xFF, 0xF8, 0x18, 0x60, 0x63, 0x81, 0xFE, 0x07, 0xF0, 0x0F, 0xC0, 0x00, 0x00, 0x78, 0x07, 0xF8,
    0x3F, 0xF1, 0xFF, 0xEF, 0x87, 0xBC, 0x1E, 0xFF, 0xFF, 0xFF, 0xFF, 0xFF, 0xBC, 0x00, 0xF0, 0x43,
    0xE1, 0xC7, 0xFF, 0x8F, 0xFC, 0x1F, 0xE0, 0x1E, 0x00, 0x06, 0x00, 0x78, 0x03, 0xC0, 0x1E, 0x00,
    0x60, 0x00, 0x03, 0xFF, 0xFF, 0xFF, 0xFF, 0xFF, 0xFF, 0xFC, 0x01, 0xE0, 0x0F, 0x00, 0x78, 0x03,
    0xFF, 0xDF, 0xFE, 0xFF, 0xF7, 0x80, 0x3C, 0x01, 0xE0, 0x0F, 0x00, 0x78, 0x03, 0xFF, 0xFF, 0xFF,
    0xFF, 0xF8, 0x02, 0x00, 0x1E, 0x00, 0x78, 0x01, 0xE0, 0x07, 0x00, 0x00, 0x00, 0x78, 0x07, 0xF8,
    0x3F, 0xF1, 0xFF, 0xEF, 0x87, 0xBC, 0x1E, 0xFF, 0xFF, 0xFF, 0xFF, 0xFF, 0xBC, 0x00, 0xF0, 0x43,
    0xE1, 0xC7, 0xFF, 0x8F, 0xFC, 0x1F, 0xE0, 0x1E, 0x00, 0xFF, 0xFB, 0xFF, 0xEF, 0xFF, 0xBF, 0xFE,
    0xF0, 0x03, 0xC0, 0x0F, 0x00, 0x3C, 0x00, 0xFF, 0xF3, 0xFF, 0xCF, 0xFF, 0x3C, 0x00, 0xF0, 0x03,
    0xC0, 0x0F, 0x00, 0x3C, 0x00, 0xFF, 0xFB, 0xFF, 0xEF, 0xFF, 0x80, 0x1E, 0x00, 0xF0, 0x03, 0x80,
    0x1F, 0xC0, 0x3F, 0x00, 0xFC, 0x07, 0x80, 0x7F, 0x83, 0xFF, 0x1F, 0xFE, 0xF8, 0x7B, 0xC1, 0xEF,
    0xFF, 0xFF, 0xFF, 0xFF, 0xFB, 0xC0, 0x0F, 0x04, 0x3E, 0x1C, 0x7F, 0xF8, 0xFF, 0xC1, 0xFE, 0x01,
    0xE0, 0x0F, 0x00, 0x3C, 0x00, 0xFC, 0x03, 0xF0, 0x07, 0xC0, 0x30, 0xE1, 0xEE, 0x07, 0xF0, 0x1F,
    0x00, 0xF0, 0x00, 0x03, 0xFF, 0xFF, 0xFF, 0xFF, 0xFF, 0xFF, 0xFC, 0x01, 0xE0, 0x0F, 0x00, 0x78,
    0x03, 0xFF, 0xDF, 0xFE, 0xFF, 0xF7, 0x80, 0x3C, 0x01, 0xE0, 0x0F, 0x00, 0x78, 0x03, 0xFF, 0xFF,
    0xFF, 0xFF, 0xF8, 0x18, 0x60, 0xF3, 0x81, 0xFC, 0x03, 0xF0, 0x07, 0x80, 0x00, 0x00, 0x78, 0x07,
    0xF8, 0x3F, 0xF1, 0xFF, 0xEF, 0x87, 0xBC, 0x1E, 0xFF, 0xFF, 0xFF, 0xFF, 0xFF, 0xBC, 0x00, 0xF0,
    0x43, 0xE1, 0xC7, 0xFF, 0x8F, 0xFC, 0x1F, 0xE0, 0x1E, 0x00, 0x01, 0xF0, 0x00, 0xF8, 0x00, 0xFE,
    0x00, 0xE7, 0x80, 0x20, 0x80, 0x00, 0x00, 0x1F, 0xF0, 0x3F, 0xFC, 0x3F, 0xFF, 0x1F, 0xDF, 0xDF,
    0x03, 0x8F, 0x00, 0x8F, 0x80, 0x07, 0x80, 0x03, 0xC1, 0xFF, 0xE0, 0xFF, 0xF0, 0x7F, 0xF8, 0x3F,
    0xFE, 0x01, 0xFF, 0x00, 0xF7, 0xC0, 0x7B, 0xF8, 0xFC, 0xFF, 0xFE, 0x3F, 0xFE, 0x0F, 0xFC, 0x00,
    0xF8, 0x00, 0x07, 0x80, 0x3E, 0x00, 0xFC, 0x07, 0x78, 0x38, 0xE0, 0x41, 0x00, 0xE0, 0x0F, 0xEF,
    0x7F, 0xFD, 0xFF, 0xFF, 0x8F, 0xFC, 0x1F, 0xF0, 0x3F, 0xC0, 0xFF, 0x03, 0xFC, 0x0F, 0xF8, 0x7D,
    0xFF, 0xF7, 0xFF, 0xCF, 0xEF, 0x1F, 0x3C, 0x00, 0xF3, 0x07, 0xFE, 0x3E, 0x7F, 0xF8, 0xFF, 0xC1,
    0xFC, 0x00, 0x07, 0x1C, 0x03, 0x8E, 0x00, 0xFE, 0x00, 0x7F, 0x00, 0x0C, 0x00, 0x00, 0x00, 0x1F,
    0xF0, 0x3F, 0xFC, 0x3F, 0xFF, 0x1F, 0xDF, 0xDF, 0x03, 0x8F, 0x00, 0x8F, 0x80, 0x07, 0x80, 0x03,
    0xC1, 0xFF, 0xE0, 0xFF, 0xF0, 0x7F, 0xF8, 0x3F, 0xFE, 0x01, 0xFF, 0x00, 0xF7, 0xC0, 0x7B, 0xF8,
    0xFC, 0xFF, 0xFE, 0x3F, 0xFE, 0x0F, 0xFC, 0x00, 0xF8, 0x00, 0x18, 0x60, 0x63, 0x81, 0xDE, 0x07,
    0xF0, 0x0F, 0x80, 0x00, 0x00, 0xE0, 0x0F, 0xEF, 0x7F, 0xFD, 0xFF, 0xFF, 0x8F, 0xFC, 0x1F, 0xF0,
    0x3F, 0xC0, 0xFF, 0x03, 0xFC, 0x0F, 0xF8, 0x7D, 0xFF, 0xF7, 0xFF, 0xCF, 0xEF, 0x1F, 0x3C, 0x00,
    0xF3, 0x07, 0xFE, 0x3E, 0x7F, 0xF8, 0xFF, 0xC1, 0xFC, 0x00, 0x00, 0x40, 0x00, 0xF0, 0x00, 0x7C,
    0x00, 0x3C, 0x00, 0x0E, 0x00, 0x00, 0x00, 0x1F, 0xF0, 0x3F, 0xFC, 0x3F, 0xFF, 0x1F, 0xDF, 0xDF,
    0x03, 0x8F, 0x00, 0x8F, 0x80, 0x07, 0x80, 0x03, 0xC1, 0xFF, 0xE0, 0xFF, 0xF0, 0x7F, 0xF8, 0x3F,
    0xFE, 0x01, 0xFF, 0x00, 0xF7, 0xC0, 0x7B, 0xF8, 0xFC, 0xFF, 0xFE, 0x3F, 0xFE, 0x0F, 0xFC, 0x00,
    0xF8, 0x00, 0x02, 0x00, 0x1E, 0x00, 0x78, 0x01, 0xE0, 0x07, 0x00, 0x00, 0x00, 0xE0, 0x0F, 0xEF,
    0x7F, 0xFD, 0xFF, 0xFF, 0x8F, 0xFC, 0x1F, 0xF0, 0x3F, 0xC0, 0xFF, 0x03, 0xFC, 0x0F, 0xF8, 0x7D,
    0xFF, 0xF7, 0xFF, 0xCF, 0xEF, 0x1F, 0x3C, 0x00, 0xF3, 0x07, 0xFE, 0x3E, 0x7F, 0xF8, 0xFF, 0xC1,
    0xFC, 0x00, 0x07, 0xFC, 0x0F, 0xFF, 0x0F, 0xFF, 0xC7, 0xF7, 0xF7, 0xC0, 0xE3, 0xC0, 0x23, 0xE0,
    0x01, 0xE0, 0x00, 0xF0, 0x7F, 0xF8, 0x3F, 0xFC, 0x1F, 0xFE, 0x0F, 0xFF, 0x80, 0x7F, 0xC0, 0x3D,
    0xF0, 0x1E, 0xFE, 0x3F, 0x3F, 0xFF, 0x8F, 0xFF, 0x83, 0xFF, 0x00, 0x3E, 0x00, 0x00, 0x00, 0x0F,
    0x00, 0x07, 0x80, 0x03, 0xE0, 0x00, 0xE0, 0x00, 0x30, 0x00, 0x30, 0x00, 0x10, 0x00, 0x01, 0x00,
    0x0E, 0x00, 0x60, 0x01, 0x80, 0x07, 0x80, 0x1E, 0x00, 0x78, 0x01, 0xC0, 0x00, 0x00, 0x38, 0x03,
    0xFB, 0xDF, 0xFF, 0x7F, 0xFF, 0xE3, 0xFF, 0x07, 0xFC, 0x0F, 0xF0, 0x3F, 0xC0, 0xFF, 0x03, 0xFE,
    0x1F, 0x7F, 0xFD, 0xFF, 0xF3, 0xFB, 0xC7, 0xCF, 0x00, 0x3C, 0xC1, 0xFF, 0x8F, 0x9F, 0xFE, 0x3F,
    0xF0, 0x7F, 0x00, 0x03, 0xC0, 0x07, 0xE0, 0x0F, 0xF0, 0x1E, 0x78, 0x0C, 0x30, 0x00, 0x00, 0xF0,
    0x0F, 0xF0, 0x0F, 0xF0, 0x0F, 0xF0, 0x0F, 0xF0, 0x0F, 0xF0, 0x0F, 0xF0, 0x0F, 0xFF, 0xFF, 0xFF,
    0xFF, 0xFF, 0xFF, 0xFF, 0xFF, 0xF0, 0x0F, 0xF0, 0x0F, 0xF0, 0x0F, 0xF0, 0x0F, 0xF0, 0x0F, 0xF0,
    0x0F, 0xF0, 0x0F, 0xF0, 0x0F, 0x3E, 0x00, 0xFE, 0x01, 0xDC, 0x07, 0x1C, 0x04, 0x10, 0x00, 0x00,
    0x0F, 0x80, 0x1F, 0x00, 0x3E, 0x00, 0x7C, 0x00, 0xF9, 0xC1, 0xF7, 0xE3, 0xFF, 0xE7, 0xFF, 0xCF,
    0xCF, 0x9F, 0x0F, 0x3E, 0x1E, 0x7C, 0x3C, 0xF8, 0x79, 0xF0, 0xF3, 0xE1, 0xE7, 0xC3, 0xCF, 0x87,
    0x9F, 0x0F, 0x3E, 0x1E, 0x3C, 0x01, 0xE3, 0xC0, 0x1E, 0xFF, 0xFF, 0xFF, 0xFF, 0xFF, 0xFF, 0xFF,
    0xF3, 0xC0, 0x1E, 0x3C, 0x01, 0xE3, 0xFF, 0xFE, 0x3F, 0xFF, 0xE3, 0xFF, 0xFE, 0x3F, 0xFF, 0xE3,
    0xC0, 0x1E, 0x3C, 0x01, 0xE3, 0xC0, 0x1E, 0x3C, 0x01, 0xE3, 0xC0, 0x1E, 0x3C, 0x01, 0xE3, 0xC0,
    0x1E, 0x3C, 0x01, 0xE0, 0x3C, 0x01, 0xFF, 0x03, 0xFE, 0x07, 0xFC, 0x03, 0xC0, 0x07, 0xBF, 0x0F,
    0xFF, 0x1F, 0xFE, 0x3F, 0xFE, 0x78, 0x7C, 0xF0, 0x79, 0xE0, 0xF3, 0xC1, 0xE7, 0x83, 0xCF, 0x07,
    0x9E, 0x0F, 0x3C, 0x1E, 0x78, 0x3C, 0xF0, 0x78, 0x18, 0x8F, 0x9D, 0xFF, 0xFF, 0xE2, 0x38, 0x00,
    0x03, 0xC0, 0x78, 0x0F, 0x01, 0xE0, 0x3C, 0x07, 0x80, 0xF0, 0x1E, 0x03, 0xC0, 0x78, 0x0F, 0x01,
    0xE0, 0x3C, 0x07, 0x80, 0xF0, 0x1E, 0x03, 0xC0, 0x78, 0x0F, 0x00, 0x78, 0xDF, 0xFF, 0xFF, 0xBE,
    0x21, 0x00, 0x01, 0xE0, 0x78, 0x1E, 0x07, 0x81, 0xE0, 0x78, 0x1E, 0x07, 0x81, 0xE0, 0x78, 0x1E,
    0x07, 0x81, 0xE0, 0x78, 0xFF, 0xFF, 0xFF, 0xE0, 0x00, 0x00, 0xF0, 0x78, 0x3C, 0x1E, 0x0F, 0x07,
    0x83, 0xC1, 0xE0, 0xF0, 0x78, 0x3C, 0x1E, 0x0F, 0x07, 0x83, 0xC1, 0xE0, 0xF0, 0x78, 0x3C, 0xFF,
    0xFF, 0xFF, 0xE0, 0x00, 0x01, 0xF0, 0xF8, 0x7C, 0x3E, 0x1F, 0x0F, 0x87, 0xC3, 0xE1, 0xF0, 0xF8,
    0x7C, 0x3E, 0x1F, 0x0F, 0x80, 0xC3, 0xE7, 0xFF, 0x7E, 0x38, 0x00, 0x3C, 0x3C, 0x3C, 0x3C, 0x3C,
    0x3C, 0x3C, 0x3C, 0x3C, 0x3C, 0x3C, 0x3C, 0x3C, 0x3C, 0x3C, 0x3C, 0x3C, 0x3C, 0x3C, 0xE3, 0xF1,
    0xDD, 0xCF, 0xE3, 0xE0, 0x00, 0x00, 0x7C, 0x3E, 0x1F, 0x0F, 0x87, 0xC3, 0xE1, 0xF0, 0xF8, 0x7C,
    0x3E, 0x1F, 0x0F, 0x87, 0xC3, 0xE0, 0x3C, 0x78, 0xF1, 0xE3, 0xC7, 0x8F, 0x1E, 0x3C, 0x78, 0xF1,
    0xE3, 0xC7, 0x8F, 0x1E, 0x3C, 0x78, 0xF1, 0xE7, 0x1E, 0x3F, 0xFF, 0x7E, 0x38, 0x79, 0xF1, 0xE3,
    0x80, 0x00, 0x1E, 0x3C, 0x78, 0xF1, 0xE3, 0xC7, 0x8F, 0x1E, 0x3C, 0x78, 0xF1, 0xE3, 0xC7, 0x9C,
    0x78, 0xFF, 0xFD, 0xF8, 0x6F, 0xFF, 0x60, 0xFF, 0xFF, 0xFF, 0xFF, 0xFF, 0xFF, 0xFF, 0xFF, 0xFF,
    0xF0, 0xFF, 0xFF, 0xFF, 0xFF, 0xFF, 0xFF, 0xFF, 0xF0, 0x03, 0xFC, 0x00, 0xFF, 0x00, 0x3F, 0xC0,
    0x0F, 0xF0, 0x03, 0xFC, 0x00, 0xFF, 0x00, 0x3F, 0xC0, 0x0F, 0xF0, 0x03, 0xFC, 0x00, 0xFF, 0x00,
    0x3F, 0xC0, 0x0F, 0xF0, 0x03, 0xFC, 0x00, 0xFF, 0x0C, 0x3F, 0xCF, 0x9F, 0xF3, 0xFF, 0xFC, 0x7F,
    0xEF, 0x0F, 0xF0, 0x00, 0xF0, 0x70, 0x77, 0xC7, 0xFE, 0x3E, 0xF1, 0xE3, 0x06, 0x00, 0x01, 0xE3,
    0xCF, 0x1E, 0x78, 0xF3, 0xC7, 0x9E, 0x3C, 0xF1, 0xE7, 0x8F, 0x3C, 0x79, 0xE3, 0xCF, 0x1E, 0x78,
    0xF3, 0xC7, 0x9E, 0x3C, 0xF1, 0xE0, 0x0F, 0x00, 0x78, 0x1F, 0xC0, 0xFE, 0x07, 0xE0, 0x3E, 0x00,
    0x00, 0x78, 0x01, 0xF8, 0x07, 0xF0, 0x1E, 0x70, 0x10, 0x40, 0x00, 0x00, 0x1E, 0x00, 0x3C, 0x00,
    0x78, 0x00, 0xF0, 0x01, 0xE0, 0x03, 0xC0, 0x07, 0x80, 0x0F, 0x00, 0x1E, 0x00, 0x3C, 0x00, 0x78,
    0x00, 0xF0, 0x01, 0xE0, 0x03, 0xC3, 0x0F, 0x9F, 0x1F, 0x1F, 0xFC, 0x3F, 0xF8, 0x3F, 0xE0, 0x1E,
    0x00, 0x0F, 0x07, 0xC1, 0xF8, 0xEF, 0x71, 0xC8, 0x20, 0x00, 0x3C, 0x0F, 0x03, 0xC0, 0xF0, 0x3C,
    0x0F, 0x03, 0xC0, 0xF0, 0x3C, 0x0F, 0x03, 0xC0, 0xF0, 0x3C, 0x0F, 0x03, 0xC0, 0xF3, 0xFC, 0xFE,
    0x3F, 0x8F, 0xC0, 0xF0, 0x1F, 0xF8, 0x1F, 0x3C, 0x1F, 0x1E, 0x1F, 0x0F, 0x1F, 0x07, 0x9F, 0x03,
    0xDF, 0x01, 0xFF, 0x00, 0xFF, 0xC0, 0x7F, 0xF0, 0x3F, 0xF8, 0x1F, 0x3E, 0x0F, 0x1F, 0x07, 0x87,
    0xC3, 0xC1, 0xF1, 0xE0, 0xF8, 0xF0, 0x3E, 0x78, 0x1F, 0xBC, 0x07, 0xC0, 0x00, 0x10, 0x00, 0x00,
    0x1C, 0x00, 0x1F, 0x00, 0x0F, 0x80, 0x03, 0xC0, 0x00, 0xC0, 0x00, 0xC0, 0x00, 0x60, 0x00, 0xF8,
    0x01, 0xF0, 0x03, 0xE0, 0x07, 0xC0, 0x0F, 0x80, 0x1F, 0x0F, 0xBE, 0x3E, 0x7C, 0xF8, 0xFB, 0xE1,
    0xFF, 0x83, 0xFE, 0x07, 0xFE, 0x0F, 0xFE, 0x1F, 0xFC, 0x3E, 0x7C, 0x7C, 0xF8, 0xF8, 0xF9, 0xF0,
    0xFB, 0xE1, 0xF0, 0x00, 0x10, 0x00, 0x00, 0xF0, 0x01, 0xE0, 0x03, 0xC0, 0x03, 0x80, 0x02, 0x00,
    0x0C, 0x00, 0x30, 0x00, 0x00, 0x1B, 0xC1, 0xEF, 0x0F, 0xBC, 0x7E, 0xF3, 0xE3, 0xDF, 0x0F, 0xF8,
    0x3F, 0xC0, 0xFF, 0x03, 0xFE, 0x0F, 0x7C, 0x3C, 0xF8, 0xF1, 0xF3, 0xC7, 0xEF, 0x0F, 0xC0, 0x18,
    0x00, 0xF0, 0x03, 0xE0, 0x1F, 0x00, 0xF0, 0x00, 0x80, 0x00, 0x00, 0x1E, 0x00, 0x78, 0x01, 0xE0,
    0x07, 0x80, 0x1E, 0x00, 0x78, 0x01, 0xE0, 0x07, 0x80, 0x1E, 0x00, 0x78, 0x01, 0xE0, 0x07, 0x80,
    0x1E, 0x00, 0x78, 0x01, 0xE0, 0x07, 0x80, 0x1F, 0xFF, 0x7F, 0xFD, 0xFF, 0xF0, 0x10, 0x30, 0xF9,
    0xE7, 0x9E, 0x08, 0x00, 0xF9, 0xF3, 0xE7, 0xCF, 0x9F, 0x3E, 0x7C, 0xF9, 0xF3, 0xE7, 0xCF, 0x9F,
    0x3E, 0x7C, 0xFC, 0xF9, 0xF0, 0xF0, 0x07, 0x80, 0x3C, 0x01, 0xE0, 0x0F, 0x00, 0x78, 0x03, 0xC0,
    0x1E, 0x00, 0xF0, 0x07, 0x80, 0x3C, 0x01, 0xE0, 0x0F, 0x00, 0x78, 0x03, 0xC0, 0x1E, 0x00, 0xFF,
    0xFF, 0xFF, 0xFF, 0xFE, 0x00, 0x00, 0x00, 0x03, 0x80, 0x3E, 0x01, 0xF0, 0x07, 0x00, 0x18, 0x01,
    0x80, 0x08, 0x00, 0xFB, 0xEF, 0xBE, 0xFB, 0xEF, 0xBE, 0xFB, 0xEF, 0xBE, 0xFB, 0xEF, 0xBE, 0xFD,
    0xF7, 0xC0, 0x00, 0xE7, 0xCF, 0x3C, 0x61, 0x8C, 0x03, 0x07, 0x9E, 0x3C, 0xF1, 0xE7, 0x0F, 0x38,
    0x79, 0x83, 0xC0, 0x1E, 0x00, 0xF0, 0x07, 0x80, 0x3C, 0x01, 0xE0, 0x0F, 0x00, 0x78, 0x03, 0xC0,
    0x1E, 0x00, 0xF0, 0x07, 0xFF, 0xFF, 0xFF, 0xFF, 0xF0, 0x01, 0x9F, 0x3F, 0xE7, 0x7D, 0xEF, 0xB9,
    0xF7, 0x3E, 0x07, 0xC0, 0xF8, 0x1F, 0x03, 0xE0, 0x7C, 0x0F, 0x81, 0xF0, 0x3E, 0x07, 0xC0, 0xF8,
    0x1F, 0x81, 0xF0, 0x3E, 0x00, 0xF0, 0x07, 0x80, 0x3C, 0x01, 0xE0, 0x0F, 0x00, 0x78, 0xC3, 0xCF,
    0x1E, 0x7C, 0xF3, 0xC7, 0x8C, 0x3C, 0x01, 0xE0, 0x0F, 0x00, 0x78, 0x03, 0xC0, 0x1E, 0x00, 0xFF,
    0xFF, 0xFF, 0xFF, 0xFE, 0xF8, 0x1F, 0x03, 0xE0, 0x7C, 0x0F, 0x81, 0xF0, 0x3E, 0x07, 0xDE, 0xFB,
    0xFF, 0x7F, 0xEF, 0x7C, 0x0F, 0x81, 0xF0, 0x3E, 0x07, 0xC0, 0xFC, 0x0F, 0x81, 0xF0, 0x00, 0x1E,
    0x00, 0x1E, 0x00, 0x1E, 0x00, 0x1E, 0x00, 0x1E, 0x10, 0x1E, 0xE0, 0x1F, 0xE0, 0x3F, 0xE0, 0xFF,
    0xE0, 0xFF, 0x00, 0xFE, 0x00, 0xDE, 0x00, 0x1E, 0x00, 0x1E, 0x00, 0x1E, 0x00, 0x1E, 0x00, 0x1F,
    0xFF, 0x1F, 0xFF, 0x1F, 0xFF, 0x3C, 0x3C, 0x3C, 0x3C, 0x3C, 0x3D, 0x3F, 0xFF, 0xFF, 0xFC, 0xFC,
    0x3C, 0x3C, 0x3C, 0x3C, 0x3C, 0x3E, 0x3E, 0x3E, 0x00, 0xC0, 0x00, 0xE0, 0x01, 0xF0, 0x03, 0xE0,
    0x07, 0x80, 0x01, 0x00, 0x00, 0x00, 0xF0, 0x0F, 0xF0, 0x0F, 0xF8, 0x0F, 0xFC, 0x0F, 0xFE, 0x0F,
    0xFE, 0x0F, 0xFF, 0x0F, 0xFF, 0x8F, 0xF7, 0x8F, 0xF7, 0xCF, 0xF3, 0xEF, 0xF1, 0xEF, 0xF1, 0xFF,
    0xF0, 0xFF, 0xF0, 0x7F, 0xF0, 0x3F, 0xF0, 0x3F, 0xF0, 0x1F, 0xF0, 0x0F, 0x00, 0x80, 0x0E, 0x00,
    0xF8, 0x07, 0x80, 0x78, 0x01, 0x80, 0x00, 0x00, 0x38, 0xF7, 0xF7, 0xBF, 0xFF, 0xFF, 0xF9, 0xFF,
    0x87, 0xF8, 0x3F, 0xC1, 0xFE, 0x0F, 0xF0, 0x7F, 0x83, 0xFC, 0x1F, 0xE0, 0xFF, 0x07, 0xF8, 0x3C,
    0xF0, 0x0F, 0xF0, 0x0F, 0xF8, 0x0F, 0xFC, 0x0F, 0xFE, 0x0F, 0xFE, 0x0F, 0xFF, 0x0F, 0xFF, 0x8F,
    0xF7, 0x8F, 0xF7, 0xCF, 0xF3, 0xEF, 0xF1, 0xEF, 0xF1, 0xFF, 0xF0, 0xFF, 0xF0, 0x7F, 0xF0, 0x3F,
    0xF0, 0x3F, 0xF0, 0x1F, 0xF0, 0x0F, 0x00, 0x00, 0x00, 0x00, 0x03, 0xC0, 0x03, 0xC0, 0x03, 0xC0,
    0x03, 0xC0, 0x00, 0x80, 0x01, 0x80, 0x03, 0x00, 0x01, 0xC7, 0xBF, 0xBD, 0xFF, 0xFF, 0xFF, 0xCF,
    0xFC, 0x3F, 0xC1, 0xFE, 0x0F, 0xF0, 0x7F, 0x83, 0xFC, 0x1F, 0xE0, 0xFF, 0x07, 0xF8, 0x3F, 0xC1,
    0xE0, 0x00, 0x00, 0x00, 0x3C, 0x01, 0xE0, 0x0F, 0x00, 0x38, 0x00, 0x80, 0x0C, 0x00, 0xC0, 0x0C,
    0x30, 0x1E, 0xF0, 0x0F, 0xE0, 0x07, 0xC0, 0x03, 0xC0, 0x00, 0x00, 0xF0, 0x0F, 0xF0, 0x0F, 0xF8,
    0x0F, 0xFC, 0x0F, 0xFE, 0x0F, 0xFE, 0x0F, 0xFF, 0x0F, 0xFF, 0x8F, 0xF7, 0x8F, 0xF7, 0xCF, 0xF3,
    0xEF, 0xF1, 0xEF, 0xF1, 0xFF, 0xF0, 0xFF, 0xF0, 0x7F, 0xF0, 0x3F, 0xF0, 0x3F, 0xF0, 0x1F, 0xF0,
    0x0F, 0x18, 0x61, 0xE7, 0x87, 0xF8, 0x1F, 0x80, 0x78, 0x00, 0x00, 0x07, 0x1E, 0xFE, 0xF7, 0xFF,
    0xFF, 0xFF, 0x3F, 0xF0, 0xFF, 0x07, 0xF8, 0x3F, 0xC1, 0xFE, 0x0F, 0xF0, 0x7F, 0x83, 0xFC, 0x1F,
    0xE0, 0xFF, 0x07, 0x80, 0xF0, 0x00, 0x1E, 0x00, 0x03, 0xC0, 0x00, 0x78, 0x00, 0x03, 0x00, 0x60,
    0x67, 0xBF, 0x18, 0xFF, 0xF7, 0x1F, 0xFF, 0x83, 0xE3, 0xE0, 0x78, 0x3C, 0x0F, 0x07, 0x81, 0xE0,
    0xF0, 0x3C, 0x1E, 0x07, 0x83, 0xC0, 0xF0, 0x78, 0x1E, 0x0F, 0x03, 0xC1, 0xE0, 0x78, 0x3C, 0x0F,
    0x07, 0x80, 0xF0, 0x0F, 0xF8, 0x0F, 0xF8, 0x0F, 0xFC, 0x0F, 0xFE, 0x0F, 0xFE, 0x0F, 0xFF, 0x0F,
    0xFF, 0x8F, 0xF7, 0x8F, 0xF7, 0xCF, 0xF3, 0xEF, 0xF1, 0xEF, 0xF1, 0xFF, 0xF0, 0xFF, 0xF0, 0x7F,
    0xF0, 0x3F, 0xF0, 0x3F, 0xF0, 0x1F, 0xF0, 0x0F, 0x00, 0x0F, 0x00, 0x0F, 0x00, 0x1F, 0x00, 0xFF,
    0x00, 0xFE, 0x00, 0xFE, 0x00, 0xF8, 0x01, 0xC7, 0xBF, 0xBD, 0xFF, 0xFF, 0xFF, 0xCF, 0xFC, 0x3F,
    0xC1, 0xFE, 0x0F, 0xF0, 0x7F, 0x83, 0xFC, 0x1F, 0xE0, 0xFF, 0x07, 0xF8, 0x3F, 0xC1, 0xE0, 0x0F,
    0x00, 0x78, 0x03, 0xC0, 0xFE, 0x07, 0xF0, 0x3F, 0x01, 0xF0, 0x07, 0xF8, 0x01, 0xFE, 0x00, 0x7F,
    0x80, 0x00, 0x00, 0x00, 0x00, 0x01, 0xFF, 0x01, 0xFF, 0xE0, 0xFF, 0xFC, 0x7F, 0xFF, 0x9F, 0x03,
    0xE7, 0x80, 0x7F, 0xE0, 0x0F, 0xF0, 0x03, 0xFC, 0x00, 0xFF, 0x00, 0x3F, 0xC0, 0x0F, 0xF0, 0x03,
    0xFE, 0x00, 0xFF, 0x80, 0x7D, 0xF0, 0x3E, 0x7E, 0x1F, 0x8F, 0xFF, 0xC1, 0xFF, 0xE0, 0x3F, 0xF0,
    0x01, 0xE0, 0x00, 0x1F, 0xE0, 0x7F, 0x81, 0xFE, 0x00, 0x00, 0x07, 0x80, 0x7F, 0x83, 0xFF, 0x1F,
    0xFE, 0xFC, 0xFB, 0xE1, 0xFF, 0x03, 0xFC, 0x0F, 0xF0, 0x3F, 0xC0, 0xFF, 0x87, 0xFE, 0x3E, 0x7F,
    0xF8, 0xFF, 0xC1, 0xFE, 0x01, 0xE0, 0x06, 0x18, 0x01, 0xCE, 0x00, 0x7F, 0x80, 0x0F, 0xC0, 0x00,
    0xC0, 0x00, 0x00, 0x00, 0x7F, 0xC0, 0x7F, 0xF8, 0x3F, 0xFF, 0x1F, 0xFF, 0xE7, 0xC0, 0xF9, 0xE0,
    0x1F, 0xF8, 0x03, 0xFC, 0x00, 0xFF, 0x00, 0x3F, 0xC0, 0x0F, 0xF0, 0x03, 0xFC, 0x00, 0xFF, 0x80,
    0x3F, 0xE0, 0x1F, 0x7C, 0x0F, 0x9F, 0x87, 0xE3, 0xFF, 0xF0, 0x7F, 0xF8, 0x0F, 0xFC, 0x00, 0x78,
    0x00, 0x18, 0x60, 0x61, 0x81, 0xFE, 0x07, 0xF0, 0x0F, 0xC0, 0x00, 0x00, 0x78, 0x07, 0xF8, 0x3F,
    0xF1, 0xFF, 0xEF, 0xCF, 0xBE, 0x1F, 0xF0, 0x3F, 0xC0, 0xFF, 0x03, 0xFC, 0x0F, 0xF8, 0x7F, 0xE3,
    0xE7, 0xFF, 0x8F, 0xFC, 0x1F, 0xE0, 0x1E, 0x00, 0x03, 0x0C, 0x00, 0xF7, 0xC0, 0x7D, 0xE0, 0x1E,
    0x70, 0x07, 0x38, 0x00, 0x82, 0x00, 0x00, 0x00, 0x1F, 0xF0, 0x1F, 0xFE, 0x0F, 0xFF, 0xC7, 0xFF,
    0xF9, 0xF0, 0x3E, 0x78, 0x07, 0xFE, 0x00, 0xFF, 0x00, 0x3F, 0xC0, 0x0F, 0xF0, 0x03, 0xFC, 0x00,
    0xFF, 0x00, 0x3F, 0xE0, 0x0F, 0xF8, 0x07, 0xDF, 0x03, 0xE7, 0xE1, 0xF8, 0xFF, 0xFC, 0x1F, 0xFE,
    0x03, 0xFF, 0x00, 0x1E, 0x00, 0x04, 0x20, 0x38, 0xE0, 0xF7, 0xC7, 0x9E, 0x1C, 0xF0, 0xF3, 0x80,
    0x82, 0x01, 0xE0, 0x1F, 0xE0, 0xFF, 0xC7, 0xFF, 0xBF, 0x3E, 0xF8, 0x7F, 0xC0, 0xFF, 0x03, 0xFC,
    0x0F, 0xF0, 0x3F, 0xE1, 0xFF, 0x8F, 0x9F, 0xFE, 0x3F, 0xF0, 0x7F, 0x80, 0x78, 0x00, 0x0F, 0xF3,
    0xFF, 0xE3, 0xFF, 0xFF, 0xFC, 0xFF, 0xFF, 0xFF, 0xBF, 0xFF, 0xFF, 0xF7, 0xC0, 0xFE, 0x00, 0xF0,
    0x0F, 0xC0, 0x3E, 0x00, 0xF8, 0x07, 0x80, 0x1F, 0x00, 0xF0, 0x03, 0xFF, 0xDE, 0x00, 0x7F, 0xFB,
    0xC0, 0x0F, 0xFF, 0x78, 0x01, 0xF0, 0x0F, 0x80, 0x3E, 0x01, 0xF0, 0x0F, 0xC0, 0x1F, 0x01, 0xF8,
    0x03, 0xF8, 0xFF, 0x00, 0x3F, 0xFF, 0xFF, 0xE3, 0xFF, 0xFF, 0xFC, 0x3F, 0xEF, 0xFF, 0x81, 0xF0,
    0x00, 0x00, 0x07, 0x00, 0xE0, 0x1F, 0xC3, 0xF8, 0x3F, 0xE7, 0xFC, 0x7F, 0xFF, 0xFE, 0xFC, 0xFE,
    0x1E, 0xF8, 0x7C, 0x0F, 0xF0, 0x3F, 0xFF, 0xF0, 0x3F, 0xFF, 0xF0, 0x3F, 0xFF, 0xF0, 0x3F, 0xFF,
    0xF8, 0x7C, 0x08, 0xF8, 0xFE, 0x1C, 0x7F, 0xFF, 0xFE, 0x3F, 0xFF, 0xFE, 0x1F, 0xE3, 0xFC, 0x07,
    0x80, 0xE0, 0x01, 0x00, 0x07, 0x00, 0x1F, 0x00, 0x7C, 0x00, 0xF0, 0x00, 0x80, 0x00, 0x00, 0x7F,
    0xF0, 0xFF, 0xF1, 0xFF, 0xF3, 0xFF, 0xF7, 0x83, 0xEF, 0x03, 0xDE, 0x07, 0xBC, 0x0F, 0x78, 0x7E,
    0xFF, 0xFD, 0xFF, 0xF3, 0xFF, 0xC7, 0xFF, 0x0F, 0x1F, 0x1E, 0x1E, 0x3C, 0x3E, 0x78, 0x3E, 0xF0,
    0x7D, 0xE0, 0x7C, 0x02, 0x01, 0xC0, 0x7C, 0x3E, 0x1E, 0x03, 0x00, 0x00, 0x03, 0xF3, 0xFD, 0xFF,
    0xFF, 0xF8, 0xF8, 0x3E, 0x0F, 0x83, 0xC0, 0xF0, 0x3C, 0x0F, 0x03, 0xC0, 0xF0, 0x3C, 0x00, 0xFF,
    0xE1, 0xFF, 0xE3, 0xFF, 0xE7, 0xFF, 0xEF, 0x07, 0xDE, 0x07, 0xBC, 0x0F, 0x78, 0x1E, 0xF0, 0xFD,
    0xFF, 0xFB, 0xFF, 0xE7, 0xFF, 0x8F, 0xFE, 0x1E, 0x3E, 0x3C, 0x3C, 0x78, 0x7C, 0xF0, 0x7D, 0xE0,
    0xFB, 0xC0, 0xF8, 0x00, 0x00, 0x00, 0x00, 0xF0, 0x01, 0xE0, 0x03, 0xC0, 0x07, 0x80, 0x02, 0x00,
    0x0C, 0x00, 0x30, 0x00, 0x00, 0xFE, 0xFF, 0xFF, 0xFF, 0xFF, 0x3E, 0x0F, 0x83, 0xE0, 0xF8, 0x3E,
    0x0F, 0x83, 0xE0, 0xF8, 0x3E, 0x0F, 0x80, 0x00, 0x00, 0x3C, 0x0F, 0x83, 0xE0, 0x70, 0x0C, 0x06,
    0x01, 0x00, 0x38, 0xC0, 0x7B, 0xC0, 0x7F, 0x00, 0x7C, 0x00, 0x70, 0x00, 0x00, 0x3F, 0xF8, 0x7F,
    0xF8, 0xFF, 0xF9, 0xFF, 0xFB, 0xC1, 0xF7, 0x81, 0xEF, 0x03, 0xDE, 0x07, 0xBC, 0x3F, 0x7F, 0xFE,
    0xFF, 0xF9, 0xFF, 0xE3, 0xFF, 0x87, 0x8F, 0x8F, 0x0F, 0x1E, 0x1F, 0x3C, 0x1F, 0x78, 0x3E, 0xF0,
    0x3E, 0x61, 0x9C, 0xF3, 0xF8, 0xFC, 0x1E, 0x00, 0x00, 0x0F, 0xCF, 0xF7, 0xFF, 0xFF, 0xE3, 0xE0,
    0xF8, 0x3E, 0x0F, 0x03, 0xC0, 0xF0, 0x3C, 0x0F, 0x03, 0xC0, 0xF0, 0x00, 0x00, 0x80, 0x03, 0x80,
    0x0F, 0x80, 0x3E, 0x00, 0x78, 0x00, 0x40, 0x00, 0x00, 0x0F, 0xF8, 0x3F, 0xF8, 0xFF, 0xFB, 0xF1,
    0xFF, 0xC1, 0xEF, 0x01, 0x1F, 0x00, 0x1F, 0x80, 0x3F, 0xE0, 0x3F, 0xF8, 0x1F, 0xF8, 0x07, 0xF0,
    0x01, 0xF2, 0x01, 0xEE, 0x07, 0xFE, 0x1F, 0xFF, 0xFE, 0x7F, 0xF8, 0x7F, 0xE0, 0x1F, 0x00, 0x00,
    0x80, 0x0E, 0x00, 0xF8, 0x07, 0x80, 0x78, 0x01, 0x80, 0x08, 0x00, 0xF0, 0x1F, 0xE1, 0xFF, 0x9F,
    0xFE, 0xF0, 0xC7, 0x80, 0x3F, 0x80, 0xFF, 0x83, 0xFE, 0x03, 0xF8, 0x87, 0xCC, 0x1F, 0xFF, 0xF7,
    0xFF, 0x1F, 0xF0, 0x1E, 0x00, 0x07, 0xC0, 0x0F, 0x80, 0x3F, 0x80, 0xE3, 0x80, 0x82, 0x00, 0x00,
    0x07, 0xFC, 0x1F, 0xFC, 0x7F, 0xFD, 0xF8, 0xFF, 0xE0, 0xF7, 0x80, 0x8F, 0x80, 0x0F, 0xC0, 0x1F,
    0xF0, 0x1F, 0xFC, 0x0F, 0xFC, 0x03, 0xF8, 0x00, 0xF9, 0x00, 0xF7, 0x03, 0xFF, 0x0F, 0xFF, 0xFF,
    0x3F, 0xFC, 0x3F, 0xF0, 0x0F, 0x80, 0x07, 0x80, 0x7C, 0x03, 0xF0, 0x3B, 0xC3, 0x8E, 0x08, 0x20,
    0x1E, 0x03, 0xFC, 0x3F, 0xF3, 0xFF, 0xDE, 0x18, 0xF0, 0x07, 0xF0, 0x1F, 0xF0, 0x7F, 0xC0, 0x7F,
    0x10, 0xF9, 0x83, 0xFF, 0xFE, 0xFF, 0xE3, 0xFE, 0x03, 0xC0, 0x1F, 0xF0, 0x7F, 0xF1, 0xFF, 0xF7,
    0xE3, 0xFF, 0x83, 0xDE, 0x02, 0x3E, 0x00, 0x3F, 0x00, 0x7F, 0xC0, 0x7F, 0xF0, 0x3F, 0xF0, 0x0F,
    0xE0, 0x03, 0xE4, 0x03, 0xDC, 0x0F, 0xFC, 0x3F, 0xFF, 0xFC, 0xFF, 0xF0, 0xFF, 0xC0, 0x3E, 0x00,
    0x70, 0x00, 0xF8, 0x00, 0xB8, 0x03, 0xF0, 0x07, 0xC0, 0x07, 0x80, 0xFF, 0x0F, 0xFC, 0xFF, 0xF7,
    0x86, 0x3C, 0x01, 0xFC, 0x07, 0xFC, 0x1F, 0xF0, 0x1F, 0xC4, 0x3E, 0x60, 0xFF, 0xFF, 0xBF, 0xF8,
    0xFF, 0x80, 0xF0, 0x07, 0x80, 0x3E, 0x00, 0xF8, 0x0F, 0x80, 0x7C, 0x00, 0x1C, 0x70, 0x3D, 0xE0,
    0x3F, 0x80, 0x3E, 0x00, 0x38, 0x00, 0x00, 0x07, 0xFC, 0x1F, 0xFC, 0x7F, 0xFD, 0xF8, 0xFF, 0xE0,
    0xF7, 0x80, 0x8F, 0x80, 0x0F, 0xC0, 0x1F, 0xF0, 0x1F, 0xFC, 0x0F, 0xFC, 0x03, 0xF8, 0x00, 0xF9,
    0x00, 0xF7, 0x03, 0xFF, 0x0F, 0xFF, 0xFF, 0x3F, 0xFC, 0x3F, 0xF0, 0x0F, 0x80, 0x18, 0x61, 0xE7,
    0x07, 0xF0, 0x1F, 0x80, 0x78, 0x00, 0x00, 0x1E, 0x03, 0xFC, 0x3F, 0xF3, 0xFF, 0xDE, 0x18, 0xF0,
    0x07, 0xF0, 0x1F, 0xF0, 0x7F, 0xC0, 0x7F, 0x10, 0xF9, 0x83, 0xFF, 0xFE, 0xFF, 0xE3, 0xFE, 0x03,
    0xC0, 0xFF, 0xFF, 0xFF, 0xFF, 0xFF, 0xFF, 0xFF, 0xF0, 0x78, 0x00, 0xF0, 0x01, 0xE0, 0x03, 0xC0,
    0x07, 0x80, 0x0F, 0x00, 0x1E, 0x00, 0x3C, 0x00, 0x78, 0x00, 0xF0, 0x01, 0xE0, 0x03, 0xC0, 0x07,
    0x80, 0x0F, 0x00, 0x1E, 0x00, 0x1C, 0x00, 0x78, 0x00, 0xFC, 0x00, 0xB8, 0x03, 0xF0, 0x03, 0xC0,
    0x1E, 0x07, 0x81, 0xE0, 0x78, 0xFF, 0xFF, 0xFF, 0xFF, 0xFF, 0x1E, 0x07, 0x81, 0xE0, 0x78, 0x1E,
    0x07, 0x81, 0xE0, 0x7F, 0x1F, 0xC3, 0xF0, 0x78, 0x1C, 0x0F, 0xC1, 0x70, 0x7C, 0x1E, 0x18, 0x60,
    0x3D, 0xE0, 0x3F, 0x80, 0x3E, 0x00, 0x78, 0x00, 0x00, 0x3F, 0xFF, 0xFF, 0xFF, 0xFF, 0xFF, 0xFF,
    0xFC, 0x1E, 0x00, 0x3C, 0x00, 0x78, 0x00, 0xF0, 0x01, 0xE0, 0x03, 0xC0, 0x07, 0x80, 0x0F, 0x00,
    0x1E, 0x00, 0x3C, 0x00, 0x78, 0x00, 0xF0, 0x01, 0xE0, 0x03, 0xC0, 0x07, 0x80, 0x00, 0x78, 0x03,
    0x80, 0x1C, 0x3C, 0xE1, 0xEE, 0x0F, 0x70, 0x78, 0x1F, 0xF8, 0xFF, 0xC7, 0xFE, 0x3F, 0xF0, 0x3C,
    0x01, 0xE0, 0x0F, 0x00, 0x78, 0x03, 0xC0, 0x1E, 0x00, 0xF0, 0x07, 0xF0, 0x3F, 0x80, 0xFC, 0x01,
    0xC0, 0xFF, 0xFF, 0xFF, 0xFF, 0xFF, 0xFF, 0xFF, 0xF0, 0x78, 0x00, 0xF0, 0x01, 0xE0, 0x03, 0xC0,
    0x7F, 0xF8, 0xFF, 0xF1, 0xFF, 0xE3, 0xFF, 0xC0, 0x78, 0x00, 0xF0, 0x01, 0xE0, 0x03, 0xC0, 0x07,
    0x80, 0x0F, 0x00, 0x1E, 0x00, 0x1E, 0x03, 0xC0, 0x78, 0x0F, 0x0F, 0xFF, 0xFF, 0xFF, 0xFF, 0xFF,
    0x1E, 0x03, 0xC3, 0xFF, 0xFF, 0xFF, 0xFE, 0x3C, 0x07, 0x80, 0xFE, 0x1F, 0xC1, 0xF8, 0x0E, 0x00,
    0x0E, 0x20, 0x3E, 0x70, 0x7F, 0xC1, 0xFF, 0x80, 0x8E, 0x00, 0x00, 0x3C, 0x07, 0xF8, 0x0F, 0xF0,
    0x1F, 0xE0, 0x3F, 0xC0, 0x7F, 0x80, 0xFF, 0x01, 0xFE, 0x03, 0xFC, 0x07, 0xF8, 0x0F, 0xF0, 0x1F,
    0xE0, 0x3F, 0xC0, 0x7F, 0x80, 0xFF, 0x81, 0xFF, 0x8F, 0xDF, 0xFF, 0x1F, 0xFE, 0x1F, 0xF0, 0x0F,
    0x80, 0x1E, 0x30, 0xFF, 0x8F, 0xFC, 0x77, 0xC0, 0x84, 0x00, 0x03, 0xC1, 0xFE, 0x0F, 0xF0, 0x7F,
    0x83, 0xFC, 0x1F, 0xE0, 0xFF, 0x07, 0xF8, 0x3F, 0xC1, 0xFF, 0x0F, 0xF8, 0xFB, 0xFF, 0xDF, 0xFE,
    0x7E, 0xF0, 0xE0, 0x00, 0x1F, 0xF0, 0x3F, 0xE0, 0x7F, 0xC0, 0x00, 0x00, 0x00, 0x1E, 0x03, 0xFC,
    0x07, 0xF8, 0x0F, 0xF0, 0x1F, 0xE0, 0x3F, 0xC0, 0x7F, 0x80, 0xFF, 0x01, 0xFE, 0x03, 0xFC, 0x07,
    0xF8, 0x0F, 0xF0, 0x1F, 0xE0, 0x3F, 0xC0, 0x7F, 0xC0, 0xFF, 0xC7, 0xEF, 0xFF, 0x8F, 0xFF, 0x0F,
    0xF8, 0x07, 0xC0, 0x1F, 0xE0, 0xFF, 0x07, 0xF8, 0x00, 0x00, 0x00, 0x78, 0x3F, 0xC1, 0xFE, 0x0F,
    0xF0, 0x7F, 0x83, 0xFC, 0x1F, 0xE0, 0xFF, 0x07, 0xF8, 0x3F, 0xE1, 0xFF, 0x1F, 0x7F, 0xFB, 0xFF,
    0xCF, 0xDE, 0x1C, 0x00, 0x1C, 0x70, 0x38, 0xE0, 0x3F, 0x80, 0x7F, 0x00, 0x10, 0x00, 0x00, 0x3C,
    0x07, 0xF8, 0x0F, 0xF0, 0x1F, 0xE0, 0x3F, 0xC0, 0x7F, 0x80, 0xFF, 0x01, 0xFE, 0x03, 0xFC, 0x07,
    0xF8, 0x0F, 0xF0, 0x1F, 0xE0, 0x3F, 0xC0, 0x7F, 0x80, 0xFF, 0x81, 0xFF, 0x8F, 0xDF, 0xFF, 0x1F,
    0xFE, 0x1F, 0xF0, 0x0F, 0x80, 0x18, 0x60, 0xC3, 0x07, 0xF8, 0x3F, 0xC0, 0xFC, 0x00, 0x00, 0x00,
    0x1E, 0x0F, 0xF0, 0x7F, 0x83, 0xFC, 0x1F, 0xE0, 0xFF, 0x07, 0xF8, 0x3F, 0xC1, 0xFE, 0x0F, 0xF8,
    0x7F, 0xC7, 0xDF, 0xFE, 0xFF, 0xF3, 0xF7, 0x87, 0x00, 0x03, 0x80, 0x0F, 0x80, 0x31, 0x80, 0x33,
    0x00, 0x7C, 0x00, 0x70, 0x00, 0x00, 0x78, 0x0F, 0xF0, 0x1F, 0xE0, 0x3F, 0xC0, 0x7F, 0x80, 0xFF,
    0x01, 0xFE, 0x03, 0xFC, 0x07, 0xF8, 0x0F, 0xF0, 0x1F, 0xE0, 0x3F, 0xC0, 0x7F, 0x80, 0xFF, 0x01,
    0xFF, 0x03, 0xFF, 0x1F, 0xBF, 0xFE, 0x3F, 0xFC, 0x3F, 0xE0, 0x1F, 0x00, 0x02, 0x00, 0x3C, 0x03,
    0x30, 0x19, 0x80, 0xCC, 0x03, 0xC0, 0x08, 0x00, 0x00, 0xF0, 0x7F, 0x83, 0xFC, 0x1F, 0xE0, 0xFF,
    0x07, 0xF8, 0x3F, 0xC1, 0xFE, 0x0F, 0xF0, 0x7F, 0xC3, 0xFE, 0x3E, 0xFF, 0xF7, 0xFF, 0x9F, 0xBC,
    0x38, 0x00, 0x04, 0x30, 0x1F, 0x78, 0x3D, 0xF0, 0xF3, 0xC1, 0xC7, 0x01, 0x84, 0x00, 0x00, 0x78,
    0x0F, 0xF0, 0x1F, 0xE0, 0x3F, 0xC0, 0x7F, 0x80, 0xFF, 0x01, 0xFE, 0x03, 0xFC, 0x07, 0xF8, 0x0F,
    0xF0, 0x1F, 0xE0, 0x3F, 0xC0, 0x7F, 0x80, 0xFF, 0x01, 0xFF, 0x03, 0xFF, 0x1F, 0xBF, 0xFE, 0x3F,
    0xFC, 0x3F, 0xE0, 0x1F, 0x00, 0x04, 0x20, 0x38, 0xE0, 0xF7, 0xC7, 0x9E, 0x1C, 0xF0, 0xF3, 0x80,
    0x82, 0x00, 0x00, 0xF0, 0x7B, 0xC1, 0xEF, 0x07, 0xBC, 0x1E, 0xF0, 0x7B, 0xC1, 0xEF, 0x07, 0xBC,
    0x1E, 0xF0, 0x7B, 0xE1, 0xEF, 0x8F, 0x9F, 0xFE, 0x7F, 0xF8, 0xFD, 0xE0, 0xE0, 0x00, 0xF0, 0x1F,
    0xE0, 0x3F, 0xC0, 0x7F, 0x80, 0xFF, 0x01, 0xFE, 0x03, 0xFC, 0x07, 0xF8, 0x0F, 0xF0, 0x1F, 0xE0,
    0x3F, 0xC0, 0x7F, 0x80, 0xFF, 0x01, 0xFE, 0x03, 0xFE, 0x07, 0xFE, 0x3F, 0x7F, 0xFC, 0x7F, 0xF8,
    0x7F, 0xC0, 0x3E, 0x00, 0x78, 0x00, 0xE0, 0x01, 0xF8, 0x03, 0xF0, 0x03, 0xE0, 0xF0, 0x7B, 0xC1,
    0xEF, 0x07, 0xBC, 0x1E, 0xF0, 0x7B, 0xC1, 0xEF, 0x07, 0xBC, 0x1E, 0xF0, 0x7B, 0xE1, 0xEF, 0x8F,
    0x9F, 0xFE, 0x7F, 0xF8, 0xFD, 0xE0, 0xE7, 0x80, 0x3C, 0x00, 0xF0, 0x03, 0xF0, 0x0F, 0xC0, 0x1F,
    0x00, 0x0F, 0x00, 0x00, 0x01, 0xF8, 0x00, 0x00, 0x3F, 0xC0, 0x00, 0x07, 0x9E, 0x00, 0x00, 0x10,
    0xC0, 0x00, 0x00, 0x00, 0x00, 0xF8, 0x0F, 0x00, 0xF7, 0x81, 0xF8, 0x1F, 0x78, 0x1F, 0x81, 0xE7,
    0x81, 0xF8, 0x1E, 0x7C, 0x3F, 0xC1, 0xE3, 0xC3, 0xFC, 0x3E, 0x3C, 0x3F, 0xC3, 0xC3, 0xC3, 0xDE,
    0x3C, 0x1E, 0x79, 0xE3, 0xC1, 0xE7, 0x9E, 0x78, 0x1E, 0x78, 0xE7, 0x81, 0xE7, 0x0F, 0x78, 0x0F,
    0xF0, 0xF7, 0x80, 0xFF, 0x07, 0xF0, 0x0F, 0xE0, 0x7F, 0x00, 0xFE, 0x07, 0xF0, 0x07, 0xE0, 0x7E,
    0x00, 0x7C, 0x03, 0xE0, 0x07, 0xC0, 0x3E, 0x00, 0x00, 0x78, 0x00, 0x00, 0xF8, 0x00, 0x03, 0xF0,
    0x00, 0x0F, 0xF0, 0x00, 0x1C, 0x70, 0x00, 0x10, 0x40, 0x00, 0x00, 0x00, 0xF8, 0x3C, 0x1E, 0xF8,
    0x7C, 0x3C, 0xF1, 0xF8, 0x79, 0xE3, 0xF1, 0xE3, 0xC7, 0xE3, 0xC3, 0x8F, 0xE7, 0x87, 0xBD, 0xCE,
    0x0F, 0x73, 0xBC, 0x1E, 0xE7, 0x78, 0x1F, 0xC7, 0xF0, 0x3F, 0x8F, 0xC0, 0x7E, 0x1F, 0x80, 0x7C,
    0x3F, 0x00, 0xF8, 0x3C, 0x00, 0x01, 0xE0, 0x00, 0x7E, 0x00, 0x0F, 0xE0, 0x03, 0x9E, 0x00, 0x20,
    0x80, 0x00, 0x00, 0x7E, 0x01, 0xF3, 0xE0, 0x3E, 0x3C, 0x0F, 0x87, 0xC1, 0xE0, 0x78, 0x7C, 0x0F,
    0x8F, 0x00, 0xF3, 0xE0, 0x0F, 0x78, 0x01, 0xFE, 0x00, 0x1F, 0xC0, 0x03, 0xF0, 0x00, 0x3E, 0x00,
    0x07, 0x80, 0x00, 0xF0, 0x00, 0x1E, 0x00, 0x03, 0xC0, 0x00, 0x78, 0x00, 0x0F, 0x00, 0x01, 0xE0,
    0x00, 0x03, 0x80, 0x0F, 0x80, 0x3F, 0x80, 0x77, 0x01, 0xC7, 0x01, 0x04, 0x00, 0x00, 0x78, 0x0F,
    0xF8, 0x3E, 0xF0, 0x79, 0xE0, 0xF1, 0xE3, 0xE3, 0xC7, 0x87, 0x8F, 0x07, 0xBC, 0x0F, 0x78, 0x0F,
    0xF0, 0x1F, 0xC0, 0x3F, 0x80, 0x3E, 0x00, 0x7C, 0x00, 0xF8, 0x01, 0xE0, 0x03, 0xC0, 0x0F, 0x00,
    0x1E, 0x00, 0x7C, 0x00, 0x06, 0x08, 0x01, 0xE3, 0xC0, 0x3C, 0xF8, 0x07, 0x8F, 0x00, 0x60, 0xC0,
    0x00, 0x00, 0x7E, 0x01, 0xF3, 0xE0, 0x3E, 0x3C, 0x0F, 0x87, 0xC1, 0xE0, 0x78, 0x7C, 0x0F, 0x8F,
    0x00, 0xF3, 0xE0, 0x0F, 0x78, 0x01, 0xFE, 0x00, 0x1F, 0xC0, 0x03, 0xF0, 0x00, 0x3E, 0x00, 0x07,
    0x80, 0x00, 0xF0, 0x00, 0x1E, 0x00, 0x03, 0xC0, 0x00, 0x78, 0x00, 0x0F, 0x00, 0x01, 0xE0, 0x00,
    0x00, 0x80, 0x03, 0x80, 0x0F, 0x80, 0x3E, 0x00, 0x78, 0x00, 0x40, 0x00, 0x00, 0x7F, 0xFF, 0xFF,
    0xFF, 0xFF, 0xFF, 0xFF, 0xF0, 0x03, 0xE0, 0x0F, 0x80, 0x3E, 0x00, 0xF8, 0x01, 0xF0, 0x07, 0xC0,
    0x1F, 0x00, 0x7C, 0x00, 0xF8, 0x03, 0xE0, 0x0F, 0x80, 0x3F, 0xFF, 0xFF, 0xFF, 0xFF, 0xFF, 0xFF,
    0xFC, 0x01, 0x00, 0x38, 0x07, 0xC0, 0x78, 0x0F, 0x00, 0x60, 0x00, 0x00, 0x00, 0xFF, 0xEF, 0xFE,
    0xFF, 0xE0, 0x3E, 0x07, 0xC0, 0xF8, 0x0F, 0x01, 0xE0, 0x3E, 0x07, 0xC0, 0xF8, 0x0F, 0xFF, 0xFF,
    0xFF, 0xFF, 0x01, 0x00, 0x0F, 0x00, 0x1F, 0x00, 0x3C, 0x00, 0x30, 0x00, 0x00, 0x3F, 0xFF, 0xFF,
    0xFF, 0xFF, 0xFF, 0xFF, 0xF8, 0x01, 0xF0, 0x07, 0xC0, 0x1F, 0x00, 0x7C, 0x00, 0xF8, 0x03, 0xE0,
    0x0F, 0x80, 0x3E, 0x00, 0x7C, 0x01, 0xF0, 0x07, 0xC0, 0x1F, 0xFF, 0xFF, 0xFF, 0xFF, 0xFF, 0xFF,
    0xFE, 0x04, 0x00, 0xF0, 0x0F, 0x00, 0xF0, 0x06, 0x00, 0x00, 0x00, 0x0F, 0xFE, 0xFF, 0xEF, 0xFE,
    0x03, 0xE0, 0x7C, 0x0F, 0x80, 0xF0, 0x1E, 0x03, 0xE0, 0x7C, 0x0F, 0x80, 0xFF, 0xFF, 0xFF, 0xFF,
    0xF0, 0x1C, 0x70, 0x3D, 0xE0, 0x3F, 0x80, 0x3E, 0x00, 0x38, 0x00, 0x00, 0x3F, 0xFF, 0xFF, 0xFF,
    0xFF, 0xFF, 0xFF, 0xF8, 0x01, 0xF0, 0x07, 0xC0, 0x1F, 0x00, 0x7C, 0x00, 0xF8, 0x03, 0xE0, 0x0F,
    0x80, 0x3E, 0x00, 0x7C, 0x01, 0xF0, 0x07, 0xC0, 0x1F, 0xFF, 0xFF, 0xFF, 0xFF, 0xFF, 0xFF, 0xFE,
    0x30, 0xC7, 0x9E, 0x3F, 0xC1, 0xF8, 0x0F, 0x00, 0x00, 0x00, 0x0F, 0xFE, 0xFF, 0xEF, 0xFE, 0x03,
    0xE0, 0x7C, 0x0F, 0x80, 0xF0, 0x1E, 0x03, 0xE0, 0x7C, 0x0F, 0x80, 0xFF, 0xFF, 0xFF, 0xFF, 0xF0,
    0x3F, 0x7F, 0x7F, 0x7D, 0xF8, 0xF8, 0xF8, 0xF8, 0xF8, 0xF8, 0xF8, 0xF8, 0xF8, 0xF8, 0xF8, 0xF8,
    0xF8, 0xF8, 0xF8, 0x00, 0x00, 0xC0, 0x00, 0x3C, 0x00, 0x07, 0x80, 0x00, 0xF0, 0x7F, 0xFC, 0x3F,
    0xFF, 0x8F, 0xFF, 0xC3, 0xFF, 0xFC, 0x7C, 0x0F, 0x8F, 0x00, 0xFB, 0xE0, 0x0F, 0x78, 0x01, 0xEF,
    0x00, 0x3D, 0xE0, 0x07, 0xBC, 0x00, 0xF7, 0x80, 0x1E, 0xF8, 0x03, 0xDF, 0x00, 0xF9, 0xF0, 0x3E,
    0x3F, 0x0F, 0xC3, 0xFF, 0xF0, 0x3F, 0xFC, 0x03, 0xFF, 0x00, 0x0F, 0x00, 0x00, 0x04, 0x00, 0x18,
    0x00, 0x78, 0x00, 0xF0, 0x7F, 0xE3, 0xFF, 0x8F, 0xFE, 0x3F, 0xFC, 0xFC, 0xF9, 0xF0, 0xFB, 0xC0,
    0xF7, 0x81, 0xEF, 0x03, 0xDE, 0x07, 0xBE, 0x1F, 0x7C, 0x7C, 0x7F, 0xF8, 0x7F, 0xE0, 0x7F, 0x80,
    0x3C, 0x00, 0x00, 0x00, 0xC0, 0x00, 0x38, 0x00, 0x07, 0x80, 0x00, 0xFF, 0x01, 0xFD, 0xE0, 0x3F,
    0xBC, 0x07, 0xC7, 0x80, 0xF0, 0xF0, 0x1E, 0x1E, 0x03, 0xC3, 0xC0, 0x78, 0x78, 0x0F, 0x0F, 0x01,
    0xE1, 0xE0, 0x3C, 0x3C, 0x07, 0x87, 0x80, 0xF0, 0xF0, 0x1E, 0x1E, 0x03, 0xC3, 0xE0, 0x78, 0x7E,
    0x3F, 0x07, 0xFF, 0xC0, 0x7F, 0xF8, 0x07, 0xFC, 0x00, 0x3E, 0x00, 0x00, 0x01, 0x00, 0x01, 0x80,
    0x01, 0xC0, 0x00, 0xF0, 0x00, 0xF7, 0x83, 0xFB, 0xC1, 0xF9, 0xE0, 0xF0, 0xF0, 0x78, 0x78, 0x3C,
    0x3C, 0x1E, 0x1E, 0x0F, 0x0F, 0x07, 0x87, 0x83, 0xC3, 0xE1, 0xE1, 0xF1, 0xF0, 0x7F, 0xF8, 0x3F,
    0xFC, 0x0F, 0xDE, 0x01, 0xC0, 0x00, 0x03, 0x1C, 0x00, 0xF7, 0x80, 0x0F, 0xE0, 0x00, 0xF8, 0x00,
    0x0E, 0x00, 0x00, 0x00, 0x00, 0x7C, 0x00, 0x0F, 0x80, 0x03, 0xF8, 0x00, 0x7F, 0x00, 0x0F, 0xE0,
    0x03, 0xDE, 0x00, 0x7B, 0xC0, 0x0F, 0x7C, 0x03, 0xC7, 0x80, 0x78, 0xF0, 0x1F, 0x1F, 0x03, 0xFF,
    0xE0, 0x7F, 0xFC, 0x1F, 0xFF, 0xC3, 0xFF, 0xF8, 0x78, 0x0F, 0x9F, 0x00, 0xF3, 0xC0, 0x1E, 0xF8,
    0x03, 0xE0, 0x10, 0x43, 0x9E, 0x1F, 0xC1, 0xF8, 0x0F, 0x80, 0x00, 0x0F, 0x03, 0xFC, 0x7F, 0xEF,
    0xFF, 0x30, 0xF0, 0x0F, 0x0F, 0xF3, 0xFF, 0x7F, 0xFF, 0xFF, 0xF0, 0xFF, 0x0F, 0xFF, 0xFF, 0xFF,
    0x7F, 0xF1, 0xC0, 0x61, 0xFB, 0xDF, 0xC7, 0xC1, 0xE0, 0x00, 0x78, 0x3C, 0x1E, 0x0F, 0x07, 0x83,
    0xC1, 0xE0, 0xF0, 0x78, 0x3C, 0x1E, 0x0F, 0x07, 0x83, 0xC1, 0xE0, 0xF0, 0x78, 0x3C, 0x1E, 0x00,
    0x41, 0x7B, 0xDF, 0xC7, 0xC3, 0xE0, 0x00, 0x00, 0x7C, 0x3E, 0x1F, 0x0F, 0x87, 0xC3, 0xE1, 0xF0,
    0xF8, 0x7C, 0x3E, 0x1F, 0x0F, 0x87, 0xC3, 0xE0, 0x06, 0x1C, 0x01, 0xEE, 0x00, 0x3F, 0x00, 0x07,
    0xC0, 0x01, 0xE0, 0x00, 0x00, 0x00, 0x7F, 0xC0, 0x7F, 0xF8, 0x3F, 0xFF, 0x1F, 0xFF, 0xE7, 0xC0,
    0xF9, 0xE0, 0x1F, 0xF8, 0x03, 0xFC, 0x00, 0xFF, 0x00, 0x3F, 0xC0, 0x0F, 0xF0, 0x03, 0xFC, 0x00,
    0xFF, 0x80, 0x3F, 0xE0, 0x1F, 0x7C, 0x0F, 0x9F, 0x87, 0xE3, 0xFF, 0xF0, 0x7F, 0xF8, 0x0F, 0xFC,
    0x00, 0x78, 0x00, 0x18, 0x60, 0xF3, 0xC1, 0xFE, 0x03, 0xF0, 0x07, 0x80, 0x00, 0x00, 0x78, 0x07,
    0xF8, 0x3F, 0xF1, 0xFF, 0xEF, 0xCF, 0xBE, 0x1F, 0xF0, 0x3F, 0xC0, 0xFF, 0x03, 0xFC, 0x0F, 0xF8,
    0x7F, 0xE3, 0xE7, 0xFF, 0x8F, 0xFC, 0x1F, 0xE0, 0x1E, 0x00, 0x0C, 0x70, 0x3D, 0xE0, 0x3F, 0x80,
    0x3E, 0x00, 0x38, 0x00, 0x00, 0x3C, 0x07, 0xF8, 0x0F, 0xF0, 0x1F, 0xE0, 0x3F, 0xC0, 0x7F, 0x80,
    0xFF, 0x01, 0xFE, 0x03, 0xFC, 0x07, 0xF8, 0x0F, 0xF0, 0x1F, 0xE0, 0x3F, 0xC0, 0x7F, 0x80, 0xFF,
    0x81, 0xFF, 0x8F, 0xDF, 0xFF, 0x1F, 0xFE, 0x1F, 0xF0, 0x0F, 0x80, 0x18, 0x61, 0xE7, 0x87, 0xF8,
    0x1F, 0x80, 0x78, 0x00, 0x00, 0x00, 0x1E, 0x0F, 0xF0, 0x7F, 0x83, 0xFC, 0x1F, 0xE0, 0xFF, 0x07,
    0xF8, 0x3F, 0xC1, 0xFE, 0x0F, 0xF8, 0x7F, 0xC7, 0xDF, 0xFE, 0xFF, 0xF3, 0xF7, 0x87, 0x00, 0x1F,
    0xF0, 0x3F, 0xE0, 0x7F, 0xC0, 0xC1, 0x83, 0xC7, 0x87, 0x8F, 0x0F, 0x1E, 0x0C, 0x18, 0x00, 0x01,
    0xE0, 0x3F, 0xC0, 0x7F, 0x80, 0xFF, 0x01, 0xFE, 0x03, 0xFC, 0x07, 0xF8, 0x0F, 0xF0, 0x1F, 0xE0,
    0x3F, 0xC0, 0x7F, 0x80, 0xFF, 0x01, 0xFE, 0x03, 0xFC, 0x07, 0xFC, 0x0F, 0xFC, 0x7E, 0xFF, 0xF8,
    0xFF, 0xF0, 0xFF, 0x80, 0x7C, 0x00, 0x1F, 0xE0, 0xFF, 0x07, 0xF8, 0x00, 0x01, 0x8E, 0x1E, 0x78,
    0xF3, 0xC7, 0x9E, 0x00, 0x00, 0x00, 0x3C, 0x1F, 0xE0, 0xFF, 0x07, 0xF8, 0x3F, 0xC1, 0xFE, 0x0F,
    0xF0, 0x7F, 0x83, 0xFC, 0x1F, 0xF0, 0xFF, 0x8F, 0xBF, 0xFD, 0xFF, 0xE7, 0xEF, 0x0E, 0x00, 0x00,
    0x80, 0x01, 0x80, 0x07, 0x80, 0x1F, 0x80, 0x7C, 0x00, 0x60, 0x06, 0x0C, 0x1E, 0x3C, 0x3C, 0x78,
    0x78, 0xF0, 0x60, 0xC0, 0x00, 0x0F, 0x01, 0xFE, 0x03, 0xFC, 0x07, 0xF8, 0x0F, 0xF0, 0x1F, 0xE0,
    0x3F, 0xC0, 0x7F, 0x80, 0xFF, 0x01, 0xFE, 0x03, 0xFC, 0x07, 0xF8, 0x0F, 0xF0, 0x1F, 0xE0, 0x3F,
    0xE0, 0x7F, 0xE3, 0xF7, 0xFF, 0xC7, 0xFF, 0x87, 0xFC, 0x03, 0xE0, 0x00, 0x80, 0x06, 0x00, 0x78,
    0x07, 0xC0, 0x3C, 0x03, 0xC0, 0x08, 0x03, 0x1C, 0x3C, 0xF1, 0xE7, 0x8F, 0x3C, 0x00, 0x00, 0x00,
    0x78, 0x3F, 0xC1, 0xFE, 0x0F, 0xF0, 0x7F, 0x83, 0xFC, 0x1F, 0xE0, 0xFF, 0x07, 0xF8, 0x3F, 0xE1,
    0xFF, 0x1F, 0x7F, 0xFB, 0xFF, 0xCF, 0xDE, 0x1C, 0x00, 0x08, 0x20, 0x38, 0xE0, 0x3F, 0x80, 0x3E,
    0x00, 0x7C, 0x03, 0x06, 0x0F, 0x1E, 0x1E, 0x3C, 0x3C, 0x78, 0x30, 0x60, 0x00, 0x07, 0x80, 0xFF,
    0x01, 0xFE, 0x03, 0xFC, 0x07, 0xF8, 0x0F, 0xF0, 0x1F, 0xE0, 0x3F, 0xC0, 0x7F, 0x80, 0xFF, 0x01,
    0xFE, 0x03, 0xFC, 0x07, 0xF8, 0x0F, 0xF0, 0x1F, 0xF0, 0x3F, 0xF1, 0xFB, 0xFF, 0xE3, 0xFF, 0xC3,
    0xFE, 0x01, 0xF0, 0x00, 0x08, 0x21, 0xE7, 0x87, 0xF8, 0x1F, 0x80, 0x7C, 0x03, 0xC0, 0x63, 0x87,
    0x9E, 0x3C, 0xF1, 0xE7, 0x80, 0x00, 0x00, 0x0F, 0x07, 0xF8, 0x3F, 0xC1, 0xFE, 0x0F, 0xF0, 0x7F,
    0x83, 0xFC, 0x1F, 0xE0, 0xFF, 0x07, 0xFC, 0x3F, 0xE3, 0xEF, 0xFF, 0x7F, 0xF9, 0xFB, 0xC3, 0x80,
    0x02, 0x00, 0x0C, 0x00, 0x3C, 0x00, 0x7C, 0x00, 0x3C, 0x00, 0x30, 0x06, 0x0C, 0x1E, 0x3C, 0x3C,
    0x78, 0x78, 0xF0, 0x60, 0xC0, 0x00, 0x0F, 0x01, 0xFE, 0x03, 0xFC, 0x07, 0xF8, 0x0F, 0xF0, 0x1F,
    0xE0, 0x3F, 0xC0, 0x7F, 0x80, 0xFF, 0x01, 0xFE, 0x03, 0xFC, 0x07, 0xF8, 0x0F, 0xF0, 0x1F, 0xE0,
    0x3F, 0xE0, 0x7F, 0xE3, 0xF7, 0xFF, 0xC7, 0xFF, 0x87, 0xFC, 0x03, 0xE0, 0x04, 0x00, 0x70, 0x07,
    0x80, 0x3E, 0x00, 0x78, 0x01, 0xC0, 0x04, 0x03, 0x1C, 0x3C, 0xF1, 0xE7, 0x8F, 0x3C, 0x00, 0x00,
    0x00, 0x78, 0x3F, 0xC1, 0xFE, 0x0F, 0xF0, 0x7F, 0x83, 0xFC, 0x1F, 0xE0, 0xFF, 0x07, 0xF8, 0x3F,
    0xE1, 0xFF, 0x1F, 0x7F, 0xFB, 0xFF, 0xCF, 0xDE, 0x1C, 0x00, 0x07, 0xFC, 0x03, 0xFF, 0xC0, 0xFF,
    0xFC, 0x1F, 0xDF, 0xC7, 0xC0, 0xE0, 0xF0, 0x08, 0x3E, 0x00, 0x07, 0x80, 0x00, 0xF0, 0x7F, 0x9E,
    0x0F, 0xF3, 0xC1, 0xFE, 0x78, 0x03, 0xCF, 0x81, 0xFF, 0xF0, 0x3F, 0xDF, 0x01, 0xE3, 0xF8, 0xFC,
    0x3F, 0xFF, 0x83, 0xFF, 0xE0, 0x3F, 0xF0, 0x00, 0xF8, 0x00, 0x0E, 0x00, 0x3F, 0xBC, 0x7F, 0xFC,
    0x7F, 0xFC, 0xF8, 0x7C, 0xF0, 0x7C, 0xF1, 0xFF, 0xF1, 0xFF, 0xF1, 0xFF, 0xF1, 0xFF, 0xF8, 0x7C,
    0x7F, 0xFC, 0x7F, 0xFC, 0x3F, 0xBC, 0x1F, 0x3C, 0x00, 0x3C, 0x30, 0x7C, 0xF8, 0xF8, 0x7F, 0xF8,
    0x3F, 0xF0, 0x1F, 0xC0, 0x06, 0x18, 0x03, 0xDE, 0x00, 0xFE, 0x00, 0x3E, 0x00, 0x1E, 0x00, 0x00,
    0x00, 0x1F, 0xF0, 0x3F, 0xFC, 0x3F, 0xFF, 0x1F, 0xDF, 0xDF, 0x03, 0x8F, 0x00, 0x8F, 0x80, 0x07,
    0x80, 0x03, 0xC1, 0xFF, 0xE0, 0xFF, 0xF0, 0x7F, 0xF8, 0x3F, 0xFE, 0x01, 0xFF, 0x00, 0xF7, 0xC0,
    0x7B, 0xF8, 0xFC, 0xFF, 0xFE, 0x3F, 0xFE, 0x0F, 0xFC, 0x00, 0xF8, 0x00, 0x18, 0x60, 0xF3, 0x81,
    0xFC, 0x03, 0xF0, 0x0F, 0x80, 0x00, 0x00, 0xE0, 0x0F, 0xEF, 0x7F, 0xFD, 0xFF, 0xFF, 0x8F, 0xFC,
    0x1F, 0xF0, 0x3F, 0xC0, 0xFF, 0x03, 0xFC, 0x0F, 0xF8, 0x7D, 0xFF, 0xF7, 0xFF, 0xCF, 0xEF, 0x1F,
    0x3C, 0x00, 0xF3, 0x07, 0xFE, 0x3E, 0x7F, 0xF8, 0xFF, 0xC1, 0xFC, 0x00, 0x0C, 0x30, 0x0F, 0x78,
    0x03, 0xF8, 0x00, 0xF8, 0x00, 0x38, 0x00, 0x00, 0x07, 0xC0, 0x7D, 0xE0, 0x7C, 0xF0, 0x7C, 0x78,
    0x7C, 0x3C, 0x7C, 0x1E, 0x7C, 0x0F, 0x7C, 0x07, 0xFC, 0x03, 0xFF, 0x01, 0xFF, 0xC0, 0xFF, 0xE0,
    0x7C, 0xF8, 0x3C, 0x7C, 0x1E, 0x1F, 0x0F, 0x07, 0xC7, 0x83, 0xE3, 0xC0, 0xF9, 0xE0, 0x7E, 0xF0,
    0x1F, 0x80, 0xE3, 0x80, 0x7B, 0xC0, 0x1F, 0xC0, 0x07, 0xC0, 0x01, 0xC0, 0x00, 0x00, 0x00, 0xF8,
    0x00, 0x7C, 0x00, 0x3E, 0x00, 0x1F, 0x00, 0x0F, 0x80, 0x07, 0xC3, 0xE3, 0xE3, 0xE1, 0xF3, 0xE0,
    0xFB, 0xE0, 0x7F, 0xE0, 0x3F, 0xE0, 0x1F, 0xF8, 0x0F, 0xFE, 0x07, 0xFF, 0x03, 0xE7, 0xC1, 0xF3,
    0xE0, 0xF8, 0xF8, 0x7C, 0x3E, 0x3E, 0x1F, 0x80, 0x18, 0x60, 0x7B, 0xC0, 0xFE, 0x01, 0xF0, 0x07,
    0x80, 0x00, 0x07, 0xFF, 0x9F, 0xFE, 0x7F, 0xF9, 0xFF, 0xE0, 0x1F, 0x00, 0xF8, 0x07, 0xC0, 0x3F,
    0x01, 0xFF, 0x03, 0xFE, 0x07, 0xF8, 0x01, 0xF0, 0x03, 0xC4, 0x0F, 0x30, 0x3F, 0xE1, 0xF7, 0xFF,
    0x8F, 0xFE, 0x1F, 0xF0, 0x1E, 0x00, 0x18, 0x40, 0xF3, 0x81, 0xFC, 0x03, 0xF0, 0x0F, 0x80, 0x00,
    0x00, 0x00, 0x1F, 0xFE, 0x7F, 0xF9, 0xFF, 0xE0, 0x1F, 0x00, 0xF8, 0x07, 0xC0, 0x3E, 0x01, 0xF8,
    0x07, 0xF8, 0x0F, 0xF0, 0x3F, 0xE0, 0x07, 0x80, 0x1F, 0x00, 0x7C, 0xC1, 0xF7, 0x07, 0xBF, 0xFE,
    0x7F, 0xF0, 0xFF, 0x81, 0xFC, 0x00, 0x30, 0xDE, 0x73, 0xF8, 0x7E, 0x0F, 0x00, 0x00, 0x00, 0x3C,
    0x0F, 0x03, 0xC0, 0xF0, 0x3C, 0x0F, 0x03, 0xC0, 0xF0, 0x3C, 0x0F, 0x03, 0xC0, 0xF0, 0x3C, 0x0F,
    0x03, 0xC0, 0xF3, 0xFC, 0xFE, 0x3F, 0x8F, 0xC0, 0x04, 0x00, 0x70, 0x07, 0x80, 0x1E, 0x00, 0x78,
    0x01, 0x80, 0x00, 0x00, 0x38, 0xF7, 0xF7, 0xBF, 0xFF, 0xFF, 0xF9, 0xFF, 0x87, 0xF8, 0x3F, 0xC1,
    0xFE, 0x0F, 0xF0, 0x7F, 0x83, 0xFC, 0x1F, 0xE0, 0xFF, 0x07, 0xF8, 0x3C, 0x00, 0x30, 0x00, 0x0F,
    0x00, 0x03, 0xF0, 0x00, 0xF8, 0x00, 0x0E, 0x00, 0x01, 0x00, 0x00, 0x38, 0x00, 0x0F, 0x80, 0x01,
    0xB0, 0x00, 0x63, 0x00, 0x06, 0xC0, 0x00, 0xF8, 0x00, 0x3F, 0x80, 0x07, 0xF0, 0x00, 0xFE, 0x00,
    0x3D, 0xE0, 0x07, 0xBC, 0x00, 0xF7, 0x80, 0x3C, 0x78, 0x07, 0x8F, 0x00, 0xF1, 0xE0, 0x3C, 0x1E,
    0x07, 0xFF, 0xC0, 0xFF, 0xFC, 0x3F, 0xFF, 0x87, 0xFF, 0xF1, 0xF0, 0x1F, 0x3C, 0x01, 0xE7, 0x80,
    0x3D, 0xF0, 0x07, 0xC0, 0x01, 0x00, 0x18, 0x03, 0xE0, 0x7C, 0x07, 0x80, 0xF0, 0x02, 0x00, 0x20,
    0x0F, 0x81, 0xD8, 0x18, 0x81, 0xD8, 0x0F, 0x80, 0x20, 0x0F, 0x03, 0xFC, 0x7F, 0xEF, 0xFF, 0x30,
    0xF0, 0x0F, 0x0F, 0xF3, 0xFF, 0x7F, 0xFF, 0xFF, 0xF0, 0xFF, 0x0F, 0xFF, 0xFF, 0xFF, 0x7F, 0xF1,
    0xC0, 0x00, 0x00, 0x30, 0x00, 0x00, 0x07, 0x00, 0x00, 0x01, 0xF0, 0x00, 0x00, 0x7C, 0x00, 0x00,
    0x1E, 0x00, 0x00, 0x00, 0x80, 0x00, 0x00, 0x00, 0x00, 0x00, 0xFF, 0xFF, 0x00, 0x1F, 0xFF, 0xE0,
    0x07, 0xFF, 0xFC, 0x00, 0xFF, 0xFF, 0x80, 0x3F, 0xF0, 0x00, 0x0F, 0xBE, 0x00, 0x01, 0xF7, 0xC0,
    0x00, 0x7C, 0xF8, 0x00, 0x0F, 0x1F, 0xFE, 0x03, 0xE3, 0xFF, 0xC0, 0xF8, 0x7F, 0xF8, 0x1F, 0xFF,
    0x80, 0x07, 0xFF, 0xF0, 0x00, 0xFF, 0xFE, 0x00, 0x3F, 0xFF, 0xC0, 0x0F, 0x80, 0xF8, 0x01, 0xF0,
    0x1F, 0xFF, 0x7C, 0x03, 0xFF, 0xFF, 0x00, 0x7F, 0xFC, 0x00, 0x08, 0x00, 0x00, 0x70, 0x00, 0x03,
    0xE0, 0x00, 0x0F, 0x00, 0x00, 0x78, 0x00, 0x00, 0xC0, 0x00, 0x02, 0x00, 0x03, 0xC0, 0xE0, 0x3F,
    0xCF, 0xE1, 0xFF, 0xFF, 0xEF, 0xFF, 0xFF, 0x8C, 0x3E, 0x1F, 0x00, 0xF8, 0x3C, 0x3F, 0xFF, 0xF3,
    0xFF, 0xFF, 0xDF, 0xFF, 0xFF, 0xFF, 0xF8, 0x03, 0xC3, 0xE0, 0x8F, 0x0F, 0x83, 0x3F, 0xFF, 0xFE,
    0xFF, 0xDF, 0xF9, 0xFE, 0x7F, 0xC1, 0xE0, 0x3C, 0x00, 0x00, 0x10, 0x00, 0x07, 0x00, 0x01, 0xF0,
    0x00, 0x7C, 0x00, 0x0F, 0x08, 0x00, 0x83, 0x80, 0x00, 0x78, 0x1F, 0xFF, 0x0F, 0xFF, 0xC3, 0xFF,
    0xF0, 0xFF, 0xFF, 0x1F, 0x03, 0xE3, 0xC0, 0x3E, 0xF8, 0x03, 0xDE, 0x00, 0x7B, 0xC0, 0x0F, 0x78,
    0x01, 0xEF, 0x00, 0x3D, 0xE0, 0x07, 0xBE, 0x00, 0xF7, 0xC0, 0x3E, 0x7C, 0x0F, 0x8F, 0xC3, 0xF0,
    0xFF, 0xFC, 0x3F, 0xFF, 0x0F, 0xFF, 0xC3, 0xF3, 0xC0, 0x1C, 0x00, 0x01, 0x00, 0x00, 0x00, 0xC0,
    0x00, 0xE0, 0x01, 0xF0, 0x03, 0xE0, 0x07, 0xC0, 0x03, 0x00, 0x00, 0x0C, 0x03, 0xDF, 0x0F, 0xFE,
    0x1F, 0xFC, 0x3F, 0xFC, 0x7E, 0x7C, 0x7C, 0x3E, 0x78, 0x1E, 0x78, 0x1E, 0x78, 0x1E, 0x78, 0x1E,
    0x7C, 0x3E, 0x7C, 0x7C, 0x3F, 0xFC, 0x3F, 0xF8, 0x7F, 0xF0, 0xFB, 0xC0, 0x30, 0x00, 0x1F, 0xF0,
    0x7F, 0xF1, 0xFF, 0xF7, 0xE3, 0xFF, 0x83, 0xDE, 0x02, 0x3E, 0x00, 0x3F, 0x00, 0x7F, 0xC0, 0x7F,
    0xF0, 0x3F, 0xF0, 0x0F, 0xE0, 0x03, 0xE4, 0x03, 0xDC, 0x0F, 0xFC, 0x3F, 0xFF, 0xFC, 0xFF, 0xF0,
    0xFF, 0xC0, 0x3E, 0x00, 0x00, 0x00, 0x70, 0x01, 0xF0, 0x03, 0xE0, 0x03, 0xC0, 0x03, 0x00, 0x0C,
    0x00, 0x18, 0x00, 0x07, 0x80, 0xFF, 0x0F, 0xFC, 0xFF, 0xF7, 0x86, 0x3C, 0x01, 0xFC, 0x07, 0xFC,
    0x1F, 0xF0, 0x1F, 0xC4, 0x3E, 0x60, 0xFF, 0xFF, 0xBF, 0xF8, 0xFF, 0x80, 0xF0, 0x00, 0x00, 0x3C,
    0x01, 0xE0, 0x0F, 0x80, 0x38, 0x00, 0xC0, 0x0C, 0x00, 0x40, 0xFF, 0xFF, 0xFF, 0xFF, 0xFF, 0xFF,
    0xFF, 0xF0, 0x78, 0x00, 0xF0, 0x01, 0xE0, 0x03, 0xC0, 0x07, 0x80, 0x0F, 0x00, 0x1E, 0x00, 0x3C,
    0x00, 0x78, 0x00, 0xF0, 0x01, 0xE0, 0x03, 0xC0, 0x07, 0x80, 0x0F, 0x00, 0x1E, 0x00, 0x00, 0x00,
    0x00, 0x00, 0xF0, 0x01, 0xE0, 0x03, 0xC0, 0x03, 0x80, 0x03, 0x00, 0x0C, 0x00, 0x30, 0x00, 0x1E,
    0x07, 0x81, 0xE0, 0x78, 0xFF, 0xFF, 0xFF, 0xFF, 0xFF, 0x1E, 0x07, 0x81, 0xE0, 0x78, 0x1E, 0x07,
    0x81, 0xE0, 0x7F, 0x1F, 0xC3, 0xF0, 0x38, 0x00, 0x07, 0x81, 0xE0, 0x78, 0x0E, 0x01, 0x00, 0xC0,
    0x60, 0x1C, 0x38, 0x0E, 0x70, 0x07, 0xE0, 0x07, 0xE0, 0x03, 0xC0, 0x00, 0x00, 0xF0, 0x0F, 0xF0,
    0x0F, 0xF0, 0x0F, 0xF0, 0x0F, 0xF0, 0x0F, 0xF0, 0x0F, 0xF0, 0x0F, 0xFF, 0xFF, 0xFF, 0xFF, 0xFF,
    0xFF, 0xFF, 0xFF, 0xF0, 0x0F, 0xF0, 0x0F, 0xF0, 0x0F, 0xF0, 0x0F, 0xF0, 0x0F, 0xF0, 0x0F, 0xF0,
    0x0F, 0xF0, 0x0F, 0xE3, 0x81, 0xEF, 0x01, 0xFC, 0x01, 0xF0, 0x01, 0xC0, 0x00, 0x00, 0x0F, 0x80,
    0x1F, 0x00, 0x3E, 0x00, 0x7C, 0x00, 0xF9, 0xC1, 0xF7, 0xE3, 0xFF, 0xE7, 0xFF, 0xCF, 0xCF, 0x9F,
    0x0F, 0x3E, 0x1E, 0x7C, 0x3C, 0xF8, 0x79, 0xF0, 0xF3, 0xE1, 0xE7, 0xC3, 0xCF, 0x87, 0x9F, 0x0F,
    0x3E, 0x1E, 0x31, 0xCF, 0x9F, 0x3C, 0x70, 0x10, 0xE3, 0xDE, 0xF1, 0x80, 0x3C, 0x1F, 0x1F, 0xDE,
    0xEE, 0x3A, 0x08, 0x3C, 0xCF, 0xFD, 0xFF, 0x73, 0xE2, 0x10, 0xFF, 0xFF, 0xFF, 0xFF, 0xFF, 0xFF,
    0xFF, 0xFF, 0xFF, 0xC3, 0xC7, 0xFF, 0xFE, 0x7C, 0x4F, 0xFF, 0xE0, 0xE3, 0xBD, 0xFF, 0x7F, 0xCE,
    0xFB, 0xF1, 0xCF, 0x30, 0x21, 0xED, 0xF3, 0xDD, 0xE2, 0x00, 0x21, 0x8F, 0x39, 0xEF, 0xF9, 0xEE,
    0x79, 0xCE, 0x10, 0x40, 0x43, 0x73, 0xDF, 0xCF, 0xC3, 0xE0, 0x10, 0xC7, 0x1C, 0xFB, 0xE7, 0xDF,
    0x3E, 0xF0, 0xC7, 0x27, 0xCC, 0xFF, 0xFE, 0x0E, 0x1F, 0xFF, 0xF0, 0xE1, 0xC0, 0xE1, 0xC3, 0xFF,
    0xFE, 0x1C, 0x00, 0xFF, 0xFF, 0xF8, 0x70, 0xE0, 0x7F, 0x6E, 0xC0, 0x38, 0x70, 0xE1, 0xCF, 0xFF,
    0xC0, 0xFF, 0xFC, 0xE1, 0xC3, 0x87, 0x00, 0x38, 0x73, 0xFF, 0xF3, 0x87, 0x00, 0xFF, 0xFC, 0x77,
    0xBF, 0xE7, 0x00, 0x61, 0xBC, 0xFF, 0x3F, 0xCF, 0x41, 0x00, 0x7B, 0xFC, 0xF3, 0xFD, 0xE0, 0xFF,
    0xFF, 0x26, 0xC0, 0x73, 0xCF, 0x97, 0xFF, 0xE0, 0x3C, 0xE3, 0xC7, 0xFF, 0xEF, 0xC0, 0xFF, 0xFF,
    0xC0, 0xFF, 0xFF, 0xF0, 0xF8, 0x7C, 0x38, 0x41, 0x73, 0xDF, 0xCF, 0xC3, 0xE0, 0x38, 0xCF, 0xBD,
    0xFF, 0xFB, 0xE2, 0x38, 0xFF, 0xFF, 0xFF, 0xFF, 0x3C, 0xCF, 0xFD, 0xFF, 0x73, 0xE0, 0x10, 0xDD,
    0xBF, 0x80, 0xC3, 0xE1, 0xFF, 0xFF, 0xFF, 0xF8, 0xFF, 0xFF, 0x1E, 0x3F, 0xFF, 0xC0, 0x7B, 0xCF,
    0xFF, 0x39, 0x82, 0x00, 0x45, 0xDB, 0xFB, 0xE7, 0xDF, 0xDB, 0x00, 0xFF, 0xFF, 0xF0, 0xF8, 0x70,
    0xFF, 0xFF, 0xFF, 0xFC, 0x00, 0x07, 0xFF, 0xFF, 0xFF, 0xFF, 0xFF, 0xC0, 0xEF, 0xDF, 0xBF, 0x7E,
    0xFD, 0xC0, 0xFF, 0xFC, 0x38, 0x70, 0xE1, 0xC0, 0x03, 0x87, 0xDD, 0xFB, 0xFF, 0xE6, 0xFC, 0x30,
    0x00, 0x0E, 0x01, 0xC0, 0x38, 0x08, 0x47, 0xCE, 0xFF, 0xFD, 0xF1, 0x1C, 0x0E, 0x01, 0xC0, 0x38,
    0x00, 0x7D, 0xBF, 0xF4, 0x70, 0xE2, 0xFF, 0xDF, 0xE0, 0x20, 0x22, 0x31, 0xBF, 0xEF, 0xE2, 0x21,
    0x10, 0x31, 0xEF, 0xCC, 0x30, 0xC0, 0xE0, 0x00, 0x1D, 0xC0, 0x00, 0xE3, 0x80, 0x07, 0x07, 0xE1,
    0xF8, 0x0F, 0xFF, 0xC0, 0x07, 0xF8, 0x00, 0x00, 0x78, 0x00, 0x1F, 0xFE, 0x01, 0xFF, 0xFE, 0x0F,
    0x00, 0x3C, 0x70, 0x00, 0x3B, 0x80, 0x00, 0xF0, 0x00, 0x02, 0x00, 0x01, 0xBF, 0xFF, 0xFF, 0xFF,
    0xE0, 0x00, 0x20, 0x00, 0x10, 0x0C, 0x00, 0xE0, 0x0F, 0x80, 0x3E, 0x00, 0x78, 0x01, 0x00, 0x00,
    0x1F, 0xFF, 0xFF, 0xFF, 0xFF, 0xFF, 0xFF, 0xE0, 0x0F, 0x00, 0x78, 0x03, 0xC0, 0x1F, 0xFE, 0xFF,
    0xF7, 0xFF, 0xBC, 0x01, 0xE0, 0x0F, 0x00, 0x78, 0x03, 0xC0, 0x1F, 0xFF, 0xFF, 0xFF, 0xFF, 0xC0,
    0x30, 0x43, 0xC7, 0x1E, 0x7C, 0xF3, 0xE3, 0x0E, 0x00, 0x03, 0xFF, 0xFF, 0xFF, 0xFF, 0xFF, 0xFF,
    0xFC, 0x01, 0xE0, 0x0F, 0x00, 0x78, 0x03, 0xFF, 0xDF, 0xFE, 0xFF, 0xF7, 0x80, 0x3C, 0x01, 0xE0,
    0x0F, 0x00, 0x78, 0x03, 0xFF, 0xFF, 0xFF, 0xFF, 0xF8, 0xFF, 0xFE, 0x0F, 0xFF, 0xE0, 0xFF, 0xFE,
    0x0F, 0xFF, 0xE0, 0x07, 0x80, 0x00, 0x78, 0x00, 0x07, 0x80, 0x00, 0x79, 0xF8, 0x07, 0xBF, 0xE0,
    0x7F, 0xFE, 0x07, 0xFF, 0xF0, 0x7E, 0x1F, 0x07, 0xC0, 0xF0, 0x78, 0x0F, 0x07, 0x80, 0xF0, 0x78,
    0x1F, 0x07, 0x87, 0xE0, 0x78, 0x7E, 0x07, 0x87, 0xC0, 0x00, 0x60, 0x01, 0x00, 0x38, 0x07, 0xC0,
    0xF8, 0x0E, 0x00, 0x40, 0x00, 0x0F, 0xFF, 0xFF, 0xFF, 0xFF, 0xFF, 0xFF, 0x00, 0xF0, 0x0F, 0x00,
    0xF0, 0x0F, 0x00, 0xF0, 0x0F, 0x00, 0xF0, 0x0F, 0x00, 0xF0, 0x0F, 0x00, 0xF0, 0x0F, 0x00, 0xF0,
    0x0F, 0x00, 0x07, 0xF8, 0x0F, 0xFF, 0x0F, 0xFF, 0xC7, 0xF7, 0xE7, 0xC0, 0xFB, 0xC0, 0x23, 0xE0,
    0x01, 0xF0, 0x00, 0xFF, 0xF0, 0x7F, 0xF8, 0x3F, 0xFC, 0x1E, 0x00, 0x0F, 0x80, 0x03, 0xC0, 0x21,
    0xF0, 0x3C, 0xFC, 0x3F, 0x3F, 0xFF, 0x0F, 0xFF, 0x03, 0xFF, 0x00, 0x3C, 0x00, 0x1F, 0xF0, 0x7F,
    0xF1, 0xFF, 0xF7, 0xE3, 0xFF, 0x83, 0xDE, 0x02, 0x3E, 0x00, 0x3F, 0x00, 0x7F, 0xC0, 0x7F, 0xF0,
    0x3F, 0xF0, 0x0F, 0xE0, 0x03, 0xE4, 0x03, 0xDC, 0x0F, 0xFC, 0x3F, 0xFF, 0xFC, 0xFF, 0xF0, 0xFF,
    0xC0, 0x3E, 0x00, 0xFF, 0xFF, 0xFF, 0xFF, 0xFF, 0xFF, 0xFF, 0xFF, 0xFF, 0xF0, 0x60, 0xDE, 0x3F,
    0xCF, 0xF8, 0xF6, 0x0C, 0x00, 0x07, 0x80, 0xF0, 0x1E, 0x03, 0xC0, 0x78, 0x0F, 0x01, 0xE0, 0x3C,
    0x07, 0x80, 0xF0, 0x1E, 0x03, 0xC0, 0x78, 0x0F, 0x01, 0xE0, 0x3C, 0x07, 0x80, 0xF0, 0x1E, 0x00,
    0x00, 0xF0, 0x0F, 0x00, 0xF0, 0x0F, 0x00, 0xF0, 0x0F, 0x00, 0xF0, 0x0F, 0x00, 0xF0, 0x0F, 0x00,
    0xF0, 0x0F, 0x00, 0xF0, 0x0F, 0x30, 0xF7, 0x9F, 0xFF, 0xF7, 0xFE, 0x3F, 0xC0, 0xF0, 0x07, 0xFF,
    0xE0, 0x00, 0x3F, 0xFF, 0x00, 0x01, 0xFF, 0xF8, 0x00, 0x0F, 0xFF, 0xC0, 0x00, 0x78, 0x3E, 0x00,
    0x07, 0xC1, 0xF0, 0x00, 0x3C, 0x0F, 0xF0, 0x01, 0xE0, 0x7F, 0xF8, 0x0F, 0x03, 0xFF, 0xF0, 0x78,
    0x1F, 0xFF, 0x83, 0xC0, 0xF8, 0x7E, 0x1E, 0x07, 0xC1, 0xF0, 0xF0, 0x3E, 0x07, 0x87, 0x81, 0xF0,
    0x3C, 0x7C, 0x0F, 0x83, 0xE7, 0xC0, 0x7C, 0x7F, 0xFE, 0x03, 0xFF, 0xF7, 0xE0, 0x1F, 0xFF, 0x3E,
    0x00, 0xFF, 0xF1, 0xC0, 0x00, 0x00, 0x00, 0xF0, 0x0F, 0x00, 0x1E, 0x01, 0xE0, 0x03, 0xC0, 0x3C,
    0x00, 0x78, 0x07, 0x80, 0x0F, 0x00, 0xF0, 0x01, 0xE0, 0x1E, 0x00, 0x3C, 0x03, 0xC0, 0x07, 0xFF,
    0xFF, 0xF0, 0xFF, 0xFF, 0xFF, 0x9F, 0xFF, 0xFF, 0xFB, 0xFF, 0xFF, 0xFF, 0x78, 0x07, 0x83, 0xFF,
    0x00, 0xF0, 0x1F, 0xE0, 0x1E, 0x03, 0xFC, 0x03, 0xC0, 0xFF, 0x80, 0x7F, 0xFF, 0xF0, 0x0F, 0xFF,
    0xDE, 0x01, 0xFF, 0xF3, 0xC0, 0x3F, 0xFC, 0x00, 0xFF, 0xFE, 0x0F, 0xFF, 0xE0, 0xFF, 0xFE, 0x0F,
    0xFF, 0xE0, 0x07, 0x80, 0x00, 0x78, 0x00, 0x07, 0x80, 0x00, 0x79, 0xF8, 0x07, 0xBF, 0xE0, 0x7F,
    0xFE, 0x07, 0xFF, 0xF0, 0x7E, 0x1F, 0x07, 0xC0, 0xF0, 0x78, 0x0F, 0x07, 0x80, 0xF0, 0x78, 0x0F,
    0x07, 0x80, 0xF0, 0x78, 0x0F, 0x07, 0x80, 0xF0, 0x00, 0x80, 0x00, 0xE0, 0x00, 0xF8, 0x00, 0xF8,
    0x00, 0x78, 0x00, 0x10, 0x00, 0x00, 0x01, 0xE0, 0x7E, 0xF0, 0x3E, 0x78, 0x3E, 0x3C, 0x3E, 0x1E,
    0x3E, 0x0F, 0x3E, 0x07, 0xBE, 0x03, 0xDE, 0x01, 0xFF, 0x00, 0xFF, 0x00, 0x7F, 0xC0, 0x3D, 0xF0,
    0x1E, 0x7C, 0x0F, 0x1F, 0x07, 0x8F, 0xC3, 0xC3, 0xF1, 0xE0, 0xF8, 0xF0, 0x3E, 0x78, 0x0F, 0xC0,
    0x02, 0x00, 0x07, 0x00, 0x1F, 0x80, 0x07, 0x80, 0x03, 0xC0, 0x01, 0x00, 0x00, 0x00, 0xF0, 0x0F,
    0xF0, 0x1F, 0xF0, 0x3F, 0xF0, 0x3F, 0xF0, 0x7F, 0xF0, 0xFF, 0xF0, 0xFF, 0xF1, 0xFF, 0xF3, 0xEF,
    0xF7, 0xCF, 0xF7, 0xCF, 0xFF, 0x8F, 0xFF, 0x0F, 0xFE, 0x0F, 0xFE, 0x0F, 0xFC, 0x0F, 0xF8, 0x0F,
    0xF8, 0x0F, 0xF0, 0x0F, 0x06, 0x18, 0x01, 0xCE, 0x00, 0x7F, 0x80, 0x0F, 0xC0, 0x00, 0xC0, 0x00,
    0x00, 0x0F, 0x80, 0x7D, 0xE0, 0x1E, 0x7C, 0x0F, 0x8F, 0x03, 0xC3, 0xE1, 0xF0, 0x78, 0x78, 0x1F,
    0x1E, 0x03, 0xCF, 0x00, 0xFB, 0xC0, 0x1F, 0xE0, 0x07, 0xF8, 0x00, 0xFC, 0x00, 0x3F, 0x00, 0x07,
    0x80, 0x03, 0xE0, 0x00, 0xF0, 0x00, 0x7C, 0x00, 0x1E, 0x00, 0x0F, 0x80, 0x00, 0xF0, 0x1F, 0xE0,
    0x3F, 0xC0, 0x7F, 0x80, 0xFF, 0x01, 0xFE, 0x03, 0xFC, 0x07, 0xF8, 0x0F, 0xF0, 0x1F, 0xE0, 0x3F,
    0xC0, 0x7F, 0x80, 0xFF, 0x01, 0xFE, 0x03, 0xFC, 0x07, 0xFF, 0xFF, 0xFF, 0xFF, 0xFF, 0xFF, 0xFF,
    0xF8, 0x3E, 0x00, 0x38, 0x00, 0x70, 0x00, 0xE0, 0x00, 0x01, 0xF0, 0x00, 0x3E, 0x00, 0x07, 0xE0,
    0x01, 0xFC, 0x00, 0x3F, 0xC0, 0x0F, 0xF8, 0x01, 0xEF, 0x00, 0x3C, 0xF0, 0x0F, 0x9E, 0x01, 0xE3,
    0xC0, 0x3C, 0x3C, 0x0F, 0xFF, 0x81, 0xFF, 0xF8, 0x7F, 0xFF, 0x0F, 0xFF, 0xE1, 0xE0, 0x3E, 0x7C,
    0x03, 0xCF, 0x00, 0x7B, 0xE0, 0x0F, 0x80, 0xFF, 0xF1, 0xFF, 0xE3, 0xFF, 0xC7, 0xFF, 0x8F, 0x00,
    0x1E, 0x00, 0x3C, 0x00, 0x7F, 0x80, 0xFF, 0xF1, 0xFF, 0xF3, 0xFF, 0xF7, 0x83, 0xEF, 0x03, 0xFE,
    0x07, 0xFC, 0x0F, 0xF8, 0x7E, 0xFF, 0xFD, 0xFF, 0xF3, 0xFF, 0xC0, 0xFF, 0xE1, 0xFF, 0xF3, 0xFF,
    0xF7, 0xFF, 0xEF, 0x03, 0xDE, 0x07, 0xBC, 0x0F, 0x78, 0x7E, 0xFF, 0xF9, 0xFF, 0xF3, 0xFF, 0xF7,
    0x83, 0xFF, 0x01, 0xFE, 0x03, 0xFC, 0x07, 0xF8, 0x3F, 0xFF, 0xFF, 0xFF, 0xFB, 0xFF, 0xE0, 0xFF,
    0xFF, 0xFF, 0xFF, 0xFF, 0xFF, 0xF0, 0x0F, 0x00, 0xF0, 0x0F, 0x00, 0xF0, 0x0F, 0x00, 0xF0, 0x0F,
    0x00, 0xF0, 0x0F, 0x00, 0xF0, 0x0F, 0x00, 0xF0, 0x0F, 0x00, 0xF0, 0x00, 0x07, 0xFF, 0xE0, 0x1F,
    0xFF, 0x80, 0x7F, 0xFE, 0x01, 0xFF, 0xF8, 0x07, 0x83, 0xE0, 0x1E, 0x0F, 0x80, 0x78, 0x3E, 0x01,
    0xE0, 0xF8, 0x07, 0x83, 0xE0, 0x1E, 0x0F, 0x80, 0x78, 0x3E, 0x03, 0xC0, 0xF8, 0x0F, 0x03, 0xE0,
    0x3C, 0x0F, 0x81, 0xF0, 0x3E, 0x3F, 0xFF, 0xFF, 0xFF, 0xFF, 0xFF, 0xFF, 0xFF, 0xEF, 0xFF, 0xFF,
    0x9C, 0x00, 0x1E, 0x70, 0x00, 0x39, 0xC0, 0x00, 0xE7, 0x00, 0x03, 0x80, 0xFF, 0xFF, 0xFF, 0xFF,
    0xFF, 0xFF, 0xFF, 0x00, 0x78, 0x03, 0xC0, 0x1E, 0x00, 0xFF, 0xF7, 0xFF, 0xBF, 0xFD, 0xE0, 0x0F,
    0x00, 0x78, 0x03, 0xC0, 0x1E, 0x00, 0xFF, 0xFF, 0xFF, 0xFF, 0xFE, 0x7C, 0x07, 0x81, 0xF8, 0xF8,
    0x1E, 0x07, 0xC1, 0xF0, 0x78, 0x3E, 0x03, 0xE1, 0xE1, 0xF0, 0x07, 0x87, 0x8F, 0x80, 0x1F, 0x1E,
    0x7C, 0x00, 0x3E, 0x7B, 0xE0, 0x00, 0x7D, 0xEF, 0x00, 0x00, 0xFF, 0xFC, 0x00, 0x03, 0xFF, 0xE0,
    0x00, 0x1F, 0x7F, 0xC0, 0x00, 0xFD, 0xEF, 0x80, 0x03, 0xE7, 0x9F, 0x00, 0x1F, 0x1E, 0x3E, 0x00,
    0xF8, 0x78, 0xFC, 0x07, 0xC1, 0xE1, 0xF8, 0x3E, 0x07, 0x83, 0xE1, 0xF8, 0x1E, 0x07, 0xCF, 0xC0,
    0x78, 0x0F, 0xC0, 0x0F, 0xF0, 0x7F, 0xF1, 0xFF, 0xF7, 0xF3, 0xE7, 0x83, 0xE2, 0x07, 0xC0, 0x0F,
    0x00, 0x3E, 0x03, 0xF8, 0x07, 0xE0, 0x0F, 0xF0, 0x01, 0xE0, 0x01, 0xE2, 0x03, 0xCE, 0x07, 0xFE,
    0x1F, 0x7F, 0xFC, 0x7F, 0xF8, 0x7F, 0xC0, 0x3E, 0x00, 0xF0, 0x0F, 0xF0, 0x1F, 0xF0, 0x3F, 0xF0,
    0x3F, 0xF0, 0x7F, 0xF0, 0xFF, 0xF0, 0xFF, 0xF1, 0xFF, 0xF3, 0xEF, 0xF7, 0xCF, 0xF7, 0xCF, 0xFF,
    0x8F, 0xFF, 0x0F, 0xFE, 0x0F, 0xFE, 0x0F, 0xFC, 0x0F, 0xF8, 0x0F, 0xF8, 0x0F, 0xF0, 0x0F, 0x1C,
    0x70, 0x1C, 0x70, 0x0E, 0xE0, 0x0F, 0xC0, 0x01, 0x00, 0x00, 0x00, 0xF0, 0x0F, 0xF0, 0x1F, 0xF0,
    0x3F, 0xF0, 0x3F, 0xF0, 0x7F, 0xF0, 0xFF, 0xF0, 0xFF, 0xF1, 0xFF, 0xF3, 0xEF, 0xF7, 0xCF, 0xF7,
    0xCF, 0xFF, 0x8F, 0xFF, 0x0F, 0xFE, 0x0F, 0xFE, 0x0F, 0xFC, 0x0F, 0xF8, 0x0F, 0xF8, 0x0F, 0xF0,
    0x0F, 0xF0, 0x3F, 0x78, 0x1F, 0x3C, 0x1F, 0x1E, 0x1F, 0x0F, 0x1F, 0x07, 0x9F, 0x03, 0xDF, 0x01,
    0xEF, 0x00, 0xFF, 0x80, 0x7F, 0x80, 0x3F, 0xE0, 0x1E, 0xF8, 0x0F, 0x3E, 0x07, 0x8F, 0x83, 0xC7,
    0xE1, 0xE1, 0xF8, 0xF0, 0x7C, 0x78, 0x1F, 0x3C, 0x07, 0xE0, 0x07, 0xFF, 0xE0, 0xFF, 0xFC, 0x1F,
    0xFF, 0x83, 0xFF, 0xF0, 0x78, 0x3E, 0x1F, 0x07, 0xC3, 0xC0, 0xF8, 0x78, 0x1F, 0x0F, 0x03, 0xE1,
    0xE0, 0x7C, 0x3C, 0x0F, 0x87, 0x81, 0xF0, 0xF0, 0x3E, 0x1E, 0x07, 0xC7, 0xC0, 0xF9, 0xF0, 0x1F,
    0xFE, 0x03, 0xFF, 0x80, 0x7F, 0xE0, 0x0F, 0xF0, 0x00, 0x00, 0xF0, 0x00, 0xFF, 0x00, 0x1F, 0xF8,
    0x01, 0xFF, 0xC0, 0x3F, 0xFC, 0x07, 0xFF, 0xE0, 0x7F, 0xFF, 0x0F, 0xFF, 0xF0, 0xFF, 0xFF, 0x9E,
    0xFF, 0x7F, 0xEF, 0xF3, 0xFC, 0xFF, 0x3F, 0x8F, 0xF1, 0xF8, 0xFF, 0x0F, 0x0F, 0xF0, 0xE0, 0xFF,
    0x00, 0x0F, 0xF0, 0x00, 0xFF, 0x00, 0x0F, 0xF0, 0x00, 0xF0, 0xF0, 0x0F, 0xF0, 0x0F, 0xF0, 0x0F,
    0xF0, 0x0F, 0xF0, 0x0F, 0xF0, 0x0F, 0xF0, 0x0F, 0xFF, 0xFF, 0xFF, 0xFF, 0xFF, 0xFF, 0xFF, 0xFF,
    0xF0, 0x0F, 0xF0, 0x0F, 0xF0, 0x0F, 0xF0, 0x0F, 0xF0, 0x0F, 0xF0, 0x0F, 0xF0, 0x0F, 0xF0, 0x0F,
    0x07, 0xFC, 0x07, 0xFF, 0x83, 0xFF, 0xF1, 0xFF, 0xFE, 0x7C, 0x0F, 0x9E, 0x01, 0xFF, 0x80, 0x3F,
    0xC0, 0x0F, 0xF0, 0x03, 0xFC, 0x00, 0xFF, 0x00, 0x3F, 0xC0, 0x0F, 0xF8, 0x03, 0xFE, 0x01, 0xF7,
    0xC0, 0xF9, 0xF8, 0x7E, 0x3F, 0xFF, 0x07, 0xFF, 0x80, 0xFF, 0xC0, 0x07, 0x80, 0xFF, 0xFF, 0xFF,
    0xFF, 0xFF, 0xFF, 0xFF, 0xFF, 0x01, 0xFE, 0x03, 0xFC, 0x07, 0xF8, 0x0F, 0xF0, 0x1F, 0xE0, 0x3F,
    0xC0, 0x7F, 0x80, 0xFF, 0x01, 0xFE, 0x03, 0xFC, 0x07, 0xF8, 0x0F, 0xF0, 0x1F, 0xE0, 0x3F, 0xC0,
    0x78, 0xFF, 0xE1, 0xFF, 0xE3, 0xFF, 0xE7, 0xFF, 0xEF, 0x07, 0xDE, 0x07, 0xFC, 0x0F, 0xF8, 0x1F,
    0xF0, 0x3D, 0xFF, 0xFB, 0xFF, 0xF7, 0xFF, 0xCF, 0xFE, 0x1E, 0x00, 0x3C, 0x00, 0x78, 0x00, 0xF0,
    0x01, 0xE0, 0x03, 0xC0, 0x00, 0x07, 0xFC, 0x07, 0xFF, 0x07, 0xFF, 0xC7, 0xF7, 0xF7, 0xC0, 0xF3,
    0xC0, 0x33, 0xE0, 0x01, 0xF0, 0x00, 0xF0, 0x00, 0x78, 0x00, 0x3C, 0x00, 0x1F, 0x00, 0x0F, 0x80,
    0x03, 0xC0, 0x21, 0xF0, 0x1C, 0x7E, 0x3F, 0x3F, 0xFF, 0x0F, 0xFF, 0x01, 0xFF, 0x00, 0x3E, 0x00,
    0xFF, 0xFF, 0xFF, 0xFF, 0xFF, 0xFF, 0xFF, 0xF0, 0x78, 0x00, 0xF0, 0x01, 0xE0, 0x03, 0xC0, 0x07,
    0x80, 0x0F, 0x00, 0x1E, 0x00, 0x3C, 0x00, 0x78, 0x00, 0xF0, 0x01, 0xE0, 0x03, 0xC0, 0x07, 0x80,
    0x0F, 0x00, 0x1E, 0x00, 0xF8, 0x07, 0xDE, 0x01, 0xE7, 0xC0, 0xF8, 0xF0, 0x3C, 0x3E, 0x1F, 0x07,
    0x87, 0x81, 0xF1, 0xE0, 0x3C, 0xF0, 0x0F, 0xBC, 0x01, 0xFE, 0x00, 0x7F, 0x80, 0x0F, 0xC0, 0x03,
    0xF0, 0x00, 0x78, 0x00, 0x3E, 0x00, 0x0F, 0x00, 0x07, 0xC0, 0x01, 0xE0, 0x00, 0xF8, 0x00, 0x00,
    0xF0, 0x00, 0x0F, 0x00, 0x03, 0xFC, 0x00, 0xFF, 0xF8, 0x3F, 0xFF, 0xC7, 0xFF, 0xFE, 0x7C, 0xF3,
    0xEF, 0x8F, 0x1F, 0xF0, 0xF0, 0xFF, 0x0F, 0x0F, 0xF0, 0xF0, 0xFF, 0x8F, 0x0F, 0x7C, 0xF3, 0xF7,
    0xFF, 0xFE, 0x3F, 0xFF, 0xC1, 0xFF, 0xF8, 0x07, 0xFE, 0x00, 0x0F, 0x00, 0x00, 0xF0, 0x00, 0x7C,
    0x07, 0xE7, 0xC0, 0xF8, 0x7C, 0x3E, 0x0F, 0x8F, 0x80, 0xF9, 0xF0, 0x0F, 0xFC, 0x01, 0xFF, 0x00,
    0x1F, 0xC0, 0x01, 0xF8, 0x00, 0x3E, 0x00, 0x0F, 0xE0, 0x01, 0xFE, 0x00, 0x7F, 0xC0, 0x1F, 0x7C,
    0x03, 0xE7, 0xC0, 0xF8, 0x78, 0x3E, 0x0F, 0x87, 0xC0, 0xFB, 0xF0, 0x1F, 0x80, 0xF0, 0x1E, 0x3C,
    0x07, 0x8F, 0x01, 0xE3, 0xC0, 0x78, 0xF0, 0x1E, 0x3C, 0x07, 0x8F, 0x01, 0xE3, 0xC0, 0x78, 0xF0,
    0x1E, 0x3C, 0x07, 0x8F, 0x01, 0xE3, 0xC0, 0x78, 0xF0, 0x1E, 0x3C, 0x07, 0x8F, 0x01, 0xE3, 0xFF,
    0xFF, 0xFF, 0xFF, 0xFF, 0xFF, 0xFF, 0xFF, 0xFC, 0x00, 0x0F, 0x00, 0x03, 0xC0, 0x00, 0xF0, 0x00,
    0x1C, 0xF8, 0x0F, 0xF8, 0x0F, 0xF8, 0x0F, 0xF8, 0x0F, 0xF8, 0x0F, 0xF8, 0x0F, 0xF8, 0x0F, 0xF8,
    0x0F, 0xF8, 0x1F, 0x7C, 0x1F, 0x7F, 0xFF, 0x7F, 0xFF, 0x3F, 0xFF, 0x1F, 0xCF, 0x02, 0x0F, 0x00,
    0x0F, 0x00, 0x0F, 0x00, 0x0F, 0x00, 0x0F, 0xF0, 0x3C, 0x07, 0xF8, 0x1E, 0x03, 0xFC, 0x0F, 0x01,
    0xFE, 0x07, 0x80, 0xFF, 0x03, 0xC0, 0x7F, 0x81, 0xE0, 0x3F, 0xC0, 0xF0, 0x1F, 0xE0, 0x78, 0x0F,
    0xF0, 0x3C, 0x07, 0xF8, 0x1E, 0x03, 0xFC, 0x0F, 0x01, 0xFE, 0x07, 0x80, 0xFF, 0x03, 0xC0, 0x7F,
    0x81, 0xE0, 0x3F, 0xC0, 0xF0, 0x1F, 0xFF, 0xFF, 0xFF, 0xFF, 0xFF, 0xFF, 0xFF, 0xFF, 0xFF, 0xFF,
    0xFF, 0xFF, 0xE0, 0xF0, 0x3C, 0x07, 0x8F, 0x03, 0xC0, 0x78, 0xF0, 0x3C, 0x07, 0x8F, 0x03, 0xC0,
    0x78, 0xF0, 0x3C, 0x07, 0x8F, 0x03, 0xC0, 0x78, 0xF0, 0x3C, 0x07, 0x8F, 0x03, 0xC0, 0x78, 0xF0,
    0x3C, 0x07, 0x8F, 0x03, 0xC0, 0x78, 0xF0, 0x3C, 0x07, 0x8F, 0x03, 0xC0, 0x78, 0xF0, 0x3C, 0x07,
    0x8F, 0x03, 0xC0, 0x78, 0xF0, 0x3C, 0x07, 0x8F, 0xFF, 0xFF, 0xFF, 0xFF, 0xFF, 0xFF, 0xFF, 0xFF,
    0xFF, 0xFF, 0xFF, 0xFF, 0xFF, 0xF0, 0x00, 0x00, 0x0F, 0x00, 0x00, 0x00, 0xF0, 0x00, 0x00, 0x0E,
    0x00, 0x00, 0x00, 0xE0, 0xFF, 0x80, 0x0F, 0xF8, 0x00, 0xFF, 0x80, 0x0F, 0xF8, 0x00, 0x07, 0x80,
    0x00, 0x78, 0x00, 0x07, 0xF8, 0x00, 0x7F, 0xF8, 0x07, 0xFF, 0xC0, 0x7F, 0xFE, 0x07, 0x87, 0xF0,
    0x78, 0x1F, 0x07, 0x80, 0xF0, 0x78, 0x0F, 0x07, 0x81, 0xF0, 0x78, 0x7E, 0x07, 0xFF, 0xE0, 0x7F,
    0xFC, 0x07, 0xFF, 0x80, 0xF0, 0x00, 0x7F, 0x80, 0x03, 0xFC, 0x00, 0x1F, 0xE0, 0x00, 0xFF, 0x00,
    0x07, 0xF8, 0x00, 0x3F, 0xF8, 0x01, 0xFF, 0xFE, 0x0F, 0xFF, 0xF8, 0x7F, 0xFF, 0xE3, 0xFC, 0x3F,
    0x1F, 0xE0, 0x78, 0xFF, 0x03, 0xE7, 0xF8, 0x1F, 0x3F, 0xC0, 0xF1, 0xFE, 0x3F, 0x8F, 0xFF, 0xFC,
    0x7F, 0xFF, 0xC3, 0xFF, 0xF8, 0x1E, 0xF0, 0x01, 0xE0, 0x03, 0xC0, 0x07, 0x80, 0x0F, 0x00, 0x1E,
    0x00, 0x3F, 0x80, 0x7F, 0xF8, 0xFF, 0xF9, 0xFF, 0xFB, 0xC3, 0xF7, 0x81, 0xEF, 0x03, 0xFE, 0x07,
    0xFC, 0x0F, 0x78, 0xFE, 0xFF, 0xFD, 0xFF, 0xF3, 0xFF, 0x80, 0x1F, 0xF0, 0x1F, 0xFC, 0x1F, 0xFF,
    0x1F, 0xDF, 0xCF, 0x03, 0xE1, 0x80, 0xF8, 0x00, 0x3C, 0x00, 0x1E, 0x0F, 0xFF, 0x07, 0xFF, 0xC3,
    0xFF, 0xE0, 0x01, 0xE0, 0x00, 0xF0, 0x80, 0xF9, 0xC0, 0x7D, 0xF8, 0xFC, 0x7F, 0xFC, 0x3F, 0xFE,
    0x07, 0xFC, 0x00, 0xF0, 0x00, 0xF0, 0x1F, 0xF0, 0x78, 0x1F, 0xFE, 0x3C, 0x1F, 0xFF, 0x9E, 0x1F,
    0xDF, 0xCF, 0x1F, 0x81, 0xF7, 0x8F, 0x80, 0x7B, 0xC7, 0x80, 0x3F, 0xE3, 0xC0, 0x1F, 0xFF, 0xE0,
    0x07, 0xFF, 0xF0, 0x03, 0xFF, 0xF8, 0x01, 0xFF, 0xFC, 0x01, 0xFF, 0x1E, 0x00, 0xFF, 0x8F, 0x80,
    0x7B, 0xC7, 0xC0, 0x7D, 0xE1, 0xF8, 0xFE, 0xF0, 0xFF, 0xFE, 0x78, 0x3F, 0xFE, 0x3C, 0x07, 0xFE,
    0x00, 0x00, 0xF8, 0x00, 0x07, 0xFF, 0x1F, 0xFF, 0x3F, 0xFF, 0x3F, 0xFF, 0x7C, 0x0F, 0x7C, 0x0F,
    0x78, 0x0F, 0x7C, 0x0F, 0x3E, 0x0F, 0x3F, 0xFF, 0x1F, 0xFF, 0x0F, 0xFF, 0x0F, 0xFF, 0x0F, 0x0F,
    0x1F, 0x0F, 0x3E, 0x0F, 0x3E, 0x0F, 0x7C, 0x0F, 0xFC, 0x0F, 0x0F, 0x03, 0xFC, 0x7F, 0xEF, 0xFF,
    0x30, 0xF0, 0x0F, 0x0F, 0xF3, 0xFF, 0x7F, 0xFF, 0xFF, 0xF0, 0xFF, 0x0F, 0xFF, 0xFF, 0xFF, 0x7F,
    0xF1, 0xC0, 0x00, 0x10, 0x00, 0xE0, 0x7F, 0x87, 0xFF, 0x3F, 0xF1, 0xFC, 0x07, 0x80, 0x3C, 0x00,
    0xF7, 0xF3, 0xFF, 0xEF, 0xFF, 0xBF, 0x1F, 0xF8, 0x3F, 0xC0, 0xFF, 0x03, 0xFC, 0x0F, 0xF0, 0x3D,
    0xE1, 0xF7, 0xFF, 0x8F, 0xFE, 0x1F, 0xF0, 0x1E, 0x00, 0xFF, 0xE7, 0xFF, 0xBF, 0xFF, 0xE1, 0xFF,
    0x07, 0xFF, 0xFB, 0xFF, 0x9F, 0xFE, 0xF1, 0xFF, 0x83, 0xFC, 0x1F, 0xFF, 0xFF, 0xFF, 0xFF, 0xF8,
    0xFF, 0xFF, 0xFF, 0xFF, 0xF8, 0x0F, 0x01, 0xE0, 0x3C, 0x07, 0x80, 0xF0, 0x1E, 0x03, 0xC0, 0x78,
    0x0F, 0x01, 0xE0, 0x00, 0x07, 0xFE, 0x07, 0xFF, 0x03, 0xFF, 0x81, 0xE3, 0xC0, 0xF1, 0xE0, 0x78,
    0xF0, 0x3C, 0x78, 0x1E, 0x3C, 0x0F, 0x1E, 0x0F, 0x0F, 0x0F, 0x87, 0x9F, 0xFF, 0xFF, 0xFF, 0xFF,
    0xFF, 0xFF, 0xC0, 0x1E, 0xE0, 0x0F, 0x70, 0x03, 0xB8, 0x01, 0xC0, 0x07, 0x80, 0x7F, 0x83, 0xFF,
    0x1F, 0xFE, 0xF8, 0x7B, 0xC1, 0xEF, 0xFF, 0xFF, 0xFF, 0xFF, 0xFB, 0xC0, 0x0F, 0x04, 0x3E, 0x1C,
    0x7F, 0xF8, 0xFF, 0xC1, 0xFE, 0x01, 0xE0, 0xF8, 0x7C, 0x3E, 0x78, 0xF8, 0xF0, 0x79, 0xF3, 0xC0,
    0xFB, 0xEF, 0x80, 0xF7, 0xDE, 0x00, 0xFF, 0xF8, 0x01, 0xFF, 0xF0, 0x03, 0xFF, 0xE0, 0x0F, 0xFF,
    0xE0, 0x3E, 0xFB, 0xE0, 0x79, 0xF3, 0xC1, 0xF3, 0xE7, 0xC7, 0xC7, 0xC7, 0xDF, 0x0F, 0x87, 0xC0,
    0x07, 0x81, 0xFF, 0x1F, 0xFD, 0xFF, 0xE3, 0x0F, 0x00, 0x78, 0x3F, 0xC1, 0xFC, 0x0F, 0xE0, 0x7F,
    0x84, 0x3E, 0xE1, 0xFF, 0xFF, 0xBF, 0xF8, 0xFF, 0x81, 0xF0, 0xF0, 0x7F, 0xC3, 0xFF, 0x0F, 0xFC,
    0x7F, 0xF1, 0xFF, 0xCF, 0xFF, 0x3B, 0xFD, 0xEF, 0xF7, 0x3F, 0xFC, 0xFF, 0xE3, 0xFF, 0x8F, 0xFC,
    0x3F, 0xF0, 0xF0, 0x1C, 0x70, 0x71, 0xC1, 0xEE, 0x03, 0xF8, 0x07, 0xC0, 0x00, 0x00, 0x00, 0x3C,
    0x1F, 0xF0, 0xFF, 0xC3, 0xFF, 0x1F, 0xFC, 0x7F, 0xF3, 0xFF, 0xCE, 0xFF, 0x7B, 0xFD, 0xCF, 0xFF,
    0x3F, 0xF8, 0xFF, 0xE3, 0xFF, 0x0F, 0xFC, 0x3C, 0xF0, 0x7D, 0xE1, 0xF3, 0xC7, 0xC7, 0x9F, 0x0F,
    0x3C, 0x1E, 0xF0, 0x3F, 0xE0, 0x7B, 0xC0, 0xF7, 0xC1, 0xE7, 0xC3, 0xC7, 0xC7, 0x87, 0x8F, 0x0F,
    0x9E, 0x0F, 0xC0, 0x1F, 0xFC, 0x7F, 0xF1, 0xFF, 0xC7, 0x8F, 0x1E, 0x3C, 0x78, 0xF3, 0xC3, 0xCF,
    0x0F, 0x3C, 0x3C, 0xF0, 0xF7, 0xC3, 0xFE, 0x0F, 0xF8, 0x3F, 0xC0, 0xFC, 0x00, 0x00, 0xFC, 0x0F,
    0xFE, 0x0F, 0xFF, 0x87, 0xFF, 0xC3, 0xFF, 0xF3, 0xFF, 0xB9, 0xDF, 0xDC, 0xEF, 0xEF, 0xE7, 0xF3,
    0xF3, 0xF9, 0xF9, 0xFC, 0x78, 0xFE, 0x3C, 0x7F, 0x00, 0x3F, 0x80, 0x1C, 0xF0, 0x3F, 0xC0, 0xFF,
    0x03, 0xFC, 0x0F, 0xF0, 0x3F, 0xFF, 0xFF, 0xFF, 0xFF, 0xFF, 0xFF, 0xFF, 0xC0, 0xFF, 0x03, 0xFC,
    0x0F, 0xF0, 0x3F, 0xC0, 0xF0, 0x07, 0x80, 0x7F, 0x83, 0xFF, 0x1F, 0xFE, 0xFC, 0xFB, 0xE1, 0xFF,
    0x03, 0xFC, 0x0F, 0xF0, 0x3F, 0xC0, 0xFF, 0x87, 0xFE, 0x3E, 0x7F, 0xF8, 0xFF, 0xC1, 0xFE, 0x01,
    0xE0, 0xFF, 0xFF, 0xFF, 0xFF, 0xFF, 0xFC, 0x0F, 0xF0, 0x3F, 0xC0, 0xFF, 0x03, 0xFC, 0x0F, 0xF0,
    0x3F, 0xC0, 0xFF, 0x03, 0xFC, 0x0F, 0xF0, 0x3F, 0xC0, 0xF0, 0x01, 0xC3, 0xDF, 0xCF, 0xFF, 0xBF,
    0xFF, 0xFC, 0x7F, 0xE0, 0xFF, 0x83, 0xFC, 0x0F, 0xF0, 0x3F, 0xE0, 0xFF, 0x83, 0xFF, 0x1F, 0xFF,
    0xFF, 0xFF, 0xEF, 0x7F, 0x3C, 0x70, 0xF0, 0x03, 0xC0, 0x0F, 0x00, 0x3C, 0x00, 0xF0, 0x00, 0x07,
    0x80, 0xFF, 0x0F, 0xFC, 0xFF, 0xFF, 0x8F, 0x7C, 0x33, 0xC0, 0x1E, 0x00, 0xF0, 0x07, 0x80, 0x3C,
    0x19, 0xF1, 0xE7, 0xFF, 0x9F, 0xF8, 0x7F, 0x80, 0xF0, 0xFF, 0xFF, 0xFF, 0xFF, 0xF0, 0xF0, 0x0F,
    0x00, 0xF0, 0x0F, 0x00, 0xF0, 0x0F, 0x00, 0xF0, 0x0F, 0x00, 0xF0, 0x0F, 0x00, 0xF0, 0xF0, 0x1F,
    0xF0, 0x7D, 0xE0, 0xF3, 0xC1, 0xE3, 0xC7, 0xC7, 0x8F, 0x0F, 0x1E, 0x0F, 0x78, 0x1E, 0xF0, 0x1F,
    0xE0, 0x3F, 0x80, 0x7F, 0x00, 0x7C, 0x00, 0xF8, 0x01, 0xF0, 0x03, 0xC0, 0x07, 0x80, 0x1E, 0x00,
    0x3C, 0x00, 0xF8, 0x00, 0x01, 0xE0, 0x00, 0x78, 0x00, 0x1E, 0x00, 0x07, 0x80, 0x03, 0xE0, 0x07,
    0xFF, 0x83, 0xFF, 0xF1, 0xFF, 0xFE, 0x7D, 0xEF, 0xBE, 0x79, 0xFF, 0x1E, 0x3F, 0xC7, 0x8F, 0xF1,
    0xE3, 0xFC, 0x78, 0xFF, 0x9E, 0x7D, 0xF7, 0xBE, 0x7F, 0xFF, 0x8F, 0xFF, 0xC1, 0xFF, 0xE0, 0x0F,
    0xC0, 0x01, 0xE0, 0x00, 0x78, 0x00, 0x1E, 0x00, 0x07, 0x80, 0x01, 0xE0, 0x00, 0xF8, 0x7E, 0xF8,
    0xF0, 0xFB, 0xE0, 0xF7, 0x80, 0xFE, 0x01, 0xFC, 0x01, 0xF0, 0x03, 0xE0, 0x0F, 0xE0, 0x3F, 0xC0,
    0xFB, 0xC1, 0xE7, 0xC7, 0xC7, 0xDF, 0x07, 0xC0, 0xF0, 0x3C, 0xF0, 0x3C, 0xF0, 0x3C, 0xF0, 0x3C,
    0xF0, 0x3C, 0xF0, 0x3C, 0xF0, 0x3C, 0xF0, 0x3C, 0xF0, 0x3C, 0xF0, 0x3C, 0xF0, 0x3C, 0xFF, 0xFF,
    0xFF, 0xFF, 0xFF, 0xFF, 0x00, 0x0F, 0x00, 0x0F, 0x00, 0x07, 0x00, 0x07, 0xF0, 0x7F, 0x83, 0xFC,
    0x1F, 0xE0, 0xFF, 0x07, 0xF8, 0x3F, 0xE3, 0xFF, 0xFF, 0x7F, 0xFB, 0xFB, 0xC7, 0x9E, 0x00, 0xF0,
    0x07, 0x80, 0x3C, 0xF0, 0x78, 0x7F, 0x83, 0xC3, 0xFC, 0x1E, 0x1F, 0xE0, 0xF0, 0xFF, 0x07, 0x87,
    0xF8, 0x3C, 0x3F, 0xC1, 0xE1, 0xFE, 0x0F, 0x0F, 0xF0, 0x78, 0x7F, 0x83, 0xC3, 0xFC, 0x1E, 0x1F,
    0xFF, 0xFF, 0xFF, 0xFF, 0xFF, 0xFF, 0xFF, 0xFC, 0xF0, 0x78, 0x78, 0xF0, 0x78, 0x78, 0xF0, 0x78,
    0x78, 0xF0, 0x78, 0x78, 0xF0, 0x78, 0x78, 0xF0, 0x78, 0x78, 0xF0, 0x78, 0x78, 0xF0, 0x78, 0x78,
    0xF0, 0x78, 0x78, 0xF0, 0x78, 0x78, 0xF0, 0x78, 0x79, 0xFF, 0xFF, 0xFE, 0xFF, 0xFF, 0xFE, 0xFF,
    0xFF, 0xFE, 0x00, 0x00, 0x1E, 0x00, 0x00, 0x1E, 0x00, 0x00, 0x0E, 0x00, 0x00, 0x0E, 0xFF, 0x00,
    0x7F, 0x80, 0x3F, 0xC0, 0x01, 0xE0, 0x00, 0xFF, 0x80, 0x7F, 0xF0, 0x3F, 0xFC, 0x1E, 0x3F, 0x0F,
    0x07, 0x87, 0x83, 0xC3, 0xC3, 0xE1, 0xFF, 0xF0, 0xFF, 0xF0, 0x7F, 0xF0, 0xF0, 0x01, 0xFF, 0x00,
    0x1F, 0xF0, 0x01, 0xFF, 0x00, 0x1F, 0xFF, 0xC1, 0xFF, 0xFF, 0x1F, 0xFF, 0xF9, 0xFF, 0x1F, 0x9F,
    0xF0, 0x7D, 0xFF, 0x07, 0xDF, 0xF0, 0x7D, 0xFF, 0xFF, 0x9F, 0xFF, 0xF9, 0xFF, 0xFF, 0x1F, 0xF0,
    0x03, 0xC0, 0x0F, 0x00, 0x3C, 0x00, 0xFF, 0xC3, 0xFF, 0xCF, 0xFF, 0xBC, 0x7E, 0xF0, 0x7F, 0xC1,
    0xFF, 0x07, 0xFF, 0xFE, 0xFF, 0xFB, 0xFF, 0xC0, 0x0E, 0x03, 0xFE, 0x3F, 0xF9, 0xFF, 0xC7, 0x1F,
    0x10, 0x78, 0x7F, 0xE3, 0xFF, 0x1F, 0xF8, 0xFF, 0xC8, 0x3C, 0xE3, 0xEF, 0xFF, 0x7F, 0xF1, 0xFF,
    0x03, 0xE0, 0x00, 0x07, 0x07, 0x81, 0xFE, 0x3C, 0x1F, 0xF9, 0xE1, 0xFF, 0xEF, 0x1F, 0x9F, 0x78,
    0xF8, 0x7F, 0xFF, 0x81, 0xFF, 0xFC, 0x0F, 0xFF, 0xE0, 0x7F, 0xFF, 0x03, 0xFC, 0x7C, 0x3F, 0xE3,
    0xE3, 0xFF, 0x0F, 0xFF, 0x78, 0x3F, 0xF3, 0xC0, 0xFF, 0x00, 0x01, 0xE0, 0x1F, 0xFC, 0xFF, 0xF3,
    0xFF, 0xDF, 0x0F, 0x78, 0x3D, 0xE0, 0xF7, 0xFF, 0xCF, 0xFF, 0x1F, 0xFC, 0x7F, 0xF1, 0xE3, 0xCF,
    0x0F, 0x3C, 0x3F, 0xE0, 0xF0, 0x04, 0x00, 0x38, 0x03, 0xE0, 0x03, 0xC0, 0x07, 0x80, 0x0C, 0x00,
    0x20, 0x01, 0xE0, 0x1F, 0xE0, 0xFF, 0xC7, 0xFF, 0xBE, 0x1E, 0xF0, 0x7B, 0xFF, 0xFF, 0xFF, 0xFF,
    0xFE, 0xF0, 0x03, 0xC1, 0x0F, 0x87, 0x1F, 0xFE, 0x3F, 0xF0, 0x7F, 0x80, 0x78, 0x00, 0x38, 0xE0,
    0xF3, 0xC3, 0xDF, 0x0F, 0x3C, 0x00, 0x00, 0x1E, 0x01, 0xFE, 0x0F, 0xFC, 0x7F, 0xFB, 0xE1, 0xEF,
    0x07, 0xBF, 0xFF, 0xFF, 0xFF, 0xFF, 0xEF, 0x00, 0x3C, 0x10, 0xF8, 0x71, 0xFF, 0xE3, 0xFF, 0x07,
    0xF8, 0x07, 0x80, 0x3C, 0x01, 0xFF, 0x03, 0xFE, 0x07, 0xFC, 0x03, 0xC0, 0x07, 0xBF, 0x0F, 0xFF,
    0x1F, 0xFE, 0x3F, 0xFE, 0x78, 0x7C, 0xF0, 0x79, 0xE0, 0xF3, 0xC1, 0xE7, 0x83, 0xCF, 0x07, 0x9E,
    0x0F, 0x3C, 0x1E, 0x78, 0x3C, 0xF0, 0x78, 0x00, 0xF0, 0x03, 0xE0, 0x3F, 0xC0, 0x7F, 0x00, 0xFE,
    0x01, 0xF8, 0x01, 0x00, 0x70, 0x1F, 0x03, 0xC0, 0xF0, 0x1C, 0x00, 0x00, 0x00, 0xFF, 0xFF, 0xFF,
    0xFF, 0xF8, 0x0F, 0x01, 0xE0, 0x3C, 0x07, 0x80, 0xF0, 0x1E, 0x03, 0xC0, 0x78, 0x0F, 0x01, 0xE0,
    0x00, 0x07, 0x80, 0xFF, 0x0F, 0xFC, 0xFF, 0xFF, 0x86, 0x78, 0x23, 0xFE, 0x1F, 0xF0, 0xFF, 0x87,
    0xFC, 0x3C, 0x11, 0xF0, 0xC7, 0xFF, 0x9F, 0xF8, 0x7F, 0x80, 0xF0, 0x07, 0x80, 0xFF, 0x0F, 0xFC,
    0xFF, 0xF7, 0x86, 0x3C, 0x01, 0xFC, 0x07, 0xFC, 0x1F, 0xF0, 0x1F, 0xC4, 0x3E, 0x60, 0xFF, 0xFF,
    0xBF, 0xF8, 0xFF, 0x80, 0xF0, 0x77, 0xFE, 0xF3, 0x01, 0xEF, 0x7B, 0xDE, 0xF7, 0xBD, 0xEF, 0x7B,
    0xDE, 0xF0, 0x21, 0x3C, 0xFF, 0x3F, 0xCF, 0x63, 0x80, 0x01, 0xE0, 0x78, 0x1E, 0x07, 0x81, 0xE0,
    0x78, 0x1E, 0x07, 0x81, 0xE0, 0x78, 0x1E, 0x07, 0x81, 0xE0, 0x78, 0x0E, 0x0F, 0x1F, 0x0F, 0x06,
    0x00, 0x0F, 0x0F, 0x0F, 0x0F, 0x0F, 0x0F, 0x0F, 0x0F, 0x0F, 0x0F, 0x0F, 0x0F, 0x0F, 0x0F, 0x0F,
    0x0F, 0xFF, 0xFE, 0xFE, 0xFC, 0x1F, 0xFC, 0x00, 0x3F, 0xF8, 0x00, 0x7F, 0xF0, 0x00, 0xF1, 0xE0,
    0x01, 0xE3, 0xFF, 0x03, 0xC7, 0xFF, 0x8F, 0x0F, 0xFF, 0x9E, 0x1E, 0x3F, 0x3C, 0x3C, 0x1E, 0x78,
    0x78, 0x3D, 0xF0, 0xF0, 0x7F, 0xC1, 0xFF, 0xFF, 0x83, 0xFF, 0xFE, 0x07, 0xFF, 0x30, 0x00, 0x00,
    0x00, 0xF0, 0x3C, 0x01, 0xE0, 0x78, 0x03, 0xC0, 0xF0, 0x07, 0x81, 0xE0, 0x0F, 0x03, 0xC0, 0x1F,
    0xFF, 0xFE, 0x3F, 0xFF, 0xFF, 0x7F, 0xFF, 0xFE, 0xF0, 0x3C, 0x3F, 0xE0, 0x78, 0x3F, 0xC0, 0xF0,
    0xFF, 0x81, 0xFF, 0xEF, 0x03, 0xFF, 0xDE, 0x07, 0xFF, 0x00, 0x3C, 0x01, 0xFF, 0x03, 0xFE, 0x07,
    0xFC, 0x03, 0xC0, 0x07, 0xBF, 0x0F, 0xFF, 0x1F, 0xFE, 0x3F, 0xFE, 0x78, 0x7C, 0xF0, 0x79, 0xE0,
    0xF3, 0xC1, 0xE7, 0x83, 0xCF, 0x07, 0x9E, 0x0F, 0x3C, 0x1E, 0x78, 0x3C, 0xF0, 0x78, 0x00, 0x80,
    0x03, 0x80, 0x07, 0x80, 0x1E, 0x00, 0x78, 0x00, 0x60, 0x00, 0x00, 0x00, 0x00, 0xF8, 0x7D, 0xF1,
    0xF3, 0xE7, 0xC7, 0xCF, 0x0F, 0xBC, 0x1F, 0xF0, 0x3F, 0xE0, 0x7F, 0xC0, 0xFF, 0xC1, 0xF7, 0xC3,
    0xE7, 0xC7, 0xC7, 0x8F, 0x8F, 0x9F, 0x0F, 0xC0, 0x06, 0x00, 0x38, 0x01, 0xF0, 0x03, 0xE0, 0x07,
    0x80, 0x0E, 0x00, 0x00, 0x00, 0x00, 0xF0, 0x7F, 0xC3, 0xFF, 0x0F, 0xFC, 0x7F, 0xF1, 0xFF, 0xCF,
    0xFF, 0x3B, 0xFD, 0xEF, 0xF7, 0x3F, 0xFC, 0xFF, 0xE3, 0xFF, 0x8F, 0xFC, 0x3F, 0xF0, 0xF0, 0x0C,
    0x30, 0x0E, 0x70, 0x0E, 0x70, 0x0F, 0xF0, 0x07, 0xE0, 0x00, 0x00, 0x00, 0x00, 0xF8, 0x1F, 0x78,
    0x1E, 0x7C, 0x3E, 0x3C, 0x3C, 0x3C, 0x3C, 0x3E, 0x3C, 0x1E, 0x78, 0x1E, 0x78, 0x0F, 0x70, 0x0F,
    0xF0, 0x0F, 0xF0, 0x07, 0xE0, 0x07, 0xE0, 0x03, 0xE0, 0x03, 0xC0, 0x07, 0xC0, 0x07, 0x80, 0x07,
    0x80, 0x0F, 0x80, 0x0F, 0x00, 0xF0, 0x3F, 0xC0, 0xFF, 0x03, 0xFC, 0x0F, 0xF0, 0x3F, 0xC0, 0xFF,
    0x03, 0xFC, 0x0F, 0xF0, 0x3F, 0xC0, 0xFF, 0x03, 0xFF, 0xFF, 0xFF, 0xFF, 0xFF, 0xF0, 0x78, 0x01,
    0xE0, 0x07, 0x80, 0x1E, 0x00, 0x0F, 0x00, 0x01, 0xE0, 0x03, 0xFF, 0xF8, 0x7F, 0xFF, 0x0F, 0xFF,
    0xE1, 0xFF, 0xFC, 0x03, 0xC0, 0x00, 0x7F, 0x80, 0x0F, 0xFF, 0x01, 0xFF, 0xF8, 0x3F, 0xFF, 0x07,
    0x87, 0xF0, 0xF0, 0x1E, 0x1E, 0x03, 0xC3, 0xC0, 0x78, 0x78, 0xFF, 0x0F, 0xFF, 0xC1, 0xFF, 0xF8,
    0x3F, 0xFC, 0x00, 0x1E, 0x00, 0x0F, 0x00, 0x07, 0x80, 0x03, 0xC0, 0x01, 0xE0, 0x07, 0xFF, 0x83,
    0xFF, 0xC1, 0xFF, 0xE0, 0x1E, 0x00, 0x0F, 0x00, 0x07, 0xFF, 0x83, 0xFF, 0xE1, 0xFF, 0xF0, 0xF0,
    0x7C, 0x78, 0x1E, 0x3C, 0x1F, 0x1F, 0xFF, 0x0F, 0xFF, 0x87, 0xFF, 0x80, 0x3F, 0xFF, 0xF0, 0xFF,
    0xFF, 0x07, 0xFF, 0xF0, 0x1F, 0xFF, 0x00, 0x78, 0xF8, 0x03, 0xE7, 0x80, 0x0F, 0x78, 0x00, 0x3F,
    0xC0, 0x07, 0xFF, 0x80, 0xFF, 0xFE, 0x0F, 0xFF, 0xFC, 0xFE, 0xEF, 0xE7, 0x87, 0x0F, 0xFC, 0x38,
    0x3F, 0xC1, 0xC1, 0xFE, 0x0E, 0x0F, 0xF0, 0x70, 0x7F, 0x83, 0x83, 0xFC, 0x1C, 0x1E, 0x7F, 0xFF,
    0x1F, 0xFF, 0x07, 0xFF, 0x01, 0xC7, 0x00, 0xF7, 0x80, 0x3F, 0x80, 0xFF, 0xF8, 0xFF, 0xFE, 0xFF,
    0xFF, 0xFC, 0xE7, 0xFC, 0x71, 0xFE, 0x38, 0xFE, 0x1C, 0x3F, 0x0E, 0x1C, 0x07, 0xFC, 0x07, 0xFF,
    0x83, 0xFF, 0xF1, 0xFC, 0xFE, 0x7C, 0x0F, 0x9E, 0x01, 0xFF, 0x80, 0x3F, 0xDC, 0x0F, 0xFF, 0xFF,
    0xFF, 0xFF, 0xFF, 0xFF, 0xFF, 0xE0, 0xEF, 0xF8, 0x03, 0xFE, 0x01, 0xF7, 0xC0, 0x79, 0xF8, 0x7E,
    0x3F, 0xFF, 0x07, 0xFF, 0x80, 0xFF, 0xC0, 0x07, 0x80, 0x07, 0x80, 0x7F, 0x83, 0xFF, 0x1F, 0xFE,
    0xF8, 0x7B, 0xC0, 0xFF, 0xF7, 0xFF, 0xFF, 0xFF, 0xFF, 0xEE, 0xFF, 0x03, 0xFE, 0x1E, 0x7F, 0xF8,
    0xFF, 0xC1, 0xFE, 0x01, 0xE0, 0x00, 0x00, 0x23, 0xE0, 0x07, 0xF7, 0x80, 0x3F, 0xDF, 0x00, 0xFE,
    0x7C, 0x07, 0xF8, 0xF0, 0x1F, 0x03, 0xE0, 0x78, 0x07, 0x83, 0xE0, 0x1E, 0x0F, 0x00, 0x7C, 0x3C,
    0x00, 0xF1, 0xF0, 0x03, 0xC7, 0x80, 0x0F, 0xBE, 0x00, 0x1E, 0xF0, 0x00, 0x7B, 0xC0, 0x00, 0xFF,
    0x00, 0x03, 0xF8, 0x00, 0x0F, 0xE0, 0x00, 0x1F, 0x00, 0x00, 0x7C, 0x00, 0x00, 0x06, 0x78, 0x0F,
    0xFE, 0x0F, 0xEF, 0x07, 0xE7, 0x87, 0xD3, 0xE3, 0xC0, 0xF1, 0xC0, 0x79, 0xE0, 0x1E, 0xF0, 0x0F,
    0x70, 0x07, 0xB8, 0x01, 0xFC, 0x00, 0xFE, 0x00, 0x7E, 0x00, 0x1F, 0x00, 0x00, 0xF0, 0x0F, 0x00,
    0xF0, 0x0F, 0xFF, 0xFF, 0xFF, 0xFF, 0xFF, 0xFF, 0xF0, 0x0F, 0x00, 0xF0, 0x0F, 0x00, 0xF0, 0x0F,
    0x00, 0xF0, 0x0F, 0x00, 0xF0, 0x0F, 0x00, 0xF0, 0x0F, 0x00, 0xF0, 0x0F, 0x00, 0xF0, 0x00, 0x01,
    0xE0, 0x3C, 0x07, 0x80, 0xFF, 0xFF, 0xFF, 0xFF, 0xFF, 0x80, 0xF0, 0x1E, 0x03, 0xC0, 0x78, 0x0F,
    0x01, 0xE0, 0x3C, 0x07, 0x80, 0xF0, 0x1E, 0x00, 0x1F, 0xFE, 0x3F, 0xFC, 0x7F, 0xF8, 0xFF, 0xF1,
    0xE0, 0x03, 0xC0, 0x07, 0x80, 0x0F, 0x00, 0xFF, 0xE1, 0xFF, 0xC3, 0xFF, 0x87, 0xFF, 0x01, 0xE0,
    0x03, 0xC0, 0x07, 0x80, 0x0F, 0x00, 0x1E, 0x00, 0x3C, 0x00, 0x78, 0x00, 0x3F, 0xF3, 0xFF, 0x3F,
    0xF3, 0xC0, 0x3C, 0x03, 0xC0, 0xFF, 0xCF, 0xFC, 0xFF, 0xCF, 0xFC, 0x3C, 0x03, 0xC0, 0x3C, 0x03,
    0xC0, 0x7C, 0x3C, 0x3E, 0x1E, 0x1E, 0x3E, 0x07, 0x8F, 0x3E, 0x01, 0xE7, 0x9E, 0x00, 0xFB, 0xDE,
    0x00, 0x3D, 0xFE, 0x00, 0x0F, 0xFF, 0x00, 0x0F, 0xFF, 0xC0, 0x0F, 0xBD, 0xE0, 0x07, 0x9E, 0xF8,
    0x07, 0xCF, 0x3E, 0x07, 0xC7, 0x8F, 0xF7, 0xC3, 0xC7, 0xFB, 0xE1, 0xE1, 0xFE, 0x00, 0x00, 0x1E,
    0x00, 0x00, 0x0F, 0x00, 0x00, 0x07, 0x80, 0x00, 0x03, 0xC0, 0xF0, 0x3F, 0x78, 0x1F, 0x3C, 0x1F,
    0x1E, 0x1F, 0x0F, 0x1F, 0x07, 0x9F, 0x03, 0xDF, 0x01, 0xEF, 0x00, 0xFF, 0x80, 0x7F, 0x80, 0x3F,
    0xE0, 0x1E, 0xF8, 0x0F, 0x3E, 0x07, 0x8F, 0x83, 0xC7, 0xE1, 0xE1, 0xFF, 0xF0, 0x7F, 0xF8, 0x1F,
    0xFC, 0x07, 0xE0, 0x00, 0xF0, 0x00, 0x78, 0x00, 0x3C, 0x00, 0x1E, 0xF0, 0x7C, 0xF0, 0xF8, 0xF1,
    0xF0, 0xF3, 0xE0, 0xF3, 0xC0, 0xF7, 0x80, 0xFF, 0x80, 0xF7, 0x80, 0xF7, 0xC0, 0xF3, 0xE0, 0xF1,
    0xF0, 0xF0, 0xFF, 0xF0, 0xFF, 0xF0, 0x7F, 0x00, 0x0F, 0x00, 0x0F, 0x00, 0x0F, 0x00, 0x0E, 0xF0,
    0x07, 0xDE, 0x01, 0xF3, 0xC0, 0x3C, 0x7B, 0x8F, 0x8F, 0x71, 0xE1, 0xEE, 0x7C, 0x3D, 0xDF, 0x07,
    0xFF, 0xC0, 0xFF, 0xF8, 0x1F, 0xFE, 0x03, 0xFF, 0xE0, 0x7B, 0xBE, 0x0F, 0x77, 0xC1, 0xEE, 0x7C,
    0x3D, 0xC7, 0xC7, 0xB8, 0xF8, 0xF0, 0x0F, 0x9E, 0x01, 0xF3, 0xC0, 0x1F, 0x80, 0xF0, 0x1F, 0xE0,
    0x7B, 0xDC, 0xF7, 0xBB, 0xCF, 0x77, 0x1F, 0xFE, 0x3F, 0xF8, 0x7F, 0xF8, 0xFF, 0xF1, 0xEF, 0xF3,
    0xDD, 0xE7, 0x83, 0xEF, 0x03, 0xDE, 0x07, 0xC0, 0xF0, 0x0F, 0x1E, 0x01, 0xE3, 0xC0, 0x3C, 0x78,
    0x07, 0x8F, 0x00, 0xF1, 0xE0, 0x1E, 0x3C, 0x03, 0xC7, 0xFF, 0xF8, 0xFF, 0xFF, 0x1F, 0xFF, 0xE3,
    0xFF, 0xFC, 0x78, 0x07, 0x8F, 0x00, 0xF1, 0xE0, 0x1E, 0x3C, 0x03, 0xC7, 0x80, 0x7F, 0xF0, 0x0F,
    0xFE, 0x01, 0xFF, 0xC0, 0x3F, 0x80, 0x00, 0xF0, 0x00, 0x1E, 0x00, 0x01, 0xC0, 0x00, 0x38, 0xF0,
    0x3C, 0xF0, 0x3C, 0xF0, 0x3C, 0xF0, 0x3C, 0xF0, 0x3C, 0xFF, 0xFC, 0xFF, 0xFC, 0xFF, 0xFC, 0xFF,
    0xFC, 0xF0, 0x3C, 0xF0, 0x3C, 0xF0, 0x3F, 0xF0, 0x3F, 0xF0, 0x3F, 0x00, 0x0F, 0x00, 0x0F, 0x00,
    0x0F, 0x00, 0x07, 0xF8, 0x07, 0xEF, 0x80, 0xF8, 0xF0, 0x3E, 0x1F, 0x07, 0x81, 0xE1, 0xF0, 0x3E,
    0x3C, 0x03, 0xCF, 0x80, 0x3D, 0xE0, 0x07, 0xF8, 0x00, 0x7F, 0x00, 0x0F, 0xC0, 0x00, 0xF8, 0x00,
    0x1E, 0x00, 0x03, 0xC0, 0x00, 0x78, 0x00, 0x0F, 0x00, 0x01, 0xE0, 0x00, 0x3C, 0x00, 0x07, 0x80,
    0x00, 0xF0, 0x3F, 0xF0, 0x79, 0xE0, 0xF3, 0xC3, 0xE7, 0xC7, 0x87, 0x8F, 0x0F, 0x3C, 0x0F, 0x78,
    0x1E, 0xF0, 0x3D, 0xC0, 0x3F, 0x80, 0x7F, 0x00, 0x7C, 0x00, 0xF8, 0x01, 0xE0, 0x03, 0xC0, 0x07,
    0x80, 0x0F, 0x00, 0x1E, 0x00, 0x3C, 0x00, 0xFC, 0x07, 0xEF, 0x80, 0xF8, 0xF8, 0x3E, 0x1F, 0x07,
    0x81, 0xF1, 0xF0, 0x1E, 0x3C, 0x03, 0xEF, 0x80, 0x3F, 0xE0, 0x03, 0xF8, 0x03, 0xFF, 0xE0, 0x7F,
    0xFC, 0x0F, 0xFF, 0x81, 0xFF, 0xF0, 0x03, 0xE0, 0x00, 0x7C, 0x00, 0x0F, 0x80, 0x01, 0xF0, 0x00,
    0x3E, 0x00, 0x07, 0xC0, 0x00, 0xF8, 0x1F, 0x78, 0x3E, 0x7C, 0x3C, 0x3C, 0x3C, 0x3C, 0x78, 0x1E,
    0x78, 0x1E, 0xF8, 0x0F, 0xF0, 0x0F, 0xF0, 0x0F, 0xE0, 0x07, 0xE0, 0x3F, 0xFC, 0x3F, 0xFC, 0x3F,
    0xFC, 0x03, 0xC0, 0x03, 0xC0, 0x03, 0xC0, 0x03, 0xC0, 0x03, 0xC0, 0x03, 0xC0, 0x7C, 0x07, 0xE1,
    0xF0, 0x3E, 0x07, 0xC3, 0xE0, 0x3E, 0x3E, 0x00, 0xF9, 0xF0, 0x03, 0xFF, 0x00, 0x1F, 0xF0, 0x00,
    0x7F, 0x00, 0x01, 0xF8, 0x00, 0x0F, 0x80, 0x00, 0xFE, 0x00, 0x07, 0xF8, 0x00, 0x7F, 0xC0, 0x07,
    0xDF, 0x00, 0x3E, 0x7C, 0x03, 0xE1, 0xFF, 0x3E, 0x0F, 0xF9, 0xF0, 0x3F, 0xDF, 0x01, 0xFD, 0x00,
    0x00, 0xE0, 0x00, 0x07, 0x00, 0x00, 0x38, 0x00, 0x01, 0xC0, 0xF8, 0x7E, 0x3E, 0x3C, 0x0F, 0xBE,
    0x03, 0xDE, 0x00, 0xFE, 0x00, 0x7F, 0x00, 0x1F, 0x00, 0x0F, 0x80, 0x0F, 0xE0, 0x0F, 0xF0, 0x0F,
    0xBC, 0x07, 0x9F, 0xF7, 0xC7, 0xFF, 0xC1, 0xFC, 0x00, 0x1E, 0x00, 0x0F, 0x00, 0x07, 0x00, 0x03,
    0x80, 0xF8, 0x0F, 0x1F, 0x01, 0xE3, 0xE0, 0x3C, 0x7C, 0x07, 0x8F, 0x80, 0xF1, 0xF0, 0x1E, 0x3E,
    0x03, 0xC7, 0xC0, 0x78, 0xF8, 0x0F, 0x0F, 0x83, 0xE1, 0xFD, 0xFC, 0x3F, 0xFF, 0x83, 0xFF, 0xF0,
    0x3F, 0x9E, 0x00, 0x83, 0xC0, 0x00, 0x7F, 0x00, 0x0F, 0xE0, 0x01, 0xFC, 0x00, 0x3F, 0x80, 0x00,
    0xF0, 0x00, 0x1E, 0x00, 0x03, 0xC0, 0x00, 0x78, 0xF0, 0x78, 0xF0, 0x78, 0xF0, 0x78, 0xF0, 0x78,
    0xF0, 0x78, 0xF0, 0x78, 0xF0, 0xF8, 0xFF, 0xF8, 0xFF, 0xF8, 0x7F, 0x78, 0x3E, 0x78, 0x00, 0x7F,
    0x00, 0x7F, 0x00, 0x7F, 0x00, 0x0E, 0x00, 0x0E, 0x00, 0x0E, 0x00, 0x0E, 0xF8, 0x0F, 0xF8, 0x0F,
    0xF8, 0x0F, 0xF8, 0x0F, 0xF8, 0x0F, 0xF8, 0x0F, 0xF8, 0x0F, 0xF9, 0xCF, 0xF9, 0xCF, 0x79, 0xDF,
    0x7F, 0xFF, 0x7F, 0xFF, 0x3F, 0xFF, 0x1F, 0xEF, 0x03, 0xCF, 0x01, 0xCF, 0x01, 0xCF, 0x01, 0xCF,
    0x00, 0x0F, 0xF0, 0x7F, 0x83, 0xFC, 0x1F, 0xE0, 0xFF, 0x77, 0xFB, 0xBF, 0xDF, 0xFF, 0xFF, 0x7F,
    0xFB, 0xFB, 0xC7, 0xDE, 0x0E, 0xF0, 0x77, 0x80, 0x3C, 0xF0, 0x01, 0xE0, 0x03, 0xC0, 0x07, 0x80,
    0x0F, 0x00, 0x1E, 0x00, 0x3C, 0xFC, 0x7F, 0xFC, 0xFF, 0xFD, 0xFF, 0xFB, 0xE0, 0xFF, 0x81, 0xFF,
    0x01, 0xFE, 0x03, 0xFC, 0x07, 0xF8, 0x0F, 0xF0, 0x1F, 0xE0, 0x3F, 0xC0, 0x78, 0xF8, 0x07, 0xC0,
    0x3E, 0x01, 0xF0, 0x0F, 0x9C, 0x7D, 0xFB, 0xFF, 0xFF, 0xFF, 0xFC, 0xFF, 0xC3, 0xFE, 0x1F, 0xF0,
    0xFF, 0x87, 0xFC, 0x3F, 0xE1, 0xFF, 0x0F, 0xF8, 0x7F, 0xC3, 0xFE, 0x1E, 0xF0, 0x3C, 0xF0, 0x3C,
    0xF0, 0x3C, 0xF0, 0x3C, 0xF0, 0x3C, 0xFF, 0xFC, 0xFF, 0xFC, 0xFF, 0xFC, 0xFF, 0xFC, 0xF0, 0x3C,
    0xF0, 0x3C, 0xF0, 0x3F, 0xF0, 0x3F, 0xF0, 0x3F, 0x00, 0x0F, 0x00, 0x0E, 0x00, 0x0E, 0x00, 0x0E,
    0x0F, 0xF0, 0x0F, 0xFE, 0x0F, 0xFF, 0x8F, 0xCF, 0xE7, 0x81, 0xF0, 0x80, 0x78, 0x00, 0x3E, 0x00,
    0x1F, 0xFF, 0xFF, 0xFF, 0xFF, 0xFF, 0xFF, 0xFF, 0xFF, 0xFF, 0x00, 0xFF, 0x80, 0x79, 0xE0, 0x3C,
    0xF8, 0x7E, 0x3F, 0xFE, 0x1F, 0xFE, 0x03, 0xFE, 0x00, 0x78, 0x00, 0x07, 0x00, 0xFF, 0x87, 0xFF,
    0x3F, 0xFC, 0x30, 0xF8, 0x41, 0xE0, 0x07, 0xBF, 0xFF, 0xFF, 0xFF, 0xFF, 0xEF, 0x07, 0xBC, 0x3E,
    0x7F, 0xF1, 0xFF, 0xC3, 0xFE, 0x03, 0xE0, 0x1F, 0xF0, 0x1F, 0xF0, 0x1F, 0xF0, 0x00, 0x00, 0x00,
    0x00, 0xF0, 0x0F, 0xF0, 0x1F, 0xF0, 0x3F, 0xF0, 0x3F, 0xF0, 0x7F, 0xF0, 0xFF, 0xF0, 0xFF, 0xF1,
    0xFF, 0xF3, 0xEF, 0xF7, 0xCF, 0xF7, 0xCF, 0xFF, 0x8F, 0xFF, 0x0F, 0xFE, 0x0F, 0xFE, 0x0F, 0xFC,
    0x0F, 0xF8, 0x0F, 0xF8, 0x0F, 0xF0, 0x0F, 0x1F, 0xF0, 0x7F, 0xC1, 0xFF, 0x00, 0x00, 0x00, 0x03,
    0xC1, 0xFF, 0x0F, 0xFC, 0x3F, 0xF1, 0xFF, 0xC7, 0xFF, 0x3F, 0xFC, 0xEF, 0xF7, 0xBF, 0xDC, 0xFF,
    0xF3, 0xFF, 0x8F, 0xFE, 0x3F, 0xF0, 0xFF, 0xC3, 0xC0, 0x07, 0xFC, 0x07, 0xFF, 0x83, 0xFF, 0xF1,
    0xFC, 0xFE, 0x7C, 0x0F, 0x9E, 0x01, 0xFF, 0x80, 0x3F, 0xC0, 0x0F, 0xFF, 0xFF, 0xFF, 0xFF, 0xFF,
    0xFF, 0xFF, 0xC0, 0x0F, 0xF8, 0x03, 0xFE, 0x01, 0xF7, 0xC0, 0x79, 0xF8, 0x7E, 0x3F, 0xFF, 0x07,
    0xFF, 0x80, 0xFF, 0xC0, 0x07, 0x80, 0x07, 0x80, 0x7F, 0x83, 0xFF, 0x1F, 0xFE, 0xF8, 0x7B, 0xC0,
    0xFF, 0xFF, 0xFF, 0xFF, 0xFF, 0xFF, 0xFF, 0xFF, 0x03, 0xFE, 0x1E, 0x7F, 0xF8, 0xFF, 0xC1, 0xFE,
    0x01, 0xE0, 0x07, 0xF8, 0x01, 0xFE, 0x00, 0x7F, 0x80, 0x00, 0x00, 0x00, 0x00, 0x3E, 0x01, 0xF7,
    0x80, 0x79, 0xF0, 0x3E, 0x3C, 0x0F, 0x0F, 0x87, 0xC1, 0xE1, 0xE0, 0x7C, 0x78, 0x0F, 0x3C, 0x03,
    0xEF, 0x00, 0x7F, 0x80, 0x1F, 0xE0, 0x03, 0xF0, 0x00, 0xFC, 0x00, 0x1E, 0x00, 0x0F, 0x80, 0x03,
    0xC0, 0x01, 0xF0, 0x00, 0x78, 0x00, 0x3E, 0x00, 0x1F, 0xF0, 0x3F, 0xE0, 0x7F, 0xC0, 0x00, 0x00,
    0x00, 0x1E, 0x03, 0xFE, 0x0F, 0xBC, 0x1E, 0x78, 0x3C, 0x78, 0xF8, 0xF1, 0xE1, 0xE3, 0xC1, 0xEF,
    0x03, 0xDE, 0x03, 0xFC, 0x07, 0xF0, 0x0F, 0xE0, 0x0F, 0x80, 0x1F, 0x00, 0x3E, 0x00, 0x78, 0x00,
    0xF0, 0x03, 0xC0, 0x07, 0x80, 0x1F, 0x00, 0x01, 0xF0, 0x00, 0x3E, 0x00, 0x0F, 0xE0, 0x01, 0xFC,
    0x00, 0x3F, 0x80, 0x0F, 0x78, 0x01, 0xEF, 0x00, 0x3D, 0xF0, 0x0F, 0x1E, 0x01, 0xE3, 0xC0, 0x7C,
    0x7C, 0x0F, 0xFF, 0x81, 0xFF, 0xF0, 0x7F, 0xFF, 0x0F, 0xFF, 0xE1, 0xE0, 0x3E, 0x7C, 0x03, 0xCF,
    0x00, 0x7B, 0xE0, 0x0F, 0x80, 0x00, 0x00, 0x00, 0x00, 0x01, 0xC0, 0x00, 0x7C, 0x00, 0x0F, 0x80,
    0x01, 0xF0, 0x00, 0x1C, 0x00, 0x0F, 0x03, 0xFC, 0x7F, 0xEF, 0xFF, 0x30, 0xF0, 0x0F, 0x0F, 0xF3,
    0xFF, 0x7F, 0xFF, 0xFF, 0xF0, 0xFF, 0x0F, 0xFF, 0xFF, 0xFF, 0x7F, 0xF1, 0xC0, 0x00, 0x00, 0x70,
    0x0F, 0x80, 0xF8, 0x0F, 0x80, 0x70, 0x03, 0xF0, 0x00, 0x3F, 0x00, 0x00, 0xE0, 0x00, 0x7C, 0x00,
    0x06, 0x00, 0x00, 0x00, 0x00, 0x7C, 0x00, 0x0F, 0x80, 0x03, 0xF8, 0x00, 0x7F, 0x00, 0x0F, 0xE0,
    0x03, 0xDE, 0x00, 0x7B, 0xC0, 0x0F, 0x7C, 0x03, 0xC7, 0x80, 0x78, 0xF0, 0x1F, 0x1F, 0x03, 0xFF,
    0xE0, 0x7F, 0xFC, 0x1F, 0xFF, 0xC3, 0xFF, 0xF8, 0x78, 0x0F, 0x9F, 0x00, 0xF3, 0xC0, 0x1E, 0xF8,
    0x03, 0xE0, 0x07, 0x01, 0xF8, 0x0F, 0xC0, 0x1C, 0x07, 0xC0, 0x38, 0x00, 0x00, 0xF0, 0x3F, 0xC7,
    0xFE, 0xFF, 0xF3, 0x0F, 0x00, 0xF0, 0xFF, 0x3F, 0xF7, 0xFF, 0xFF, 0xFF, 0x0F, 0xF0, 0xFF, 0xFF,
    0xFF, 0xF7, 0xFF, 0x1C, 0x00, 0x00, 0x00, 0x80, 0x00, 0x30, 0x00, 0x0F, 0x00, 0x07, 0xC0, 0x00,
    0x60, 0x03, 0xE0, 0x00, 0xFE, 0x00, 0x3D, 0xE0, 0x02, 0x08, 0x00, 0x00, 0x00, 0x07, 0xC0, 0x00,
    0xF8, 0x00, 0x3F, 0x80, 0x07, 0xF0, 0x00, 0xFE, 0x00, 0x3D, 0xE0, 0x07, 0xBC, 0x00, 0xF7, 0xC0,
    0x3C, 0x78, 0x07, 0x8F, 0x01, 0xF1, 0xF0, 0x3F, 0xFE, 0x07, 0xFF, 0xC1, 0xFF, 0xFC, 0x3F, 0xFF,
    0x87, 0x80, 0xF9, 0xF0, 0x0F, 0x3C, 0x01, 0xEF, 0x80, 0x3E, 0x00, 0x08, 0x00, 0x38, 0x00, 0xF8,
    0x01, 0xE0, 0x07, 0x80, 0xE6, 0x03, 0xE8, 0x0F, 0xE0, 0x3D, 0xC0, 0x71, 0xC0, 0x41, 0x00, 0x78,
    0x03, 0xFC, 0x0F, 0xFC, 0x3F, 0xFC, 0x18, 0x78, 0x00, 0xF0, 0x1F, 0xE0, 0xFF, 0xC3, 0xFF, 0x8F,
    0xFF, 0x1E, 0x1E, 0x3C, 0x3C, 0x7F, 0xF8, 0xFF, 0xF0, 0xFF, 0xE0, 0x70, 0x00, 0x00, 0x10, 0x00,
    0x03, 0x00, 0x00, 0xF0, 0x00, 0x0F, 0x80, 0x00, 0x60, 0x03, 0xE0, 0x00, 0xFE, 0x00, 0x3D, 0xE0,
    0x02, 0x08, 0x00, 0x00, 0x00, 0x07, 0xC0, 0x00, 0xF8, 0x00, 0x3F, 0x80, 0x07, 0xF0, 0x00, 0xFE,
    0x00, 0x3D, 0xE0, 0x07, 0xBC, 0x00, 0xF7, 0xC0, 0x3C, 0x78, 0x07, 0x8F, 0x01, 0xF1, 0xF0, 0x3F,
    0xFE, 0x07, 0xFF, 0xC1, 0xFF, 0xFC, 0x3F, 0xFF, 0x87, 0x80, 0xF9, 0xF0, 0x0F, 0x3C, 0x01, 0xEF,
    0x80, 0x3E, 0x00, 0x40, 0x07, 0x00, 0x78, 0x03, 0xE0, 0x07, 0x83, 0x9C, 0x3E, 0x43, 0xF8, 0x3D,
    0xC1, 0xC7, 0x04, 0x10, 0x1E, 0x03, 0xFC, 0x3F, 0xF3, 0xFF, 0xC6, 0x1E, 0x00, 0xF0, 0x7F, 0x8F,
    0xFC, 0xFF, 0xEF, 0xFF, 0x78, 0x7B, 0xC3, 0xDF, 0xFE, 0xFF, 0xF3, 0xFF, 0x87, 0x00, 0x00, 0x3E,
    0x00, 0x03, 0xF0, 0x00, 0x4E, 0x00, 0x07, 0xC0, 0x1F, 0x70, 0x03, 0xE0, 0x00, 0xFE, 0x00, 0x3C,
    0xE0, 0x02, 0x08, 0x00, 0x00, 0x00, 0x07, 0xC0, 0x00, 0xF8, 0x00, 0x3F, 0x80, 0x07, 0xF0, 0x00,
    0xFE, 0x00, 0x3D, 0xE0, 0x07, 0xBC, 0x00, 0xF7, 0xC0, 0x3C, 0x78, 0x07, 0x8F, 0x01, 0xF1, 0xF0,
    0x3F, 0xFE, 0x07, 0xFF, 0xC1, 0xFF, 0xFC, 0x3F, 0xFF, 0x87, 0x80, 0xF9, 0xF0, 0x0F, 0x3C, 0x01,
    0xEF, 0x80, 0x3E, 0x00, 0x20, 0x07, 0xE0, 0x0F, 0xC0, 0x27, 0x00, 0x7C, 0x1C, 0xE0, 0xFA, 0x07,
    0xF0, 0x3D, 0xC0, 0xE3, 0x81, 0x04, 0x03, 0xC0, 0x3F, 0xC1, 0xFF, 0x8F, 0xFF, 0x0C, 0x3C, 0x00,
    0xF0, 0x3F, 0xC3, 0xFF, 0x1F, 0xFC, 0xFF, 0xF3, 0xC3, 0xCF, 0x0F, 0x3F, 0xFC, 0xFF, 0xF1, 0xFF,
    0xC1, 0xC0, 0x00, 0x03, 0x88, 0x00, 0xFF, 0x80, 0x1F, 0xF0, 0x01, 0x3C, 0x00, 0x00, 0x00, 0x03,
    0xE0, 0x00, 0xFE, 0x00, 0x3D, 0xE0, 0x02, 0x08, 0x00, 0x00, 0x00, 0x07, 0xC0, 0x00, 0xF8, 0x00,
    0x3F, 0x80, 0x07, 0xF0, 0x00, 0xFE, 0x00, 0x3D, 0xE0, 0x07, 0xBC, 0x00, 0xF7, 0xC0, 0x3C, 0x78,
    0x07, 0x8F, 0x01, 0xF1, 0xF0, 0x3F, 0xFE, 0x07, 0xFF, 0xC1, 0xFF, 0xFC, 0x3F, 0xFF, 0x87, 0x80,
    0xF9, 0xF0, 0x0F, 0x3C, 0x01, 0xEF, 0x80, 0x3E, 0x1C, 0x43, 0xEF, 0x3F, 0xE7, 0x7E, 0x11, 0xC0,
    0x70, 0x0F, 0x81, 0xFC, 0x3D, 0xC3, 0x8E, 0x10, 0x40, 0xF0, 0x3F, 0xC7, 0xFE, 0xFF, 0xF3, 0x0F,
    0x00, 0xF0, 0xFF, 0x3F, 0xF7, 0xFF, 0xFF, 0xFF, 0x0F, 0xF0, 0xFF, 0xFF, 0xFF, 0xF7, 0xFF, 0x1C,
    0x00, 0x01, 0xF0, 0x00, 0x3E, 0x00, 0x0F, 0xE0, 0x03, 0xCE, 0x00, 0x20, 0x80, 0x00, 0x00, 0x00,
    0x7C, 0x00, 0x0F, 0x80, 0x03, 0xF8, 0x00, 0x7F, 0x00, 0x0F, 0xE0, 0x03, 0xDE, 0x00, 0x7B, 0xC0,
    0x0F, 0x7C, 0x03, 0xC7, 0x80, 0x78, 0xF0, 0x1F, 0x1F, 0x03, 0xFF, 0xE0, 0x7F, 0xFC, 0x1F, 0xFF,
    0xC3, 0xFF, 0xF8, 0x78, 0x0F, 0x9F, 0x00, 0xF3, 0xC0, 0x1E, 0xF8, 0x03, 0xE0, 0x00, 0x00, 0x00,
    0x00, 0x00, 0x70, 0x00, 0x1F, 0x00, 0x03, 0xE0, 0x00, 0x7C, 0x00, 0x07, 0x00, 0x07, 0x00, 0xF8,
    0x1F, 0xC3, 0xDC, 0x38, 0xE1, 0x04, 0x0F, 0x03, 0xFC, 0x7F, 0xEF, 0xFF, 0x30, 0xF0, 0x0F, 0x0F,
    0xF3, 0xFF, 0x7F, 0xFF, 0xFF, 0xF0, 0xFF, 0x0F, 0xFF, 0xFF, 0xFF, 0x7F, 0xF1, 0xC0, 0x00, 0x00,
    0x70, 0x0F, 0x80, 0xF8, 0x0F, 0x80, 0x70, 0x00, 0x10, 0x00, 0x07, 0x00, 0x01, 0xF0, 0x00, 0x78,
    0x00, 0x04, 0x00, 0x0E, 0x38, 0x00, 0xFF, 0x00, 0x1F, 0xC0, 0x01, 0xF0, 0x00, 0x00, 0x00, 0x07,
    0xC0, 0x00, 0xF8, 0x00, 0x3F, 0x80, 0x07, 0xF0, 0x00, 0xFE, 0x00, 0x3D, 0xE0, 0x07, 0xBC, 0x00,
    0xF7, 0xC0, 0x3C, 0x78, 0x07, 0x8F, 0x01, 0xF1, 0xF0, 0x3F, 0xFE, 0x07, 0xFF, 0xC1, 0xFF, 0xFC,
    0x3F, 0xFF, 0x87, 0x80, 0xF9, 0xF0, 0x0F, 0x3C, 0x01, 0xEF, 0x80, 0x3E, 0x01, 0x80, 0x3C, 0x03,
    0xE0, 0x78, 0x0F, 0x00, 0x60, 0x38, 0xE3, 0x8E, 0x3D, 0xC1, 0xFC, 0x0F, 0x80, 0x00, 0x0F, 0x03,
    0xFC, 0x7F, 0xEF, 0xFF, 0x30, 0xF0, 0x0F, 0x0F, 0xF3, 0xFF, 0x7F, 0xFF, 0xFF, 0xF0, 0xFF, 0x0F,
    0xFF, 0xFF, 0xFF, 0x7F, 0xF1, 0xC0, 0x01, 0x00, 0x00, 0x70, 0x00, 0x1F, 0x00, 0x00, 0x70, 0x00,
    0x04, 0x00, 0x0E, 0x38, 0x00, 0xFF, 0x00, 0x1F, 0xC0, 0x01, 0xF0, 0x00, 0x00, 0x00, 0x07, 0xC0,
    0x00, 0xF8, 0x00, 0x3F, 0x80, 0x07, 0xF0, 0x00, 0xFE, 0x00, 0x3D, 0xE0, 0x07, 0xBC, 0x00, 0xF7,
    0xC0, 0x3C, 0x78, 0x07, 0x8F, 0x01, 0xF1, 0xF0, 0x3F, 0xFE, 0x07, 0xFF, 0xC1, 0xFF, 0xFC, 0x3F,
    0xFF, 0x87, 0x80, 0xF9, 0xF0, 0x0F, 0x3C, 0x01, 0xEF, 0x80, 0x3E, 0x0C, 0x01, 0xC0, 0x3E, 0x01,
    0xF0, 0x0F, 0x00, 0x20, 0x38, 0xE3, 0x8E, 0x3D, 0xC1, 0xFC, 0x0F, 0x80, 0x00, 0x0F, 0x03, 0xFC,
    0x7F, 0xEF, 0xFF, 0x30, 0xF0, 0x0F, 0x0F, 0xF3, 0xFF, 0x7F, 0xFF, 0xFF, 0xF0, 0xFF, 0x0F, 0xFF,
    0xFF, 0xFF, 0x7F, 0xF1, 0xC0, 0x03, 0xF0, 0x00, 0x3F, 0x00, 0x04, 0xE0, 0x00, 0x7C, 0x00, 0x06,
    0x00, 0x0E, 0x38, 0x00, 0xFF, 0x00, 0x1F, 0xC0, 0x01, 0xF0, 0x00, 0x00, 0x00, 0x07, 0xC0, 0x00,
    0xF8, 0x00, 0x3F, 0x80, 0x07, 0xF0, 0x00, 0xFE, 0x00, 0x3D, 0xE0, 0x07, 0xBC, 0x00, 0xF7, 0xC0,
    0x3C, 0x78, 0x07, 0x8F, 0x01, 0xF1, 0xF0, 0x3F, 0xFE, 0x07, 0xFF, 0xC1, 0xFF, 0xFC, 0x3F, 0xFF,
    0x87, 0x80, 0xF9, 0xF0, 0x0F, 0x3C, 0x01, 0xEF, 0x80, 0x3E, 0x1F, 0x01, 0xF8, 0x1F, 0x80, 0x38,
    0x07, 0x80, 0x70, 0x30, 0xC3, 0x8C, 0x3F, 0xC1, 0xFC, 0x0F, 0x80, 0x00, 0x0F, 0x03, 0xFC, 0x7F,
    0xEF, 0xFF, 0x30, 0xF0, 0x0F, 0x0F, 0xF3, 0xFF, 0x7F, 0xFF, 0xFF, 0xF0, 0xFF, 0x0F, 0xFF, 0xFF,
    0xFF, 0x7F, 0xF1, 0xC0, 0x03, 0x88, 0x00, 0xFF, 0x80, 0x1F, 0xF0, 0x01, 0x3C, 0x00, 0x00, 0x00,
    0x0E, 0x38, 0x00, 0xFF, 0x00, 0x1F, 0xC0, 0x01, 0xF0, 0x00, 0x00, 0x00, 0x07, 0xC0, 0x00, 0xF8,
    0x00, 0x3F, 0x80, 0x07, 0xF0, 0x00, 0xFE, 0x00, 0x3D, 0xE0, 0x07, 0xBC, 0x00, 0xF7, 0xC0, 0x3C,
    0x78, 0x07, 0x8F, 0x01, 0xF1, 0xF0, 0x3F, 0xFE, 0x07, 0xFF, 0xC1, 0xFF, 0xFC, 0x3F, 0xFF, 0x87,
    0x80, 0xF9, 0xF0, 0x0F, 0x3C, 0x01, 0xEF, 0x80, 0x3E, 0x00, 0x43, 0xE6, 0x3F, 0xF7, 0xFE, 0x33,
    0xC0, 0x00, 0x38, 0xE3, 0x8E, 0x3D, 0xC1, 0xFC, 0x0F, 0x80, 0x00, 0x0F, 0x03, 0xFC, 0x7F, 0xEF,
    0xFF, 0x30, 0xF0, 0x0F, 0x0F, 0xF3, 0xFF, 0x7F, 0xFF, 0xFF, 0xF0, 0xFF, 0x0F, 0xFF, 0xFF, 0xFF,
    0x7F, 0xF1, 0xC0, 0x07, 0x1C, 0x00, 0xE3, 0x80, 0x0F, 0xE0, 0x01, 0xFC, 0x00, 0x04, 0x00, 0x00,
    0x00, 0x00, 0x7C, 0x00, 0x0F, 0x80, 0x03, 0xF8, 0x00, 0x7F, 0x00, 0x0F, 0xE0, 0x03, 0xDE, 0x00,
    0x7B, 0xC0, 0x0F, 0x7C, 0x03, 0xC7, 0x80, 0x78, 0xF0, 0x1F, 0x1F, 0x03, 0xFF, 0xE0, 0x7F, 0xFC,
    0x1F, 0xFF, 0xC3, 0xFF, 0xF8, 0x78, 0x0F, 0x9F, 0x00, 0xF3, 0xC0, 0x1E, 0xF8, 0x03, 0xE0, 0x00,
    0x00, 0x00, 0x00, 0x00, 0x70, 0x00, 0x1F, 0x00, 0x03, 0xE0, 0x00, 0x7C, 0x00, 0x07, 0x00, 0x38,
    0xE3, 0x8E, 0x3D, 0xC1, 0xFC, 0x0F, 0x80, 0x00, 0x0F, 0x03, 0xFC, 0x7F, 0xEF, 0xFF, 0x30, 0xF0,
    0x0F, 0x0F, 0xF3, 0xFF, 0x7F, 0xFF, 0xFF, 0xF0, 0xFF, 0x0F, 0xFF, 0xFF, 0xFF, 0x7F, 0xF1, 0xC0,
    0x00, 0x00, 0x70, 0x0F, 0x80, 0xF8, 0x0F, 0x80, 0x70, 0xFF, 0xFF, 0xFF, 0xFF, 0xFF, 0xFF, 0xFF,
    0x00, 0x78, 0x03, 0xC0, 0x1E, 0x00, 0xFF, 0xF7, 0xFF, 0xBF, 0xFD, 0xE0, 0x0F, 0x00, 0x78, 0x03,
    0xC0, 0x1E, 0x00, 0xFF, 0xFF, 0xFF, 0xFF, 0xFE, 0x00, 0x00, 0x00, 0x03, 0x80, 0x3E, 0x01, 0xF0,
    0x0F, 0x80, 0x38, 0x00, 0x07, 0x80, 0x7F, 0x83, 0xFF, 0x1F, 0xFE, 0xF8, 0x7B, 0xC1, 0xEF, 0xFF,
    0xFF, 0xFF, 0xFF, 0xFB, 0xC0, 0x0F, 0x04, 0x3E, 0x1C, 0x7F, 0xF8, 0xFF, 0xC1, 0xFE, 0x01, 0xE0,
    0x00, 0x00, 0x0E, 0x00, 0x7C, 0x01, 0xF0, 0x07, 0x80, 0x0C, 0x00, 0x1F, 0x80, 0xFE, 0x00, 0x70,
    0x0F, 0x00, 0x30, 0x00, 0x03, 0xFF, 0xFF, 0xFF, 0xFF, 0xFF, 0xFF, 0xFC, 0x01, 0xE0, 0x0F, 0x00,
    0x78, 0x03, 0xFF, 0xDF, 0xFE, 0xFF, 0xF7, 0x80, 0x3C, 0x01, 0xE0, 0x0F, 0x00, 0x78, 0x03, 0xFF,
    0xFF, 0xFF, 0xFF, 0xF8, 0x07, 0x00, 0x3F, 0x00, 0xFC, 0x00, 0x70, 0x03, 0xC0, 0x0E, 0x00, 0x00,
    0x01, 0xE0, 0x1F, 0xE0, 0xFF, 0xC7, 0xFF, 0xBE, 0x1E, 0xF0, 0x7B, 0xFF, 0xFF, 0xFF, 0xFF, 0xFE,
    0xF0, 0x03, 0xC1, 0x0F, 0x87, 0x1F, 0xFE, 0x3F, 0xF0, 0x7F, 0x80, 0x78, 0x00, 0x18, 0x41, 0xF7,
    0x1F, 0xF8, 0xEF, 0xC2, 0x3C, 0x00, 0x03, 0xFF, 0xFF, 0xFF, 0xFF, 0xFF, 0xFF, 0xFC, 0x01, 0xE0,
    0x0F, 0x00, 0x78, 0x03, 0xFF, 0xDF, 0xFE, 0xFF, 0xF7, 0x80, 0x3C, 0x01, 0xE0, 0x0F, 0x00, 0x78,
    0x03, 0xFF, 0xFF, 0xFF, 0xFF, 0xF8, 0x1E, 0x60, 0xFF, 0xC3, 0xFF, 0x0C, 0xF8, 0x10, 0x80, 0x1E,
    0x01, 0xFE, 0x0F, 0xFC, 0x7F, 0xFB, 0xE1, 0xEF, 0x07, 0xBF, 0xFF, 0xFF, 0xFF, 0xFF, 0xEF, 0x00,
    0x3C, 0x10, 0xF8, 0x71, 0xFF, 0xE3, 0xFF, 0x07, 0xF8, 0x07, 0x80, 0x00, 0x08, 0x00, 0x18, 0x00,
    0xF8, 0x03, 0xC0, 0x07, 0x01, 0xF0, 0x07, 0xF0, 0x1C, 0xF0, 0x30, 0xC0, 0x00, 0x03, 0xFF, 0xE7,
    0xFF, 0xCF, 0xFF, 0x9F, 0xFF, 0x3C, 0x00, 0x78, 0x00, 0xF0, 0x01, 0xE0, 0x03, 0xFF, 0xC7, 0xFF,
    0x8F, 0xFF, 0x1E, 0x00, 0x3C, 0x00, 0x78, 0x00, 0xF0, 0x01, 0xE0, 0x03, 0xFF, 0xE7, 0xFF, 0xCF,
    0xFF, 0x80, 0x00, 0x08, 0x00, 0x0C, 0x00, 0x1F, 0x00, 0x3E, 0x00, 0x7C, 0x07, 0xB0, 0x0F, 0x90,
    0x0F, 0xC0, 0x1D, 0xE0, 0x38, 0xE0, 0x10, 0x40, 0x07, 0x80, 0x1F, 0xE0, 0x3F, 0xF0, 0x7F, 0xF8,
    0xF8, 0x78, 0xF0, 0x78, 0xFF, 0xFC, 0xFF, 0xFC, 0xFF, 0xF8, 0xF0, 0x00, 0xF0, 0x40, 0xF8, 0x70,
    0x7F, 0xF8, 0x3F, 0xF0, 0x1F, 0xE0, 0x07, 0x80, 0x01, 0x00, 0x0C, 0x00, 0xF0, 0x03, 0xE0, 0x07,
    0x07, 0xC0, 0x7F, 0x07, 0xBC, 0x30, 0xC0, 0x00, 0x3F, 0xFF, 0xFF, 0xFF, 0xFF, 0xFF, 0xFF, 0xC0,
    0x1E, 0x00, 0xF0, 0x07, 0x80, 0x3F, 0xFD, 0xFF, 0xEF, 0xFF, 0x78, 0x03, 0xC0, 0x1E, 0x00, 0xF0,
    0x07, 0x80, 0x3F, 0xFF, 0xFF, 0xFF, 0xFF, 0x80, 0x00, 0x20, 0x01, 0x80, 0x1F, 0x00, 0x3C, 0x00,
    0x78, 0x1E, 0xF0, 0xF9, 0x03, 0xF0, 0x1D, 0xE0, 0xE3, 0x81, 0x04, 0x01, 0xE0, 0x1F, 0xE0, 0xFF,
    0xC7, 0xFF, 0xBE, 0x1E, 0xF0, 0x7B, 0xFF, 0xFF, 0xFF, 0xFF, 0xFE, 0xF0, 0x03, 0xC1, 0x0F, 0x87,
    0x1F, 0xFE, 0x3F, 0xF0, 0x7F, 0x80, 0x78, 0x00, 0x00, 0xF0, 0x07, 0xE0, 0x0B, 0xC0, 0x1E, 0x0F,
    0x70, 0x7E, 0x01, 0xFC, 0x0E, 0x78, 0x10, 0xC0, 0x00, 0x0F, 0xFF, 0xBF, 0xFE, 0xFF, 0xFB, 0xFF,
    0xEF, 0x00, 0x3C, 0x00, 0xF0, 0x03, 0xC0, 0x0F, 0xFF, 0x3F, 0xFC, 0xFF, 0xF3, 0xC0, 0x0F, 0x00,
    0x3C, 0x00, 0xF0, 0x03, 0xC0, 0x0F, 0xFF, 0xBF, 0xFE, 0xFF, 0xF8, 0x00, 0x20, 0x03, 0xF0, 0x0F,
    0xC0, 0x27, 0x00, 0x3C, 0x1E, 0xF0, 0xFA, 0x03, 0xF0, 0x1D, 0xE0, 0xE3, 0x81, 0x04, 0x01, 0xE0,
    0x1F, 0xE0, 0xFF, 0xC7, 0xFF, 0xBE, 0x1E, 0xF0, 0x7B, 0xFF, 0xFF, 0xFF, 0xFF, 0xFE, 0xF0, 0x03,
    0xC1, 0x0F, 0x87, 0x1F, 0xFE, 0x3F, 0xF0, 0x7F, 0x80, 0x78, 0x00, 0x1C, 0x41, 0xFF, 0x1F, 0xF0,
    0x67, 0x80, 0x00, 0x07, 0xC0, 0x7F, 0x07, 0x3C, 0x30, 0xC0, 0x00, 0x3F, 0xFF, 0xFF, 0xFF, 0xFF,
    0xFF, 0xFF, 0xC0, 0x1E, 0x00, 0xF0, 0x07, 0x80, 0x3F, 0xFD, 0xFF, 0xEF, 0xFF, 0x78, 0x03, 0xC0,
    0x1E, 0x00, 0xF0, 0x07, 0x80, 0x3F, 0xFF, 0xFF, 0xFF, 0xFF, 0x80, 0x0C, 0x20, 0x7D, 0xC3, 0xFF,
    0x0E, 0xF8, 0x11, 0xC0, 0x1E, 0x00, 0xF8, 0x03, 0xF0, 0x1D, 0xE0, 0xE3, 0x81, 0x04, 0x01, 0xE0,
    0x1F, 0xE0, 0xFF, 0xC7, 0xFF, 0xBE, 0x1E, 0xF0, 0x7B, 0xFF, 0xFF, 0xFF, 0xFF, 0xFE, 0xF0, 0x03,
    0xC1, 0x0F, 0x87, 0x1F, 0xFE, 0x3F, 0xF0, 0x7F, 0x80, 0x78, 0x00, 0x0F, 0x00, 0xFC, 0x07, 0xF0,
    0x73, 0xC1, 0x0C, 0x00, 0x03, 0xFF, 0xFF, 0xFF, 0xFF, 0xFF, 0xFF, 0xFC, 0x01, 0xE0, 0x0F, 0x00,
    0x78, 0x03, 0xFF, 0xDF, 0xFE, 0xFF, 0xF7, 0x80, 0x3C, 0x01, 0xE0, 0x0F, 0x00, 0x78, 0x03, 0xFF,
    0xFF, 0xFF, 0xFF, 0xF8, 0x00, 0x00, 0x00, 0x0E, 0x00, 0xF8, 0x07, 0xC0, 0x3E, 0x00, 0xE0, 0x07,
    0x80, 0x3E, 0x00, 0xFC, 0x07, 0x78, 0x38, 0xE0, 0x41, 0x00, 0x78, 0x07, 0xF8, 0x3F, 0xF1, 0xFF,
    0xEF, 0x87, 0xBC, 0x1E, 0xFF, 0xFF, 0xFF, 0xFF, 0xFF, 0xBC, 0x00, 0xF0, 0x43, 0xE1, 0xC7, 0xFF,
    0x8F, 0xFC, 0x1F, 0xE0, 0x1E, 0x00, 0x00, 0x00, 0xE0, 0x07, 0xC0, 0x1F, 0x00, 0x78, 0x00, 0xC0,
    0xFB, 0xF1, 0xCF, 0x30, 0x07, 0x9E, 0x79, 0xE7, 0x9E, 0x79, 0xE7, 0x9E, 0x79, 0xE7, 0x9E, 0x79,
    0xE7, 0x9E, 0x78, 0x39, 0xF9, 0xF8, 0x73, 0xE3, 0x80, 0x00, 0x7C, 0xF9, 0xF3, 0xE7, 0xCF, 0x9F,
    0x3E, 0x7C, 0xF9, 0xF3, 0xE7, 0xCF, 0x80, 0x7B, 0xDE, 0xF7, 0xBD, 0xEF, 0x7B, 0xDE, 0xF7, 0xBD,
    0xEF, 0x7B, 0xDE, 0x00, 0x3B, 0xFF, 0x79, 0x80, 0x77, 0xFF, 0xF7, 0x00, 0x0F, 0x7B, 0xDE, 0xF7,
    0xBD, 0xEF, 0x7B, 0xDE, 0xF7, 0x80, 0x00, 0x33, 0xFF, 0xF7, 0x00, 0x07, 0xFC, 0x07, 0xFF, 0x83,
    0xFF, 0xF1, 0xFF, 0xFE, 0x7C, 0x0F, 0x9E, 0x01, 0xFF, 0x80, 0x3F, 0xC0, 0x0F, 0xF0, 0x03, 0xFC,
    0x00, 0xFF, 0x00, 0x3F, 0xC0, 0x0F, 0xF8, 0x03, 0xFE, 0x01, 0xF7, 0xC0, 0xF9, 0xF8, 0x7E, 0x3F,
    0xFF, 0x07, 0xFF, 0x80, 0xFF, 0xC0, 0x07, 0x80, 0x00, 0x00, 0x00, 0x38, 0x00, 0x1E, 0x00, 0x07,
    0xC0, 0x01, 0xE0, 0x00, 0x30, 0x00, 0x07, 0x80, 0x7F, 0x83, 0xFF, 0x1F, 0xFE, 0xFC, 0xFB, 0xE1,
    0xFF, 0x03, 0xFC, 0x0F, 0xF0, 0x3F, 0xC0, 0xFF, 0x87, 0xFE, 0x3E, 0x7F, 0xF8, 0xFF, 0xC1, 0xFE,
    0x01, 0xE0, 0x00, 0x00, 0x1E, 0x00, 0x78, 0x01, 0xE0, 0x07, 0x80, 0x0C, 0x00, 0x03, 0xF0, 0x00,
    0xFC, 0x00, 0x07, 0x80, 0x03, 0xC0, 0x00, 0x60, 0x00, 0x00, 0x00, 0x7F, 0xC0, 0x7F, 0xF8, 0x3F,
    0xFF, 0x1F, 0xFF, 0xE7, 0xC0, 0xF9, 0xE0, 0x1F, 0xF8, 0x03, 0xFC, 0x00, 0xFF, 0x00, 0x3F, 0xC0,
    0x0F, 0xF0, 0x03, 0xFC, 0x00, 0xFF, 0x80, 0x3F, 0xE0, 0x1F, 0x7C, 0x0F, 0x9F, 0x87, 0xE3, 0xFF,
    0xF0, 0x7F, 0xF8, 0x0F, 0xFC, 0x00, 0x78, 0x00, 0x07, 0x80, 0x3F, 0x00, 0xFC, 0x00, 0x70, 0x03,
    0xC0, 0x0E, 0x00, 0x00, 0x01, 0xE0, 0x1F, 0xE0, 0xFF, 0xC7, 0xFF, 0xBF, 0x3E, 0xF8, 0x7F, 0xC0,
    0xFF, 0x03, 0xFC, 0x0F, 0xF0, 0x3F, 0xE1, 0xFF, 0x8F, 0x9F, 0xFE, 0x3F, 0xF0, 0x7F, 0x80, 0x78,
    0x00, 0x00, 0x01, 0x00, 0x00, 0xE0, 0x00, 0x7C, 0x00, 0x3C, 0x00, 0x0E, 0x00, 0x78, 0x00, 0x3F,
    0x00, 0x1C, 0xF0, 0x06, 0x18, 0x00, 0x00, 0x00, 0x7F, 0xC0, 0x7F, 0xF8, 0x3F, 0xFF, 0x1F, 0xFF,
    0xE7, 0xC0, 0xF9, 0xE0, 0x1F, 0xF8, 0x03, 0xFC, 0x00, 0xFF, 0x00, 0x3F, 0xC0, 0x0F, 0xF0, 0x03,
    0xFC, 0x00, 0xFF, 0x80, 0x3F, 0xE0, 0x1F, 0x7C, 0x0F, 0x9F, 0x87, 0xE3, 0xFF, 0xF0, 0x7F, 0xF8,
    0x0F, 0xFC, 0x00, 0x78, 0x00, 0x00, 0x08, 0x00, 0x0E, 0x00, 0x1F, 0x00, 0x3E, 0x00, 0x7C, 0x07,
    0xB0, 0x0F, 0x90, 0x0F, 0xC0, 0x1F, 0xE0, 0x38, 0xF0, 0x08, 0x40, 0x07, 0x80, 0x1F, 0xE0, 0x3F,
    0xF0, 0x7F, 0xF8, 0xFC, 0xF8, 0xF8, 0x7C, 0xF0, 0x3C, 0xF0, 0x3C, 0xF0, 0x3C, 0xF0, 0x3C, 0xF8,
    0x7C, 0xF8, 0xF8, 0x7F, 0xF8, 0x3F, 0xF0, 0x1F, 0xE0, 0x07, 0x80, 0x00, 0x20, 0x00, 0x0C, 0x00,
    0x07, 0x80, 0x00, 0xF8, 0x00, 0x0E, 0x00, 0x78, 0x00, 0x3F, 0x00, 0x1C, 0xF0, 0x06, 0x18, 0x00,
    0x00, 0x00, 0x7F, 0xC0, 0x7F, 0xF8, 0x3F, 0xFF, 0x1F, 0xFF, 0xE7, 0xC0, 0xF9, 0xE0, 0x1F, 0xF8,
    0x03, 0xFC, 0x00, 0xFF, 0x00, 0x3F, 0xC0, 0x0F, 0xF0, 0x03, 0xFC, 0x00, 0xFF, 0x80, 0x3F, 0xE0,
    0x1F, 0x7C, 0x0F, 0x9F, 0x87, 0xE3, 0xFF, 0xF0, 0x7F, 0xF8, 0x0F, 0xFC, 0x00, 0x78, 0x00, 0x00,
    0x20, 0x01, 0x80, 0x1F, 0x00, 0x3E, 0x00, 0x7C, 0x1E, 0xE0, 0xF9, 0x03, 0xF0, 0x1F, 0xE0, 0xE3,
    0xC0, 0x84, 0x01, 0xE0, 0x1F, 0xE0, 0xFF, 0xC7, 0xFF, 0xBF, 0x3E, 0xF8, 0x7F, 0xC0, 0xFF, 0x03,
    0xFC, 0x0F, 0xF0, 0x3F, 0xE1, 0xFF, 0x8F, 0x9F, 0xFE, 0x3F, 0xF0, 0x7F, 0x80, 0x78, 0x00, 0x00,
    0x1E, 0x00, 0x0F, 0xC0, 0x01, 0x78, 0x00, 0x3C, 0x01, 0xEE, 0x00, 0xFC, 0x00, 0x7F, 0x80, 0x1C,
    0xF0, 0x02, 0x18, 0x00, 0x00, 0x00, 0x7F, 0xC0, 0x7F, 0xF8, 0x3F, 0xFF, 0x1F, 0xFF, 0xE7, 0xC0,
    0xF9, 0xE0, 0x1F, 0xF8, 0x03, 0xFC, 0x00, 0xFF, 0x00, 0x3F, 0xC0, 0x0F, 0xF0, 0x03, 0xFC, 0x00,
    0xFF, 0x80, 0x3F, 0xE0, 0x1F, 0x7C, 0x0F, 0x9F, 0x87, 0xE3, 0xFF, 0xF0, 0x7F, 0xF8, 0x0F, 0xFC,
    0x00, 0x78, 0x00, 0x00, 0x10, 0x01, 0xF8, 0x03, 0xF0, 0x04, 0x70, 0x03, 0xC0, 0xF7, 0x83, 0xE8,
    0x07, 0xE0, 0x1F, 0xE0, 0x71, 0xE0, 0x21, 0x00, 0x3C, 0x01, 0xFE, 0x07, 0xFE, 0x1F, 0xFE, 0x7E,
    0x7C, 0xF8, 0x7D, 0xE0, 0x7B, 0xC0, 0xF7, 0x81, 0xEF, 0x03, 0xDF, 0x0F, 0xBE, 0x3E, 0x3F, 0xFC,
    0x3F, 0xF0, 0x3F, 0xC0, 0x1E, 0x00, 0x03, 0x98, 0x01, 0xFF, 0x00, 0xFF, 0x80, 0x19, 0xE0, 0x00,
    0x00, 0x00, 0x78, 0x00, 0x3F, 0x00, 0x1C, 0xF0, 0x06, 0x18, 0x00, 0x00, 0x00, 0x7F, 0xC0, 0x7F,
    0xF8, 0x3F, 0xFF, 0x1F, 0xFF, 0xE7, 0xC0, 0xF9, 0xE0, 0x1F, 0xF8, 0x03, 0xFC, 0x00, 0xFF, 0x00,
    0x3F, 0xC0, 0x0F, 0xF0, 0x03, 0xFC, 0x00, 0xFF, 0x80, 0x3F, 0xE0, 0x1F, 0x7C, 0x0F, 0x9F, 0x87,
    0xE3, 0xFF, 0xF0, 0x7F, 0xF8, 0x0F, 0xFC, 0x00, 0x78, 0x00, 0x0C, 0x20, 0x7D, 0xC3, 0xFF, 0x0E,
    0xF8, 0x11, 0xC0, 0x1E, 0x00, 0xF8, 0x03, 0xF0, 0x1F, 0xE0, 0xE3, 0x81, 0x04, 0x01, 0xE0, 0x1F,
    0xE0, 0xFF, 0xC7, 0xFF, 0xBF, 0x3E, 0xF8, 0x7F, 0xC0, 0xFF, 0x03, 0xFC, 0x0F, 0xF0, 0x3F, 0xE1,
    0xFF, 0x8F, 0x9F, 0xFE, 0x3F, 0xF0, 0x7F, 0x80, 0x78, 0x00, 0x01, 0xE0, 0x00, 0xFC, 0x00, 0x7F,
    0x80, 0x1C, 0xF0, 0x02, 0x18, 0x00, 0x00, 0x00, 0x7F, 0xC0, 0x7F, 0xF8, 0x3F, 0xFF, 0x1F, 0xFF,
    0xE7, 0xC0, 0xF9, 0xE0, 0x1F, 0xF8, 0x03, 0xFC, 0x00, 0xFF, 0x00, 0x3F, 0xC0, 0x0F, 0xF0, 0x03,
    0xFC, 0x00, 0xFF, 0x80, 0x3F, 0xE0, 0x1F, 0x7C, 0x0F, 0x9F, 0x87, 0xE3, 0xFF, 0xF0, 0x7F, 0xF8,
    0x0F, 0xFC, 0x00, 0x78, 0x00, 0x00, 0x00, 0x03, 0x80, 0x01, 0xE0, 0x00, 0x7C, 0x00, 0x1E, 0x00,
    0x03, 0x00, 0x07, 0x80, 0x3E, 0x00, 0xFC, 0x07, 0xF8, 0x38, 0xF0, 0x21, 0x00, 0x78, 0x07, 0xF8,
    0x3F, 0xF1, 0xFF, 0xEF, 0xCF, 0xBE, 0x1F, 0xF0, 0x3F, 0xC0, 0xFF, 0x03, 0xFC, 0x0F, 0xF8, 0x7F,
    0xE3, 0xE7, 0xFF, 0x8F, 0xFC, 0x1F, 0xE0, 0x1E, 0x00, 0x00, 0x01, 0xE0, 0x07, 0x80, 0x1E, 0x00,
    0x78, 0x00, 0xC0, 0x00, 0x20, 0x00, 0x0E, 0x00, 0x03, 0xE0, 0x00, 0xF8, 0x60, 0x1E, 0x1E, 0x01,
    0x03, 0xC0, 0x00, 0x78, 0x3F, 0xFE, 0x1F, 0xFF, 0xC7, 0xFF, 0xE1, 0xFF, 0xFE, 0x3E, 0x07, 0xC7,
    0x80, 0x7D, 0xF0, 0x07, 0xBC, 0x00, 0xF7, 0x80, 0x1E, 0xF0, 0x03, 0xDE, 0x00, 0x7B, 0xC0, 0x0F,
    0x7C, 0x01, 0xEF, 0x80, 0x7C, 0xF8, 0x1F, 0x1F, 0x87, 0xE1, 0xFF, 0xF8, 0x1F, 0xFE, 0x01, 0xFF,
    0x80, 0x07, 0x80, 0x00, 0x00, 0x80, 0x03, 0x80, 0x0F, 0x80, 0x1E, 0x20, 0x78, 0xC0, 0x63, 0xC0,
    0x07, 0x83, 0xFF, 0x1F, 0xFC, 0x7F, 0xF1, 0xFF, 0xE7, 0xE7, 0xCF, 0x87, 0xDE, 0x07, 0xBC, 0x0F,
    0x78, 0x1E, 0xF0, 0x3D, 0xF0, 0xFB, 0xE3, 0xE3, 0xFF, 0xC3, 0xFF, 0x03, 0xFC, 0x01, 0xE0, 0x00,
    0x01, 0x80, 0x00, 0x70, 0x00, 0x1F, 0x00, 0x01, 0xF0, 0x60, 0x0F, 0x1E, 0x00, 0x83, 0xC0, 0x00,
    0x78, 0x3F, 0xFE, 0x1F, 0xFF, 0xC7, 0xFF, 0xE1, 0xFF, 0xFE, 0x3E, 0x07, 0xC7, 0x80, 0x7D, 0xF0,
    0x07, 0xBC, 0x00, 0xF7, 0x80, 0x1E, 0xF0, 0x03, 0xDE, 0x00, 0x7B, 0xC0, 0x0F, 0x7C, 0x01, 0xEF,
    0x80, 0x7C, 0xF8, 0x1F, 0x1F, 0x87, 0xE1, 0xFF, 0xF8, 0x1F, 0xFE, 0x01, 0xFF, 0x80, 0x07, 0x80,
    0x00, 0x04, 0x00, 0x1C, 0x00, 0x78, 0x00, 0x78, 0x20, 0x78, 0xC0, 0x63, 0xC0, 0x07, 0x83, 0xFF,
    0x1F, 0xFC, 0x7F, 0xF1, 0xFF, 0xE7, 0xE7, 0xCF, 0x87, 0xDE, 0x07, 0xBC, 0x0F, 0x78, 0x1E, 0xF0,
    0x3D, 0xF0, 0xFB, 0xE3, 0xE3, 0xFF, 0xC3, 0xFF, 0x03, 0xFC, 0x01, 0xE0, 0x00, 0x03, 0xF0, 0x00,
    0x7E, 0x00, 0x01, 0xE3, 0x00, 0x78, 0xF0, 0x06, 0x1E, 0x00, 0x03, 0xC1, 0xFF, 0xF0, 0xFF, 0xFE,
    0x3F, 0xFF, 0x0F, 0xFF, 0xF1, 0xF0, 0x3E, 0x3C, 0x03, 0xEF, 0x80, 0x3D, 0xE0, 0x07, 0xBC, 0x00,
    0xF7, 0x80, 0x1E, 0xF0, 0x03, 0xDE, 0x00, 0x7B, 0xE0, 0x0F, 0x7C, 0x03, 0xE7, 0xC0, 0xF8, 0xFC,
    0x3F, 0x0F, 0xFF, 0xC0, 0xFF, 0xF0, 0x0F, 0xFC, 0x00, 0x3C, 0x00, 0x07, 0x80, 0x1F, 0x80, 0x3F,
    0x00, 0x0E, 0x20, 0x3C, 0xC0, 0x73, 0xC0, 0x07, 0x83, 0xFF, 0x1F, 0xFC, 0x7F, 0xF1, 0xFF, 0xE7,
    0xE7, 0xCF, 0x87, 0xDE, 0x07, 0xBC, 0x0F, 0x78, 0x1E, 0xF0, 0x3D, 0xF0, 0xFB, 0xE3, 0xE3, 0xFF,
    0xC3, 0xFF, 0x03, 0xFC, 0x01, 0xE0, 0x00, 0x03, 0x08, 0x00, 0xFB, 0x80, 0x3F, 0xF3, 0x07, 0x7E,
    0xF0, 0x47, 0x9E, 0x00, 0x03, 0xC1, 0xFF, 0xF0, 0xFF, 0xFE, 0x3F, 0xFF, 0x0F, 0xFF, 0xF1, 0xF0,
    0x3E, 0x3C, 0x03, 0xEF, 0x80, 0x3D, 0xE0, 0x07, 0xBC, 0x00, 0xF7, 0x80, 0x1E, 0xF0, 0x03, 0xDE,
    0x00, 0x7B, 0xE0, 0x0F, 0x7C, 0x03, 0xE7, 0xC0, 0xF8, 0xFC, 0x3F, 0x0F, 0xFF, 0xC0, 0xFF, 0xF0,
    0x0F, 0xFC, 0x00, 0x3C, 0x00, 0x1C, 0x60, 0x7F, 0xC8, 0xFF, 0xB1, 0x9E, 0xF1, 0x09, 0xE0, 0xFF,
    0xC7, 0xFF, 0x1F, 0xFC, 0x7F, 0xF9, 0xF9, 0xF3, 0xE1, 0xF7, 0x81, 0xEF, 0x03, 0xDE, 0x07, 0xBC,
    0x0F, 0x7C, 0x3E, 0xF8, 0xF8, 0xFF, 0xF0, 0xFF, 0xC0, 0xFF, 0x00, 0x78, 0x00, 0x00, 0x00, 0xC0,
    0x00, 0x3C, 0x00, 0x07, 0x80, 0x00, 0xF0, 0x7F, 0xFC, 0x3F, 0xFF, 0x8F, 0xFF, 0xC3, 0xFF, 0xFC,
    0x7C, 0x0F, 0x8F, 0x00, 0xFB, 0xE0, 0x0F, 0x78, 0x01, 0xEF, 0x00, 0x3D, 0xE0, 0x07, 0xBC, 0x00,
    0xF7, 0x80, 0x1E, 0xF8, 0x03, 0xDF, 0x00, 0xF9, 0xF0, 0x3E, 0x3F, 0x0F, 0xC3, 0xFF, 0xF0, 0x3F,
    0xFC, 0x03, 0xFF, 0x00, 0x0F, 0x00, 0x00, 0x00, 0x00, 0x1C, 0x00, 0x07, 0x80, 0x00, 0xF8, 0x00,
    0x1E, 0x00, 0x01, 0x80, 0x00, 0x00, 0x04, 0x00, 0x18, 0x00, 0x78, 0x00, 0xF0, 0x7F, 0xE3, 0xFF,
    0x8F, 0xFE, 0x3F, 0xFC, 0xFC, 0xF9, 0xF0, 0xFB, 0xC0, 0xF7, 0x81, 0xEF, 0x03, 0xDE, 0x07, 0xBE,
    0x1F, 0x7C, 0x7C, 0x7F, 0xF8, 0x7F, 0xE0, 0x7F, 0x80, 0x3C, 0x00, 0x00, 0x00, 0xF0, 0x01, 0xE0,
    0x03, 0xC0, 0x07, 0x80, 0x06, 0x00, 0xF0, 0x1F, 0xE0, 0x3F, 0xC0, 0x7F, 0x80, 0xFF, 0x01, 0xFE,
    0x03, 0xFC, 0x07, 0xF8, 0x0F, 0xF0, 0x1F, 0xE0, 0x3F, 0xC0, 0x7F, 0x80, 0xFF, 0x01, 0xFE, 0x03,
    0xFE, 0x07, 0xFE, 0x3F, 0x7F, 0xFC, 0x7F, 0xF8, 0x7F, 0xC0, 0x3E, 0x00, 0x00, 0x00, 0x70, 0x01,
    0xF0, 0x03, 0xE0, 0x07, 0xC0, 0x07, 0x00, 0xF0, 0x7F, 0x83, 0xFC, 0x1F, 0xE0, 0xFF, 0x07, 0xF8,
    0x3F, 0xC1, 0xFE, 0x0F, 0xF0, 0x7F, 0xC3, 0xFE, 0x3E, 0xFF, 0xF7, 0xFF, 0x9F, 0xBC, 0x38, 0x00,
    0x00, 0x03, 0x80, 0x3E, 0x01, 0xF0, 0x0F, 0x80, 0x38, 0x00, 0x0F, 0xC0, 0x0F, 0xC0, 0x03, 0x80,
    0x1F, 0x00, 0x18, 0x00, 0x00, 0x3C, 0x07, 0xF8, 0x0F, 0xF0, 0x1F, 0xE0, 0x3F, 0xC0, 0x7F, 0x80,
    0xFF, 0x01, 0xFE, 0x03, 0xFC, 0x07, 0xF8, 0x0F, 0xF0, 0x1F, 0xE0, 0x3F, 0xC0, 0x7F, 0x80, 0xFF,
    0x81, 0xFF, 0x8F, 0xDF, 0xFF, 0x1F, 0xFE, 0x1F, 0xF0, 0x0F, 0x80, 0x07, 0x80, 0x7E, 0x03, 0xF0,
    0x03, 0x80, 0x3C, 0x01, 0xC0, 0x00, 0x00, 0x00, 0xF0, 0x7F, 0x83, 0xFC, 0x1F, 0xE0, 0xFF, 0x07,
    0xF8, 0x3F, 0xC1, 0xFE, 0x0F, 0xF0, 0x7F, 0xC3, 0xFE, 0x3E, 0xFF, 0xF7, 0xFF, 0x9F, 0xBC, 0x38,
    0x00, 0x00, 0x80, 0x00, 0x38, 0x00, 0x0F, 0xC0, 0x01, 0xE0, 0x60, 0x78, 0x1C, 0x02, 0x03, 0xC0,
    0x00, 0x7F, 0x80, 0xFE, 0xF0, 0x1F, 0xDE, 0x03, 0xE3, 0xC0, 0x78, 0x78, 0x0F, 0x0F, 0x01, 0xE1,
    0xE0, 0x3C, 0x3C, 0x07, 0x87, 0x80, 0xF0, 0xF0, 0x1E, 0x1E, 0x03, 0xC3, 0xC0, 0x78, 0x78, 0x0F,
    0x0F, 0x01, 0xE1, 0xF0, 0x3C, 0x3F, 0x1F, 0x83, 0xFF, 0xE0, 0x3F, 0xFC, 0x03, 0xFE, 0x00, 0x1F,
    0x00, 0x00, 0x00, 0x80, 0x00, 0xE0, 0x00, 0x78, 0x00, 0x78, 0x20, 0x78, 0x30, 0x18, 0x38, 0x00,
    0x1E, 0x00, 0x1E, 0xF0, 0x7F, 0x78, 0x3F, 0x3C, 0x1E, 0x1E, 0x0F, 0x0F, 0x07, 0x87, 0x83, 0xC3,
    0xC1, 0xE1, 0xE0, 0xF0, 0xF0, 0x78, 0x7C, 0x3C, 0x3E, 0x3E, 0x0F, 0xFF, 0x07, 0xFF, 0x81, 0xFB,
    0xC0, 0x38, 0x00, 0x02, 0x00, 0x00, 0xE0, 0x00, 0x3E, 0x00, 0x03, 0xE0, 0x60, 0x3C, 0x1C, 0x01,
    0x03, 0xC0, 0x00, 0x7F, 0x80, 0xFE, 0xF0, 0x1F, 0xDE, 0x03, 0xE3, 0xC0, 0x78, 0x78, 0x0F, 0x0F,
    0x01, 0xE1, 0xE0, 0x3C, 0x3C, 0x07, 0x87, 0x80, 0xF0, 0xF0, 0x1E, 0x1E, 0x03, 0xC3, 0xC0, 0x78,
    0x78, 0x0F, 0x0F, 0x01, 0xE1, 0xF0, 0x3C, 0x3F, 0x1F, 0x83, 0xFF, 0xE0, 0x3F, 0xFC, 0x03, 0xFE,
    0x00, 0x1F, 0x00, 0x00, 0x04, 0x00, 0x07, 0x00, 0x07, 0x80, 0x01, 0xE0, 0x20, 0x78, 0x30, 0x18,
    0x38, 0x00, 0x1E, 0x00, 0x1E, 0xF0, 0x7F, 0x78, 0x3F, 0x3C, 0x1E, 0x1E, 0x0F, 0x0F, 0x07, 0x87,
    0x83, 0xC3, 0xC1, 0xE1, 0xE0, 0xF0, 0xF0, 0x78, 0x7C, 0x3C, 0x3E, 0x3E, 0x0F, 0xFF, 0x07, 0xFF,
    0x81, 0xFB, 0xC0, 0x38, 0x00, 0x0F, 0xC0, 0x00, 0xFC, 0x00, 0x03, 0x83, 0x01, 0xF0, 0xE0, 0x18,
    0x1E, 0x00, 0x03, 0xFC, 0x07, 0xF7, 0x80, 0xFE, 0xF0, 0x1F, 0x1E, 0x03, 0xC3, 0xC0, 0x78, 0x78,
    0x0F, 0x0F, 0x01, 0xE1, 0xE0, 0x3C, 0x3C, 0x07, 0x87, 0x80, 0xF0, 0xF0, 0x1E, 0x1E, 0x03, 0xC3,
    0xC0, 0x78, 0x78, 0x0F, 0x0F, 0x81, 0xE1, 0xF8, 0xFC, 0x1F, 0xFF, 0x01, 0xFF, 0xE0, 0x1F, 0xF0,
    0x00, 0xF8, 0x00, 0x07, 0x80, 0x07, 0xE0, 0x03, 0xF0, 0x00, 0x38, 0x20, 0x3C, 0x30, 0x1C, 0x38,
    0x00, 0x1E, 0x00, 0x1E, 0xF0, 0x7F, 0x78, 0x3F, 0x3C, 0x1E, 0x1E, 0x0F, 0x0F, 0x07, 0x87, 0x83,
    0xC3, 0xC1, 0xE1, 0xE0, 0xF0, 0xF0, 0x78, 0x7C, 0x3C, 0x3E, 0x3E, 0x0F, 0xFF, 0x07, 0xFF, 0x81,
    0xFB, 0xC0, 0x38, 0x00, 0x0E, 0x20, 0x03, 0xE7, 0x00, 0x7F, 0xC3, 0x1F, 0xF8, 0xE0, 0x8E, 0x1E,
    0x00, 0x03, 0xFC, 0x07, 0xF7, 0x80, 0xFE, 0xF0, 0x1F, 0x1E, 0x03, 0xC3, 0xC0, 0x78, 0x78, 0x0F,
    0x0F, 0x01, 0xE1, 0xE0, 0x3C, 0x3C, 0x07, 0x87, 0x80, 0xF0, 0xF0, 0x1E, 0x1E, 0x03, 0xC3, 0xC0,
    0x78, 0x78, 0x0F, 0x0F, 0x81, 0xE1, 0xF8, 0xFC, 0x1F, 0xFF, 0x01, 0xFF, 0xE0, 0x1F, 0xF0, 0x00,
    0xF8, 0x00, 0x1E, 0x30, 0x0F, 0xF8, 0x8F, 0xFC, 0xC7, 0x7C, 0xE0, 0x84, 0x78, 0x00, 0x7B, 0xC1,
    0xFD, 0xE0, 0xFC, 0xF0, 0x78, 0x78, 0x3C, 0x3C, 0x1E, 0x1E, 0x0F, 0x0F, 0x07, 0x87, 0x83, 0xC3,
    0xC1, 0xE1, 0xF0, 0xF0, 0xF8, 0xF8, 0x3F, 0xFC, 0x1F, 0xFE, 0x07, 0xEF, 0x00, 0xE0, 0x00, 0x00,
    0x00, 0xC0, 0x00, 0x38, 0x00, 0x07, 0x80, 0x00, 0xFF, 0x01, 0xFD, 0xE0, 0x3F, 0xBC, 0x07, 0xC7,
    0x80, 0xF0, 0xF0, 0x1E, 0x1E, 0x03, 0xC3, 0xC0, 0x78, 0x78, 0x0F, 0x0F, 0x01, 0xE1, 0xE0, 0x3C,
    0x3C, 0x07, 0x87, 0x80, 0xF0, 0xF0, 0x1E, 0x1E, 0x03, 0xC3, 0xE0, 0x78, 0x7E, 0x3F, 0x07, 0xFF,
    0xC0, 0x7F, 0xF8, 0x07, 0xFC, 0x00, 0x3E, 0x00, 0x00, 0x00, 0x00, 0x00, 0x00, 0x06, 0x00, 0x03,
    0xE0, 0x00, 0x7C, 0x00, 0x0F, 0x80, 0x00, 0xE0, 0x00, 0x00, 0x01, 0x00, 0x01, 0x80, 0x01, 0xC0,
    0x00, 0xF0, 0x00, 0xF7, 0x83, 0xFB, 0xC1, 0xF9, 0xE0, 0xF0, 0xF0, 0x78, 0x78, 0x3C, 0x3C, 0x1E,
    0x1E, 0x0F, 0x0F, 0x07, 0x87, 0x83, 0xC3, 0xE1, 0xE1, 0xF1, 0xF0, 0x7F, 0xF8, 0x3F, 0xFC, 0x0F,
    0xDE, 0x01, 0xC0, 0x00, 0x00, 0x00, 0x1C, 0x00, 0x1F, 0x00, 0x0F, 0x80, 0x07, 0xC0, 0x01, 0xC0,
    0x00, 0x01, 0x80, 0x00, 0x38, 0x00, 0x1F, 0x00, 0x01, 0xF0, 0x00, 0x0F, 0x00, 0x00, 0x80, 0x00,
    0x00, 0x0F, 0xC0, 0x3E, 0x7C, 0x07, 0xC7, 0x81, 0xF0, 0xF8, 0x3C, 0x0F, 0x0F, 0x81, 0xF1, 0xE0,
    0x1E, 0x7C, 0x01, 0xEF, 0x00, 0x3F, 0xC0, 0x03, 0xF8, 0x00, 0x7E, 0x00, 0x07, 0xC0, 0x00, 0xF0,
    0x00, 0x1E, 0x00, 0x03, 0xC0, 0x00, 0x78, 0x00, 0x0F, 0x00, 0x01, 0xE0, 0x00, 0x3C, 0x00, 0x02,
    0x00, 0x1C, 0x00, 0x7C, 0x00, 0x7C, 0x00, 0x7C, 0x00, 0x30, 0x00, 0x00, 0x00, 0x00, 0xF0, 0x1F,
    0xF0, 0x7D, 0xE0, 0xF3, 0xC1, 0xE3, 0xC7, 0xC7, 0x8F, 0x0F, 0x1E, 0x0F, 0x78, 0x1E, 0xF0, 0x1F,
    0xE0, 0x3F, 0x80, 0x7F, 0x00, 0x7C, 0x00, 0xF8, 0x01, 0xF0, 0x03, 0xC0, 0x07, 0x80, 0x1E, 0x00,
    0x3C, 0x00, 0xF8, 0x00, 0xF8, 0x07, 0xEF, 0x80, 0xF8, 0xF0, 0x3E, 0x1F, 0x07, 0x81, 0xE1, 0xF0,
    0x3E, 0x3C, 0x03, 0xCF, 0x80, 0x3D, 0xE0, 0x07, 0xF8, 0x00, 0x7F, 0x00, 0x0F, 0xC0, 0x00, 0xF8,
    0x00, 0x1E, 0x00, 0x03, 0xC0, 0x00, 0x78, 0x00, 0x0F, 0x00, 0x01, 0xE0, 0x00, 0x3C, 0x00, 0x07,
    0x80, 0x00, 0x00, 0x00, 0x00, 0x00, 0x00, 0x00, 0x00, 0x30, 0x00, 0x0F, 0x00, 0x01, 0xF0, 0x00,
    0x3E, 0x00, 0x03, 0x80, 0x00, 0xF0, 0x1F, 0xF0, 0x7D, 0xE0, 0xF3, 0xC1, 0xE3, 0xC7, 0xC7, 0x8F,
    0x0F, 0x1E, 0x0F, 0x78, 0x1E, 0xF0, 0x1F, 0xE0, 0x3F, 0x80, 0x7F, 0x00, 0x7C, 0x00, 0xF8, 0x01,
    0xF0, 0x03, 0xC0, 0x07, 0x9E, 0x1E, 0x3C, 0x3C, 0x78, 0xF8, 0xF0, 0x00, 0xC0, 0x03, 0xF0, 0x00,
    0x3F, 0x00, 0x00, 0xE0, 0x00, 0x78, 0x00, 0x06, 0x00, 0x00, 0x00, 0x7E, 0x01, 0xF3, 0xE0, 0x3E,
    0x3C, 0x0F, 0x87, 0xC1, 0xE0, 0x78, 0x7C, 0x0F, 0x8F, 0x00, 0xF3, 0xE0, 0x0F, 0x78, 0x01, 0xFE,
    0x00, 0x1F, 0xC0, 0x03, 0xF0, 0x00, 0x3E, 0x00, 0x07, 0x80, 0x00, 0xF0, 0x00, 0x1E, 0x00, 0x03,
    0xC0, 0x00, 0x78, 0x00, 0x0F, 0x00, 0x01, 0xE0, 0x00, 0x03, 0x80, 0x1F, 0x80, 0x1F, 0x80, 0x07,
    0x00, 0x3E, 0x00, 0x38, 0x00, 0x00, 0x00, 0x00, 0xF0, 0x1F, 0xF0, 0x7D, 0xE0, 0xF3, 0xC1, 0xE3,
    0xC7, 0xC7, 0x8F, 0x0F, 0x1E, 0x0F, 0x78, 0x1E, 0xF0, 0x1F, 0xE0, 0x3F, 0x80, 0x7F, 0x00, 0x7C,
    0x00, 0xF8, 0x01, 0xF0, 0x03, 0xC0, 0x07, 0x80, 0x1E, 0x00, 0x3C, 0x00, 0xF8, 0x00, 0x03, 0x88,
    0x00, 0xFB, 0xC0, 0x3F, 0xF0, 0x07, 0x7E, 0x00, 0x27, 0x80, 0x00, 0x00, 0x7E, 0x01, 0xF3, 0xE0,
    0x3E, 0x3C, 0x0F, 0x87, 0xC1, 0xE0, 0x78, 0x7C, 0x0F, 0x8F, 0x00, 0xF3, 0xE0, 0x0F, 0x78, 0x01,
    0xFE, 0x00, 0x1F, 0xC0, 0x03, 0xF0, 0x00, 0x3E, 0x00, 0x07, 0x80, 0x00, 0xF0, 0x00, 0x1E, 0x00,
    0x03, 0xC0, 0x00, 0x78, 0x00, 0x0F, 0x00, 0x01, 0xE0, 0x00, 0x0F, 0x30, 0x3F, 0xF0, 0x7F, 0xC1,
    0xCF, 0x80, 0x84, 0x00, 0x00, 0x3C, 0x07, 0xFC, 0x1F, 0x78, 0x3C, 0xF0, 0x78, 0xF1, 0xF1, 0xE3,
    0xC3, 0xC7, 0x83, 0xDE, 0x07, 0xBC, 0x07, 0xF8, 0x0F, 0xE0, 0x1F, 0xC0, 0x1F, 0x00, 0x3E, 0x00,
    0x7C, 0x00, 0xF0, 0x01, 0xE0, 0x07, 0x80, 0x0F, 0x00, 0x3E, 0x00, 0x00, 0x00, 0x00, 0x00, 0x00,
    0xFF, 0xFF, 0xFF, 0xFF, 0xFF, 0xFF, 0xFF, 0xFF, 0xFF, 0xFF, 0xFF, 0xF0, 0xFF, 0xFF, 0xFF, 0xFF,
    0xFF, 0xFF, 0xFF, 0xFF, 0xFF, 0xFF, 0xFF, 0xFF, 0xF0, 0xFF, 0xFF, 0xFF, 0xFF, 0xFF, 0xFF, 0xFF,
    0xFF, 0xFF, 0xFF, 0xFF, 0xFF, 0xF0, 0xF1, 0xFE, 0x3F, 0xC7, 0xF8, 0xFF, 0x1F, 0xE3, 0xFC, 0x7F,
    0x8F, 0xF1, 0xFE, 0x3F, 0xC7, 0xF8, 0xFF, 0x1F, 0xE3, 0xFC, 0x7F, 0x8F, 0xF1, 0xFE, 0x3F, 0xC7,
    0xF8, 0xFF, 0x1F, 0xE3, 0xFC, 0x78, 0x11, 0xDC, 0xCC, 0x7B, 0xDE, 0xF0, 0x77, 0x77, 0x13, 0x3E,
    0x40, 0x77, 0x71, 0x13, 0x7E, 0x10, 0x8E, 0x77, 0x39, 0x8C, 0xC6, 0x3D, 0xEF, 0x7B, 0xDE, 0xF7,
    0x80, 0x73, 0xB9, 0xDC, 0xEE, 0x71, 0x09, 0x8C, 0xCF, 0xCE, 0x42, 0x00, 0x73, 0xB9, 0xDC, 0xE2,
    0x11, 0x09, 0x8D, 0xCD, 0xCE, 0x1E, 0x03, 0xC0, 0x78, 0x0F, 0x0F, 0xFF, 0xFF, 0xFF, 0xF8, 0xF0,
    0x1E, 0x03, 0xC0, 0x78, 0x0F, 0x01, 0xE0, 0x3C, 0x07, 0x80, 0xF0, 0x1E, 0x00, 0x1E, 0x03, 0xC0,
    0x78, 0x0F, 0x0F, 0xFF, 0xFF, 0xFF, 0xF8, 0xF0, 0x1E, 0x03, 0xC3, 0xFF, 0xFF, 0xFF, 0xFE, 0x3C,
    0x07, 0x80, 0xF0, 0x1E, 0x00, 0x3E, 0x3F, 0xBF, 0xFF, 0xFF, 0xFF, 0xFF, 0xFE, 0xFE, 0x3E, 0x00,
    0xF8, 0x0F, 0xFC, 0x07, 0xFE, 0x03, 0xFF, 0x01, 0xF0, 0xF0, 0xF8, 0x7F, 0x87, 0xC3, 0xFC, 0x3E,
    0x1F, 0xE1, 0xF0, 0xF0, 0x00, 0x00, 0x1E, 0x01, 0xE0, 0x00, 0x7F, 0x83, 0xC0, 0x00, 0x7F, 0x83,
    0xC0, 0x00, 0xE1, 0xC7, 0x80, 0x00, 0xE1, 0xCF, 0x00, 0x00, 0x61, 0xCF, 0x00, 0x00, 0x7F, 0x9E,
    0x00, 0x00, 0x3F, 0xBC, 0x00, 0x00, 0x1E, 0x3C, 0x00, 0x00, 0x00, 0x78, 0x00, 0x00, 0x00, 0xF0,
    0xC0, 0x30, 0x00, 0xF3, 0xF0, 0xFE, 0x01, 0xE7, 0xF9, 0xFE, 0x01, 0xCF, 0x39, 0xC7, 0x03, 0xCE,
    0x1D, 0xC7, 0x07, 0x8E, 0x19, 0xC7, 0x07, 0x0F, 0x39, 0xCF, 0x0F, 0x07, 0xF8, 0xFE, 0x1E, 0x03,
    0xF0, 0xFC, 0x1E, 0x01, 0xE0, 0x00, 0x00, 0x1F, 0xE0, 0xF0, 0x00, 0x00, 0x07, 0xF8, 0x78, 0x00,
    0x00, 0x03, 0x87, 0x1E, 0x00, 0x00, 0x00, 0xE1, 0xCF, 0x00, 0x00, 0x00, 0x18, 0x77, 0x80, 0x00,
    0x00, 0x07, 0xF9, 0xE0, 0x00, 0x00, 0x00, 0xFE, 0xF0, 0x00, 0x00, 0x00, 0x1E, 0x38, 0x00, 0x00,
    0x00, 0x00, 0x1E, 0x00, 0x00, 0x00, 0x00, 0x0F, 0x18, 0x03, 0x00, 0xC0, 0x03, 0x9F, 0x87, 0xF0,
    0xFC, 0x01, 0xEF, 0xF1, 0xFE, 0x7F, 0x80, 0xF3, 0x8E, 0xE3, 0x9C, 0xE0, 0x38, 0xC3, 0xB8, 0xEE,
    0x1C, 0x1E, 0x30, 0xEE, 0x3B, 0x87, 0x0F, 0x0E, 0x7B, 0xCE, 0x73, 0x83, 0x83, 0xFC, 0x7F, 0x9F,
    0xE3, 0xE0, 0x7E, 0x0F, 0xC3, 0xF0, 0x7B, 0x9D, 0xEE, 0x73, 0x98, 0x7B, 0xDC, 0xF7, 0x3B, 0xCE,
    0xE3, 0xB9, 0xCE, 0x73, 0x1C, 0x7B, 0xCF, 0x73, 0xDE, 0x73, 0x9E, 0xF3, 0x9C, 0xE3, 0x9C, 0xE7,
    0x1C, 0xE7, 0x18, 0xC7, 0x38, 0xF7, 0x9C, 0xE7, 0x1C, 0xE7, 0xF7, 0xBD, 0xE7, 0x39, 0xCE, 0x71,
    0xCE, 0x73, 0x9C, 0xE3, 0xF7, 0xBC, 0xF7, 0x9C, 0x73, 0x9E, 0x73, 0x9E, 0x71, 0xCE, 0x39, 0xCE,
    0x39, 0xC6, 0x38, 0xC7, 0x0F, 0x8F, 0x8F, 0x87, 0x87, 0x87, 0xC3, 0xE0, 0xF0, 0x7C, 0x1F, 0x07,
    0xC1, 0xF0, 0xF8, 0x3E, 0x0F, 0x07, 0xC1, 0xF0, 0x7C, 0x3E, 0x3E, 0x3E, 0x1E, 0x1F, 0x1F, 0x00,
    0x00, 0xF8, 0x00, 0x87, 0xC2, 0x0E, 0x3E, 0x38, 0xF9, 0xF3, 0xE1, 0xE0, 0x3C, 0x07, 0x83, 0xC0,
    0x1E, 0x3C, 0x00, 0x7B, 0xC0, 0xF1, 0xFC, 0x7F, 0x87, 0xC3, 0xFC, 0x3E, 0x1F, 0xE3, 0xF8, 0xF0,
    0x3D, 0xE0, 0x03, 0xC7, 0x80, 0x3C, 0x1E, 0x03, 0xC0, 0x78, 0x3C, 0xF9, 0xE3, 0xC7, 0xC7, 0x84,
    0x3E, 0x10, 0x01, 0xF0, 0x00, 0x0F, 0x80, 0x00, 0xF8, 0xFF, 0x87, 0xFC, 0x3F, 0xE1, 0xFF, 0x0F,
    0xF8, 0x7F, 0xC3, 0xFE, 0x1E, 0xF0, 0xF7, 0x87, 0xBC, 0x1D, 0xE0, 0xEF, 0x07, 0x00, 0x00, 0x00,
    0x1E, 0x1F, 0xF0, 0xFF, 0x87, 0xFC, 0x3E, 0xFF, 0xFF, 0xFF, 0xFF, 0xFF, 0xFF, 0xFF, 0xFF, 0xFF,
    0xE0, 0xE0, 0x00, 0x1D, 0xC0, 0x00, 0xE3, 0x80, 0x07, 0x07, 0xE1, 0xF8, 0x0F, 0xFF, 0xC0, 0x07,
    0xF8, 0x00, 0x00, 0x70, 0x00, 0x09, 0xA0, 0x00, 0x6B, 0x80, 0x07, 0xFC, 0x00, 0x0F, 0x80, 0x01,
    0xFF, 0x00, 0x06, 0xF0, 0x00, 0x2E, 0x80, 0x00, 0x70, 0x00, 0x00, 0x00, 0x00, 0x00, 0x00, 0x38,
    0x03, 0x86, 0xD0, 0x6D, 0x7D, 0xC7, 0xDD, 0xFC, 0x1F, 0xC7, 0xE0, 0x7E, 0xFB, 0x8F, 0xBB, 0x68,
    0x36, 0x97, 0x41, 0x74, 0xFF, 0xFF, 0xFF, 0xFF, 0xFF, 0xF0, 0x00, 0x03, 0xC0, 0x01, 0xE0, 0x00,
    0x70, 0x00, 0x3C, 0x00, 0x1E, 0x00, 0x07, 0x00, 0x03, 0x80, 0x01, 0xE0, 0x00, 0xF0, 0x00, 0x38,
    0x00, 0x1E, 0x00, 0x0F, 0x00, 0x03, 0x80, 0x01, 0xC0, 0x00, 0xF0, 0x00, 0x78, 0x00, 0x1C, 0x00,
    0x0F, 0x00, 0x07, 0x80, 0x03, 0xC0, 0x00, 0x1F, 0xE0, 0x7F, 0x07, 0xFE, 0x3F, 0xF1, 0xFF, 0xEF,
    0xFF, 0x7E, 0xFD, 0xFF, 0xE7, 0x07, 0xBC, 0x3E, 0x20, 0xF1, 0x07, 0x80, 0x3E, 0x00, 0xF0, 0x0F,
    0x80, 0x7E, 0x03, 0xE0, 0x1F, 0x00, 0xF8, 0x03, 0xC0, 0x1E, 0x00, 0xF8, 0x03, 0xC0, 0x1E, 0x00,
    0x78, 0x03, 0xC0, 0x00, 0x00, 0x00, 0x00, 0x00, 0x00, 0x00, 0x3C, 0x01, 0xF0, 0x07, 0x80, 0x3E,
    0x00, 0xF0, 0x07, 0xC0, 0x1E, 0x00, 0xF8, 0x00, 0x1F, 0xE1, 0xF3, 0xFF, 0x1F, 0x7F, 0xF9, 0xFF,
    0xDF, 0x9F, 0x70, 0x79, 0xF1, 0x07, 0x9F, 0x00, 0xF9, 0xE0, 0x1F, 0x1E, 0x03, 0xE1, 0xE0, 0x7C,
    0x1E, 0x07, 0x81, 0xE0, 0x78, 0x0E, 0x07, 0x80, 0xE0, 0x00, 0x00, 0x00, 0x00, 0x00, 0x78, 0x1F,
    0x07, 0x81, 0xF0, 0x78, 0x1F, 0x07, 0x81, 0xF0, 0xF8, 0xFF, 0x3C, 0x7F, 0xEF, 0x3F, 0xFF, 0xDF,
    0xBF, 0xF3, 0x83, 0xFC, 0x60, 0xFF, 0x00, 0x7F, 0xC0, 0x3E, 0xF0, 0x1F, 0x3C, 0x0F, 0x8F, 0x03,
    0xC3, 0xC0, 0xF0, 0xF0, 0x3C, 0x00, 0x00, 0x00, 0x00, 0x03, 0xC0, 0xF0, 0xF0, 0x3C, 0x3C, 0x0F,
    0x0F, 0x03, 0xC0, 0x1C, 0x36, 0xBE, 0xEF, 0xE3, 0xF7, 0xDD, 0xB4, 0xBA, 0x1C, 0x26, 0x9B, 0xFF,
    0xF3, 0xE7, 0xFD, 0xBC, 0xBA, 0x1C, 0x00, 0x00, 0x03, 0x86, 0xD7, 0xDD, 0xFC, 0x7E, 0xFB, 0xB6,
    0x97, 0x40, 0x17, 0x41, 0xBB, 0x1F, 0xFC, 0xFF, 0xE9, 0xFC, 0xFF, 0xFF, 0xFF, 0xFD, 0xF7, 0x3F,
    0xE3, 0xFF, 0x9D, 0xDC, 0x6E, 0xC0, 0x70, 0x00, 0x00, 0x00, 0x00, 0x00, 0x00, 0x00, 0x00, 0x00,
    0x00, 0x3E, 0x3F, 0xBF, 0xDE, 0xFE, 0x3F, 0x1F, 0x8F, 0xC7, 0xE7, 0xFB, 0x9F, 0xCF, 0xC0, 0x80,
    0x5F, 0x8F, 0xFF, 0xFF, 0xFE, 0x0F, 0x83, 0xE1, 0xF8, 0x7E, 0x3B, 0x8E, 0xE7, 0x39, 0xCE, 0xFF,
    0xFF, 0xF0, 0x38, 0x0E, 0x7F, 0xBF, 0xDF, 0xEE, 0x07, 0x63, 0xF9, 0xFE, 0x67, 0x03, 0x9B, 0xFF,
    0xE7, 0xE0, 0xC0, 0x1E, 0x1E, 0x0E, 0x0F, 0x07, 0xE7, 0xFB, 0xFF, 0xCF, 0xE3, 0xFB, 0xFF, 0xCF,
    0xC1, 0x80, 0xFF, 0xFF, 0xFF, 0x0F, 0x0E, 0x1E, 0x1C, 0x3C, 0x38, 0x78, 0x70, 0xF0, 0x3E, 0x3F,
    0xBF, 0xDC, 0xFF, 0x73, 0xF1, 0xFD, 0xEF, 0xE3, 0xFB, 0xFF, 0xEF, 0xE1, 0x80, 0x3E, 0x3F, 0xBF,
    0xFC, 0xFE, 0x3F, 0xBF, 0xFC, 0xFE, 0x0F, 0x07, 0x07, 0x07, 0x80, 0x38, 0x73, 0xFF, 0xFF, 0xE7,
    0x0E, 0x00, 0xFF, 0xFF, 0xF8, 0xDD, 0xFF, 0xFE, 0x3C, 0x78, 0xF1, 0xE3, 0xC6, 0x3C, 0x3F, 0xBF,
    0xDE, 0xFE, 0x3F, 0x1F, 0x8F, 0xC7, 0xE7, 0xFB, 0xDF, 0xCF, 0xC0, 0x80, 0x3F, 0xFF, 0xFF, 0xBC,
    0xF3, 0xCF, 0x3C, 0xF3, 0xCF, 0x1E, 0x3F, 0xBF, 0xEE, 0x72, 0x38, 0x3C, 0x3C, 0x3C, 0x3C, 0x3F,
    0xFF, 0xFF, 0xF0, 0x7F, 0xBF, 0xDF, 0xE1, 0xE1, 0xE1, 0xF8, 0x7E, 0x27, 0x23, 0xFB, 0xDF, 0xE7,
    0xE0, 0xC0, 0x0F, 0x83, 0xE1, 0xF8, 0x7E, 0x3B, 0x8E, 0xE7, 0x39, 0xCE, 0xFF, 0xFF, 0xF0, 0x38,
    0x0E, 0x7F, 0xBF, 0xDF, 0xEE, 0x07, 0x43, 0xF9, 0xFE, 0x67, 0x03, 0x99, 0xFF, 0xEF, 0xE0, 0x80,
    0x1E, 0x1E, 0x0E, 0x0F, 0x07, 0xE7, 0xFB, 0xFF, 0xCF, 0xE3, 0xFB, 0xFF, 0xCF, 0xE1, 0x80, 0xFF,
    0xFF, 0xFF, 0x0F, 0x0E, 0x1E, 0x1C, 0x3C, 0x38, 0x78, 0x78, 0xF0, 0x3E, 0x3F, 0xBF, 0xDC, 0xFF,
    0x73, 0xF9, 0xFD, 0xEF, 0xE3, 0xFB, 0xFF, 0xEF, 0xE0, 0x80, 0x3C, 0x3F, 0xBF, 0xFC, 0xFE, 0x3F,
    0x3F, 0xFE, 0xFE, 0x1F, 0x07, 0x07, 0x07, 0x80, 0x1E, 0x78, 0xF3, 0xC7, 0x8F, 0x3C, 0x78, 0xF1,
    0xE3, 0xC7, 0x8F, 0x1E, 0x3C, 0x78, 0x70, 0xF1, 0xE3, 0xC3, 0xC7, 0x87, 0x80, 0xF1, 0xE1, 0xE3,
    0xC3, 0x87, 0x8F, 0x1E, 0x1C, 0x38, 0x78, 0xF1, 0xE3, 0x8F, 0x1E, 0x3C, 0x79, 0xE3, 0xC7, 0x9E,
    0x3C, 0x00, 0x3F, 0xFE, 0x7F, 0xFC, 0xFF, 0xF9, 0xFF, 0xF3, 0xC0, 0x07, 0x80, 0x0F, 0x00, 0x1E,
    0x00, 0x3F, 0xFC, 0x7F, 0xF8, 0xFF, 0xF1, 0xFF, 0xE3, 0xC0, 0x1F, 0xF8, 0x3F, 0xF0, 0x7F, 0xE0,
    0xFF, 0xC0, 0x78, 0x00, 0xF0, 0x00, 0x0F, 0xE0, 0x7F, 0xE3, 0xFF, 0x8F, 0xBF, 0x3C, 0x39, 0xE0,
    0x47, 0x80, 0x3F, 0xF8, 0xFF, 0xE3, 0xFF, 0x87, 0x80, 0x3F, 0xF8, 0xFF, 0xE3, 0xFF, 0x87, 0x80,
    0x1C, 0x00, 0xFF, 0xFF, 0xFF, 0xFF, 0xFF, 0xC0, 0xFF, 0xC0, 0x00, 0x3F, 0xFC, 0x00, 0x0F, 0xFF,
    0x00, 0x03, 0xFF, 0xE0, 0x00, 0xF0, 0x78, 0x1C, 0x3C, 0x1F, 0x1F, 0xCF, 0x07, 0xCF, 0xFB, 0xC1,
    0xE7, 0xFF, 0xF0, 0xF9, 0xE3, 0x3F, 0xFE, 0x78, 0x0F, 0xFF, 0x1F, 0xC3, 0xFF, 0x83, 0xFC, 0xFF,
    0xE0, 0x7F, 0xBC, 0xF8, 0x03, 0xFF, 0x1F, 0x04, 0x3F, 0xC3, 0xC3, 0x0F, 0xF0, 0xF9, 0xFF, 0xFC,
    0x1E, 0x7F, 0xEF, 0x07, 0xCF, 0xF0, 0x00, 0x08, 0xF0, 0x78, 0x3E, 0x1F, 0x78, 0x7E, 0x1E, 0x7C,
    0x7E, 0x1E, 0x3C, 0x7E, 0x1E, 0x3C, 0x7E, 0x3E, 0x3C, 0x7F, 0x3C, 0x3C, 0x77, 0x3C, 0x3C, 0x77,
    0x3C, 0xFE, 0xF7, 0x3F, 0xFE, 0xE7, 0x3F, 0xFE, 0xE7, 0x3F, 0x1E, 0xE7, 0x78, 0x1E, 0xE7, 0xF8,
    0x0E, 0xE3, 0xF8, 0x0F, 0xE3, 0xF8, 0x0F, 0xE3, 0xF8, 0x0F, 0xC3, 0xF0, 0x0F, 0xC3, 0xF0, 0x0F,
    0xC3, 0xF0, 0x00, 0x3C, 0x00, 0x3C, 0x03, 0xFF, 0x03, 0xFF, 0x03, 0xFF, 0x0E, 0x3C, 0x3F, 0xBC,
    0x7F, 0xFC, 0x7F, 0xFC, 0xFC, 0xFC, 0xF8, 0x7C, 0xF0, 0x3C, 0xF0, 0x3C, 0xF0, 0x3C, 0xF0, 0x3C,
    0xF8, 0x7C, 0xF8, 0xFC, 0x7F, 0xFC, 0x7F, 0xFC, 0x3F, 0xBC, 0x0E, 0x00, 0x00, 0x00, 0x7F, 0xFC,
    0x7F, 0xFC, 0x7F, 0xFC, 0x03, 0xF8, 0x07, 0xFC, 0x0F, 0xFE, 0x1F, 0xBF, 0x1E, 0x0E, 0x1E, 0x08,
    0x7F, 0xF8, 0x7F, 0xF8, 0xFF, 0xF0, 0x3C, 0x00, 0x7F, 0xF0, 0x7F, 0xE0, 0x7F, 0xE0, 0xBE, 0x00,
    0x1E, 0x0C, 0x1F, 0x1F, 0x0F, 0xFE, 0x0F, 0xFE, 0x03, 0xFC, 0x00, 0xE0, 0xFF, 0xFF, 0xFF, 0xFF,
    0xFF, 0xFF, 0xFF, 0xFF, 0x03, 0xC0, 0x03, 0xC0, 0x03, 0xD8, 0x03, 0xF8, 0x07, 0xF8, 0x1F, 0xE0,
    0x1F, 0xC8, 0x1F, 0xF8, 0x23, 0xF8, 0x07, 0xF8, 0x1F, 0xC0, 0x1F, 0xC0, 0x1B, 0xC0, 0x03, 0xC0,
    0x03, 0xC0, 0x7F, 0xE0, 0x7F, 0xF0, 0x7F, 0xF8, 0x78, 0x7C, 0xFF, 0xFF, 0xFF, 0xFF, 0xFF, 0xFF,
    0x78, 0x3E, 0xFF, 0xFF, 0xFF, 0xFF, 0xFF, 0xFF, 0x78, 0xFC, 0x7F, 0xF8, 0x7F, 0xF0, 0x78, 0x00,
    0x78, 0x00, 0x78, 0x00, 0x78, 0x00, 0x78, 0x00, 0xFF, 0xFF, 0xFF, 0xFF, 0xFF, 0xFF, 0xFF, 0xFF,
    0x00, 0x00, 0x00, 0x00, 0xFF, 0xFF, 0xFF, 0xFF, 0xFF, 0xFF, 0xFF, 0xFF, 0x03, 0xC0, 0x03, 0xC0,
    0x03, 0xC0, 0x03, 0xC0, 0x03, 0xC0, 0x03, 0xC0, 0x03, 0xC0, 0x03, 0xC0, 0x03, 0xC0, 0xFF, 0xFF,
    0xFF, 0xFF, 0xFF, 0xC0, 0xF0, 0x01, 0xE3, 0xFF, 0xFF, 0xFF, 0xFF, 0xFF, 0x01, 0xE3, 0xFF, 0x8F,
    0xFC, 0x3F, 0xE0, 0xF8, 0x01, 0xF0, 0x03, 0xE0, 0x07, 0xC0, 0x0F, 0x80, 0x1F, 0x00, 0x3E, 0x00,
    0x1C, 0x00, 0x38, 0x00, 0x70, 0x80, 0xE6, 0x01, 0xFC, 0x07, 0xF8, 0x3F, 0xC0, 0x7E, 0x10, 0xFD,
    0xC0, 0x3F, 0x80, 0xFF, 0x07, 0xF0, 0xFF, 0xC1, 0xFB, 0x83, 0xC7, 0x0F, 0x0E, 0x7E, 0x1F, 0xF8,
    0x3F, 0xE0, 0x7F, 0x80, 0x3F, 0xF0, 0x3F, 0xFC, 0x3F, 0xFC, 0x3F, 0xFE, 0x3C, 0x3E, 0x3C, 0x1E,
    0x3C, 0x1F, 0x3C, 0x1E, 0x3C, 0x7E, 0xFF, 0xFE, 0xFF, 0xFC, 0xFF, 0xF0, 0x3C, 0x00, 0x3C, 0x00,
    0xFF, 0xE0, 0xFF, 0xE0, 0xFF, 0xE0, 0x3C, 0x00, 0x3C, 0x00, 0x1D, 0xC0, 0x3B, 0x83, 0xFF, 0x87,
    0xFF, 0x8F, 0xFF, 0x9F, 0xFF, 0xBC, 0x1F, 0x78, 0x1E, 0xF0, 0x7D, 0xE1, 0xF3, 0xFF, 0xC7, 0xFF,
    0x8F, 0xFF, 0x9E, 0x0F, 0xBC, 0x0F, 0xF8, 0x0F, 0xF0, 0x3F, 0xE0, 0xFB, 0xFF, 0xF7, 0xFF, 0xCF,
    0xFF, 0x03, 0xB8, 0x07, 0x70, 0x0E, 0xE0, 0x03, 0xC0, 0x00, 0x0F, 0x00, 0x00, 0x3C, 0x00, 0x00,
    0xF0, 0x00, 0x03, 0xFF, 0xFF, 0xEF, 0xFF, 0xFF, 0xFF, 0xFF, 0xFF, 0xBF, 0xFF, 0xFF, 0x3E, 0x00,
    0x00, 0x3E, 0x00, 0x00, 0x3E, 0x00, 0x00, 0x3E, 0x00, 0x00, 0x04, 0x01, 0xC0, 0x7C, 0x1F, 0xC7,
    0xFD, 0xFF, 0xFB, 0xBE, 0x73, 0x8E, 0x31, 0xC4, 0x38, 0x07, 0x00, 0xE0, 0x1C, 0x03, 0x80, 0x70,
    0x0E, 0x01, 0xC0, 0x38, 0x07, 0x00, 0xE0, 0x1C, 0x03, 0x80, 0x00, 0x07, 0x80, 0x00, 0x07, 0x80,
    0x00, 0x07, 0x80, 0x00, 0x07, 0x8F, 0xFF, 0xFF, 0x9F, 0xFF, 0xFF, 0xBF, 0xFF, 0xFF, 0xFF, 0xFF,
    0xFE, 0x00, 0x00, 0xF8, 0x00, 0x03, 0xE0, 0x00, 0x0F, 0x80, 0x00, 0x3E, 0x00, 0x0E, 0x01, 0xC0,
    0x38, 0x07, 0x00, 0xE0, 0x1C, 0x03, 0x80, 0x70, 0x0E, 0x01, 0xC0, 0x38, 0x07, 0x00, 0xE1, 0x1C,
    0x73, 0x9F, 0x77, 0xFF, 0xFF, 0xFD, 0xFF, 0x1F, 0xC1, 0xF0, 0x1C, 0x01, 0x00, 0xFF, 0x00, 0x7F,
    0xC0, 0x3F, 0xF0, 0x1F, 0x84, 0x0F, 0xE0, 0x07, 0xF8, 0x03, 0xFE, 0x01, 0xDF, 0x80, 0xE7, 0xE0,
    0x31, 0xF8, 0x08, 0x7E, 0x04, 0x1F, 0x80, 0x07, 0xE0, 0x01, 0xF8, 0x00, 0x7E, 0x00, 0x1F, 0x00,
    0x07, 0x00, 0x01, 0x00, 0x00, 0x7F, 0x80, 0x7F, 0xC0, 0x7F, 0xE0, 0x43, 0xF0, 0x03, 0xF8, 0x03,
    0xFC, 0x03, 0xFE, 0x03, 0xF7, 0x03, 0xF3, 0x83, 0xF1, 0x83, 0xF0, 0x83, 0xF0, 0x43, 0xF0, 0x03,
    0xF0, 0x03, 0xF0, 0x01, 0xF0, 0x00, 0x70, 0x00, 0x10, 0x00, 0x00, 0x20, 0x00, 0x38, 0x00, 0x3E,
    0x00, 0x1F, 0x80, 0x07, 0xE0, 0x01, 0xF8, 0x00, 0x7E, 0x08, 0x1F, 0x84, 0x07, 0xE3, 0x01, 0xF9,
    0xC0, 0x7E, 0xE0, 0x1F, 0xF0, 0x07, 0xF8, 0x01, 0xFC, 0x00, 0x7E, 0x07, 0xFF, 0x00, 0xFF, 0x80,
    0x3F, 0xC0, 0x00, 0x02, 0x00, 0x03, 0x80, 0x03, 0xE0, 0x03, 0xF0, 0x03, 0xF0, 0x03, 0xF0, 0x83,
    0xF0, 0x43, 0xF0, 0x63, 0xF0, 0x73, 0xF0, 0x3B, 0xF0, 0x1F, 0xF0, 0x0F, 0xF0, 0x07, 0xF0, 0x03,
    0xF0, 0x01, 0xFF, 0xC0, 0xFF, 0x80, 0x7F, 0x80, 0x00, 0x00, 0x07, 0xC0, 0x00, 0x03, 0xC0, 0x00,
    0x03, 0xC0, 0x00, 0x03, 0xCF, 0xFF, 0xFF, 0xDF, 0xFF, 0xFF, 0xFF, 0xFF, 0xFF, 0x00, 0x00, 0x7C,
    0x00, 0x01, 0xF0, 0x07, 0x87, 0xC0, 0x1E, 0x1F, 0x00, 0x78, 0x00, 0x01, 0xE0, 0x00, 0x07, 0xFF,
    0xFF, 0xDF, 0xFF, 0xFF, 0xFF, 0xFF, 0xFF, 0x7F, 0xFF, 0xFE, 0x7C, 0x00, 0x00, 0x7C, 0x00, 0x00,
    0x7C, 0x00, 0x00, 0x7C, 0x00, 0x00, 0x02, 0x00, 0x7C, 0x00, 0xF8, 0x01, 0xF0, 0x03, 0xC0, 0x07,
    0x80, 0x1F, 0x07, 0xBC, 0x3F, 0xF9, 0xFF, 0xEF, 0xFF, 0xBE, 0x1E, 0xF0, 0x7F, 0xC1, 0xFF, 0x07,
    0xBC, 0x1E, 0xF8, 0xF9, 0xFF, 0xE7, 0xFF, 0x0F, 0xF8, 0x07, 0x80, 0x03, 0xE0, 0x01, 0xF0, 0x01,
    0xFC, 0x00, 0xFE, 0x00, 0x7F, 0x00, 0x7B, 0xC0, 0x3D, 0xE0, 0x3E, 0xF8, 0x1E, 0x3C, 0x0F, 0x1E,
    0x0F, 0x07, 0x87, 0x83, 0xC7, 0xC1, 0xE3, 0xC0, 0x79, 0xE0, 0x3D, 0xFF, 0xFF, 0xFF, 0xFF, 0xFF,
    0xFF, 0xFF, 0xFF, 0xE0, 0x00, 0xFC, 0x3F, 0xF3, 0xFF, 0xDF, 0xFF, 0x7C, 0x03, 0xE0, 0x0F, 0x00,
    0x3F, 0xFF, 0xFF, 0xFF, 0xFF, 0xFF, 0xFF, 0xFC, 0x00, 0xFC, 0x01, 0xFF, 0xF3, 0xFF, 0xC7, 0xFF,
    0x03, 0xFC, 0xFF, 0xFF, 0xFF, 0xFF, 0xFF, 0xFF, 0xFF, 0xFF, 0x01, 0xFE, 0x03, 0xFC, 0x07, 0xF8,
    0x0F, 0xF0, 0x1F, 0xE0, 0x3F, 0xC0, 0x7F, 0x80, 0xFF, 0x01, 0xFE, 0x03, 0xFC, 0x07, 0xF8, 0x0F,
    0xF0, 0x1F, 0xE0, 0x3F, 0xC0, 0x78, 0xFF, 0xFF, 0xFF, 0xFF, 0xFF, 0xFF, 0xFF, 0x7E, 0x00, 0xFC,
    0x01, 0xF8, 0x03, 0xF0, 0x07, 0xE0, 0x07, 0x80, 0x3E, 0x03, 0xF8, 0x1F, 0x80, 0xFC, 0x07, 0xE0,
    0x3F, 0x00, 0xFF, 0xFF, 0xFF, 0xFF, 0xFF, 0xC0, 0xFF, 0xFF, 0xFF, 0xFF, 0xFF, 0xFF, 0xF0, 0x03,
    0xC1, 0xE0, 0x78, 0x1E, 0x0F, 0x03, 0xC0, 0xF0, 0x3C, 0x1E, 0x07, 0x81, 0xE0, 0xF0, 0x3C, 0x0F,
    0x07, 0x81, 0xE0, 0x78, 0x1E, 0x0F, 0x00, 0x00, 0x0F, 0x00, 0x0F, 0x00, 0x0E, 0x00, 0x1E, 0x00,
    0x1E, 0x00, 0x1C, 0x00, 0x3C, 0x00, 0x3C, 0x00, 0x38, 0xF8, 0x78, 0xF8, 0x78, 0xFC, 0x70, 0xFC,
    0xF0, 0x3E, 0xF0, 0x1E, 0xE0, 0x1F, 0xE0, 0x0F, 0xE0, 0x07, 0xC0, 0x07, 0xC0, 0x1F, 0x01, 0xE7,
    0xF8, 0xFD, 0xFF, 0xBF, 0xFF, 0xFF, 0xFF, 0x8F, 0xE1, 0xE0, 0xF8, 0x3E, 0x3F, 0x87, 0xFF, 0xFC,
    0x7F, 0xEF, 0xEF, 0xF8, 0xFC, 0xFE, 0x0F, 0x80, 0x1F, 0x01, 0xF0, 0x7F, 0x8F, 0xF1, 0xFF, 0xBF,
    0xF7, 0xFF, 0xFF, 0xEF, 0x8F, 0xE3, 0xFE, 0x0F, 0x87, 0xFE, 0x3F, 0x0F, 0xFF, 0xFF, 0xBE, 0x7F,
    0xEF, 0xFC, 0xFF, 0x8F, 0xF0, 0xFE, 0x0F, 0xC0, 0xF0, 0x00, 0x0F, 0x00, 0x00, 0xF0, 0x00, 0x0F,
    0x00, 0x00, 0xF0, 0x00, 0x0F, 0x00, 0x00, 0xF0, 0x00, 0x0F, 0x00, 0x00, 0xF0, 0x00, 0x0F, 0x00,
    0x00, 0xF0, 0x00, 0x0F, 0x00, 0x00, 0xF0, 0x00, 0x0F, 0x00, 0x00, 0xF0, 0x00, 0x0F, 0x00, 0x00,
    0xF0, 0x00, 0x0F, 0xFF, 0xFF, 0xFF, 0xFF, 0xFF, 0xFF, 0xFF, 0x00, 0x00, 0xC0, 0x00, 0x0F, 0x00,
    0x00, 0xFC, 0x00, 0x0F, 0xC0, 0x00, 0x7C, 0x00, 0x07, 0xC0, 0x00, 0x7C, 0x00, 0x07, 0xC0, 0x00,
    0x7C, 0x00, 0x07, 0xC0, 0x00, 0x7E, 0x00, 0x03, 0xE0, 0x00, 0x3E, 0x00, 0x03, 0xE0, 0x00, 0x3E,
    0x00, 0x03, 0xE0, 0x00, 0x3F, 0xFF, 0xFB, 0xFF, 0xFF, 0xFF, 0xFF, 0xFE, 0xFF, 0xFF, 0xFF, 0xFF,
    0xFF, 0xFF, 0xFF, 0xFF, 0xFF, 0xFF, 0x03, 0xCF, 0x07, 0x9E, 0x07, 0x9E, 0x07, 0x9E, 0x0F, 0x3C,
    0x0F, 0x3C, 0x0F, 0x3C, 0x0F, 0x3C, 0x1E, 0x78, 0x1E, 0x78, 0x1E, 0x78, 0x3C, 0xF0, 0x3C, 0xF0,
    0x3C, 0xF0, 0x79, 0xE0, 0x79, 0xE0, 0x79, 0xE0, 0x79, 0xE0, 0xF3, 0xC0, 0x01, 0xF0, 0x00, 0x3E,
    0x00, 0x07, 0xE0, 0x01, 0xFC, 0x00, 0x3F, 0xC0, 0x0F, 0xF8, 0x01, 0xEF, 0x00, 0x3D, 0xF0, 0x0F,
    0x9E, 0x01, 0xE3, 0xC0, 0x3C, 0x7C, 0x0F, 0x07, 0x81, 0xE0, 0xF8, 0x7C, 0x0F, 0x0F, 0x01, 0xE1,
    0xE0, 0x3E, 0x7C, 0x03, 0xCF, 0x00, 0x7B, 0xE0, 0x0F, 0x80, 0xF8, 0x01, 0xEF, 0x00, 0x7D, 0xF0,
    0x0F, 0x1E, 0x03, 0xE3, 0xC0, 0x7C, 0x7C, 0x0F, 0x07, 0x83, 0xE0, 0xF0, 0x78, 0x1F, 0x0F, 0x01,
    0xE3, 0xE0, 0x3E, 0x78, 0x03, 0xCF, 0x00, 0x7B, 0xE0, 0x0F, 0xF8, 0x00, 0xFF, 0x00, 0x1F, 0xC0,
    0x01, 0xF8, 0x00, 0x3F, 0x00, 0x07, 0xC0, 0x00, 0x1F, 0xF0, 0x7F, 0xF1, 0xFF, 0xF7, 0xF7, 0xFF,
    0x83, 0xFE, 0x03, 0xFC, 0x07, 0xF8, 0x0F, 0xF0, 0x1F, 0xE0, 0x3F, 0xC0, 0x7F, 0x80, 0xFF, 0x01,
    0xFE, 0x03, 0xFC, 0x07, 0xF8, 0x0F, 0xF0, 0x1F, 0xE0, 0x3F, 0xC0, 0x78, 0xF0, 0x1F, 0xE0, 0x3F,
    0xC0, 0x7F, 0x80, 0xFF, 0x01, 0xFE, 0x03, 0xFC, 0x07, 0xF8, 0x0F, 0xF0, 0x1F, 0xE0, 0x3F, 0xC0,
    0x7F, 0x80, 0xFF, 0x01, 0xFE, 0x03, 0xFE, 0x07, 0xFE, 0x3F, 0x7F, 0xFC, 0x7F, 0xF8, 0x7F, 0xC0,
    0x3E, 0x00, 0x01, 0xE0, 0x7F, 0x07, 0xF0, 0xFF, 0x0F, 0x80, 0xF0, 0x0F, 0x00, 0xF0, 0x0F, 0x00,
    0xF0, 0x0F, 0x00, 0xF0, 0x0F, 0x00, 0xF0, 0x0F, 0x00, 0xF0, 0x0F, 0x00, 0xF0, 0x0F, 0x00, 0xF0,
    0x0F, 0x00, 0xF0, 0x0F, 0x0F, 0xF0, 0xFF, 0x0F, 0xE0, 0xFC, 0x00, 0x00, 0xF0, 0x0F, 0xE0, 0x3F,
    0x81, 0xFE, 0x07, 0xC0, 0x1E, 0x00, 0x78, 0x03, 0xF0, 0x3F, 0xF1, 0xFF, 0xE7, 0xFF, 0xFD, 0xEF,
    0xE7, 0x9F, 0x9E, 0x7E, 0x79, 0xFD, 0xE7, 0xF7, 0xBD, 0xFF, 0xE3, 0xFF, 0x87, 0xF8, 0x07, 0x80,
    0x1E, 0x00, 0x78, 0x1F, 0xE0, 0x7F, 0x81, 0xFC, 0x07, 0xE0, 0x00, 0x07, 0x80, 0x0F, 0x00, 0x1E,
    0x00, 0x3C, 0x00, 0x78, 0x00, 0x00, 0x00, 0x00, 0x00, 0x00, 0x00, 0x00, 0x00, 0x03, 0xC0, 0xFF,
    0x81, 0xFF, 0x03, 0xFE, 0x07, 0xFC, 0x0F, 0x80, 0xF0, 0x3F, 0xE0, 0x7F, 0xC0, 0xFF, 0x81, 0xFF,
    0x03, 0xE0, 0x00, 0x00, 0x00, 0x00, 0x00, 0x00, 0x00, 0x00, 0x00, 0x1E, 0x00, 0x3C, 0x00, 0x78,
    0x00, 0xF0, 0x01, 0xE0, 0x00, 0xFF, 0xFF, 0xF0, 0x00, 0x00, 0xFF, 0xFF, 0xF0, 0xF0, 0x3F, 0xE0,
    0x7F, 0xC0, 0xFF, 0x81, 0xFF, 0x03, 0xE0, 0x00, 0x00, 0x00, 0x00, 0x00, 0x00, 0x00, 0x00, 0x03,
    0xC0, 0xFF, 0x81, 0xFF, 0x03, 0xFE, 0x07, 0xFC, 0x0F, 0x80, 0x3E, 0x09, 0xFF, 0xEF, 0xFF, 0xFF,
    0xFF, 0x61, 0xF8, 0xF0, 0x03, 0xC7, 0xC7, 0xBF, 0x9F, 0xFE, 0x7F, 0xFC, 0xF8, 0xF0, 0x83, 0xC0,
    0x3E, 0x08, 0xFF, 0xF3, 0xFF, 0xF7, 0xFF, 0xE6, 0x3F, 0x80, 0x00, 0x0F, 0xC2, 0x3F, 0xFE, 0xFF,
    0xFC, 0xFF, 0xF8, 0x87, 0xE0, 0xF0, 0x03, 0xC7, 0xC7, 0xFF, 0x9F, 0xFE, 0x7F, 0xFC, 0xF8, 0xF0,
    0x00, 0x00, 0x00, 0x7F, 0xFD, 0xFF, 0xF7, 0xFF, 0xC0, 0x00, 0x00, 0x01, 0xFF, 0xF7, 0xFF, 0xDF,
    0xFF, 0x78, 0x03, 0xC0, 0x1E, 0x00, 0xF0, 0x00, 0x00, 0x00, 0x03, 0xFF, 0xFF, 0xFF, 0xFF, 0xF8,
    0x00, 0x00, 0x00, 0x00, 0x0F, 0xFF, 0xFF, 0xFF, 0xFF, 0xFF, 0xFF, 0x00, 0x00, 0x0F, 0x00, 0x78,
    0x03, 0xC0, 0x1E, 0x00, 0x00, 0xE0, 0x07, 0x00, 0x70, 0x03, 0x8F, 0xFF, 0xFF, 0xFF, 0xFF, 0xE0,
    0xE0, 0x07, 0x00, 0x70, 0x3F, 0xFF, 0xFF, 0xFF, 0xFF, 0xFF, 0xFC, 0xE0, 0x07, 0x00, 0x70, 0x00,
    0xFF, 0xFF, 0xFF, 0xFF, 0xFF, 0xFF, 0xF0, 0x00, 0x00, 0x00, 0x00, 0x1F, 0xFF, 0xFF, 0xFF, 0xFF,
    0xFF, 0xFE, 0x00, 0x00, 0x00, 0x7F, 0xFF, 0xFF, 0xFF, 0xFF, 0xFF, 0xF8, 0x00, 0x08, 0x03, 0xC1,
    0xFE, 0x7F, 0xFF, 0xFF, 0x7F, 0x03, 0xF0, 0x1F, 0xFC, 0x3F, 0xFC, 0x3F, 0xF8, 0x3F, 0xF8, 0x3F,
    0xFC, 0x3F, 0xFC, 0x3F, 0xE0, 0x3F, 0x00, 0x18, 0x80, 0x07, 0x80, 0x3F, 0x81, 0xFF, 0x8F, 0xFF,
    0x83, 0xFC, 0x0F, 0xE7, 0xFF, 0xFF, 0xE7, 0xF8, 0x7C, 0x1F, 0x07, 0xF1, 0xFF, 0xFF, 0xF3, 0xFC,
    0x1F, 0x00, 0xC0, 0x00, 0x00, 0x38, 0x0F, 0xC7, 0xFF, 0xFF, 0xFF, 0xF8, 0x7C, 0x03, 0xFE, 0x0F,
    0xFF, 0x0F, 0xF8, 0x0F, 0xC0, 0x0F, 0xFF, 0xFF, 0xFF, 0xFF, 0xFC, 0x00, 0x00, 0x00, 0xFF, 0xFF,
    0xFF, 0xFF, 0xFE, 0xE0, 0x07, 0xE0, 0x3F, 0xE1, 0xFF, 0xE1, 0xFF, 0x80, 0x7C, 0x7F, 0xFF, 0xFE,
    0xFF, 0x87, 0xC0, 0x30, 0x01, 0xFF, 0xFF, 0xFF, 0xFF, 0xFC, 0x00, 0x00, 0x00, 0xFF, 0xFF, 0xFF,
    0xFF, 0xFE, 0x00, 0x60, 0x03, 0x40, 0x3E, 0x01, 0xF0, 0x3F, 0x83, 0xFC, 0x7F, 0x8F, 0xF0, 0xFF,
    0x87, 0xD8, 0x3F, 0xC1, 0xFE, 0x03, 0xFC, 0x07, 0xF8, 0x1F, 0xE1, 0xDF, 0x0C, 0x38, 0x60, 0xC0,
    0x83, 0x86, 0x18, 0x3C, 0xC1, 0xFE, 0x0F, 0xF0, 0x1F, 0xE0, 0x3F, 0x81, 0xFF, 0x0C, 0xF8, 0x7F,
    0xC7, 0xFC, 0x7F, 0x8F, 0xF0, 0x7E, 0x03, 0xE0, 0x1E, 0x00, 0xF0, 0x03, 0x00, 0x00, 0x01, 0xFF,
    0x00, 0x0F, 0xFF, 0x80, 0x3C, 0x07, 0xC0, 0xE0, 0x03, 0x83, 0x80, 0x03, 0x8E, 0x0F, 0x83, 0x98,
    0x1F, 0x03, 0x70, 0x3E, 0x07, 0xC0, 0x7C, 0x07, 0x8F, 0xFF, 0x8F, 0x1F, 0xFF, 0x1E, 0x3F, 0xFE,
    0x3C, 0x7F, 0xFC, 0x78, 0x0F, 0x80, 0xF8, 0x1F, 0x03, 0xB0, 0x3E, 0x06, 0x60, 0x7C, 0x0C, 0xE0,
    0xF8, 0x38, 0xE0, 0x00, 0xE0, 0xF0, 0x07, 0x80, 0xF8, 0x3E, 0x00, 0x7F, 0xF0, 0x00, 0x3F, 0x80,
    0x00, 0x01, 0xFF, 0x00, 0x0F, 0xFF, 0x80, 0x3C, 0x07, 0xC0, 0xE0, 0x03, 0x83, 0x80, 0x03, 0x8E,
    0x00, 0x03, 0x98, 0x00, 0x03, 0x70, 0x00, 0x07, 0xC0, 0x00, 0x07, 0x80, 0x70, 0x0F, 0x01, 0xF0,
    0x1E, 0x03, 0xE0, 0x3C, 0x07, 0xC0, 0x78, 0x07, 0x00, 0xF8, 0x00, 0x03, 0xB0, 0x00, 0x06, 0x60,
    0x00, 0x0C, 0xE0, 0x00, 0x38, 0xE0, 0x00, 0xE0, 0xF0, 0x07, 0x80, 0xF8, 0x3E, 0x00, 0x7F, 0xF0,
    0x00, 0x3F, 0x80, 0x00, 0x00, 0x70, 0x00, 0x03, 0x80, 0x00, 0x1C, 0x00, 0x00, 0xE0, 0x00, 0x07,
    0x00, 0x00, 0x38, 0x00, 0x01, 0xC0, 0x00, 0x0E, 0x00, 0x00, 0x70, 0x00, 0x03, 0x80, 0x00, 0x1C,
    0x00, 0x00, 0xE0, 0x00, 0x07, 0x00, 0x00, 0x38, 0x00, 0x01, 0xC0, 0x00, 0x0E, 0x00, 0xFF, 0xFF,
    0xFF, 0xFF, 0xFF, 0xFF, 0xFF, 0xFE, 0x00, 0x00, 0x08, 0x00, 0x00, 0xC0, 0x00, 0x0E, 0x00, 0x00,
    0xF0, 0x00, 0x0F, 0x80, 0x00, 0xFC, 0x00, 0x0F, 0xE0, 0x00, 0xFF, 0x00, 0x0F, 0xF8, 0x00, 0xFB,
    0xC0, 0x0F, 0x9E, 0x00, 0xF8, 0xF0, 0x0F, 0x87, 0x80, 0xFC, 0x3C, 0x0F, 0xC1, 0xE0, 0xFC, 0x0F,
    0x07, 0xC0, 0x78, 0x7C, 0x03, 0xC7, 0xFF, 0xFE, 0x7F, 0xFF, 0xFF, 0xFF, 0xFF, 0x80,
};

static const EpdGlyph misans_latin_12_boldGlyphs[] = {
    { 1, 1, 240, 0, 1, 1, 0 }, // U+0001
    { 1, 1, 119, 0, 1, 1, 1 }, // U+000A
    { 1, 1, 0, 0, 1, 1, 2 }, // U+000D
    { 1, 1, 119, 0, 1, 1, 3 }, // U+0020
    { 5, 19, 131, 2, 19, 12, 4 }, // !
    { 9, 8, 179, 1, 22, 9, 16 }, // "
    { 17, 19, 302, 1, 19, 41, 25 }, // #
    { 15, 25, 251, 0, 22, 47, 66 }, // $
    { 22, 19, 364, 0, 19, 53, 113 }, // %
    { 18, 20, 314, 1, 19, 45, 166 }, // &
    { 4, 8, 94, 1, 22, 4, 211 }, // '
    { 7, 23, 152, 2, 21, 21, 215 }, // (
    { 7, 23, 152, 1, 21, 21, 236 }, // )
    { 9, 9, 180, 1, 19, 11, 257 }, // *
    { 13, 13, 260, 2, 16, 22, 268 }, // +
    { 5, 10, 123, 1, 4, 7, 290 }, // ,
    { 10, 4, 195, 1, 12, 5, 297 }, // -
    { 5, 4, 118, 1, 4, 3, 302 }, // .
    { 10, 19, 185, 1, 19, 24, 305 }, // /
    { 15, 20, 270, 1, 19, 38, 329 }, // 0
    { 9, 19, 202, 1, 19, 22, 367 }, // 1
    { 14, 19, 251, 1, 19, 34, 389 }, // 2
    { 14, 20, 253, 1, 19, 35, 423 }, // 3
    { 15, 19, 260, 1, 19, 36, 458 }, // 4
    { 14, 20, 255, 1, 19, 35, 494 }, // 5
    { 15, 20, 264, 1, 19, 38, 529 }, // 6
    { 13, 19, 233, 1, 19, 31, 567 }, // 7
    { 15, 20, 272, 1, 19, 38, 598 }, // 8
    { 15, 19, 264, 1, 19, 36, 636 }, // 9
    { 5, 14, 118, 1, 14, 9, 672 }, // :
    { 5, 20, 123, 1, 14, 13, 681 }, // ;
    { 13, 17, 260, 2, 18, 28, 694 }, // <
    { 13, 10, 260, 2, 14, 17, 722 }, // =
    { 13, 17, 260, 2, 18, 28, 739 }, // >
    { 13, 19, 224, 0, 19, 31, 767 }, // ?
    { 20, 20, 353, 1, 19, 50, 798 }, // @
    { 19, 19, 305, 0, 19, 46, 848 }, // A
    { 15, 19, 288, 2, 19, 36, 894 }, // B
    { 17, 20, 297, 1, 19, 43, 930 }, // C
    { 17, 19, 316, 2, 19, 41, 973 }, // D
    { 13, 19, 255, 2, 19, 31, 1014 }, // E
    { 13, 19, 246, 2, 19, 31, 1045 }, // F
    { 17, 20, 310, 1, 19, 43, 1076 }, // G
    { 16, 19, 320, 2, 19, 38, 1119 }, // H
    { 4, 19, 120, 2, 19, 10, 1157 }, // I
    { 12, 20, 224, 0, 19, 30, 1167 }, // J
    { 17, 19, 299, 2, 19, 41, 1197 }, // K
    { 13, 19, 246, 2, 19, 31, 1238 }, // L
    { 20, 19, 382, 2, 19, 48, 1269 }, // M
    { 16, 19, 313, 2, 19, 38, 1317 }, // N
    { 18, 20, 325, 1, 19, 45, 1355 }, // O
    { 15, 19, 274, 2, 19, 36, 1400 }, // P
    { 18, 22, 327, 1, 19, 50, 1436 }, // Q
    { 15, 19, 281, 2, 19, 36, 1486 }, // R
    { 15, 20, 263, 1, 19, 38, 1522 }, // S
    { 15, 19, 263, 1, 19, 36, 1560 }, // T
    { 15, 20, 306, 2, 19, 38, 1596 }, // U
    { 19, 19, 308, 0, 19, 46, 1634 }, // V
    { 28, 19, 453, 0, 19, 67, 1680 }, // W
    { 19, 19, 313, 0, 19, 46, 1747 }, // X
    { 19, 19, 298, 0, 19, 46, 1793 }, // Y
    { 15, 19, 272, 1, 19, 36, 1839 }, // Z
    { 7, 23, 151, 2, 21, 21, 1875 }, // [
    { 10, 19, 161, 0, 19, 24, 1896 }, // <backslash>
    { 7, 23, 151, 0, 21, 21, 1920 }, // ]
    { 12, 8, 197, 0, 22, 12, 1941 }, // ^
    { 12, 3, 190, 0, -2, 5, 1953 }, // _
    { 6, 6, 135, 1, 22, 5, 1958 }, // `
    { 12, 16, 238, 1, 15, 24, 1963 }, // a
    { 15, 20, 262, 1, 19, 38, 1987 }, // b
    { 13, 16, 235, 1, 15, 26, 2025 }, // c
    { 14, 20, 262, 1, 19, 35, 2051 }, // d
    { 14, 16, 246, 1, 15, 28, 2086 }, // e
    { 10, 20, 165, 0, 20, 25, 2114 }, // f
    { 14, 21, 260, 1, 15, 37, 2139 }, // g
    { 13, 19, 254, 1, 19, 31, 2176 }, // h
    { 5, 20, 119, 1, 20, 13, 2207 }, // i
    { 8, 26, 120, -2, 20, 26, 2220 }, // j
    { 15, 19, 248, 1, 19, 36, 2246 }, // k
    { 6, 19, 122, 1, 19, 15, 2282 }, // l
    { 21, 15, 379, 1, 15, 40, 2297 }, // m
    { 13, 15, 254, 1, 15, 25, 2337 }, // n
    { 14, 16, 254, 1, 15, 28, 2362 }, // o
    { 14, 21, 261, 1, 15, 37, 2390 }, // p
    { 14, 21, 261, 1, 15, 37, 2427 }, // q
    { 10, 15, 186, 1, 15, 19, 2464 }, // r
    { 13, 16, 215, 0, 15, 26, 2483 }, // s
    { 10, 19, 176, 0, 18, 24, 2509 }, // t
    { 13, 15, 254, 1, 14, 25, 2533 }, // u
    { 15, 14, 236, 0, 14, 27, 2558 }, // v
    { 23, 14, 357, 0, 14, 41, 2585 }, // w
    { 15, 14, 234, 0, 14, 27, 2626 }, // x
    { 15, 20, 241, 0, 14, 38, 2653 }, // y
    { 12, 14, 212, 1, 14, 21, 2691 }, // z
    { 10, 23, 162, 0, 21, 29, 2712 }, // {
    { 4, 23, 106, 1, 21, 12, 2741 }, // |
    { 10, 23, 162, 0, 21, 29, 2753 }, // }
    { 15, 7, 254, 0, 13, 14, 2782 }, // ~
    { 1, 1, 0, 0, 1, 1, 2796 }, // U+007F
    { 1, 1, 119, 0, 1, 1, 2797 }, // U+00A0
    { 5, 19, 131, 2, 14, 12, 2798 }, // U+00A1
    { 14, 20, 264, 1, 17, 35, 2810 }, // U+00A2
    { 14, 19, 252, 1, 19, 34, 2845 }, // U+00A3
    { 18, 18, 290, 0, 18, 41, 2879 }, // U+00A4
    { 16, 19, 252, 0, 19, 38, 2920 }, // U+00A5
    { 4, 23, 106, 1, 21, 12, 2958 }, // U+00A6
    { 16, 25, 288, 1, 19, 50, 2970 }, // U+00A7
    { 10, 4, 200, 1, 20, 5, 3020 }, // U+00A8
    { 21, 21, 366, 1, 20, 56, 3025 }, // U+00A9
    { 8, 10, 145, 0, 22, 10, 3081 }, // U+00AA
    { 16, 12, 317, 2, 13, 24, 3091 }, // U+00AB
    { 13, 8, 252, 1, 13, 13, 3115 }, // U+00AC
    { 10, 4, 195, 1, 12, 5, 3128 }, // U+00AD
    { 13, 13, 241, 1, 20, 22, 3133 }, // U+00AE
    { 8, 3, 168, 1, 19, 3, 3155 }, // U+00AF
    { 9, 8, 176, 1, 19, 9, 3158 }, // U+00B0
    { 14, 17, 252, 1, 18, 30, 3167 }, // U+00B1
    { 9, 12, 156, 0, 23, 14, 3197 }, // U+00B2
    { 9, 13, 156, 0, 23, 15, 3211 }, // U+00B3
    { 6, 6, 135, 2, 22, 5, 3226 }, // U+00B4
    { 13, 20, 242, 1, 14, 33, 3231 }, // U+00B5
    { 17, 24, 316, 1, 17, 51, 3264 }, // U+00B6
    { 5, 5, 200, 4, 12, 4, 3315 }, // U+00B7
    { 6, 6, 143, 1, 0, 5, 3319 }, // U+00B8
    { 6, 12, 126, 1, 23, 9, 3324 }, // U+00B9
    { 8, 10, 161, 1, 22, 10, 3333 }, // U+00BA
    { 16, 12, 317, 2, 13, 24, 3343 }, // U+00BB
    { 23, 20, 384, 1, 20, 58, 3367 }, // U+00BC
    { 24, 20, 406, 1, 20, 60, 3425 }, // U+00BD
    { 25, 20, 404, 0, 20, 63, 3485 }, // U+00BE
    { 13, 20, 224, 1, 14, 33, 3548 }, // U+00BF
    { 19, 26, 305, 0, 26, 62, 3581 }, // U+00C0
    { 19, 26, 305, 0, 26, 62, 3643 }, // U+00C1
    { 19, 25, 305, 0, 25, 60, 3705 }, // U+00C2
    { 19, 25, 305, 0, 25, 60, 3765 }, // U+00C3
    { 19, 25, 305, 0, 25, 60, 3825 }, // U+00C4
    { 19, 26, 306, 0, 26, 62, 3885 }, // U+00C5
    { 27, 19, 448, 0, 19, 65, 3947 }, // U+00C6
    { 17, 25, 297, 1, 19, 54, 4012 }, // U+00C7
    { 13, 26, 255, 2, 26, 43, 4066 }, // U+00C8
    { 13, 26, 255, 2, 26, 43, 4109 }, // U+00C9
    { 13, 25, 255, 2, 25, 41, 4152 }, // U+00CA
    { 13, 25, 255, 2, 25, 41, 4193 }, // U+00CB
    { 6, 26, 120, 0, 26, 20, 4234 }, // U+00CC
    { 7, 26, 120, 1, 26, 23, 4254 }, // U+00CD
    { 9, 25, 120, -1, 25, 29, 4277 }, // U+00CE
    { 11, 25, 120, -2, 25, 35, 4306 }, // U+00CF
    { 20, 19, 335, 0, 19, 48, 4341 }, // U+00D0
    { 16, 25, 313, 2, 25, 50, 4389 }, // U+00D1
    { 18, 27, 325, 1, 26, 61, 4439 }, // U+00D2
    { 18, 27, 325, 1, 26, 61, 4500 }, // U+00D3
    { 18, 26, 325, 1, 25, 59, 4561 }, // U+00D4
    { 18, 26, 325, 1, 25, 59, 4620 }, // U+00D5
    { 18, 26, 325, 1, 25, 59, 4679 }, // U+00D6
    { 14, 14, 260, 1, 16, 25, 4738 }, // U+00D7
    { 19, 25, 322, 0, 22, 60, 4763 }, // U+00D8
    { 15, 27, 306, 2, 26, 51, 4823 }, // U+00D9
    { 15, 27, 306, 2, 26, 51, 4874 }, // U+00DA
    { 15, 26, 306, 2, 25, 49, 4925 }, // U+00DB
    { 15, 26, 306, 2, 25, 49, 4974 }, // U+00DC
    { 19, 26, 298, 0, 26, 62, 5023 }, // U+00DD
    { 15, 19, 274, 2, 19, 36, 5085 }, // U+00DE
    { 15, 20, 266, 1, 19, 38, 5121 }, // U+00DF
    { 12, 23, 238, 1, 22, 35, 5159 }, // U+00E0
    { 12, 23, 238, 1, 22, 35, 5194 }, // U+00E1
    { 12, 22, 238, 1, 21, 33, 5229 }, // U+00E2
    { 12, 21, 238, 1, 20, 32, 5262 }, // U+00E3
    { 12, 21, 238, 1, 20, 32, 5294 }, // U+00E4
    { 12, 23, 238, 1, 22, 35, 5326 }, // U+00E5
    { 22, 16, 381, 1, 15, 44, 5361 }, // U+00E6
    { 13, 21, 235, 1, 15, 35, 5405 }, // U+00E7
    { 14, 23, 246, 1, 22, 41, 5440 }, // U+00E8
    { 14, 23, 246, 1, 22, 41, 5481 }, // U+00E9
    { 14, 22, 246, 1, 21, 39, 5522 }, // U+00EA
    { 14, 21, 246, 1, 20, 37, 5561 }, // U+00EB
    { 7, 22, 112, -1, 22, 20, 5598 }, // U+00EC
    { 7, 22, 112, 1, 22, 20, 5618 }, // U+00ED
    { 9, 21, 112, -1, 21, 24, 5638 }, // U+00EE
    { 10, 20, 124, -1, 20, 25, 5662 }, // U+00EF
    { 14, 21, 247, 1, 20, 37, 5687 }, // U+00F0
    { 13, 20, 254, 1, 20, 33, 5724 }, // U+00F1
    { 14, 23, 254, 1, 22, 41, 5757 }, // U+00F2
    { 14, 23, 254, 1, 22, 41, 5798 }, // U+00F3
    { 14, 22, 254, 1, 21, 39, 5839 }, // U+00F4
    { 14, 21, 254, 1, 20, 37, 5878 }, // U+00F5
    { 14, 21, 254, 1, 20, 37, 5915 }, // U+00F6
    { 13, 15, 260, 2, 17, 25, 5952 }, // U+00F7
    { 16, 18, 255, 0, 16, 36, 5977 }, // U+00F8
    { 13, 23, 254, 1, 22, 38, 6013 }, // U+00F9
    { 13, 23, 254, 1, 22, 38, 6051 }, // U+00FA
    { 13, 22, 254, 1, 21, 36, 6089 }, // U+00FB
    { 13, 21, 254, 1, 20, 35, 6125 }, // U+00FC
    { 15, 28, 241, 0, 22, 53, 6160 }, // U+00FD
    { 14, 25, 261, 1, 19, 44, 6213 }, // U+00FE
    { 15, 26, 241, 0, 20, 49, 6257 }, // U+00FF
    { 19, 24, 305, 0, 24, 57, 6306 }, // U+0100
    { 12, 20, 238, 1, 19, 30, 6363 }, // U+0101
    { 19, 25, 305, 0, 25, 60, 6393 }, // U+0102
    { 12, 22, 238, 1, 21, 33, 6453 }, // U+0103
    { 20, 25, 308, 0, 19, 63, 6486 }, // U+0104
    { 13, 21, 238, 1, 15, 35, 6549 }, // U+0105
    { 17, 27, 297, 1, 26, 58, 6584 }, // U+0106
    { 13, 23, 235, 1, 22, 38, 6642 }, // U+0107
    { 17, 26, 297, 1, 25, 56, 6680 }, // U+0108
    { 13, 22, 235, 1, 21, 36, 6736 }, // U+0109
    { 17, 26, 297, 1, 25, 56, 6772 }, // U+010A
    { 13, 22, 235, 1, 21, 36, 6828 }, // U+010B
    { 17, 26, 297, 1, 25, 56, 6864 }, // U+010C
    { 13, 22, 235, 1, 21, 36, 6920 }, // U+010D
    { 17, 25, 316, 2, 25, 54, 6956 }, // U+010E
    { 20, 21, 308, 1, 20, 53, 7010 }, // U+010F
    { 20, 19, 335, 0, 19, 48, 7063 }, // U+0110
    { 16, 20, 266, 1, 19, 40, 7111 }, // U+0111
    { 13, 24, 255, 2, 24, 39, 7151 }, // U+0112
    { 14, 20, 246, 1, 19, 35, 7190 }, // U+0113
    { 13, 25, 255, 2, 25, 41, 7225 }, // U+0114
    { 14, 22, 246, 1, 21, 39, 7266 }, // U+0115
    { 13, 25, 255, 2, 25, 41, 7305 }, // U+0116
    { 14, 22, 246, 1, 21, 39, 7346 }, // U+0117
    { 14, 25, 255, 2, 19, 44, 7385 }, // U+0118
    { 14, 21, 246, 1, 15, 37, 7429 }, // U+0119
    { 13, 25, 255, 2, 25, 41, 7466 }, // U+011A
    { 14, 22, 246, 1, 21, 39, 7507 }, // U+011B
    { 17, 26, 310, 1, 25, 56, 7546 }, // U+011C
    { 14, 27, 260, 1, 21, 48, 7602 }, // U+011D
    { 17, 26, 310, 1, 25, 56, 7650 }, // U+011E
    { 14, 27, 260, 1, 21, 48, 7706 }, // U+011F
    { 17, 26, 310, 1, 25, 56, 7754 }, // U+0120
    { 14, 27, 260, 1, 21, 48, 7810 }, // U+0121
    { 17, 28, 310, 1, 19, 60, 7858 }, // U+0122
    { 14, 30, 260, 1, 24, 53, 7918 }, // U+0123
    { 16, 25, 320, 2, 25, 50, 7971 }, // U+0124
    { 15, 25, 254, -1, 25, 47, 8021 }, // U+0125
    { 20, 19, 328, 0, 19, 48, 8068 }, // U+0126
    { 15, 19, 259, 0, 19, 36, 8116 }, // U+0127
    { 11, 25, 120, -2, 25, 35, 8152 }, // U+0128
    { 10, 20, 132, -1, 20, 25, 8187 }, // U+0129
    { 9, 24, 120, -1, 24, 27, 8212 }, // U+012A
    { 9, 19, 112, -1, 19, 22, 8239 }, // U+012B
    { 8, 25, 120, 0, 25, 25, 8261 }, // U+012C
    { 9, 21, 112, -1, 21, 24, 8286 }, // U+012D
    { 7, 25, 120, 0, 19, 22, 8310 }, // U+012E
    { 7, 27, 121, 0, 21, 24, 8332 }, // U+012F
    { 4, 25, 120, 2, 25, 13, 8356 }, // U+0130
    { 4, 14, 110, 1, 14, 7, 8369 }, // U+0131
    { 18, 20, 352, 2, 19, 45, 8376 }, // U+0132
    { 13, 26, 240, 1, 20, 43, 8421 }, // U+0133
    { 15, 26, 231, 0, 25, 49, 8464 }, // U+0134
    { 10, 27, 117, -2, 21, 34, 8513 }, // U+0135
    { 17, 28, 299, 2, 19, 60, 8547 }, // U+0136
    { 15, 28, 248, 1, 19, 53, 8607 }, // U+0137
    { 14, 15, 250, 1, 15, 27, 8660 }, // U+0138
    { 14, 26, 246, 1, 26, 46, 8687 }, // U+0139
    { 7, 27, 123, 1, 27, 24, 8733 }, // U+013A
    { 13, 28, 246, 2, 19, 46, 8757 }, // U+013B
    { 6, 28, 122, 1, 19, 21, 8803 }, // U+013C
    { 13, 20, 246, 2, 20, 33, 8824 }, // U+013D
    { 11, 20, 190, 1, 20, 28, 8857 }, // U+013E
    { 13, 19, 246, 2, 19, 31, 8885 }, // U+013F
    { 11, 19, 188, 1, 19, 27, 8916 }, // U+0140
    { 16, 19, 260, 0, 19, 38, 8943 }, // U+0141
    { 8, 19, 122, 0, 19, 19, 8981 }, // U+0142
    { 16, 26, 313, 2, 26, 52, 9000 }, // U+0143
    { 13, 22, 254, 1, 22, 36, 9052 }, // U+0144
    { 16, 28, 313, 2, 19, 56, 9088 }, // U+0145
    { 13, 24, 254, 1, 15, 39, 9144 }, // U+0146
    { 16, 25, 313, 2, 25, 50, 9183 }, // U+0147
    { 13, 21, 254, 1, 21, 35, 9233 }, // U+0148
    { 19, 19, 324, 0, 19, 46, 9268 }, // U+0149
    { 16, 26, 313, 2, 19, 52, 9314 }, // U+014A
    { 13, 22, 254, 1, 15, 36, 9366 }, // U+014B
    { 18, 25, 325, 1, 24, 57, 9402 }, // U+014C
    { 14, 20, 254, 1, 19, 35, 9459 }, // U+014D
    { 18, 26, 325, 1, 25, 59, 9494 }, // U+014E
    { 14, 22, 254, 1, 21, 39, 9553 }, // U+014F
    { 18, 27, 325, 1, 26, 61, 9592 }, // U+0150
    { 14, 23, 255, 1, 22, 41, 9653 }, // U+0151
    { 27, 20, 464, 1, 19, 68, 9694 }, // U+0152
    { 24, 16, 411, 1, 15, 48, 9762 }, // U+0153
    { 15, 26, 281, 2, 26, 49, 9810 }, // U+0154
    { 10, 22, 186, 1, 22, 28, 9859 }, // U+0155
    { 15, 28, 281, 2, 19, 53, 9887 }, // U+0156
    { 10, 24, 186, 1, 15, 30, 9940 }, // U+0157
    { 15, 25, 281, 2, 25, 47, 9970 }, // U+0158
    { 10, 21, 186, 1, 21, 27, 10017 }, // U+0159
    { 15, 27, 263, 1, 26, 51, 10044 }, // U+015A
    { 13, 23, 215, 0, 22, 38, 10095 }, // U+015B
    { 15, 26, 263, 1, 25, 49, 10133 }, // U+015C
    { 13, 22, 215, 0, 21, 36, 10182 }, // U+015D
    { 15, 25, 263, 1, 19, 47, 10218 }, // U+015E
    { 13, 21, 215, 0, 15, 35, 10265 }, // U+015F
    { 15, 26, 263, 1, 25, 49, 10300 }, // U+0160
    { 13, 22, 215, 0, 21, 36, 10349 }, // U+0161
    { 15, 25, 263, 1, 19, 47, 10385 }, // U+0162
    { 10, 24, 176, 0, 18, 30, 10432 }, // U+0163
    { 15, 25, 263, 1, 25, 47, 10462 }, // U+0164
    { 13, 22, 179, 0, 21, 36, 10509 }, // U+0165
    { 15, 19, 263, 1, 19, 36, 10545 }, // U+0166
    { 11, 19, 178, 0, 18, 27, 10581 }, // U+0167
    { 15, 26, 306, 2, 25, 49, 10608 }, // U+0168
    { 13, 21, 254, 1, 20, 35, 10657 }, // U+0169
    { 15, 25, 306, 2, 24, 47, 10692 }, // U+016A
    { 13, 20, 254, 1, 19, 33, 10739 }, // U+016B
    { 15, 26, 306, 2, 25, 49, 10772 }, // U+016C
    { 13, 22, 254, 1, 21, 36, 10821 }, // U+016D
    { 15, 27, 306, 2, 26, 51, 10857 }, // U+016E
    { 13, 23, 254, 1, 22, 38, 10908 }, // U+016F
    { 15, 27, 306, 2, 26, 51, 10946 }, // U+0170
    { 14, 23, 264, 1, 22, 41, 10997 }, // U+0171
    { 15, 25, 306, 2, 19, 47, 11038 }, // U+0172
    { 14, 20, 254, 1, 14, 35, 11085 }, // U+0173
    { 28, 25, 453, 0, 25, 88, 11120 }, // U+0174
    { 23, 21, 357, 0, 21, 61, 11208 }, // U+0175
    { 19, 25, 298, 0, 25, 60, 11269 }, // U+0176
    { 15, 27, 241, 0, 21, 51, 11329 }, // U+0177
    { 19, 25, 298, 0, 25, 60, 11380 }, // U+0178
    { 15, 26, 272, 1, 26, 49, 11440 }, // U+0179
    { 12, 22, 212, 1, 22, 33, 11489 }, // U+017A
    { 15, 25, 272, 1, 25, 47, 11522 }, // U+017B
    { 12, 21, 212, 1, 21, 32, 11569 }, // U+017C
    { 15, 25, 272, 1, 25, 47, 11601 }, // U+017D
    { 12, 21, 212, 1, 21, 32, 11648 }, // U+017E
    { 8, 19, 136, 1, 19, 19, 11680 }, // U+017F
    { 19, 24, 334, 1, 23, 57, 11699 }, // U+01A0
    { 15, 20, 254, 1, 19, 38, 11756 }, // U+01A1
    { 19, 24, 327, 2, 23, 57, 11794 }, // U+01AF
    { 17, 20, 278, 1, 19, 43, 11851 }, // U+01B0
    { 19, 25, 305, 0, 25, 60, 11894 }, // U+01CD
    { 12, 22, 238, 1, 21, 33, 11954 }, // U+01CE
    { 9, 25, 120, -1, 25, 29, 11987 }, // U+01CF
    { 9, 21, 112, -1, 21, 24, 12016 }, // U+01D0
    { 18, 26, 325, 1, 25, 59, 12040 }, // U+01D1
    { 14, 22, 254, 1, 21, 39, 12099 }, // U+01D2
    { 15, 26, 306, 2, 25, 49, 12138 }, // U+01D3
    { 13, 22, 254, 1, 21, 36, 12187 }, // U+01D4
    { 15, 29, 306, 2, 28, 55, 12223 }, // U+01D5
    { 13, 25, 254, 1, 24, 41, 12278 }, // U+01D6
    { 15, 32, 306, 2, 31, 60, 12319 }, // U+01D7
    { 13, 28, 254, 1, 27, 46, 12379 }, // U+01D8
    { 15, 31, 306, 2, 30, 59, 12425 }, // U+01D9
    { 13, 27, 254, 1, 26, 44, 12484 }, // U+01DA
    { 15, 32, 306, 2, 31, 60, 12528 }, // U+01DB
    { 13, 28, 254, 1, 27, 46, 12588 }, // U+01DC
    { 19, 20, 322, 1, 19, 48, 12634 }, // U+01E4
    { 16, 21, 276, 1, 15, 42, 12682 }, // U+01E5
    { 17, 26, 310, 1, 25, 56, 12724 }, // U+01E6
    { 14, 27, 260, 1, 21, 48, 12780 }, // U+01E7
    { 17, 25, 299, 2, 25, 54, 12828 }, // U+01E8
    { 17, 25, 248, -1, 25, 54, 12882 }, // U+01E9
    { 14, 26, 238, 0, 25, 46, 12936 }, // U+01EE
    { 14, 27, 228, 0, 21, 48, 12982 }, // U+01EF
    { 10, 27, 117, -2, 21, 34, 13030 }, // U+01F0
    { 13, 22, 254, 1, 22, 36, 13064 }, // U+01F9
    { 19, 30, 306, 0, 30, 72, 13100 }, // U+01FA
    { 12, 30, 238, 1, 29, 45, 13172 }, // U+01FB
    { 27, 26, 448, 0, 26, 88, 13217 }, // U+01FC
    { 22, 23, 381, 1, 22, 64, 13305 }, // U+01FD
    { 19, 29, 322, 0, 26, 69, 13369 }, // U+01FE
    { 16, 24, 255, 0, 22, 48, 13438 }, // U+01FF
    { 15, 28, 263, 1, 19, 53, 13486 }, // U+0218
    { 13, 24, 215, 0, 15, 39, 13539 }, // U+0219
    { 15, 28, 263, 1, 19, 53, 13578 }, // U+021A
    { 10, 27, 176, 0, 18, 34, 13631 }, // U+021B
    { 16, 25, 320, 2, 25, 50, 13665 }, // U+021E
    { 15, 25, 254, -1, 25, 47, 13715 }, // U+021F
    { 6, 6, 0, -8, 22, 5, 13762 }, // U+0300
    { 6, 6, 0, -7, 22, 5, 13767 }, // U+0301
    { 9, 6, 0, -10, 21, 7, 13772 }, // U+0302
    { 11, 5, 0, -12, 20, 7, 13779 }, // U+0303
    { 8, 3, 0, -9, 19, 3, 13786 }, // U+0304
    { 16, 3, 0, -17, 24, 6, 13789 }, // U+0305
    { 8, 5, 0, -9, 21, 5, 13795 }, // U+0306
    { 4, 5, 0, -5, 21, 3, 13800 }, // U+0307
    { 10, 4, 0, -11, 20, 5, 13803 }, // U+0308
    { 6, 5, 0, -12, 25, 4, 13808 }, // U+0309
    { 6, 7, 0, -7, 22, 6, 13812 }, // U+030A
    { 11, 7, 0, -12, 22, 10, 13818 }, // U+030B
    { 9, 5, 0, -10, 21, 6, 13828 }, // U+030C
    { 12, 6, 0, -13, 22, 9, 13834 }, // U+030F
    { 4, 8, 0, -5, 24, 4, 13843 }, // U+0312
    { 7, 6, 0, -8, -2, 6, 13847 }, // U+0318
    { 7, 6, 0, -8, -2, 6, 13853 }, // U+0319
    { 7, 5, 0, -8, 25, 5, 13859 }, // U+031A
    { 3, 6, 0, -4, -2, 3, 13864 }, // U+031C
    { 7, 6, 0, -8, -2, 6, 13867 }, // U+031D
    { 7, 6, 0, -8, -2, 6, 13873 }, // U+031E
    { 7, 6, 0, -8, -2, 6, 13879 }, // U+031F
    { 7, 2, 0, -8, -4, 2, 13885 }, // U+0320
    { 5, 5, 0, -6, -2, 4, 13887 }, // U+0323
    { 10, 5, 0, -11, -2, 7, 13891 }, // U+0324
    { 6, 6, 0, -7, -2, 5, 13898 }, // U+0325
    { 4, 7, 0, -5, -2, 4, 13903 }, // U+0326
    { 6, 6, 0, -8, 0, 5, 13907 }, // U+0327
    { 7, 6, 0, -8, 0, 6, 13912 }, // U+0328
    { 3, 6, 0, -5, -2, 3, 13918 }, // U+0329
    { 9, 5, 0, -10, -2, 6, 13921 }, // U+032A
    { 9, 5, 0, -10, -2, 6, 13927 }, // U+032C
    { 11, 5, 0, -12, -2, 7, 13933 }, // U+0330
    { 16, 2, 0, -17, -4, 4, 13940 }, // U+0332
    { 11, 5, 0, -12, 11, 7, 13944 }, // U+0334
    { 3, 6, 0, -4, -2, 3, 13951 }, // U+0339
    { 9, 5, 0, -10, -2, 6, 13954 }, // U+033A
    { 7, 6, 0, -8, -2, 6, 13960 }, // U+033B
    { 11, 4, 0, -12, -2, 6, 13966 }, // U+033C
    { 7, 7, 0, -8, 23, 7, 13972 }, // U+033D
    { 9, 4, 0, -10, 20, 5, 13979 }, // U+0346
    { 15, 6, 0, -16, -2, 12, 13984 }, // U+0347
    { 7, 6, 0, -9, -2, 6, 13996 }, // U+0348
    { 7, 6, 0, -8, -2, 6, 14002 }, // U+0349
    { 11, 6, 0, -12, 21, 9, 14008 }, // U+034A
    { 11, 11, 0, -12, 26, 16, 14017 }, // U+034B
    { 10, 7, 0, -11, 22, 9, 14033 }, // U+034C
    { 9, 6, 0, -10, -2, 7, 14042 }, // U+034D
    { 6, 6, 0, -7, -2, 5, 14049 }, // U+034E
    { 22, 6, 0, -22, -1, 17, 14054 }, // U+035C
    { 22, 6, 0, -22, 22, 17, 14071 }, // U+0361
    { 17, 6, 0, -18, -2, 13, 14088 }, // U+0362
    { 13, 26, 255, 2, 26, 43, 14101 }, // U+0400
    { 13, 25, 255, 2, 25, 41, 14144 }, // U+0401
    { 20, 20, 354, 1, 19, 50, 14185 }, // U+0402
    { 12, 26, 233, 2, 26, 39, 14235 }, // U+0403
    { 17, 20, 296, 1, 19, 43, 14274 }, // U+0404
    { 15, 20, 263, 1, 19, 38, 14317 }, // U+0405
    { 4, 19, 120, 2, 19, 10, 14355 }, // U+0406
    { 11, 25, 140, -1, 25, 35, 14365 }, // U+0407
    { 12, 20, 224, 0, 19, 30, 14400 }, // U+0408
    { 29, 20, 480, 0, 19, 73, 14430 }, // U+0409
    { 27, 19, 477, 2, 19, 65, 14503 }, // U+040A
    { 20, 19, 364, 1, 19, 48, 14568 }, // U+040B
    { 17, 26, 303, 2, 26, 56, 14616 }, // U+040C
    { 16, 26, 313, 2, 26, 52, 14672 }, // U+040D
    { 18, 25, 288, 0, 25, 57, 14724 }, // U+040E
    { 15, 23, 305, 2, 19, 44, 14781 }, // U+040F
    { 19, 19, 310, 0, 19, 46, 14825 }, // U+0410
    { 15, 19, 279, 2, 19, 36, 14871 }, // U+0411
    { 15, 19, 288, 2, 19, 36, 14907 }, // U+0412
    { 12, 19, 232, 2, 19, 29, 14943 }, // U+0413
    { 22, 23, 349, 0, 19, 64, 14972 }, // U+0414
    { 13, 19, 255, 2, 19, 31, 15036 }, // U+0415
    { 30, 19, 472, 0, 19, 72, 15067 }, // U+0416
    { 15, 20, 254, 0, 19, 38, 15139 }, // U+0417
    { 16, 19, 313, 2, 19, 38, 15177 }, // U+0418
    { 16, 25, 313, 2, 25, 50, 15215 }, // U+0419
    { 17, 19, 296, 2, 19, 41, 15265 }, // U+041A
    { 19, 20, 323, 0, 19, 48, 15306 }, // U+041B
    { 20, 19, 382, 2, 19, 48, 15354 }, // U+041C
    { 16, 19, 320, 2, 19, 38, 15402 }, // U+041D
    { 18, 20, 325, 1, 19, 45, 15440 }, // U+041E
    { 15, 19, 305, 2, 19, 36, 15485 }, // U+041F
    { 15, 19, 274, 2, 19, 36, 15521 }, // U+0420
    { 17, 20, 302, 1, 19, 43, 15557 }, // U+0421
    { 15, 19, 263, 1, 19, 36, 15600 }, // U+0422
    { 18, 19, 288, 0, 19, 43, 15636 }, // U+0423
    { 20, 19, 355, 1, 19, 48, 15679 }, // U+0424
    { 19, 19, 313, 0, 19, 46, 15727 }, // U+0425
    { 18, 23, 330, 2, 19, 52, 15773 }, // U+0426
    { 16, 19, 301, 1, 19, 38, 15825 }, // U+0427
    { 25, 19, 455, 2, 19, 60, 15863 }, // U+0428
    { 28, 23, 482, 2, 19, 81, 15923 }, // U+0429
    { 20, 19, 316, -1, 19, 48, 16004 }, // U+042A
    { 21, 19, 393, 2, 19, 50, 16052 }, // U+042B
    { 15, 19, 278, 2, 19, 36, 16102 }, // U+042C
    { 17, 20, 296, 1, 19, 43, 16138 }, // U+042D
    { 25, 20, 445, 2, 19, 63, 16181 }, // U+042E
    { 16, 19, 281, 0, 19, 38, 16244 }, // U+042F
    { 12, 16, 238, 1, 15, 24, 16282 }, // U+0430
    { 14, 22, 258, 1, 21, 39, 16306 }, // U+0431
    { 13, 14, 243, 1, 14, 23, 16345 }, // U+0432
    { 11, 14, 205, 1, 14, 20, 16368 }, // U+0433
    { 17, 18, 283, 0, 14, 39, 16388 }, // U+0434
    { 14, 16, 246, 1, 15, 28, 16427 }, // U+0435
    { 23, 14, 368, 0, 14, 41, 16455 }, // U+0436
    { 13, 16, 218, 0, 15, 26, 16496 }, // U+0437
    { 14, 14, 262, 1, 14, 25, 16522 }, // U+0438
    { 14, 21, 264, 1, 21, 37, 16547 }, // U+0439
    { 15, 14, 247, 1, 14, 27, 16584 }, // U+043A
    { 14, 15, 267, 1, 14, 27, 16611 }, // U+043B
    { 17, 14, 318, 1, 14, 30, 16638 }, // U+043C
    { 14, 14, 257, 1, 14, 25, 16668 }, // U+043D
    { 14, 16, 254, 1, 15, 28, 16693 }, // U+043E
    { 14, 14, 257, 1, 14, 25, 16721 }, // U+043F
    { 14, 21, 261, 1, 15, 37, 16746 }, // U+0440
    { 13, 16, 235, 1, 15, 26, 16783 }, // U+0441
    { 12, 14, 219, 1, 14, 21, 16809 }, // U+0442
    { 15, 20, 241, 0, 14, 38, 16830 }, // U+0443
    { 18, 25, 320, 1, 19, 57, 16868 }, // U+0444
    { 15, 14, 234, 0, 14, 27, 16925 }, // U+0445
    { 16, 18, 282, 1, 14, 36, 16952 }, // U+0446
    { 13, 14, 247, 1, 14, 23, 16988 }, // U+0447
    { 21, 14, 370, 1, 14, 37, 17011 }, // U+0448
    { 24, 18, 396, 1, 14, 54, 17048 }, // U+0449
    { 17, 14, 282, 0, 14, 30, 17102 }, // U+044A
    { 20, 14, 352, 1, 14, 35, 17132 }, // U+044B
    { 14, 14, 244, 1, 14, 25, 17167 }, // U+044C
    { 13, 16, 232, 1, 15, 26, 17192 }, // U+044D
    { 21, 16, 367, 1, 15, 42, 17218 }, // U+044E
    { 14, 14, 244, 0, 14, 25, 17260 }, // U+044F
    { 14, 23, 246, 1, 22, 41, 17285 }, // U+0450
    { 14, 21, 246, 1, 20, 37, 17326 }, // U+0451
    { 15, 25, 259, 0, 19, 47, 17363 }, // U+0452
    { 11, 22, 205, 1, 22, 31, 17410 }, // U+0453
    { 13, 16, 232, 1, 15, 26, 17441 }, // U+0454
    { 13, 16, 215, 0, 15, 26, 17467 }, // U+0455
    { 5, 20, 119, 1, 20, 13, 17493 }, // U+0456
    { 10, 20, 125, -1, 20, 25, 17506 }, // U+0457
    { 8, 26, 120, -2, 20, 26, 17531 }, // U+0458
    { 23, 15, 401, 1, 14, 44, 17557 }, // U+0459
    { 23, 14, 391, 1, 14, 41, 17601 }, // U+045A
    { 15, 19, 258, 0, 19, 36, 17642 }, // U+045B
    { 15, 22, 253, 1, 22, 42, 17678 }, // U+045C
    { 14, 22, 264, 1, 22, 39, 17720 }, // U+045D
    { 16, 27, 257, 0, 21, 54, 17759 }, // U+045E
    { 14, 18, 257, 1, 14, 32, 17813 }, // U+045F
    { 19, 19, 322, 0, 19, 46, 17845 }, // U+0462
    { 17, 19, 276, 0, 19, 41, 17891 }, // U+0463
    { 21, 19, 372, 1, 19, 50, 17932 }, // U+046A
    { 17, 14, 303, 1, 14, 30, 17982 }, // U+046B
    { 18, 20, 325, 1, 19, 45, 18012 }, // U+0472
    { 14, 16, 254, 1, 15, 28, 18057 }, // U+0473
    { 22, 20, 355, 0, 20, 55, 18085 }, // U+0474
    { 17, 15, 272, 0, 15, 32, 18140 }, // U+0475
    { 12, 23, 239, 2, 23, 35, 18172 }, // U+0490
    { 11, 18, 205, 1, 18, 25, 18207 }, // U+0491
    { 15, 19, 246, 0, 19, 36, 18232 }, // U+0492
    { 12, 14, 228, 1, 14, 21, 18268 }, // U+0493
    { 25, 18, 401, 0, 14, 57, 18289 }, // U+0497
    { 17, 23, 314, 2, 19, 49, 18346 }, // U+049A
    { 16, 18, 272, 1, 14, 36, 18395 }, // U+049B
    { 19, 19, 327, 2, 19, 46, 18431 }, // U+049C
    { 15, 14, 262, 1, 14, 27, 18477 }, // U+049D
    { 19, 23, 347, 2, 19, 55, 18504 }, // U+04A2
    { 16, 18, 282, 1, 14, 36, 18559 }, // U+04A3
    { 19, 19, 298, 0, 19, 46, 18595 }, // U+04AE
    { 15, 20, 236, 0, 14, 38, 18641 }, // U+04AF
    { 19, 19, 304, 0, 19, 46, 18679 }, // U+04B0
    { 16, 20, 251, 0, 14, 40, 18725 }, // U+04B1
    { 21, 23, 337, 0, 19, 61, 18765 }, // U+04B2
    { 17, 18, 270, 0, 14, 39, 18826 }, // U+04B3
    { 19, 23, 328, 1, 19, 55, 18865 }, // U+04B6
    { 16, 18, 272, 1, 14, 36, 18920 }, // U+04B7
    { 16, 19, 305, 1, 19, 38, 18956 }, // U+04B8
    { 13, 14, 247, 1, 14, 23, 18994 }, // U+04B9
    { 15, 19, 291, 2, 19, 36, 19017 }, // U+04BA
    { 13, 19, 254, 1, 19, 31, 19053 }, // U+04BB
    { 16, 18, 282, 1, 14, 36, 19084 }, // U+04CA
    { 17, 20, 303, 1, 19, 43, 19120 }, // U+04D8
    { 14, 16, 246, 1, 15, 28, 19163 }, // U+04D9
    { 16, 24, 313, 2, 24, 48, 19191 }, // U+04E2
    { 14, 19, 262, 1, 19, 34, 19239 }, // U+04E3
    { 18, 20, 325, 1, 19, 45, 19273 }, // U+04E8
    { 14, 16, 254, 1, 15, 28, 19318 }, // U+04E9
    { 18, 24, 288, 0, 24, 54, 19346 }, // U+04EE
    { 15, 25, 241, 0, 19, 47, 19400 }, // U+04EF
    { 19, 26, 305, 0, 19, 62, 19447 }, // U+1EA0
    { 12, 22, 238, 1, 15, 33, 19509 }, // U+1EA1
    { 19, 25, 305, 0, 25, 60, 19542 }, // U+1EA2
    { 12, 23, 238, 1, 22, 35, 19602 }, // U+1EA3
    { 19, 29, 305, 0, 29, 69, 19637 }, // U+1EA4
    { 15, 27, 237, 1, 26, 51, 19706 }, // U+1EA5
    { 19, 29, 305, 0, 29, 69, 19757 }, // U+1EA6
    { 13, 27, 237, 1, 26, 44, 19826 }, // U+1EA7
    { 19, 29, 305, 0, 29, 69, 19870 }, // U+1EA8
    { 14, 27, 243, 1, 26, 48, 19939 }, // U+1EA9
    { 19, 29, 305, 0, 29, 69, 19987 }, // U+1EAA
    { 12, 27, 238, 1, 26, 41, 20056 }, // U+1EAB
    { 19, 32, 305, 0, 25, 76, 20097 }, // U+1EAC
    { 12, 28, 238, 1, 21, 42, 20173 }, // U+1EAD
    { 19, 29, 305, 0, 29, 69, 20215 }, // U+1EAE
    { 12, 28, 238, 1, 27, 42, 20284 }, // U+1EAF
    { 19, 29, 305, 0, 29, 69, 20326 }, // U+1EB0
    { 12, 28, 238, 1, 27, 42, 20395 }, // U+1EB1
    { 19, 29, 305, 0, 29, 69, 20437 }, // U+1EB2
    { 12, 28, 238, 1, 27, 42, 20506 }, // U+1EB3
    { 19, 29, 305, 0, 29, 69, 20548 }, // U+1EB4
    { 12, 28, 238, 1, 27, 42, 20617 }, // U+1EB5
    { 19, 32, 305, 0, 25, 76, 20659 }, // U+1EB6
    { 12, 28, 238, 1, 21, 42, 20735 }, // U+1EB7
    { 13, 26, 255, 2, 19, 43, 20777 }, // U+1EB8
    { 14, 22, 246, 1, 15, 39, 20820 }, // U+1EB9
    { 13, 25, 255, 2, 25, 41, 20859 }, // U+1EBA
    { 14, 23, 246, 1, 22, 41, 20900 }, // U+1EBB
    { 13, 25, 255, 2, 25, 41, 20941 }, // U+1EBC
    { 14, 21, 246, 1, 20, 37, 20982 }, // U+1EBD
    { 15, 29, 280, 2, 29, 55, 21019 }, // U+1EBE
    { 16, 27, 246, 1, 26, 54, 21074 }, // U+1EBF
    { 13, 29, 255, 2, 29, 48, 21128 }, // U+1EC0
    { 14, 27, 248, 1, 26, 48, 21176 }, // U+1EC1
    { 14, 29, 267, 2, 29, 51, 21224 }, // U+1EC2
    { 14, 27, 246, 1, 26, 48, 21275 }, // U+1EC3
    { 13, 29, 255, 2, 29, 48, 21323 }, // U+1EC4
    { 14, 27, 246, 1, 26, 48, 21371 }, // U+1EC5
    { 13, 32, 255, 2, 25, 52, 21419 }, // U+1EC6
    { 14, 28, 246, 1, 21, 49, 21471 }, // U+1EC7
    { 6, 25, 120, 1, 25, 19, 21520 }, // U+1EC8
    { 7, 22, 112, 0, 22, 20, 21539 }, // U+1EC9
    { 5, 26, 120, 1, 19, 17, 21559 }, // U+1ECA
    { 5, 29, 120, 1, 21, 19, 21576 }, // U+1ECB
    { 18, 26, 325, 1, 19, 59, 21595 }, // U+1ECC
    { 14, 22, 254, 1, 15, 39, 21654 }, // U+1ECD
    { 18, 26, 325, 1, 25, 59, 21693 }, // U+1ECE
    { 14, 23, 254, 1, 22, 41, 21752 }, // U+1ECF
    { 18, 30, 325, 1, 29, 68, 21793 }, // U+1ED0
    { 16, 27, 254, 1, 26, 54, 21861 }, // U+1ED1
    { 18, 30, 325, 1, 29, 68, 21915 }, // U+1ED2
    { 14, 27, 254, 1, 26, 48, 21983 }, // U+1ED3
    { 18, 30, 325, 1, 29, 68, 22031 }, // U+1ED4
    { 15, 27, 264, 1, 26, 51, 22099 }, // U+1ED5
    { 18, 30, 325, 1, 29, 68, 22150 }, // U+1ED6
    { 14, 27, 255, 1, 26, 48, 22218 }, // U+1ED7
    { 18, 32, 325, 1, 25, 72, 22266 }, // U+1ED8
    { 14, 28, 254, 1, 21, 49, 22338 }, // U+1ED9
    { 19, 27, 334, 1, 26, 65, 22387 }, // U+1EDA
    { 15, 23, 254, 1, 22, 44, 22452 }, // U+1EDB
    { 19, 27, 334, 1, 26, 65, 22496 }, // U+1EDC
    { 15, 23, 254, 1, 22, 44, 22561 }, // U+1EDD
    { 19, 26, 334, 1, 25, 62, 22605 }, // U+1EDE
    { 15, 23, 254, 1, 22, 44, 22667 }, // U+1EDF
    { 19, 26, 334, 1, 25, 62, 22711 }, // U+1EE0
    { 15, 21, 254, 1, 20, 40, 22773 }, // U+1EE1
    { 19, 30, 334, 1, 23, 72, 22813 }, // U+1EE2
    { 15, 26, 254, 1, 19, 49, 22885 }, // U+1EE3
    { 15, 26, 306, 2, 19, 49, 22934 }, // U+1EE4
    { 13, 21, 254, 1, 14, 35, 22983 }, // U+1EE5
    { 15, 26, 306, 2, 25, 49, 23018 }, // U+1EE6
    { 13, 23, 254, 1, 22, 38, 23067 }, // U+1EE7
    { 19, 27, 327, 2, 26, 65, 23105 }, // U+1EE8
    { 17, 23, 278, 1, 22, 49, 23170 }, // U+1EE9
    { 19, 27, 327, 2, 26, 65, 23219 }, // U+1EEA
    { 17, 23, 278, 1, 22, 49, 23284 }, // U+1EEB
    { 19, 26, 327, 2, 25, 62, 23333 }, // U+1EEC
    { 17, 23, 278, 1, 22, 49, 23395 }, // U+1EED
    { 19, 26, 327, 2, 25, 62, 23444 }, // U+1EEE
    { 17, 21, 278, 1, 20, 45, 23506 }, // U+1EEF
    { 19, 31, 327, 2, 23, 74, 23551 }, // U+1EF0
    { 17, 26, 278, 1, 19, 56, 23625 }, // U+1EF1
    { 19, 26, 298, 0, 26, 62, 23681 }, // U+1EF2
    { 15, 28, 241, 0, 22, 53, 23743 }, // U+1EF3
    { 19, 27, 298, 0, 19, 65, 23796 }, // U+1EF4
    { 15, 21, 244, 0, 14, 40, 23861 }, // U+1EF5
    { 19, 25, 298, 0, 25, 60, 23901 }, // U+1EF6
    { 15, 28, 241, 0, 22, 53, 23961 }, // U+1EF7
    { 19, 25, 298, 0, 25, 60, 24014 }, // U+1EF8
    { 15, 26, 241, 0, 20, 49, 24074 }, // U+1EF9
    { 1, 1, 133, 0, 1, 1, 24123 }, // U+2004
    { 1, 1, 100, 0, 1, 1, 24124 }, // U+2005
    { 1, 1, 67, 0, 1, 1, 24125 }, // U+2006
    { 1, 1, 80, 0, 1, 1, 24126 }, // U+2009
    { 1, 1, 57, 0, 1, 1, 24127 }, // U+200A
    { 10, 4, 195, 1, 12, 5, 24128 }, // U+2010
    { 13, 4, 200, 0, 12, 7, 24133 }, // U+2013
    { 25, 4, 400, 0, 12, 13, 24140 }, // U+2014
    { 25, 4, 400, 0, 12, 13, 24153 }, // U+2015
    { 11, 23, 213, 1, 21, 32, 24166 }, // U+2016
    { 5, 9, 110, 1, 23, 6, 24198 }, // U+2018
    { 4, 9, 110, 1, 22, 5, 24204 }, // U+2019
    { 4, 8, 110, 1, 3, 4, 24209 }, // U+201A
    { 10, 9, 189, 1, 23, 12, 24213 }, // U+201C
    { 9, 9, 189, 1, 22, 11, 24225 }, // U+201D
    { 9, 8, 189, 1, 3, 9, 24236 }, // U+201E
    { 11, 17, 203, 1, 20, 24, 24245 }, // U+2020
    { 11, 17, 203, 1, 20, 24, 24269 }, // U+2021
    { 9, 9, 400, 8, 14, 11, 24293 }, // U+2022
    { 17, 4, 400, 4, 4, 9, 24304 }, // U+2025
    { 21, 4, 400, 2, 4, 11, 24313 }, // U+2026
    { 1, 1, 240, 0, 1, 1, 24324 }, // U+2028
    { 1, 1, 240, 0, 1, 1, 24325 }, // U+2029
    { 32, 19, 520, 0, 19, 76, 24326 }, // U+2030
    { 42, 19, 673, 0, 19, 100, 24402 }, // U+2031
    { 5, 8, 138, 2, 22, 5, 24502 }, // U+2032
    { 10, 8, 223, 2, 22, 10, 24507 }, // U+2033
    { 16, 8, 307, 2, 22, 16, 24517 }, // U+2034
    { 5, 8, 138, 2, 22, 5, 24533 }, // U+2035
    { 10, 8, 223, 2, 22, 10, 24538 }, // U+2036
    { 16, 8, 307, 2, 22, 16, 24548 }, // U+2037
    { 9, 12, 202, 2, 13, 14, 24564 }, // U+2039
    { 9, 12, 202, 2, 13, 14, 24578 }, // U+203A
    { 21, 21, 400, 2, 20, 56, 24592 }, // U+203B
    { 13, 19, 265, 2, 19, 31, 24648 }, // U+203C
    { 25, 3, 400, 0, 19, 10, 24679 }, // U+203E
    { 22, 6, 354, 0, -1, 17, 24689 }, // U+203F
    { 21, 19, 372, 1, 19, 50, 24706 }, // U+2042
    { 11, 4, 400, 7, 12, 6, 24756 }, // U+2043
    { 18, 20, 124, -5, 20, 45, 24762 }, // U+2044
    { 27, 19, 438, 0, 19, 65, 24807 }, // U+2047
    { 20, 19, 344, 0, 19, 48, 24872 }, // U+2048
    { 18, 19, 334, 2, 19, 43, 24920 }, // U+2049
    { 9, 8, 180, 1, 8, 9, 24963 }, // U+204E
    { 9, 19, 180, 1, 19, 22, 24972 }, // U+2051
    { 13, 13, 240, 1, 16, 22, 24994 }, // U+2055
    { 1, 1, 240, 0, 1, 1, 25016 }, // U+2060
    { 1, 1, 240, 0, 1, 1, 25017 }, // U+2061
    { 1, 1, 240, 0, 1, 1, 25018 }, // U+2062
    { 1, 1, 240, 0, 1, 1, 25019 }, // U+2063
    { 1, 1, 240, 0, 1, 1, 25020 }, // U+2064
    { 1, 1, 240, 0, 1, 1, 25021 }, // U+2066
    { 1, 1, 240, 0, 1, 1, 25022 }, // U+2067
    { 1, 1, 240, 0, 1, 1, 25023 }, // U+2068
    { 1, 1, 240, 0, 1, 1, 25024 }, // U+2069
    { 9, 13, 171, 1, 23, 15, 25025 }, // U+2070
    { 3, 13, 72, 1, 27, 5, 25040 }, // U+2071
    { 10, 12, 171, 0, 23, 15, 25045 }, // U+2074
    { 9, 13, 161, 0, 23, 15, 25060 }, // U+2075
    { 9, 13, 169, 1, 23, 15, 25075 }, // U+2076
    { 8, 12, 159, 1, 23, 12, 25090 }, // U+2077
    { 9, 13, 168, 1, 23, 15, 25102 }, // U+2078
    { 9, 12, 169, 1, 23, 14, 25117 }, // U+2079
    { 7, 7, 150, 1, 22, 7, 25131 }, // U+207A
    { 7, 3, 150, 1, 20, 3, 25138 }, // U+207B
    { 7, 9, 146, 1, 23, 8, 25141 }, // U+207F
    { 9, 13, 171, 1, 12, 15, 25149 }, // U+2080
    { 6, 12, 126, 1, 12, 9, 25164 }, // U+2081
    { 9, 12, 156, 0, 12, 14, 25173 }, // U+2082
    { 9, 13, 156, 0, 12, 15, 25187 }, // U+2083
    { 10, 12, 171, 0, 12, 15, 25202 }, // U+2084
    { 9, 13, 161, 0, 12, 15, 25217 }, // U+2085
    { 9, 13, 169, 1, 12, 15, 25232 }, // U+2086
    { 8, 12, 159, 1, 12, 12, 25247 }, // U+2087
    { 9, 13, 168, 1, 12, 15, 25259 }, // U+2088
    { 9, 12, 169, 1, 12, 14, 25274 }, // U+2089
    { 7, 23, 152, 2, 21, 21, 25288 }, // U+208D
    { 7, 23, 152, 1, 21, 21, 25309 }, // U+208E
    { 15, 19, 252, 0, 19, 36, 25330 }, // U+20A3
    { 14, 19, 252, 1, 19, 34, 25366 }, // U+20A4
    { 26, 20, 454, 2, 19, 65, 25400 }, // U+20A8
    { 24, 19, 391, 0, 19, 57, 25465 }, // U+20A9
    { 16, 25, 266, 1, 20, 50, 25522 }, // U+20AB
    { 16, 20, 265, 0, 19, 40, 25572 }, // U+20AC
    { 16, 19, 253, 0, 19, 38, 25612 }, // U+20AE
    { 16, 19, 252, 0, 19, 38, 25650 }, // U+20B1
    { 16, 19, 252, 0, 19, 38, 25688 }, // U+20B8
    { 14, 19, 252, 1, 19, 34, 25726 }, // U+20B9
    { 15, 19, 253, 0, 19, 36, 25760 }, // U+20BA
    { 16, 19, 252, 0, 19, 38, 25796 }, // U+20BD
    { 15, 24, 280, 2, 21, 45, 25834 }, // U+20BF
    { 23, 12, 400, 1, 16, 35, 25879 }, // U+2190
    { 11, 23, 400, 7, 21, 32, 25914 }, // U+2191
    { 23, 12, 400, 1, 16, 35, 25946 }, // U+2192
    { 11, 23, 400, 7, 21, 32, 25981 }, // U+2193
    { 17, 18, 400, 4, 18, 39, 26013 }, // U+2196
    { 17, 18, 400, 4, 18, 39, 26052 }, // U+2197
    { 17, 18, 400, 4, 18, 39, 26091 }, // U+2198
    { 17, 18, 400, 4, 18, 39, 26130 }, // U+2199
    { 23, 21, 400, 1, 20, 61, 26169 }, // U+21C4
    { 14, 21, 247, 1, 20, 37, 26230 }, // U+2202
    { 17, 19, 302, 1, 19, 41, 26267 }, // U+2206
    { 14, 17, 260, 1, 18, 30, 26308 }, // U+2208
    { 15, 19, 304, 2, 19, 36, 26338 }, // U+220F
    { 14, 19, 258, 1, 19, 34, 26374 }, // U+2211
    { 13, 4, 260, 2, 11, 7, 26408 }, // U+2212
    { 10, 19, 260, 4, 19, 24, 26415 }, // U+2215
    { 16, 19, 260, 0, 19, 38, 26439 }, // U+221A
    { 19, 11, 335, 1, 15, 27, 26477 }, // U+221D
    { 23, 11, 395, 1, 15, 32, 26504 }, // U+221E
    { 20, 20, 400, 3, 20, 50, 26536 }, // U+221F
    { 21, 19, 400, 2, 19, 50, 26586 }, // U+2220
    { 4, 20, 222, 5, 20, 10, 26636 }, // U+2223
    { 16, 19, 260, 1, 19, 38, 26646 }, // U+2225
    { 19, 19, 310, 0, 19, 46, 26684 }, // U+2227
    { 19, 19, 312, 0, 19, 46, 26730 }, // U+2228
    { 15, 19, 306, 2, 19, 36, 26776 }, // U+2229
    { 15, 20, 306, 2, 19, 38, 26812 }, // U+222A
    { 12, 27, 260, 2, 23, 41, 26850 }, // U+222B
    { 14, 27, 260, 1, 23, 48, 26891 }, // U+222E
    { 15, 15, 260, 1, 17, 29, 26939 }, // U+2234
    { 15, 15, 260, 1, 17, 29, 26968 }, // U+2235
    { 4, 15, 260, 6, 17, 8, 26997 }, // U+2236
    { 15, 15, 260, 1, 17, 29, 27005 }, // U+2237
    { 14, 5, 260, 1, 12, 9, 27034 }, // U+223C
    { 14, 7, 260, 1, 13, 13, 27043 }, // U+223D
    { 15, 11, 260, 1, 15, 21, 27056 }, // U+2248
    { 14, 16, 260, 1, 18, 28, 27077 }, // U+224C
    { 13, 21, 260, 2, 20, 35, 27105 }, // U+2252
    { 13, 17, 260, 2, 18, 28, 27140 }, // U+2260
    { 13, 17, 260, 2, 18, 28, 27168 }, // U+2261
    { 13, 17, 260, 2, 18, 28, 27196 }, // U+2264
    { 13, 17, 260, 2, 18, 28, 27224 }, // U+2265
    { 13, 19, 260, 2, 19, 31, 27252 }, // U+2266
    { 13, 19, 260, 2, 19, 31, 27283 }, // U+2267
    { 13, 18, 260, 2, 19, 30, 27314 }, // U+226E
    { 13, 18, 260, 2, 18, 30, 27344 }, // U+226F
    { 23, 23, 400, 1, 21, 67, 27374 }, // U+2295
    { 23, 23, 400, 1, 21, 67, 27441 }, // U+2299
    { 21, 19, 400, 2, 19, 50, 27508 }, // U+22A5
    { 21, 21, 400, 2, 21, 56, 27558 }, // U+22BF
};

static const EpdUnicodeInterval misans_latin_12_boldIntervals[] = {
    { 0x1, 0x1, 0x0 },
    { 0xA, 0xA, 0x1 },
    { 0xD, 0xD, 0x2 },
    { 0x20, 0x7F, 0x3 },
    { 0xA0, 0x17F, 0x63 },
    { 0x1A0, 0x1A1, 0x143 },
    { 0x1AF, 0x1B0, 0x145 },
    { 0x1CD, 0x1DC, 0x147 },
    { 0x1E4, 0x1E9, 0x157 },
    { 0x1EE, 0x1F0, 0x15D },
    { 0x1F9, 0x1FF, 0x160 },
    { 0x218, 0x21B, 0x167 },
    { 0x21E, 0x21F, 0x16B },
    { 0x300, 0x30C, 0x16D },
    { 0x30F, 0x30F, 0x17A },
    { 0x312, 0x312, 0x17B },
    { 0x318, 0x31A, 0x17C },
    { 0x31C, 0x320, 0x17F },
    { 0x323, 0x32A, 0x184 },
    { 0x32C, 0x32C, 0x18C },
    { 0x330, 0x330, 0x18D },
    { 0x332, 0x332, 0x18E },
    { 0x334, 0x334, 0x18F },
    { 0x339, 0x33D, 0x190 },
    { 0x346, 0x34E, 0x195 },
    { 0x35C, 0x35C, 0x19E },
    { 0x361, 0x362, 0x19F },
    { 0x400, 0x45F, 0x1A1 },
    { 0x462, 0x463, 0x201 },
    { 0x46A, 0x46B, 0x203 },
    { 0x472, 0x475, 0x205 },
    { 0x490, 0x493, 0x209 },
    { 0x497, 0x497, 0x20D },
    { 0x49A, 0x49D, 0x20E },
    { 0x4A2, 0x4A3, 0x212 },
    { 0x4AE, 0x4B3, 0x214 },
    { 0x4B6, 0x4BB, 0x21A },
    { 0x4CA, 0x4CA, 0x220 },
    { 0x4D8, 0x4D9, 0x221 },
    { 0x4E2, 0x4E3, 0x223 },
    { 0x4E8, 0x4E9, 0x225 },
    { 0x4EE, 0x4EF, 0x227 },
    { 0x1EA0, 0x1EF9, 0x229 },
    { 0x2004, 0x2006, 0x283 },
    { 0x2009, 0x200A, 0x286 },
    { 0x2010, 0x2010, 0x288 },
    { 0x2013, 0x2016, 0x289 },
    { 0x2018, 0x201A, 0x28D },
    { 0x201C, 0x201E, 0x290 },
    { 0x2020, 0x2022, 0x293 },
    { 0x2025, 0x2026, 0x296 },
    { 0x2028, 0x2029, 0x298 },
    { 0x2030, 0x2037, 0x29A },
    { 0x2039, 0x203C, 0x2A2 },
    { 0x203E, 0x203F, 0x2A6 },
    { 0x2042, 0x2044, 0x2A8 },
    { 0x2047, 0x2049, 0x2AB },
    { 0x204E, 0x204E, 0x2AE },
    { 0x2051, 0x2051, 0x2AF },
    { 0x2055, 0x2055, 0x2B0 },
    { 0x2060, 0x2064, 0x2B1 },
    { 0x2066, 0x2069, 0x2B6 },
    { 0x2070, 0x2071, 0x2BA },
    { 0x2074, 0x207B, 0x2BC },
    { 0x207F, 0x2089, 0x2C4 },
    { 0x208D, 0x208E, 0x2CF },
    { 0x20A3, 0x20A4, 0x2D1 },
    { 0x20A8, 0x20A9, 0x2D3 },
    { 0x20AB, 0x20AC, 0x2D5 },
    { 0x20AE, 0x20AE, 0x2D7 },
    { 0x20B1, 0x20B1, 0x2D8 },
    { 0x20B8, 0x20BA, 0x2D9 },
    { 0x20BD, 0x20BD, 0x2DC },
    { 0x20BF, 0x20BF, 0x2DD },
    { 0x2190, 0x2193, 0x2DE },
    { 0x2196, 0x2199, 0x2E2 },
    { 0x21C4, 0x21C4, 0x2E6 },
    { 0x2202, 0x2202, 0x2E7 },
    { 0x2206, 0x2206, 0x2E8 },
    { 0x2208, 0x2208, 0x2E9 },
    { 0x220F, 0x220F, 0x2EA },
    { 0x2211, 0x2212, 0x2EB },
    { 0x2215, 0x2215, 0x2ED },
    { 0x221A, 0x221A, 0x2EE },
    { 0x221D, 0x2220, 0x2EF },
    { 0x2223, 0x2223, 0x2F3 },
    { 0x2225, 0x2225, 0x2F4 },
    { 0x2227, 0x222B, 0x2F5 },
    { 0x222E, 0x222E, 0x2FA },
    { 0x2234, 0x2237, 0x2FB },
    { 0x223C, 0x223D, 0x2FF },
    { 0x2248, 0x2248, 0x301 },
    { 0x224C, 0x224C, 0x302 },
    { 0x2252, 0x2252, 0x303 },
    { 0x2260, 0x2261, 0x304 },
    { 0x2264, 0x2267, 0x306 },
    { 0x226E, 0x226F, 0x30A },
    { 0x2295, 0x2295, 0x30C },
    { 0x2299, 0x2299, 0x30D },
    { 0x22A5, 0x22A5, 0x30E },
    { 0x22BF, 0x22BF, 0x30F },
};

static const uint16_t misans_latin_12_boldKernLeftCodepoints[] = {
    0x0022, 0x0026, 0x0027, 0x0028, 0x002C, 0x002D, 0x002E, 0x002F, 0x0030, 0x0032, 0x0033, 0x0034,
    0x0035, 0x0036, 0x0037, 0x0038, 0x0039, 0x003F, 0x0040, 0x0041, 0x0042, 0x0043, 0x0044, 0x0045,
    0x0046, 0x0047, 0x0048, 0x0049, 0x004A, 0x004B, 0x004C, 0x004D, 0x004E, 0x004F, 0x0050, 0x0051,
    0x0052, 0x0053, 0x0054, 0x0055, 0x0056, 0x0057, 0x0058, 0x0059, 0x005A, 0x005B, 0x005F, 0x0061,
    0x0062, 0x0063, 0x0064, 0x0065, 0x0066, 0x0067, 0x0068, 0x0069, 0x006A, 0x006B, 0x006C, 0x006D,
    0x006E, 0x006F, 0x0070, 0x0071, 0x0072, 0x0073, 0x0074, 0x0075, 0x0076, 0x0077, 0x0078, 0x0079,
    0x007A, 0x007B, 0x00AB, 0x00B2, 0x00B3, 0x00BF, 0x00C0, 0x00C1, 0x00C2, 0x00C3, 0x00C4, 0x00C5,
    0x00C6, 0x00C7, 0x00C8, 0x00C9, 0x00CA, 0x00CB, 0x00CC, 0x00CD, 0x00CE, 0x00CF, 0x00D0, 0x00D1,
    0x00D2, 0x00D3, 0x00D4, 0x00D5, 0x00D6, 0x00D8, 0x00D9, 0x00DA, 0x00DB, 0x00DC, 0x00DD, 0x00DE,
    0x00DF, 0x00E0, 0x00E1, 0x00E2, 0x00E3, 0x00E4, 0x00E5, 0x00E6, 0x00E7, 0x00E8, 0x00E9, 0x00EA,
    0x00EB, 0x00EC, 0x00ED, 0x00EE, 0x00EF, 0x00F0, 0x00F1, 0x00F2, 0x00F3, 0x00F4, 0x00F5, 0x00F6,
    0x00F8, 0x00F9, 0x00FA, 0x00FB, 0x00FC, 0x00FD, 0x00FE, 0x00FF, 0x0100, 0x0101, 0x0102, 0x0103,
    0x0104, 0x0105, 0x0106, 0x0107, 0x0108, 0x0109, 0x010A, 0x010B, 0x010C, 0x010D, 0x010E, 0x010F,
    0x0110, 0x0111, 0x0112, 0x0113, 0x0114, 0x0115, 0x0116, 0x0117, 0x0118, 0x0119, 0x011A, 0x011B,
    0x011C, 0x011D, 0x011E, 0x011F, 0x0120, 0x0121, 0x0122, 0x0123, 0x0124, 0x0125, 0x0126, 0x0127,
    0x0128, 0x0129, 0x012A, 0x012B, 0x012C, 0x012D, 0x012E, 0x0130, 0x0131, 0x0132, 0x0134, 0x0135,
    0x0136, 0x0137, 0x0138, 0x0139, 0x013B, 0x013C, 0x013D, 0x013E, 0x013F, 0x0141, 0x0142, 0x0143,
    0x0144, 0x0145, 0x0146, 0x0147, 0x0148, 0x0149, 0x014A, 0x014B, 0x014C, 0x014D, 0x014E, 0x014F,
    0x0150, 0x0151, 0x0152, 0x0153, 0x0154, 0x0155, 0x0156, 0x0157, 0x0158, 0x0159, 0x015A, 0x015B,
    0x015C, 0x015D, 0x015E, 0x015F, 0x0160, 0x0161, 0x0162, 0x0163, 0x0164, 0x0165, 0x0166, 0x0167,
    0x0168, 0x0169, 0x016A, 0x016B, 0x016C, 0x016D, 0x016E, 0x016F, 0x0170, 0x0171, 0x0172, 0x0173,
    0x0174, 0x0175, 0x0176, 0x0177, 0x0178, 0x0179, 0x017A, 0x017B, 0x017C, 0x017D, 0x017E, 0x017F,
    0x01A0, 0x01A1, 0x01AF, 0x01B0, 0x01CD, 0x01CE, 0x01CF, 0x01D0, 0x01D1, 0x01D2, 0x01D3, 0x01D4,
    0x01D5, 0x01D6, 0x01D7, 0x01D8, 0x01D9, 0x01DA, 0x01DB, 0x01DC, 0x01E4, 0x01E5, 0x01E6, 0x01E7,
    0x01E8, 0x01E9, 0x01EE, 0x01EF, 0x01F0, 0x01F9, 0x01FA, 0x01FB, 0x01FC, 0x01FD, 0x01FE, 0x01FF,
    0x0218, 0x0219, 0x021A, 0x021B, 0x021E, 0x021F, 0x0400, 0x0401, 0x0402, 0x0403, 0x0404, 0x0405,
    0x0406, 0x0407, 0x0408, 0x0409, 0x040A, 0x040B, 0x040C, 0x040D, 0x040E, 0x040F, 0x0410, 0x0411,
    0x0412, 0x0413, 0x0414, 0x0415, 0x0416, 0x0417, 0x0418, 0x0419, 0x041A, 0x041B, 0x041C, 0x041D,
    0x041E, 0x041F, 0x0420, 0x0421, 0x0422, 0x0423, 0x0424, 0x0425, 0x0426, 0x0427, 0x0428, 0x0429,
    0x042A, 0x042B, 0x042C, 0x042D, 0x042E, 0x042F, 0x0430, 0x0431, 0x0432, 0x0433, 0x0434, 0x0435,
    0x0436, 0x0437, 0x0438, 0x0439, 0x043A, 0x043B, 0x043C, 0x043D, 0x043E, 0x043F, 0x0440, 0x0441,
    0x0442, 0x0443, 0x0444, 0x0445, 0x0446, 0x0447, 0x0448, 0x0449, 0x044A, 0x044B, 0x044C, 0x044D,
    0x044E, 0x044F, 0x0450, 0x0451, 0x0452, 0x0453, 0x0454, 0x0455, 0x0456, 0x0457, 0x0458, 0x0459,
    0x045A, 0x045B, 0x045C, 0x045D, 0x045E, 0x045F, 0x0462, 0x0463, 0x046A, 0x046B, 0x0472, 0x0473,
    0x0474, 0x0475, 0x0490, 0x0491, 0x0492, 0x0493, 0x0497, 0x049A, 0x049B, 0x049C, 0x049D, 0x04A2,
    0x04A3, 0x04AE, 0x04AF, 0x04B0, 0x04B2, 0x04B3, 0x04B6, 0x04B7, 0x04B8, 0x04B9, 0x04BA, 0x04BB,
    0x04CA, 0x04D8, 0x04D9, 0x04E2, 0x04E3, 0x04E8, 0x04E9, 0x04EE, 0x04EF, 0x1EA0, 0x1EA1, 0x1EA2,
    0x1EA3, 0x1EA4, 0x1EA5, 0x1EA6, 0x1EA7, 0x1EA8, 0x1EA9, 0x1EAA, 0x1EAB, 0x1EAC, 0x1EAD, 0x1EAE,
    0x1EAF, 0x1EB0, 0x1EB1, 0x1EB2, 0x1EB3, 0x1EB4, 0x1EB5, 0x1EB6, 0x1EB7, 0x1EB8, 0x1EB9, 0x1EBA,
    0x1EBB, 0x1EBC, 0x1EBD, 0x1EBE, 0x1EBF, 0x1EC0, 0x1EC1, 0x1EC2, 0x1EC3, 0x1EC4, 0x1EC5, 0x1EC6,
    0x1EC7, 0x1EC8, 0x1EC9, 0x1ECA, 0x1ECB, 0x1ECC, 0x1ECD, 0x1ECE, 0x1ECF, 0x1ED0, 0x1ED1, 0x1ED2,
    0x1ED3, 0x1ED4, 0x1ED5, 0x1ED6, 0x1ED7, 0x1ED8, 0x1ED9, 0x1EDA, 0x1EDB, 0x1EDC, 0x1EDD, 0x1EDE,
    0x1EDF, 0x1EE0, 0x1EE1, 0x1EE2, 0x1EE3, 0x1EE4, 0x1EE5, 0x1EE6, 0x1EE7, 0x1EE8, 0x1EE9, 0x1EEA,
    0x1EEB, 0x1EEC, 0x1EED, 0x1EEE, 0x1EEF, 0x1EF0, 0x1EF1, 0x1EF2, 0x1EF3, 0x1EF4, 0x1EF5, 0x1EF6,
    0x1EF7, 0x1EF8, 0x1EF9, 0x2013, 0x2014, 0x2018, 0x2019, 0x201C, 0x201D, 0x2044, 0x2070, 0x2074,
    0x2075, 0x2076, 0x2077, 0x2078, 0x2079, 0x2080, 0x20A8,
};

static const uint8_t misans_latin_12_boldKernLeftClassIds[] = {
      1,   2,   1,   3,   4,   5,   4,   6,   7,   8,   9,  10,  11,  12,  13,  14,
     15,  16,  17,  18,  19,  20,  21,  22,  23,  24,  25,  25,  26,  27,  28,  25,
     25,  21,  29,  30,  31,  32,  33,  34,  35,  36,  37,  38,  39,  40,  41,  42,
     43,  44,  45,  43,  46,  47,  42,  48,  48,  49,  50,  42,  42,  43,  43,  47,
     51,  52,  53,  54,  55,  56,  57,  55,  58,  40,  59,  60,  61,  62,  18,  18,
     18,  18,  18,  18,  22,  20,  22,  22,  22,  22,  25,  25,  25,  25,  21,  25,
     21,  21,  21,  21,  21,  21,  34,  34,  34,  34,  38,  63,  64,  42,  42,  65,
     65,  65,  65,  43,  44,  43,  66,  66,  66,  48,  67,  67,  67,  68,  69,  43,
     70,  70,  70,  70,  71,  54,  54,  54,  54,  72,  43,  72,  18,  65,  18,  65,
     18,  73,  20,  74,  20,  74,  20,  44,  20,  74,  21,  75,  21,  76,  22,  66,
     22,  66,  22,  66,  22,  43,  22,  66,  24,  77,  24,  77,  24,  47,  24,  47,
     25,  42,  78,  42,  25,  67,  25,  67,  25,  67,  25,  25,  79,  26,  26,  80,
     27,  49,  49,  28,  28,  50,  28,  75,  28,  28,  81,  25,  69,  25,  42,  25,
     69,  42,  25,  47,  21,  70,  21,  70,  21,  70,  22,  82,  31,  83,  31,  51,
     31,  83,  32,  84,  32,  84,  32,  52,  32,  84,  33,  53,  33,  85,  86,  53,
     34,  54,  34,  54,  34,  54,  34,  54,  34,  54,  34,  87,  36,  56,  38,  72,
     38,  39,  88,  39,  88,  39,  88,  89,  90,  91,  92,  93,  18,  65,  25,  67,
     21,  70,  34,  54,  34,  54,  34,  54,  34,  54,  34,  54,  94,  77,  24,  77,
     27,  49,  95,  96,  80,  69,  18,  65,  22,  43,  21,  71,  32,  52,  33,  53,
     25,  42,  22,  22,  97,  98,  20,  32,  25,  25,  26,  99,  99,  42,  27,  25,
    100,  25,  18, 101,  19,  98, 102,  22,  27,  19,  25,  25,  27,  25,  25,  25,
     21,  25,  29,  20,  33, 100, 103,  37, 102,  25,  25, 102,  99,  25,  99,  21,
     21,  25,  42, 104, 105, 106, 107,  43, 108, 109,  54,  54, 110,  54,  54,  54,
     43,  54,  43,  44, 111,  55,  43,  57, 107,  54,  54, 107, 112,  54, 112,  43,
     43,  54,  43,  66,  42, 106,  44,  52,  48,  67,  48, 112, 112,  42, 110,  54,
     55,  54,  99, 112, 113, 114,  21,  43, 115, 116,  98, 106,  23, 106, 117,  27,
    117,  27, 118, 102, 107,  38,  55, 119,  27,  57, 102, 107,  25,  54, 120,  42,
    107,  21,  43,  25,  54,  21,  43, 100,  55,  18,  42,  18,  42,  18, 121,  18,
    121,  18, 121,  18,  65,  18,  65,  18,  65,  18,  65,  18,  65,  18,  65,  18,
     65,  22,  43,  22,  66,  22,  66,  22, 122,  22, 122,  22, 122,  22,  66,  22,
     66,  25,  67,  25,  48,  21,  43,  21,  70,  21, 123,  21, 123,  21, 123,  21,
     70,  21,  70,  90,  91,  90,  91,  90,  91,  90,  91,  90,  91,  34,  54,  34,
     54,  92,  93,  92,  93,  92,  93,  92,  93,  92,  93,  38,  72,  38,  55,  38,
     72,  38,  72,   5,   5, 124, 125, 124, 125, 126, 127, 128, 129, 130, 131, 132,
    133, 127,  52,
};

static const uint16_t misans_latin_12_boldKernRightCodepoints[] = {
    0x0022, 0x0026, 0x0027, 0x0029, 0x002C, 0x002D, 0x002E, 0x002F, 0x0030, 0x0031, 0x0032, 0x0033,
    0x0034, 0x0035, 0x0036, 0x0037, 0x0038, 0x0039, 0x003F, 0x0040, 0x0041, 0x0042, 0x0043, 0x0044,
    0x0045, 0x0046, 0x0047, 0x0048, 0x0049, 0x004A, 0x004B, 0x004C, 0x004D, 0x004E, 0x004F, 0x0050,
    0x0051, 0x0052, 0x0053, 0x0054, 0x0055, 0x0056, 0x0057, 0x0058, 0x0059, 0x005A, 0x005C, 0x005D,
    0x005F, 0x0061, 0x0062, 0x0063, 0x0064, 0x0065, 0x0066, 0x0067, 0x0068, 0x0069, 0x006A, 0x006B,
    0x006C, 0x006D, 0x006E, 0x006F, 0x0070, 0x0071, 0x0072, 0x0073, 0x0074, 0x0075, 0x0076, 0x0077,
    0x0078, 0x0079, 0x007A, 0x007D, 0x00B2, 0x00B3, 0x00B9, 0x00BB, 0x00C0, 0x00C1, 0x00C2, 0x00C3,
    0x00C4, 0x00C5, 0x00C6, 0x00C7, 0x00C8, 0x00C9, 0x00CA, 0x00CB, 0x00CC, 0x00CD, 0x00CE, 0x00CF,
    0x00D0, 0x00D1, 0x00D2, 0x00D3, 0x00D4, 0x00D5, 0x00D6, 0x00D8, 0x00D9, 0x00DA, 0x00DB, 0x00DC,
    0x00DD, 0x00DE, 0x00DF, 0x00E0, 0x00E1, 0x00E2, 0x00E3, 0x00E4, 0x00E5, 0x00E6, 0x00E7, 0x00E8,
    0x00E9, 0x00EA, 0x00EB, 0x00EC, 0x00ED, 0x00EE, 0x00EF, 0x00F0, 0x00F1, 0x00F2, 0x00F3, 0x00F4,
    0x00F5, 0x00F6, 0x00F8, 0x00F9, 0x00FA, 0x00FB, 0x00FC, 0x00FD, 0x00FE, 0x00FF, 0x0100, 0x0101,
    0x0102, 0x0103, 0x0104, 0x0105, 0x0106, 0x0107, 0x0108, 0x0109, 0x010A, 0x010B, 0x010C, 0x010D,
    0x010E, 0x010F, 0x0111, 0x0112, 0x0113, 0x0114, 0x0115, 0x0116, 0x0117, 0x0118, 0x0119, 0x011A,
    0x011B, 0x011C, 0x011D, 0x011E, 0x011F, 0x0120, 0x0121, 0x0122, 0x0123, 0x0124, 0x0125, 0x0126,
    0x0127, 0x0128, 0x0129, 0x012A, 0x012B, 0x012C, 0x012D, 0x012E, 0x0130, 0x0131, 0x0132, 0x0133,
    0x0134, 0x0135, 0x0136, 0x0137, 0x0138, 0x0139, 0x013B, 0x013C, 0x013D, 0x013E, 0x013F, 0x0140,
    0x0141, 0x0142, 0x0143, 0x0144, 0x0145, 0x0146, 0x0147, 0x0148, 0x0149, 0x014A, 0x014B, 0x014C,
    0x014D, 0x014E, 0x014F, 0x0150, 0x0151, 0x0152, 0x0153, 0x0154, 0x0155, 0x0156, 0x0157, 0x0158,
    0x0159, 0x015A, 0x015B, 0x015C, 0x015D, 0x015E, 0x015F, 0x0160, 0x0161, 0x0162, 0x0163, 0x0164,
    0x0165, 0x0166, 0x0167, 0x0168, 0x0169, 0x016A, 0x016B, 0x016C, 0x016D, 0x016E, 0x016F, 0x0170,
    0x0171, 0x0172, 0x0173, 0x0174, 0x0175, 0x0176, 0x0177, 0x0178, 0x0179, 0x017A, 0x017B, 0x017C,
    0x017D, 0x017E, 0x017F, 0x01A0, 0x01A1, 0x01AF, 0x01B0, 0x01CD, 0x01CE, 0x01CF, 0x01D0, 0x01D1,
    0x01D2, 0x01D3, 0x01D4, 0x01D5, 0x01D6, 0x01D7, 0x01D8, 0x01D9, 0x01DA, 0x01DB, 0x01DC, 0x01E4,
    0x01E5, 0x01E6, 0x01E7, 0x01E8, 0x01E9, 0x01EE, 0x01EF, 0x01F0, 0x01F9, 0x01FA, 0x01FB, 0x01FC,
    0x01FD, 0x01FE, 0x01FF, 0x0218, 0x0219, 0x021A, 0x021B, 0x021E, 0x021F, 0x0400, 0x0401, 0x0402,
    0x0403, 0x0404, 0x0405, 0x0406, 0x0407, 0x0408, 0x0409, 0x040A, 0x040B, 0x040C, 0x040D, 0x040E,
    0x040F, 0x0410, 0x0412, 0x0413, 0x0414, 0x0415, 0x0416, 0x0417, 0x0418, 0x0419, 0x041A, 0x041B,
    0x041C, 0x041D, 0x041E, 0x041F, 0x0420, 0x0421, 0x0422, 0x0423, 0x0424, 0x0425, 0x0426, 0x0427,
    0x0428, 0x0429, 0x042A, 0x042B, 0x042C, 0x042D, 0x042E, 0x042F, 0x0430, 0x0431, 0x0432, 0x0433,
    0x0434, 0x0435, 0x0436, 0x0437, 0x0438, 0x0439, 0x043A, 0x043B, 0x043C, 0x043D, 0x043E, 0x043F,
    0x0440, 0x0441, 0x0442, 0x0443, 0x0444, 0x0445, 0x0446, 0x0447, 0x0448, 0x0449, 0x044A, 0x044B,
    0x044C, 0x044D, 0x044E, 0x044F, 0x0450, 0x0451, 0x0452, 0x0453, 0x0454, 0x0455, 0x0456, 0x0457,
    0x0458, 0x0459, 0x045A, 0x045B, 0x045C, 0x045D, 0x045E, 0x045F, 0x0462, 0x0463, 0x046A, 0x046B,
    0x0472, 0x0473, 0x0474, 0x0475, 0x0490, 0x0491, 0x0492, 0x0493, 0x0497, 0x049A, 0x049B, 0x049C,
    0x049D, 0x04A3, 0x04AE, 0x04AF, 0x04B0, 0x04B1, 0x04B2, 0x04B3, 0x04B6, 0x04B7, 0x04B8, 0x04B9,
    0x04BA, 0x04BB, 0x04CA, 0x04D9, 0x04E2, 0x04E3, 0x04E8, 0x04E9, 0x04EE, 0x04EF, 0x1EA0, 0x1EA1,
    0x1EA2, 0x1EA3, 0x1EA4, 0x1EA5, 0x1EA6, 0x1EA7, 0x1EA8, 0x1EA9, 0x1EAA, 0x1EAB, 0x1EAC, 0x1EAD,
    0x1EAE, 0x1EAF, 0x1EB0, 0x1EB1, 0x1EB2, 0x1EB3, 0x1EB4, 0x1EB5, 0x1EB6, 0x1EB7, 0x1EB8, 0x1EB9,
    0x1EBA, 0x1EBB, 0x1EBC, 0x1EBD, 0x1EBE, 0x1EBF, 0x1EC0, 0x1EC1, 0x1EC2, 0x1EC3, 0x1EC4, 0x1EC5,
    0x1EC6, 0x1EC7, 0x1EC8, 0x1EC9, 0x1ECA, 0x1ECB, 0x1ECC, 0x1ECD, 0x1ECE, 0x1ECF, 0x1ED0, 0x1ED1,
    0x1ED2, 0x1ED3, 0x1ED4, 0x1ED5, 0x1ED6, 0x1ED7, 0x1ED8, 0x1ED9, 0x1EDA, 0x1EDB, 0x1EDC, 0x1EDD,
    0x1EDE, 0x1EDF, 0x1EE0, 0x1EE1, 0x1EE2, 0x1EE3, 0x1EE4, 0x1EE5, 0x1EE6, 0x1EE7, 0x1EE8, 0x1EE9,
    0x1EEA, 0x1EEB, 0x1EEC, 0x1EED, 0x1EEE, 0x1EEF, 0x1EF0, 0x1EF1, 0x1EF2, 0x1EF3, 0x1EF4, 0x1EF5,
    0x1EF6, 0x1EF7, 0x1EF8, 0x1EF9, 0x2013, 0x2014, 0x2018, 0x2019, 0x201A, 0x201C, 0x201D, 0x201E,
    0x2044, 0x2070, 0x2074, 0x2075, 0x2076, 0x2077, 0x2078, 0x2079, 0x207A, 0x207B, 0x2080, 0x208E,
};

static const uint8_t misans_latin_12_boldKernRightClassIds[] = {
      1,   2,   1,   3,   4,   5,   4,   6,   7,   8,   9,  10,  11,  12,  13,  14,
     15,  16,  17,  18,  19,  20,  21,  20,  20,  20,  21,  20,  20,  22,  20,  20,
     20,  20,  21,  20,  21,  20,  23,  24,  25,  26,  27,  28,  29,  30,  31,  32,
     33,  34,  35,  36,  36,  36,  37,  38,  35,  39,  40,  35,  41,  42,  42,  36,
     42,  36,  42,  43,  44,  45,  46,  47,  48,  46,  49,  50,  51,  52,  53,  54,
     19,  19,  19,  19,  19,  19,  55,  21,  20,  20,  20,  20,  20,  20,  20,  20,
     20,  20,  21,  21,  21,  21,  21,  21,  25,  25,  25,  25,  29,  20,  35,  56,
     34,  56,  56,  56,  56,  34,  36,  57,  57,  57,  57,  58,  39,  58,  58,  59,
     60,  61,  61,  61,  61,  61,  62,  45,  45,  45,  45,  63,  35,  63,  19,  56,
     19,  56,  19,  34,  21,  64,  21,  64,  21,  36,  21,  64,  20,  36,  36,  20,
     57,  20,  57,  20,  57,  20,  36,  20,  57,  21,  65,  21,  65,  21,  38,  21,
     38,  20,  66,  67,  68,  20,  58,  20,  58,  20,  58,  20,  20,  69,  20,  39,
     22,  70,  20,  35,  42,  20,  20,  41,  20,  41,  20,  41,  20,  71,  20,  42,
     20,  42,  20,  60,  72,  20,  42,  21,  61,  21,  61,  21,  36,  21,  36,  20,
     73,  20,  74,  20,  73,  23,  75,  23,  75,  23,  43,  23,  75,  24,  44,  24,
     44,  76,  44,  25,  45,  25,  45,  25,  45,  25,  45,  25,  45,  25,  45,  27,
     47,  29,  63,  29,  30,  49,  30,  77,  30,  77,  35,  21,  36,  25,  45,  19,
     56,  20,  58,  21,  61,  25,  45,  25,  45,  25,  45,  25,  45,  25,  45,  21,
     38,  21,  65,  20,  78,  79,  33,  70,  60,  19,  56,  55,  34,  21,  62,  23,
     43,  24,  44,  20,  78,  20,  20,  24,  20,  21,  23,  20,  20,  22,  80,  20,
     24,  20,  20,  81,  20,  19,  20,  20,  82,  20,  83,  84,  20,  20,  20,  80,
     20,  20,  21,  20,  20,  21,  24,  81,  85,  28,  20,  86,  20,  20,  87,  20,
     20,  88,  20,  89,  34,  90,  42,  42,  91,  36,  92,  93,  42,  42,  42,  94,
     42,  42,  36,  42,  42,  36,  95,  46,  36,  48,  42,  96,  42,  42,  97,  42,
     42,  98,  42,  99,  57,  57, 100,  42,  36,  43,  39,  58,  39,  94,  42, 100,
     42,  42,  46,  42, 101, 102, 103, 104,  21,  36,  26,  46,  20,  42, 105, 106,
     92,  20,  42,  20,  42,  42,  29,  46, 107, 108,  28,  48,  86,  96,  86,  96,
     20,  35,  42, 109,  20,  42,  21,  36,  81,  46,  19,  34,  19,  34,  19,  56,
     19,  56,  19,  56,  19,  56,  19,  56,  19,  56,  19,  56,  19,  56,  19,  56,
     19,  56,  20,  36,  20,  57,  20,  57,  20,  57,  20,  57,  20,  57,  20,  57,
     20,  57,  20,  58,  20,  39,  21,  36,  21,  61,  21,  61,  21,  61,  21,  61,
     21,  61,  21,  61,  21,  36,  21,  36,  21,  36,  21,  36,  21,  36,  25,  45,
     25,  45,  25,  45,  25,  45,  25,  45,  25,  45,  25,  45,  29,  63,  29,  46,
     29,  63,  29,  63,   5,   5, 110, 111, 112, 110, 111, 112, 113, 114, 115, 116,
    117, 118, 119, 120, 121, 122, 114,   3,
};

static const uint16_t misans_latin_12_boldKernRowOffsets[] = {
        0,    14,    37,    38,    62,    77,    80,    90,    97,   104,   114,   120,   135,   159,   169,   184,
      198,   201,   239,   259,   286,   315,   321,   364,   381,   383,   389,   437,   467,   503,   512,   526,
      536,   600,   605,   661,   698,   747,   813,   831,   833,   835,   856,   894,   924,   925,   951,   958,
      960,   988,  1000,  1030,  1045,  1058,  1073,  1109,  1128,  1155,  1176,  1182,  1183,  1185,  1194,  1205,
     1208,  1216,  1231,  1271,  1276,  1281,  1297,  1304,  1316,  1330,  1342,  1381,  1382,  1388,  1389,  1393,
     1401,  1402,  1429,  1442,  1449,  1460,  1482,  1488,  1498,  1505,  1510,  1518,  1532,  1550,  1551,  1555,
     1557,  1566,  1598,  1612,  1645,  1653,  1668,  1686,  1705,  1713,  1730,  1745,  1757,  1767,  1776,  1796,
     1814,  1817,  1818,  1844,  1847,  1858,  1859,  1888,  1891,  1896,  1906,  1917,  1930,  1948,  1955,  1960,
     1963,  1965,  1968,  1973,  1975,  1979,
};

static const uint8_t misans_latin_12_boldKernSparseCols[] = {
     10,  12,  13,  18,  20,  21,  23,  33,  35,  42,  43,  54,  57,  65,   7,   9,
     10,  12,  13,  15,  20,  21,  22,  23,  24,  25,  26,  27,  28,  33,  35,  36,
     40,  43,  45,  46,  47,  39,   6,   7,   9,  10,  11,  12,  13,  14,  15,  20,
     23,  24,  25,  26,  27,  28,  35,  36,  39,  40,  43,  44,  45,  46,   8,   9,
     13,  18,  21,  23,  25,  26,  27,  28,  29,  33,  36,  47,  48,  10,  12,  57,
      3,   8,   9,  13,  18,  21,  23,  25,  26,  28,   4,   6,   9,  10,  12,  25,
     28,   3,   8,  15,  16,  27,  28,  57,   0,   7,   9,  13,  15,  16,  23,  25,
     28,  29,   3,   7,  13,  16,  25,  27,   0,   3,   7,  13,  15,  16,  23,  25,
     27,  28,  45,  47,  48, 109, 110,   0,   1,   3,   4,   5,   6,  10,  12,  13,
     14,  16,  18,  21,  33,  35,  36,  37,  41,  42,  44,  47,  48,  54,  61,   3,
     13,  15,  16,  23,  25,  28,  47, 109, 110,   1,   3,   5,  10,  12,  14,  18,
     21,  25,  27,  28,  33,  35,  36,  43,   9,  10,  11,  12,  13,  14,  18,  20,
     21,  27,  28,  33,  35,  42,  18,  27,  54,   0,   1,   4,   6,   7,  15,  16,
     20,  23,  24,  25,  26,  28,  35,  36,  37,  40,  43,  44,  45,  46,  56,  60,
     62,  63,  75,  80,  81,  84,  85,  86,  89,  94,  95,  96, 106, 109, 110,   0,
      3,  16,  18,  21,  23,  25,  26,  27,  28,  29,  47,  48,  76,  80,  81,  82,
     90,  93, 110,   4,  18,  20,  23,  27,  28,  29,  33,  35,  37,  45,  46,  47,
     54,  55,  56,  57,  60,  61,  62,  80,  82,  84,  88,  94,  96, 106,   0,   3,
     16,  18,  21,  23,  25,  26,  27,  28,  29,  48,  54,  57,  75,  76,  78,  79,
     80,  81,  82,  83,  86,  90,  91,  93, 102, 106, 110,   1,  45,  57,  62,  96,
    110,   0,   1,   3,  10,  12,  18,  21,  22,  27,  33,  35,  37,  41,  42,  44,
     45,  46,  47,  48,  53,  54,  55,  56,  57,  60,  61,  62,  63,  64,  74,  76,
     81,  89,  90,  91,  92,  93,  94,  95,  96,  97,  98, 110,   3,  16,  18,  23,
     25,  26,  27,  28,  29,  42,  45,  46,  47,  54,  62,  74,  75,  57, 110,   3,
     21,  27,  54,  57,  81,   1,   3,   4,   6,   7,  10,  15,  16,  20,  21,  22,
     24,  33,  35,  36,  37,  40,  41,  42,  43,  44,  45,  46,  55,  56,  57,  58,
     60,  61,  62,  63,  64,  74,  83,  84,  85,  87,  89,  90,  91,  94,  95,  96,
     97, 101, 105, 108, 110,   0,   3,   4,   7,  13,  15,  16,  20,  23,  24,  25,
     26,  28,  33,  35,  36,  37,  43,  44,  45,  46,  55,  56,  60,  62,  63,  64,
     75, 109, 110,   1,   3,   8,  10,  18,  21,  23,  25,  26,  27,  28,  29,  33,
     35,  36,  37,  42,  43,  45,  46,  54,  55,  56,  57,  60,  61,  62,  63,  64,
     74,  79,  80,  81,  82,  96,  98,  18,  21,  23,  25,  26,  27,  28,  29, 110,
      1,  21,  23,  25,  26,  28,  33,  35,  37,  55,  56,  57,  60,  63,  23,  25,
     27,  28,  46,  47,  48,  54,  57, 106,   0,   1,   3,   4,   6,  10,  12,  14,
     18,  20,  21,  22,  25,  27,  33,  34,  35,  36,  37,  41,  42,  43,  44,  45,
     46,  47,  48,  53,  54,  55,  56,  57,  58,  59,  60,  61,  62,  63,  64,  68,
     69,  71,  72,  73,  74,  76,  79,  81,  84,  86,  88,  89,  90,  91,  92,  93,
     94,  95,  96,  97,  98,  99, 108, 110,   3,  18,  21,  27,  57,   1,   3,   4,
      6,   8,  10,  11,  12,  14,  18,  20,  21,  22,  33,  34,  35,  36,  37,  41,
     42,  43,  44,  45,  46,  47,  48,  53,  54,  55,  56,  57,  58,  59,  60,  61,
     62,  63,  64,  68,  69,  71,  72,  74,  76,  79,  81,  84,  88,  91,  92,  93,
     95,  98, 101, 104, 105,   1,   3,   4,   6,  10,  18,  20,  21,  22,  33,  35,
     36,  37,  41,  42,  43,  44,  45,  46,  47,  48,  54,  55,  56,  57,  58,  59,
     60,  61,  63,  64,  68,  69,  71,  72,  74,  76,   1,   3,   4,   7,   9,  10,
     11,  12,  15,  16,  17,  20,  21,  22,  23,  24,  33,  35,  36,  37,  40,  41,
     42,  43,  44,  45,  46,  55,  56,  57,  58,  59,  60,  62,  63,  64,  69,  71,
     74,  84,  89,  90,  92,  94,  95,  96,  97, 101, 109,   1,   3,   4,   6,   7,
      8,   9,  10,  12,  14,  15,  16,  17,  18,  20,  21,  22,  33,  34,  35,  36,
     37,  41,  42,  43,  44,  45,  46,  47,  48,  53,  54,  55,  56,  57,  58,  59,
     60,  61,  62,  63,  64,  68,  69,  71,  72,  73,  74,  76,  79,  81,  83,  84,
     87,  88,  89,  90,  91,  92,  93,  94,  95,  96,  97,  98, 103,   1,   4,  10,
     20,  24,  35,  43,  44,  45,  46,  56,  57,  60,  63,  69,  71,  84,  94,  39,
     57,  35,  39,   0,   7,  13,  15,  16,  22,  23,  25,  26,  27,  28,  75,  80,
     82,  85,  91,  95,  96, 106, 109, 110,   0,   3,  13,  15,  16,  18,  21,  22,
     23,  25,  26,  27,  28,  29,  32,  45,  46,  47,  62,  75,  79,  80,  81,  82,
     85,  86,  90,  91,  92,  93,  96,  97,  98, 100, 101, 106, 109, 110,   0,  16,
     18,  22,  23,  25,  26,  27,  28,  33,  35,  38,  40,  45,  47,  55,  56,  60,
     62,  63,  75,  80,  82,  86,  90,  91,  94,  97,  98, 106,  57,   0,   1,   3,
      4,  10,  13,  15,  18,  21,  25,  26,  31,  33,  35,  37,  42,  43,  54,  55,
     56,  57,  60,  63,  64, 109, 110,  23,  25,  26,  28,  39,  75,  80,  39,  57,
      0,   1,   3,   4,  10,  12,  14,  15,  16,  20,  23,  24,  25,  26,  28,  33,
     35,  37,  40,  42,  43,  44,  55,  56,  60,  63,  74,  75,   1,   3,   4,  16,
     20,  23,  28,  33,  40,  55,  57,  94,   1,   3,   8,   9,  10,  12,  15,  18,
     21,  23,  25,  26,  27,  28,  29,  33,  35,  37,  42,  44,  45,  46,  54,  55,
     56,  58,  60,  62,  63,  64,   0,   7,  13,  16,  23,  25,  26,  27,  28,  45,
     46,  47,  80,  82, 106,  10,  15,  22,  23,  25,  26,  28,  35,  36,  42,  44,
     57,  60,  13,  16,  23,  25,  26,  27,  28,  39,  69,  75,  80,  86, 100, 106,
    109,   1,   3,  10,  12,  18,  21,  23,  25,  26,  27,  28,  29,  33,  35,  37,
     42,  45,  54,  55,  56,  58,  60,  62,  63,  64,  74,  75,  79,  80,  81,  82,
     88,  90,  93,  96, 106,   1,   3,  18,  21,  23,  25,  26,  27,  28,  29,  33,
     35,  42,  46,  54,  55,  60,  74,  80,   1,   4,  10,  12,  13,  14,  20,  23,
     25,  26,  28,  33,  35,  40,  42,  44,  55,  56,  60,  63,  74,  80,  81,  84,
     85,  95, 106,   1,   4,  10,  12,  13,  20,  23,  25,  26,  28,  35,  37,  42,
     44,  56,  60,  63,  64,  74,  75,  80,  23,  25,  26,  28,  80, 106, 114, 112,
    117,  23,  25,  28,  35,  39,  43,  44,  45,  46,   3,  18,  21,  23,  25,  26,
     27,  28,  29,  54, 111,  23,  25,  28,  22,  23,  25,  26,  27,  28,  45,  75,
     18,  21,  22,  23,  25,  26,  27,  28,  29,  45,  47,  75,  80,  82, 106,   0,
      9,  19,  20,  22,  23,  24,  25,  26,  27,  28,  29,  30,  31,  34,  38,  39,
     40,  49,  54,  57,  65,  66,  67,  69,  70,  71,  75,  77,  78,  80,  82,  83,
     85,  86,  99, 100, 106, 109, 110,  23,  25,  26,  27,  28,  23,  25,  26,  27,
     28,  18,  21,  22,  23,  25,  26,  27,  28,  29,  45,  46,  47,  48,  75,  80,
    106,  18,  23,  25,  26,  27,  28,  75,  18,  23,  25,  27,  28,  29,  33,  35,
     37,  42,  45,  62,   0,  13,  15,  16,  23,  25,  26,  28,  45,  46,  75,  80,
    106, 109,  22,  23,  25,  26,  27,  28,  33,  38,  40,  45,  47,  75,   0,   2,
     16,  19,  20,  22,  23,  24,  25,  26,  27,  28,  29,  30,  31,  34,  36,  40,
     49,  50,  51,  52,  57,  65,  74,  75,  76,  77, 109, 110, 113, 114, 115, 116,
    117, 118, 119, 120, 121,  57,  23,  25,  26,  28,  39,  75,  57,  23,  25,  26,
     28,  23,  25,  26,  27,  28,  29,  57,  69,  57,   3,  13,  16,  18,  21,  23,
     25,  26,  27,  28,  45,  46,  47,  75,  79,  80,  82,  85,  86,  90,  91,  93,
     94,  96, 106, 109, 110,  18,  23,  25,  26,  28,  29,  33,  35,  37,  44,  45,
     46,  57,  23,  25,  26,  27,  28,  46,  47,   0,  19,  23,  25,  26,  27,  28,
     29,  57,  65,  77,  18,  20,  33,  35,  37,  41,  44,  45,  55,  56,  57,  60,
     61,  63,  64,  71,  92,  93,  95,  97,  98, 108,  23,  25,  26,  27,  28,  75,
     20,  23,  25,  26,  28,  35,  37,  42,  44,  60,  33,  35,  36,  40,  43,  57,
     75,  18,  21,  26,  28,  57,  18,  21,  23,  25,  26,  28,  41,  57,  18,  20,
     21,  22,  23,  25,  26,  27,  28,  29,  35,  41,  57,  75,  18,  19,  22,  23,
     25,  26,  28,  33,  35,  36,  37,  42,  43,  45,  46,  47,  48,  57,  75,  23,
     25,  26,  57,  35,  75,   0,  25,  28,  45,  91,  94,  96, 100, 106,  18,  20,
     33,  35,  41,  42,  44,  45,  47,  53,  56,  57,  58,  60,  79,  81,  84,  86,
     88,  90,  91,  92,  93,  94,  95,  96,  97,  98, 101, 105, 107, 108,  18,  23,
     25,  28,  80,  81,  82,  85,  86,  90,  94,  96,  97, 106,  18,  20,  33,  35,
     37,  41,  42,  45,  47,  53,  56,  57,  60,  79,  81,  83,  84,  86,  87,  88,
     89,  90,  91,  92,  93,  94,  95,  96,  97,  98, 101, 105, 108,  27,  28,  80,
     86,  90,  93,  94,  96,  20,  23,  25,  28,  47,  80,  81,  84,  85,  86,  90,
     94,  95,  96, 106,  18,  23,  25,  27,  28,  29,  47,  79,  80,  81,  82,  83,
     86,  87,  90,  91,  93, 106,  18,  23,  27,  28,  45,  47,  79,  80,  81,  82,
     85,  87,  88,  90,  93,  94,  96, 100, 106,  23,  25,  28,  75,  80,  86,  96,
    106,  18,  21,  23,  27,  28,  33,  35,  57,  80,  81,  82,  90,  93,  98, 102,
    105, 106,  20,  23,  25,  28,  45,  75,  80,  81,  84,  85,  90,  94,  95,  96,
    106,  20,  23,  25,  28,  35,  80,  83,  84,  85,  97, 106, 108,  23,  25,  27,
     28,  45,  75,  80,  85,  91, 106,  23,  28,  33,  35,  75,  80,  95,  97, 106,
     18,  21,  23,  27,  28,  33,  35,  45,  57,  79,  80,  81,  82,  86,  90,  93,
     96,  98, 102, 106,  23,  25,  27,  28,  45,  75,  80,  82,  84,  85,  86,  91,
     94,  95,  96,  98, 100, 106,  20,  94,  96,  28,   4,  18,  33,  34,  35,  41,
     45,  47,  56,  57,  60,  79,  81,  84,  88,  90,  91,  92,  93,  94,  95,  96,
     97,  98, 101, 105,  35,  75,  98,  23,  33,  35,  45,  75,  80,  91,  92,  95,
    101, 105,  75,  18,  20,  22,  33,  35,  41,  42,  45,  47,  53,  56,  57,  60,
     79,  81,  84,  87,  88,  89,  90,  91,  92,  93,  94,  95,  96,  97,  98, 105,
     23,  25,  86,  23,  25,  26,  27,  28,  18,  21,  23,  25,  26,  27,  28,  45,
     47,  75,  18,  23,  25,  26,  27,  28,  45,  47,  75,  80, 106,   6,  10,  12,
     14,  15,  18,  20,  21,  33,  35,  41,  54,  57,   6,  10,  12,  14,  15,  18,
     20,  21,  22,  24,  27,  33,  35,  36,  37,  41,  54,  57,   7,  52, 113, 114,
    116, 117, 119,  50,  51, 112, 114, 117,  52, 117, 119, 112, 117,  52, 117, 119,
    112, 113, 114, 116, 118, 117, 119, 112, 114, 116, 117,
};

static const int8_t misans_latin_12_boldKernSparseValues[] = {
     -39,  -22,    8,  -46,   -8,  -68,   10,  -14,  -16,  -12,    8,  -60,   19,   18,  -24,  -22,
     -14,  -22,  -26,  -20,   -7,  -15,  -18,  -50,  -18,  -49,  -31,  -20,  -52,  -10,   -7,   -7,
      -8,  -18,  -26,  -17,  -13,   16,   -9,  -42,   -9,   -4,   -6,   -5,   -9,   -1,  -37,  -13,
     -44,  -11,  -54,  -36,    2,  -59,   -6,  -12,   32,   -4,  -26,   -9,  -29,  -24,   -8,  -12,
      -6,  -26,  -41,  -32,  -22,  -13,  -38,  -31,  -17,  -10,   14,  -14,   -1,  -31,  -20,   21,
      -9,   -7,  -10,   -2,  -14,  -10,  -10,  -13,   -8,  -22,   -1,   -4,   -8,  -12,   -8,   -7,
     -14,   -5,   -5,   -4,   -8,   -7,   -8,   12,   -9,   -5,   -6,  -10,   -8,  -12,  -12,  -10,
     -16,    2,   -5,   -9,   -6,  -12,   -8,  -18,  -33,   -5,  -22,  -13,   -4,  -21,  -35,  -26,
     -18,  -40,  -13,  -12,   -6,  -20,  -26,    8,  -26,  -50,   -5,  -30,   -6,  -28,  -25,   10,
     -10,    7,  -46,  -50,  -26,  -23,   -5,  -25,  -12,  -18,  -10,   -6,   -7,  -71,  -26,   -1,
      -5,   -8,   -5,   -8,  -13,  -16,   -8,  -10,   -5,  -21,  -38,  -20,  -11,   -8,   -8,  -28,
     -38,   -5,  -24,  -14,  -13,   -9,    6,    3,   -8,  -26,   -2,  -16,    4,   -5,  -30,   -4,
     -42,  -12,   -6,  -12,  -13,   -4,  -19,  -22,  -37,  -46,   -1,  -26,  -14,  -31,  -32,  -35,
     -16,  -32,  -11,  -45,  -30,  -45,   -5,  -10,   -5,   -7,  -18,  -10,  -22,  -18,   -6,   -6,
     -18,   -5,  -24,  -34,    4,  -25,  -33,  -30,  -14,  -22,  -18,  -27,  -38,  -48,  -42,  -12,
      -5,  -10,   -7,   -5,   -9,  -12,   -7,  -11,  -17,   -2,   -2,   -2,   -2,  -12,   -2,  -18,
      -5,   -7,   -6,  -19,  -11,   -6,   -2,  -14,  -22,   -4,   -6,  -11,  -10,   -7,   -5,   -4,
     -29,   -6,  -11,   17,  -11,   -8,   -1,  -14,  -17,  -24,   -6,  -10,   -9,  -16,   -8,  -14,
     -10,  -16,  -17,  -14,  -12,   -6,  -24,  -22,  -12,   -5,  -37,    8,   -9,   -5,   -8,  -13,
     -15,  -16,  -22,   -6,   -1,  -13,  -10,  -15,   -4,  -17,   -4,   -2,   -4,   22,   -1,    1,
      12,    5,   -8,  -25,   -8,   -7,  -24,  -45,   -4,   -7,  -15,  -12,  -10,   -7,   -8,   -8,
      -4,   -4,   -8,   -4,  -32,  -58,  -15,  -12,   29,   -9,  -12,   -1,  -12,   -9,   -8,   -4,
     -34,  -13,  -50,  -22,  -23,  -45,  -11,  -14,  -12,  -23,  -23,   12,  -10,   -8,   -9,  -12,
     -12,   -6,  -15,  -20,   -4,   -4,   -4,   -4,   -8,  -28,   -4,   -4,   -9,   18,    4,  -10,
     -10,   -7,  -26,   18,   -6,  -16,    2,  -42,  -20,  -15,  -13,  -26,  -20,  -14,   -8,  -14,
     -10,   -8,  -20,  -17,  -18,  -12,   -6,   -1,  -17,  -12,  -20,  -20,   -9,  -18,   21,  -15,
     -20,   -2,  -14,  -20,  -18,   -1,   -9,  -24,  -13,  -16,  -13,    1,    5,  -24,  -18,  -26,
     -11,  -25,  -16,  -18,    4,  -41,    8,  -39,  -41,   -7,  -41,  -42,   -8,  -40,  -12,  -31,
     -32,  -70,   -1,   -8,   -8,   -4,  -24,   -5,  -28,  -20,   -1,   -8,   -4,  -28,   -8,   -4,
     -43,  -50,  -34,  -16,  -37,   -7,  -14,  -29,  -46,   -8,  -13,   -6,  -25,  -18,   -8,  -16,
      -8,    5,   -8,   -4,    5,    4,    6,  -69,  -15,   -8,   14,   -8,   -8,    4,   -8,   -8,
      -4,  -34,  -10,  -34,  -30,    7,   -8,  -10,  -13,  -12,   -8,   -8,  -17,  -19,   -4,   -4,
      -6,  -12,   -6,   -8,   -4,  -16,   -1,   -4,   -2,   -1,   -4,    9,   -4,   -2,   -6,  -10,
     -11,  -14,   -2,   -4,   -2,  -28,   12,  -10,   10,  -25,  -41,  -32,  -10,  -37,  -29,   -8,
     -32,  -14,  -49,   -8,   -5,  -11,  -38,  -18,  -42,  -16,  -45,  -27,  -39,   -8,  -19,  -23,
     -20,  -18,  -20,  -41,  -72,  -21,  -30,   28,  -24,  -18,  -29,  -39,   -4,  -33,  -32,   -7,
      13,   15,  -10,  -25,  -21,  -11,  -32,  -38,  -22,   16,   -5,  -18,  -42,  -33,  -34,  -42,
     -26,  -30,  -22,  -30,  -31,   -2,  -38,   13,  -11,  -11,  -15,   -7,   12,  -27,  -54,  -22,
     -13,  -11,  -31,   -3,  -23,  -13,  -45,  -12,  -56,   -9,  -35,  -23,  -35,   -9,  -34,  -20,
     -31,   -7,  -21,  -15,  -12,  -19,  -15,  -31,  -76,  -20,  -28,   27,  -25,  -14,  -28,  -35,
      -8,  -31,  -26,  -10,   12,   14,  -11,  -19,  -10,  -40,  -42,  -27,  -13,  -19,  -18,  -42,
     -13,  -30,   -5,  -18,  -29,  -16,  -36,  -13,   -8,  -26,  -30,   -6,  -39,   -3,  -28,  -25,
      -5,  -25,  -16,  -21,   -3,  -18,   -4,   -6,  -15,  -11,  -61,  -23,  -24,   27,  -21,  -10,
     -16,  -24,  -25,  -19,   -2,   12,   14,   -8,  -11,   -4,  -15,    2,  -38,   -8,   -7,  -14,
      -8,  -14,  -20,   -8,  -14,  -24,  -15,  -11,  -12,   -7,  -13,  -23,  -18,  -21,   -4,   -5,
     -14,  -19,  -20,  -25,  -22,  -13,  -21,   14,  -19,   -5,  -23,  -14,  -23,  -18,    5,    3,
     -14,  -40,  -24,   13,   -2,  -27,  -28,  -22,  -14,  -24,  -12,  -35,  -59,  -31,  -22,   -6,
      -8,   -7,  -47,  -39,  -16,  -12,   -3,  -22,  -45,  -22,  -60,  -18,  -49,  -20,  -47,  -19,
     -50,  -32,  -42,  -17,  -31,  -22,  -22,  -30,  -27,  -43,  -82,  -24,  -34,   27,  -34,  -23,
     -35,  -47,   -9,  -40,  -34,  -16,   12,   11,  -20,  -22,  -30,  -19,  -45,  -46,  -12,  -41,
     -22,  -16,  -19,  -56,  -31,  -39,  -56,  -26,  -30,  -24,  -39,  -43,  -39,  -16,  -17,   -4,
     -12,   -4,   -6,   -9,   -8,   -9,  -11,   -6,   21,   -6,   -6,   12,    4,  -18,  -12,   16,
      26,  -11,   44,   -9,  -12,  -10,   -8,  -17,   -4,  -42,  -32,  -22,  -11,  -38,  -18,  -29,
      -5,  -19,   -6,   -3,  -14,  -24,  -15,  -14,  -17,   -6,  -17,  -10,  -27,   -8,   -4,   -6,
     -42,  -35,  -25,  -24,  -46,   -4,   -6,   -4,   -5,   -8,   -4,  -18,   -8,  -36,   -7,  -21,
     -15,  -28,   -8,  -13,   -2,   -6,   -4,   -8,   -1,  -18,  -12,  -21,  -14,  -14,   -8,   -9,
      -8,   -7,  -34,  -25,  -18,  -21,  -47,   -8,   -2,   -4,   -4,   -7,  -11,   -5,   -2,   -6,
      -7,   -2,  -11,  -31,  -19,  -20,   -2,  -11,   -4,   -4,   -6,  -28,   10,   12,   -7,  -28,
      14,  -19,   10,    6,  -25,  -28,   10,    8,   10,  -10,   -4,   -6,   -6,    3,  -36,  -10,
      -4,   31,   -8,   -4,   -6,    8,   20,  -30,  -26,  -19,  -27,   18,  -10,  -19,    4,   14,
     -11,   -6,    2,  -18,  -15,  -12,  -13,   -6,   -5,   -9,  -27,   -6,  -23,  -12,  -30,   -4,
     -12,   -6,   -5,   -9,   -6,   -6,   -6,  -12,  -17,  -12,   -9,  -17,    2,    8,   -3,  -11,
      -3,  -14,  -17,    2,   -1,    2,    4,   -4,  -17,  -44,   -5,  -14,  -20,  -12,    4,  -33,
     -42,  -13,  -10,   -8,  -24,  -22,  -10,  -12,   -8,   -8,   -5,   -7,    5,    6,  -48,  -12,
      -8,   -6,   -8,    5,   -8,   -8,  -16,   -9,   -9,  -19,  -39,  -30,  -21,  -15,  -42,   -5,
      -3,   -8,  -27,   -7,  -19,   -1,    4,    1,   -9,  -12,   -4,  -22,   -1,    2,   -2,   -1,
       8,   -4,   -2,   -6,  -16,  -20,  -16,   -4,  -28,    4,    4,   -8,  -28,  -10,   -2,  -21,
      -6,  -16,  -34,  -18,  -14,  -26,  -39,  -25,   -9,   -4,  -26,  -22,  -10,   -7,   -4,   -4,
      -6,   13,  -40,  -14,   -4,   -8,  -11,   10,  -10,   -4,   -6,   -2,  -18,  -19,  -15,  -25,
       4,  -20,  -24,   15,  -20,   -8,  -30,  -20,  -26,  -20,  -12,   -6,  -23,  -21,  -11,  -11,
      -6,   -4,   10,  -36,  -11,   -5,   -4,  -14,   -5,  -14,   -9,  -12,   -6,   -8,   -3,  -18,
     -19,  -15,  -30,   -4,   -8,   -4,   -7,   -4,   -8,   -8,   -8,   -8,   -7,  -26,    6,  -14,
      -8,   -4,  -23,   -6,   -3,   -5,   -6,   -2,   -4,  -20,  -16,  -12,  -27,   -1,   -2,   -4,
      -4,   -1,   -9,   -1,   -2,   -4,  -10,  -20,  -41,  -34,  -10,  -43,  -39,  -36,   -3,  -11,
      -4,  -28,  -28,  -34,  -28,   28,  -24,  -24,  -24,  -24,  -24,  -29,  -35,  -23,  -25,  -15,
     -41,  -37,  -16,  -45,  -24,  -30,  -27,  -31,   -4,  -23,  -18,  -18,  -11,  -24,   -9,  -10,
      -8,   -1,   -1,  -30,  -18,  -20,  -21,  -30,   -4,   -4,   -8,  -11,  -24,  -15,  -12,   19,
      19,   17,    1,    9,   28,   15,   27,   27,   14,   23,   24,   25,   26,   10,   14,   11,
      17,   26,  -19,   46,   13,   26,   20,   34,   14,   31,   22,   13,   15,   26,   14,   16,
      18,   50,   42,   27,   25,   16,   16,  -21,  -16,  -15,  -22,  -25,  -26,  -16,  -18,  -11,
     -31,   -8,   -4,   -6,  -29,  -28,  -21,  -24,  -32,   -4,  -11,   -5,  -17,   -5,  -10,  -32,
     -19,  -11,   -9,  -14,   -5,  -15,  -26,   -3,  -22,   -4,   -8,  -15,   -9,   -2,   -7,   -4,
      -4,   -6,   10,   10,  -16,  -14,   -6,  -17,  -37,  -36,  -22,  -43,   -7,   -6,  -16,  -40,
     -27,  -14,   -7,  -17,  -20,  -12,  -21,  -25,   -8,   -4,   -4,   -7,  -12,  -10,   23,   26,
      26,   15,    2,    6,   28,   18,   37,   38,   26,   38,   24,   39,   35,   18,   14,   18,
      35,   38,   38,   28,   56,   28,    2,   36,   11,   28,   26,   26,   39,   25,   32,   28,
      38,   28,   41,   38,   40,   25,  -30,  -20,  -16,  -27,   18,  -10,   26,   -7,  -10,   -2,
     -14,   13,   12,   15,    8,   12,   12,   34,   28,   14,   -7,  -14,  -22,   -8,   -1,  -37,
     -31,  -20,  -23,  -42,   -6,   -1,  -11,  -10,   -6,  -35,  -19,  -10,  -24,   -7,  -12,   -9,
      -4,   -4,  -21,   -8,   -5,  -32,    2,    2,    2,   -5,    2,  -12,   -8,   -8,   -8,    5,
       6,   12,  -21,  -19,  -11,  -14,  -24,   -3,   -8,   24,   10,   22,   24,   24,   13,   24,
      14,   43,   24,   21,  -24,   -9,  -18,  -18,  -10,   -9,  -10,   -2,  -10,  -11,   22,  -10,
     -10,  -10,  -10,   11,   -3,  -30,  -10,  -10,  -17,  -11,  -16,  -19,  -16,   -5,  -27,  -10,
      -4,  -11,  -11,   -4,  -19,   -1,   -2,   -4,   -4,   -1,   -4,  -10,   11,   14,    5,   47,
      18,  -22,  -20,    1,   -2,   14,  -11,  -10,   10,    6,    6,    4,    3,   33,  -34,  -19,
     -37,  -14,   11,   11,   13,    5,   16,    6,  -16,  -15,   32,    6,  -22,    4,   -2,   10,
       8,    8,    9,  -15,  -14,   10,  -12,   -7,   10,   12,   14,    4,    5,   34,  -10,  -10,
      -8,   -2,    6,   -6,  -18,  -36,  -38,  -54,   -7,  -12,  -13,  -15,  -35,  -22,  -40,  -14,
     -40,  -42,  -20,  -45,  -29,  -22,  -28,  -33,  -34,   31,  -30,  -14,  -43,  -42,  -33,   16,
      -8,  -54,  -41,  -44,  -54,  -20,  -21,  -35,  -46,  -35,   -8,  -44,  -37,  -42,   -7,  -42,
     -36,  -54,  -30,   -2,  -33,  -12,  -32,   -6,  -13,  -14,  -14,  -23,  -54,  -26,  -46,  -43,
     -40,  -28,  -38,  -19,  -26,  -38,  -31,   26,  -38,  -40,  -47,  -12,  -27,   12,  -15,  -19,
     -26,  -60,  -32,  -33,  -55,  -22,  -30,  -26,  -37,  -46,  -21,  -50,  -46,  -14,  -27,  -20,
     -12,   -5,   -5,  -17,  -12,   -3,  -18,  -19,  -21,    6,  -10,   11,  -11,  -16,   -7,   12,
     -14,  -11,  -14,  -19,  -25,  -22,  -27,  -38,  -41,  -18,  -14,  -25,  -24,  -23,  -42,  -13,
      -2,  -12,  -27,  -18,  -20,  -23,  -14,  -11,  -17,   -9,   -4,   -8,   -3,  -14,   -4,  -11,
      -6,  -10,   -5,   -3,   -8,   -5,   -4,   -9,   -7,  -33,  -24,  -39,  -17,  -30,  -19,   -4,
     -24,  -35,  -48,  -20,  -30,  -22,  -13,   -9,   15,  -18,  -35,  -18,  -36,  -35,   -9,  -31,
     -18,  -24,   -6,  -40,  -32,  -39,   -3,  -29,  -28,   15,  -14,  -20,    9,  -15,  -11,   -7,
     -31,  -10,  -35,  -19,  -31,  -13,  -19,   -6,  -18,  -16,  -11,  -32,  -17,  -34,  -29,   -6,
     -44,   -1,  -11,  -22,  -10,   -9,  -16,  -28,  -18,   -4,  -12,   -5,  -17,   -4,   -8,  -36,
     -26,  -41,  -26,  -29,  -26,   -9,   -8,    8,    7,  -17,  -22,  -16,  -20,   -4,  -29,  -24,
       8,   -3,  -16,  -19,  -62,  -40,  -11,  -58,  -14,  -28,  -50,  -14,   -4,  -19,  -30,  -14,
     -27,  -12,  -27,   -5,  -36,  -25,   -4,  -16,  -16,  -39,  -44,  -71,  -54,  -28,  -56,  -33,
      -6,  -20,  -34,   27,  -37,  -58,  -62,  -40,  -16,  -74,  -26,  -36,  -63,  -18,  -24,  -19,
     -48,  -50,  -20,  -45,  -16,  -18,  -10,  -36,    4,   -6,  -10,  -24,  -41,    5,   15,  -14,
     -17,   -7,  -18,  -38,  -18,  -16,  -31,  -21,  -18,  -19,  -20,  -23,  -35,  -12,   22,  -19,
     -39,  -39,  -23,  -16,  -18,  -13,  -43,  -32,  -23,  -44,  -19,  -20,  -14,  -22,  -24,  -19,
     -39,  -36,  -31,  -16,  -14,   -8,   -7,  -21,   -8,   -4,  -19,  -18,  -14,  -20,  -29,   -4,
      -8,  -14,   -8,  -26,  -21,  -14,  -22,  -23,   -4,   -8,   -6,  -23,  -19,   -8,  -35,  -33,
      -9,   -5,  -54,  -14,  -66,  -14,  -30,   -8,  -83,   16,  -17,  -51,  -42,  -21,  -13,  -50,
     -15,  -80,  -10,   -6,   -8,  -31,  -45,  -13,  -30,  -20,  -83,   16,   42,    8,  -15,  -36,
     -30,    5,   -8,   -3,   -4,  -15,   -2,   -4,  -12,   -9,  -11,  -11,   -7,  -17,  -16,   -8,
     -38,   -1,  -24,  -17,   -6,   -6,   -4,  -22,  -12,   -5,   -4,
};

static const EpdFontData misans_latin_12_bold = {
    misans_latin_12_boldBitmaps,
    misans_latin_12_boldGlyphs,
    misans_latin_12_boldIntervals,
    101,
    33,
    27,
    -8,
    false,
    nullptr,
    0,
    nullptr,
    nullptr,  // kernLeftClasses: built-in fonts use the split arrays below
    nullptr,  // kernRightClasses
    misans_latin_12_boldKernLeftCodepoints,
    misans_latin_12_boldKernLeftClassIds,
    misans_latin_12_boldKernRightCodepoints,
    misans_latin_12_boldKernRightClassIds,
    nullptr,  // kernMatrix: built-in fonts use the sparse form below
    misans_latin_12_boldKernRowOffsets,
    misans_latin_12_boldKernSparseCols,
    misans_latin_12_boldKernSparseValues,
    547,
    552,
    133,
    122,
    nullptr,
    0,
};
