/**
 * generated by fontconvert.py
 * name: misans_latin_8_regular
 * size: 8
 * mode: 1-bit mono
 * Command used: fontconvert.py misans_latin_8_regular 8 ../builtinFonts/source/MiSans/MiSans-Regular.ttf --mono
 */
#pragma once
#include "EpdFontData.h"

static const uint8_t misans_latin_8_regularBitmaps[9642] = {
    0x00, 0x00, 0x00, 0x00, 0xFF, 0xD5, 0x0F, 0xBB, 0xBB, 0x19, 0x84, 0x41, 0x13, 0xFF, 0x33, 0x08,
    0x82, 0x23, 0xFE, 0xFF, 0x99, 0x84, 0x41, 0x10, 0x18, 0x18, 0x7E, 0xDB, 0x98, 0x98, 0xD8, 0x78,
    0x1E, 0x1B, 0x19, 0x99, 0xDB, 0x7E, 0x18, 0x78, 0x36, 0x23, 0x21, 0x31, 0x89, 0x07, 0x98, 0x01,
    0x80, 0x09, 0xC0, 0x9B, 0x0C, 0x88, 0xC4, 0x44, 0x22, 0x60, 0xE0, 0x08, 0x07, 0xC1, 0x8C, 0x31,
    0x86, 0x20, 0x7C, 0x0E, 0x03, 0x62, 0xC6, 0xD0, 0x52, 0x0E, 0x63, 0xC7, 0xCE, 0xF0, 0x36, 0x44,
    0x4C, 0xCC, 0xCC, 0x44, 0x66, 0x30, 0x99, 0x26, 0xC9, 0x2D, 0xA5, 0xA0, 0xAF, 0xDD, 0xD2, 0x00,
    0x18, 0x18, 0x18, 0xFF, 0x18, 0x18, 0x18, 0x18, 0xF5, 0x80, 0xFC, 0xF0, 0x18, 0x84, 0x62, 0x11,
    0x8C, 0x46, 0x31, 0x00, 0x18, 0x1F, 0x18, 0xD8, 0x2C, 0x16, 0x0B, 0x07, 0x83, 0xC1, 0x60, 0x90,
    0xCC, 0x43, 0xE0, 0x7F, 0xB3, 0x33, 0x33, 0x33, 0x33, 0x18, 0x7C, 0xC6, 0x82, 0x02, 0x06, 0x04,
    0x0C, 0x18, 0x30, 0x60, 0xC0, 0xFF, 0xFE, 0x06, 0x0C, 0x18, 0x30, 0x3E, 0x03, 0x03, 0x03, 0x83,
    0xC6, 0x7C, 0x07, 0x07, 0x82, 0xC3, 0x61, 0x31, 0x99, 0x8C, 0x86, 0xFF, 0x81, 0x80, 0xC0, 0x60,
    0x7E, 0x40, 0x40, 0x40, 0x58, 0xFE, 0x43, 0x03, 0x01, 0x83, 0xC6, 0x7C, 0x1C, 0x18, 0x30, 0x20,
    0x7C, 0x7E, 0xC3, 0x81, 0x81, 0xC3, 0xC2, 0x7E, 0xFE, 0x0C, 0x10, 0x60, 0x83, 0x06, 0x08, 0x30,
    0x41, 0x82, 0x00, 0x18, 0x7E, 0x43, 0xC1, 0x43, 0x66, 0x3C, 0x63, 0xC1, 0xC1, 0xC1, 0x63, 0x3E,
    0x18, 0x7E, 0xC3, 0x83, 0x81, 0x83, 0xC3, 0x7E, 0x06, 0x0C, 0x08, 0x18, 0x30, 0xF0, 0x03, 0xC0,
    0xF0, 0x03, 0xD6, 0x01, 0x07, 0x0C, 0x30, 0xC0, 0xE0, 0x38, 0x0E, 0x03, 0xFF, 0xFF, 0x00, 0x00,
    0xFF, 0x80, 0xE0, 0x38, 0x0E, 0x03, 0x07, 0x1C, 0x70, 0xC0, 0x18, 0xFF, 0x08, 0x10, 0x20, 0xC2,
    0x0C, 0x18, 0x00, 0x00, 0xC1, 0x80, 0x06, 0x03, 0xFC, 0x60, 0x64, 0x03, 0x8F, 0x99, 0x19, 0x90,
    0x99, 0x09, 0x99, 0xB8, 0xE6, 0x40, 0x06, 0x04, 0x1F, 0x80, 0x0E, 0x01, 0xC0, 0x28, 0x0D, 0x81,
    0x10, 0x22, 0x0F, 0xE1, 0xFC, 0x20, 0xCC, 0x19, 0x01, 0x60, 0x30, 0xFF, 0x61, 0xB0, 0x78, 0x3C,
    0x37, 0xF3, 0x0F, 0x81, 0xC0, 0xE0, 0xF0, 0xFF, 0xC0, 0x06, 0x0F, 0xE6, 0x0D, 0x00, 0xC0, 0x20,
    0x08, 0x02, 0x00, 0xC0, 0x30, 0x06, 0x09, 0xC7, 0x1F, 0x00, 0xFF, 0x30, 0x6C, 0x0F, 0x01, 0xC0,
    0x70, 0x1C, 0x07, 0x01, 0xC0, 0xF0, 0x3C, 0x3B, 0xF8, 0xFF, 0xC0, 0xC0, 0xC0, 0xC0, 0xFF, 0xC0,
    0xC0, 0xC0, 0xC0, 0xC0, 0xFF, 0xFF, 0xC0, 0xC0, 0xC0, 0xC0, 0xFE, 0xFE, 0xC0, 0xC0, 0xC0, 0xC0,
    0xC0, 0x06, 0x0F, 0xE6, 0x0D, 0x02, 0xC0, 0x20, 0x08, 0x3E, 0x0F, 0xC0, 0x70, 0x14, 0x05, 0xC7,
    0x1F, 0x00, 0xC0, 0xF0, 0x3C, 0x0F, 0x03, 0xC0, 0xFF, 0xFC, 0x0F, 0x03, 0xC0, 0xF0, 0x3C, 0x0F,
    0x03, 0xFF, 0xFF, 0xFF, 0x06, 0x0C, 0x18, 0x30, 0x60, 0xC1, 0x83, 0x06, 0x8F, 0x13, 0xE0, 0xC1,
    0xB0, 0x8C, 0x63, 0x30, 0xD8, 0x3E, 0x0E, 0xC3, 0x10, 0xC6, 0x30, 0xCC, 0x1B, 0x07, 0xC0, 0xC0,
    0xC0, 0xC0, 0xC0, 0xC0, 0xC0, 0xC0, 0xC0, 0xC0, 0xC0, 0xFF, 0xC0, 0x3E, 0x03, 0xF0, 0x7D, 0x05,
    0xD8, 0xDC, 0x99, 0xCD, 0x1C, 0x71, 0xC2, 0x1C, 0x01, 0xC0, 0x1C, 0x01, 0xC0, 0xF8, 0x3F, 0x0F,
    0x43, 0xD8, 0xF3, 0x3C, 0x4F, 0x1B, 0xC3, 0xF0, 0x7C, 0x1F, 0x03, 0x0C, 0x07, 0xF1, 0x83, 0x20,
    0x2C, 0x07, 0x00, 0xE0, 0x0C, 0x01, 0xC0, 0x78, 0x0D, 0x03, 0x38, 0xE1, 0xF0, 0xFF, 0x61, 0xB0,
    0x78, 0x3C, 0x1E, 0x1B, 0xFD, 0x80, 0xC0, 0x60, 0x30, 0x18, 0x00, 0x04, 0x07, 0xF1, 0x83, 0x60,
    0x2C, 0x07, 0x00, 0xE0, 0x0C, 0x01, 0xC0, 0x78, 0x2D, 0x0F, 0x38, 0xE1, 0xFC, 0x00, 0xC0, 0xFE,
    0x61, 0xB0, 0x78, 0x3C, 0x1F, 0xFB, 0xF9, 0x88, 0xC6, 0x61, 0xB0, 0x58, 0x30, 0x18, 0x7E, 0xC3,
    0x80, 0x80, 0xC0, 0x78, 0x0E, 0x03, 0x01, 0x81, 0xC3, 0x7E, 0xFF, 0xC3, 0x00, 0xC0, 0x30, 0x0C,
    0x03, 0x00, 0xC0, 0x30, 0x0C, 0x03, 0x00, 0xC0, 0x30, 0xC0, 0xE0, 0x70, 0x38, 0x1C, 0x0E, 0x07,
    0x03, 0x81, 0xC0, 0xA0, 0xD8, 0xE7, 0xE0, 0xC0, 0x68, 0x09, 0x83, 0x10, 0x43, 0x08, 0x63, 0x04,
    0x40, 0xC8, 0x0B, 0x01, 0x40, 0x38, 0x03, 0x00, 0xC1, 0x83, 0x41, 0x82, 0x61, 0xC2, 0x63, 0x46,
    0x22, 0x44, 0x22, 0x44, 0x36, 0x6C, 0x34, 0x2C, 0x14, 0x28, 0x1C, 0x38, 0x1C, 0x18, 0x08, 0x18,
    0x60, 0xC8, 0x63, 0x10, 0x68, 0x0E, 0x03, 0x00, 0xE0, 0x68, 0x13, 0x0C, 0x66, 0x0B, 0x03, 0xC0,
    0xD8, 0x62, 0x10, 0xCC, 0x12, 0x03, 0x80, 0xC0, 0x30, 0x0C, 0x03, 0x00, 0xC0, 0x30, 0xFF, 0x03,
    0x06, 0x04, 0x0C, 0x18, 0x10, 0x30, 0x60, 0xC0, 0xC0, 0xFF, 0xF8, 0x88, 0x88, 0x88, 0x88, 0x88,
    0x88, 0xF0, 0xC1, 0x04, 0x18, 0x20, 0x83, 0x04, 0x10, 0x60, 0x83, 0xF1, 0x11, 0x11, 0x11, 0x11,
    0x11, 0x11, 0xF0, 0x18, 0x51, 0x96, 0x30, 0xFF, 0xFF, 0x58, 0x80, 0x79, 0x88, 0x18, 0x37, 0xF8,
    0xE1, 0xC7, 0xFE, 0xC0, 0xC0, 0xC0, 0xDC, 0xE6, 0xC3, 0xC1, 0x81, 0xC1, 0xC3, 0xE6, 0xFC, 0x3C,
    0xCF, 0x0C, 0x08, 0x10, 0x30, 0x63, 0x7C, 0x03, 0x03, 0x03, 0x3B, 0x67, 0xC3, 0x83, 0x83, 0x83,
    0xC3, 0x67, 0x7F, 0x3C, 0x8F, 0x0C, 0x1F, 0xF0, 0x30, 0x63, 0x7C, 0x08, 0xF2, 0x08, 0xF8, 0x82,
    0x08, 0x20, 0x82, 0x08, 0x20, 0x3B, 0xE7, 0xC3, 0x83, 0x83, 0x83, 0xC3, 0x67, 0x3B, 0x03, 0x82,
    0xFE, 0x38, 0xC0, 0xC0, 0xC0, 0xDC, 0xE6, 0xC2, 0xC3, 0xC3, 0xC3, 0xC3, 0xC3, 0xC3, 0x70, 0xFF,
    0xFF, 0xC0, 0x13, 0x00, 0x33, 0x33, 0x33, 0x33, 0x33, 0x3E, 0xC0, 0xC1, 0x83, 0x06, 0x3C, 0xDB,
    0x3C, 0x78, 0xD9, 0x9B, 0x16, 0x30, 0xDB, 0x6D, 0xB6, 0xDB, 0x70, 0xFC, 0xE7, 0x29, 0xB1, 0x85,
    0x84, 0x3C, 0x21, 0xE1, 0x0F, 0x08, 0x78, 0x43, 0xC2, 0x18, 0xDC, 0xE6, 0xC2, 0xC3, 0xC3, 0xC3,
    0xC3, 0xC3, 0xC3, 0x3C, 0x66, 0xC2, 0x83, 0x83, 0x83, 0xC3, 0xC6, 0x7C, 0xDC, 0xE6, 0xC3, 0xC1,
    0x81, 0xC1, 0xC3, 0xE6, 0xFC, 0xC0, 0xC0, 0xC0, 0xC0, 0x3B, 0x67, 0xC3, 0x83, 0x83, 0x83, 0xC3,
    0x47, 0x7F, 0x03, 0x03, 0x03, 0x03, 0xDF, 0xB1, 0x8C, 0x63, 0x18, 0xC0, 0x3C, 0xCD, 0x0B, 0x03,
    0xC0, 0xC0, 0xE1, 0x3C, 0x20, 0x82, 0x3F, 0x20, 0x82, 0x08, 0x20, 0x82, 0x0E, 0xC3, 0xC3, 0xC3,
    0xC3, 0xC3, 0xC3, 0xC3, 0xC7, 0x7B, 0xC1, 0x43, 0x42, 0x62, 0x26, 0x34, 0x34, 0x1C, 0x18, 0xC2,
    0x0E, 0x38, 0xD1, 0x44, 0xCA, 0x26, 0x5B, 0x16, 0x50, 0xE2, 0x87, 0x1C, 0x18, 0x40, 0xC3, 0x66,
    0x34, 0x1C, 0x18, 0x1C, 0x24, 0x66, 0xC3, 0xC1, 0x43, 0x43, 0x62, 0x26, 0x34, 0x34, 0x1C, 0x18,
    0x18, 0x10, 0x30, 0x30, 0x7E, 0x0C, 0x10, 0x41, 0x86, 0x08, 0x20, 0xFE, 0x18, 0x8C, 0x63, 0x18,
    0x98, 0x21, 0x8C, 0x63, 0x08, 0x60, 0xFF, 0xFF, 0xFF, 0xFC, 0xC3, 0x08, 0x42, 0x18, 0xC1, 0x11,
    0x88, 0x42, 0x33, 0x00, 0xF7, 0x38, 0x00, 0x00, 0xF0, 0x57, 0xFF, 0xC0, 0x18, 0x3C, 0x7F, 0xDA,
    0xD8, 0xD8, 0xD8, 0xD8, 0x7B, 0x3C, 0x18, 0x0C, 0x3E, 0x63, 0x40, 0x40, 0x40, 0xFC, 0xFC, 0x40,
    0x40, 0x40, 0xC0, 0xFF, 0xC0, 0x6F, 0xF8, 0xC6, 0x30, 0x46, 0x08, 0xC1, 0x08, 0x61, 0xFC, 0x6E,
    0xD8, 0x0C, 0xC1, 0xB0, 0x8C, 0xC2, 0x41, 0xC0, 0x61, 0xFC, 0x18, 0x7F, 0x3F, 0x83, 0x01, 0x80,
    0xFF, 0xF0, 0x3F, 0xFC, 0x0C, 0x1F, 0x98, 0x28, 0x06, 0x01, 0xC3, 0xBD, 0x03, 0x80, 0xE0, 0x5E,
    0xE1, 0xC0, 0x30, 0x0B, 0x04, 0xFE, 0x3C, 0x00, 0x9E, 0xC0, 0x0F, 0x81, 0x83, 0x10, 0x0D, 0x1F,
    0x29, 0x88, 0xC8, 0x06, 0x40, 0x32, 0x01, 0x98, 0x8C, 0x7C, 0x91, 0x84, 0x40, 0x41, 0xFC, 0x00,
    0x7A, 0x5F, 0x9D, 0xB4, 0x1B, 0x9B, 0x19, 0x19, 0x86, 0xC1, 0x30, 0xEE, 0xFF, 0x03, 0x03, 0x03,
    0xFC, 0x3C, 0x52, 0xA9, 0xA5, 0xB9, 0xA9, 0xA6, 0x7C, 0xF0, 0x26, 0xE3, 0x18, 0xB8, 0x18, 0x18,
    0x18, 0xFF, 0x18, 0x18, 0x18, 0x00, 0xFF, 0xFF, 0x73, 0x20, 0x86, 0x10, 0x84, 0x3F, 0x78, 0x63,
    0x1C, 0x08, 0x3C, 0x9E, 0x4F, 0x00, 0xC3, 0xC3, 0xC3, 0xC3, 0xC3, 0xC3, 0xC3, 0xC7, 0xFF, 0xC0,
    0xC0, 0xC0, 0xC0, 0x3F, 0xB2, 0x71, 0x30, 0x9C, 0x4B, 0x24, 0xF2, 0x09, 0x04, 0x82, 0x41, 0x20,
    0x90, 0x48, 0x24, 0x12, 0xC0, 0x93, 0x3C, 0x3E, 0x92, 0x49, 0x79, 0x2C, 0xF3, 0x78, 0xC0, 0xCC,
    0x33, 0x0C, 0xC3, 0x33, 0x31, 0x33, 0xB0, 0x20, 0x37, 0x03, 0x28, 0x30, 0x41, 0x02, 0x18, 0x11,
    0x98, 0x88, 0xC4, 0x8A, 0x0C, 0xD0, 0x44, 0x84, 0x7E, 0x60, 0x26, 0x01, 0x00, 0x20, 0x33, 0x81,
    0x8A, 0x0C, 0x08, 0x20, 0x21, 0x80, 0x8C, 0xE2, 0x26, 0xC9, 0x01, 0x0C, 0x0C, 0x20, 0x61, 0x03,
    0x0C, 0x18, 0x60, 0x7C, 0x78, 0x08, 0xF0, 0x20, 0x40, 0xC3, 0x83, 0x02, 0x84, 0x01, 0x99, 0xB3,
    0x67, 0x3C, 0x8A, 0x02, 0x24, 0x0C, 0x48, 0x11, 0xF8, 0x40, 0x21, 0x80, 0x40, 0x30, 0x60, 0x00,
    0x01, 0x06, 0x08, 0x30, 0xC1, 0x02, 0x1F, 0xE3, 0x00, 0x08, 0x01, 0x80, 0x18, 0x00, 0x00, 0xE0,
    0x1C, 0x02, 0x80, 0xD8, 0x11, 0x02, 0x20, 0xFE, 0x1F, 0xC2, 0x0C, 0xC1, 0x90, 0x16, 0x03, 0x02,
    0x00, 0xC0, 0x30, 0x00, 0x00, 0xE0, 0x1C, 0x02, 0x80, 0xD8, 0x11, 0x02, 0x20, 0xFE, 0x1F, 0xC2,
    0x0C, 0xC1, 0x90, 0x16, 0x03, 0x0E, 0x03, 0x60, 0x00, 0x07, 0x00, 0xE0, 0x14, 0x06, 0xC0, 0x88,
    0x11, 0x07, 0xF0, 0xFE, 0x10, 0x66, 0x0C, 0x80, 0xB0, 0x18, 0x0D, 0x02, 0xC0, 0x00, 0x07, 0x00,
    0xE0, 0x14, 0x06, 0xC0, 0x88, 0x11, 0x07, 0xF0, 0xFE, 0x10, 0x66, 0x0C, 0x80, 0xB0, 0x18, 0x1B,
    0x03, 0x60, 0x00, 0x07, 0x00, 0xE0, 0x14, 0x06, 0xC0, 0x88, 0x11, 0x07, 0xF0, 0xFE, 0x10, 0x66,
    0x0C, 0x80, 0xB0, 0x18, 0x0E, 0x01, 0x40, 0x38, 0x00, 0x00, 0xE0, 0x1C, 0x02, 0x80, 0xD8, 0x11,
    0x02, 0x20, 0xFE, 0x1F, 0xC2, 0x0C, 0xC1, 0x90, 0x16, 0x03, 0x01, 0xFE, 0x03, 0xC0, 0x02, 0xC0,
    0x06, 0xC0, 0x0C, 0xC0, 0x08, 0xFE, 0x1F, 0xC0, 0x3F, 0xC0, 0x20, 0xC0, 0x60, 0xC0, 0x40, 0xC0,
    0xC0, 0xFF, 0x06, 0x0F, 0xE6, 0x0D, 0x00, 0xC0, 0x20, 0x08, 0x02, 0x00, 0xC0, 0x30, 0x06, 0x09,
    0xC7, 0x1F, 0x01, 0x00, 0xE0, 0x28, 0x06, 0x00, 0x10, 0x18, 0x08, 0x00, 0xFF, 0xC0, 0xC0, 0xC0,
    0xC0, 0xFF, 0xC0, 0xC0, 0xC0, 0xC0, 0xC0, 0xFF, 0x08, 0x0C, 0x10, 0x00, 0xFF, 0xC0, 0xC0, 0xC0,
    0xC0, 0xFF, 0xC0, 0xC0, 0xC0, 0xC0, 0xC0, 0xFF, 0x1C, 0x24, 0x00, 0xFF, 0xC0, 0xC0, 0xC0, 0xC0,
    0xFF, 0xC0, 0xC0, 0xC0, 0xC0, 0xC0, 0xFF, 0x26, 0x26, 0x00, 0xFF, 0xC0, 0xC0, 0xC0, 0xC0, 0xFF,
    0xC0, 0xC0, 0xC0, 0xC0, 0xC0, 0xFF, 0x58, 0x86, 0xDB, 0x6D, 0xB6, 0xDB, 0x4E, 0x0D, 0xB6, 0xDB,
    0x6D, 0xB6, 0x69, 0x06, 0x66, 0x66, 0x66, 0x66, 0x66, 0x60, 0xCD, 0x30, 0x0C, 0x30, 0xC3, 0x0C,
    0x30, 0xC3, 0x0C, 0x30, 0xC3, 0x00, 0x3F, 0xC2, 0x0E, 0x20, 0x22, 0x03, 0x20, 0x3F, 0xE3, 0x20,
    0x32, 0x03, 0x20, 0x32, 0x06, 0x21, 0xC3, 0xF8, 0x1B, 0x05, 0x80, 0x03, 0x03, 0xE0, 0xFC, 0x3D,
    0x0F, 0x63, 0xCC, 0xF1, 0x3C, 0x6F, 0x0F, 0xC1, 0xF0, 0x7C, 0x0C, 0x08, 0x01, 0x80, 0x18, 0x06,
    0x03, 0xF8, 0xC1, 0x90, 0x16, 0x03, 0x80, 0x70, 0x06, 0x00, 0xE0, 0x3C, 0x06, 0x81, 0x9C, 0x70,
    0xF8, 0x02, 0x00, 0xC0, 0x30, 0x06, 0x03, 0xF8, 0xC1, 0x90, 0x16, 0x03, 0x80, 0x70, 0x06, 0x00,
    0xE0, 0x3C, 0x06, 0x81, 0x9C, 0x70, 0xF8, 0x0E, 0x03, 0x60, 0x30, 0x1F, 0xC6, 0x0C, 0x80, 0xB0,
    0x1C, 0x03, 0x80, 0x30, 0x07, 0x01, 0xE0, 0x34, 0x0C, 0xE3, 0x87, 0xC0, 0x0D, 0x02, 0xC0, 0x30,
    0x1F, 0xC6, 0x0C, 0x80, 0xB0, 0x1C, 0x03, 0x80, 0x30, 0x07, 0x01, 0xE0, 0x34, 0x0C, 0xE3, 0x87,
    0xC0, 0x1B, 0x03, 0x60, 0x30, 0x1F, 0xC6, 0x0C, 0x80, 0xB0, 0x1C, 0x03, 0x80, 0x30, 0x07, 0x01,
    0xE0, 0x34, 0x0C, 0xE3, 0x87, 0xC0, 0x42, 0xE7, 0x3C, 0x18, 0x3C, 0x66, 0xC3, 0x42, 0x00, 0x10,
    0x38, 0xC7, 0xF8, 0x60, 0xC2, 0x0E, 0x30, 0x59, 0x04, 0x48, 0x62, 0x46, 0x12, 0x60, 0x9A, 0x0C,
    0x60, 0x43, 0x8E, 0x37, 0xC3, 0x00, 0x08, 0x00, 0x08, 0x0C, 0x01, 0x00, 0x0C, 0x0E, 0x07, 0x03,
    0x81, 0xC0, 0xE0, 0x70, 0x38, 0x1C, 0x0A, 0x0D, 0x8E, 0x7E, 0x04, 0x07, 0x02, 0x00, 0x0C, 0x0E,
    0x07, 0x03, 0x81, 0xC0, 0xE0, 0x70, 0x38, 0x1C, 0x0A, 0x0D, 0x8E, 0x7E, 0x0C, 0x09, 0x00, 0x18,
    0x1C, 0x0E, 0x07, 0x03, 0x81, 0xC0, 0xE0, 0x70, 0x38, 0x14, 0x1B, 0x1C, 0xFC, 0x32, 0x19, 0x00,
    0x18, 0x1C, 0x0E, 0x07, 0x03, 0x81, 0xC0, 0xE0, 0x70, 0x38, 0x14, 0x1B, 0x1C, 0xFC, 0x04, 0x01,
    0x80, 0x82, 0x00, 0x40, 0xD8, 0x62, 0x10, 0xCC, 0x12, 0x03, 0x80, 0xC0, 0x30, 0x0C, 0x03, 0x00,
    0xC0, 0x30, 0xC0, 0x60, 0x3F, 0x98, 0x6C, 0x1E, 0x0F, 0x07, 0x86, 0xFF, 0x60, 0x30, 0x18, 0x00,
    0x10, 0x7C, 0xC6, 0xC2, 0xC6, 0xC4, 0xD8, 0xC6, 0xC3, 0xC1, 0xC1, 0xC3, 0xDE, 0x20, 0xC0, 0x40,
    0x07, 0x98, 0x81, 0x83, 0x7F, 0x8E, 0x1C, 0x7F, 0xE0, 0x08, 0x30, 0x40, 0x07, 0x98, 0x81, 0x83,
    0x7F, 0x8E, 0x1C, 0x7F, 0xE0, 0x38, 0xD9, 0x23, 0xCC, 0x40, 0xC1, 0xBF, 0xC7, 0x0E, 0x3F, 0xF0,
    0x24, 0xF8, 0x03, 0xCC, 0x40, 0xC1, 0xBF, 0xC7, 0x0E, 0x3F, 0xF0, 0x4C, 0xD8, 0x03, 0xCC, 0x40,
    0xC1, 0xBF, 0xC7, 0x0E, 0x3F, 0xF0, 0x38, 0x50, 0xA0, 0x87, 0x98, 0x81, 0x83, 0x7F, 0x8E, 0x1C,
    0x7F, 0xE0, 0x79, 0xF6, 0x38, 0xC1, 0x86, 0x0C, 0x17, 0xFF, 0xE3, 0x02, 0x18, 0x11, 0xE3, 0xF9,
    0xF0, 0x3C, 0xCF, 0x0C, 0x08, 0x10, 0x30, 0x63, 0x7C, 0x20, 0x70, 0x61, 0x80, 0x20, 0x60, 0x60,
    0x03, 0xC8, 0xF0, 0xC1, 0xFF, 0x03, 0x06, 0x37, 0xC0, 0x08, 0x18, 0x40, 0x03, 0xC8, 0xF0, 0xC1,
    0xFF, 0x03, 0x06, 0x37, 0xC0, 0x18, 0xD8, 0x91, 0xE4, 0x78, 0x60, 0xFF, 0x81, 0x83, 0x1B, 0xE0,
    0x64, 0xD8, 0x01, 0xE4, 0x78, 0x60, 0xFF, 0x81, 0x83, 0x1B, 0xE0, 0x99, 0x86, 0xDB, 0x6D, 0xB6,
    0x4F, 0x0D, 0xB6, 0xDB, 0x6C, 0x69, 0x06, 0x66, 0x66, 0x66, 0x66, 0x4B, 0x30, 0x0C, 0x30, 0xC3,
    0x0C, 0x30, 0xC3, 0x0C, 0x10, 0x36, 0x1C, 0x74, 0x46, 0x7E, 0xC6, 0x83, 0x83, 0x83, 0x82, 0xC6,
    0x7C, 0x34, 0x7C, 0x00, 0xDC, 0xE6, 0xC2, 0xC3, 0xC3, 0xC3, 0xC3, 0xC3, 0xC3, 0x20, 0x30, 0x18,
    0x00, 0x3C, 0x66, 0xC2, 0x83, 0x83, 0x83, 0xC3, 0xC6, 0x7C, 0x08, 0x0C, 0x10, 0x00, 0x3C, 0x66,
    0xC2, 0x83, 0x83, 0x83, 0xC3, 0xC6, 0x7C, 0x18, 0x6C, 0x00, 0x3C, 0x66, 0xC2, 0x83, 0x83, 0x83,
    0xC3, 0xC6, 0x7C, 0x34, 0x7C, 0x00, 0x3C, 0x66, 0xC2, 0x83, 0x83, 0x83, 0xC3, 0xC6, 0x7C, 0x64,
    0x6C, 0x00, 0x3C, 0x66, 0xC2, 0x83, 0x83, 0x83, 0xC3, 0xC6, 0x7C, 0x18, 0x18, 0x00, 0xFF, 0x00,
    0x00, 0x18, 0x18, 0x00, 0x8F, 0xCC, 0xCC, 0x64, 0x5A, 0x6D, 0x66, 0xE3, 0x63, 0x3F, 0x30, 0x00,
    0x20, 0x30, 0x18, 0x00, 0xC3, 0xC3, 0xC3, 0xC3, 0xC3, 0xC3, 0xC3, 0xC7, 0x7B, 0x08, 0x0C, 0x18,
    0x00, 0xC3, 0xC3, 0xC3, 0xC3, 0xC3, 0xC3, 0xC3, 0xC7, 0x7B, 0x18, 0x2C, 0x00, 0xC3, 0xC3, 0xC3,
    0xC3, 0xC3, 0xC3, 0xC3, 0xC7, 0x7B, 0x24, 0x64, 0x00, 0xC3, 0xC3, 0xC3, 0xC3, 0xC3, 0xC3, 0xC3,
    0xC7, 0x7B, 0x04, 0x0C, 0x18, 0x00, 0xC1, 0x43, 0x43, 0x62, 0x26, 0x34, 0x34, 0x1C, 0x18, 0x18,
    0x10, 0x30, 0x30, 0xC0, 0xC0, 0xC0, 0xDC, 0xE6, 0xC3, 0xC1, 0x81, 0xC1, 0xC3, 0xE6, 0xFC, 0xC0,
    0xC0, 0xC0, 0xC0, 0x26, 0x36, 0x00, 0xC1, 0x43, 0x43, 0x62, 0x26, 0x34, 0x34, 0x1C, 0x18, 0x18,
    0x10, 0x30, 0x30, 0x1F, 0x03, 0xE0, 0x00, 0x07, 0x00, 0xE0, 0x14, 0x06, 0xC0, 0x88, 0x11, 0x07,
    0xF0, 0xFE, 0x10, 0x66, 0x0C, 0x80, 0xB0, 0x18, 0x78, 0x01, 0xE6, 0x20, 0x60, 0xDF, 0xE3, 0x87,
    0x1F, 0xF8, 0x1B, 0x01, 0xC0, 0x00, 0x07, 0x00, 0xE0, 0x14, 0x06, 0xC0, 0x88, 0x11, 0x07, 0xF0,
    0xFE, 0x10, 0x66, 0x0C, 0x80, 0xB0, 0x18, 0x4C, 0x70, 0x03, 0xCC, 0x40, 0xC1, 0xBF, 0xC7, 0x0E,
    0x3F, 0xF0, 0x0E, 0x01, 0xC0, 0x28, 0x0D, 0x81, 0x10, 0x22, 0x0F, 0xE1, 0xFC, 0x20, 0xCC, 0x19,
    0x01, 0x60, 0x30, 0x04, 0x01, 0x80, 0x38, 0x03, 0x7D, 0x88, 0x18, 0x37, 0xF8, 0xE1, 0xE7, 0xFE,
    0x08, 0x30, 0x70, 0x60, 0x02, 0x01, 0x80, 0xC0, 0x18, 0x3F, 0x98, 0x34, 0x03, 0x00, 0x80, 0x20,
    0x08, 0x03, 0x00, 0xC0, 0x18, 0x27, 0x1C, 0x7C, 0x08, 0x18, 0x40, 0x03, 0xCC, 0xF0, 0xC0, 0x81,
    0x03, 0x06, 0x37, 0xC0, 0x0E, 0x06, 0xC0, 0x60, 0xFE, 0x60, 0xD0, 0x0C, 0x02, 0x00, 0x80, 0x20,
    0x0C, 0x03, 0x00, 0x60, 0x9C, 0x71, 0xF0, 0x18, 0x58, 0x01, 0xE6, 0x78, 0x60, 0x40, 0x81, 0x83,
    0x1B, 0xE0, 0x04, 0x01, 0x80, 0x60, 0xFE, 0x60, 0xD0, 0x0C, 0x02, 0x00, 0x80, 0x20, 0x0C, 0x03,
    0x00, 0x60, 0x9C, 0x71, 0xF0, 0x18, 0x30, 0x01, 0xE6, 0x78, 0x60, 0x40, 0x81, 0x83, 0x1B, 0xE0,
    0x09, 0x06, 0x80, 0x60, 0x18, 0x3F, 0x98, 0x34, 0x03, 0x00, 0x80, 0x20, 0x08, 0x03, 0x00, 0xC0,
    0x18, 0x27, 0x1C, 0x7C, 0x24, 0x58, 0x60, 0x03, 0xCC, 0xF0, 0xC0, 0x81, 0x03, 0x06, 0x37, 0xC0,
    0x22, 0x05, 0x01, 0xC0, 0x00, 0xFF, 0x30, 0x6C, 0x0F, 0x01, 0xC0, 0x70, 0x1C, 0x07, 0x01, 0xC0,
    0xF0, 0x3C, 0x3B, 0xF8, 0x00, 0x60, 0x68, 0x0D, 0x01, 0xA3, 0xB0, 0xCE, 0x30, 0xC4, 0x18, 0x83,
    0x10, 0x63, 0x0C, 0x33, 0x87, 0xF0, 0x3F, 0xC2, 0x0E, 0x20, 0x22, 0x03, 0x20, 0x3F, 0xE3, 0x20,
    0x32, 0x03, 0x20, 0x32, 0x06, 0x21, 0xC3, 0xF8, 0x03, 0x07, 0xC0, 0xC7, 0x66, 0x76, 0x1A, 0x0D,
    0x06, 0x83, 0x61, 0x99, 0xCF, 0xE0, 0x3C, 0x3C, 0x00, 0xFF, 0xC0, 0xC0, 0xC0, 0xC0, 0xFF, 0xC0,
    0xC0, 0xC0, 0xC0, 0xC0, 0xFF, 0x3C, 0x00, 0xF2, 0x3C, 0x30, 0x7F, 0xC0, 0xC1, 0x8D, 0xF0, 0x34,
    0x18, 0x00, 0xFF, 0xC0, 0xC0, 0xC0, 0xC0, 0xFF, 0xC0, 0xC0, 0xC0, 0xC0, 0xC0, 0xFF, 0x64, 0x70,
    0x01, 0xE4, 0x78, 0x60, 0xFF, 0x81, 0x83, 0x1B, 0xE0, 0x18, 0x18, 0x00, 0xFF, 0xC0, 0xC0, 0xC0,
    0xC0, 0xFF, 0xC0, 0xC0, 0xC0, 0xC0, 0xC0, 0xFF, 0x18, 0x30, 0x01, 0xE4, 0x78, 0x60, 0xFF, 0x81,
    0x83, 0x1B, 0xE0, 0xFF, 0x60, 0x30, 0x18, 0x0C, 0x07, 0xFB, 0x01, 0x80, 0xC0, 0x60, 0x30, 0x1F,
    0xE0, 0x30, 0x10, 0x0E, 0x03, 0x3C, 0x8F, 0x0C, 0x1F, 0xF0, 0x30, 0x63, 0x7C, 0x30, 0x40, 0xE0,
    0xC0, 0x24, 0x3C, 0x18, 0x00, 0xFF, 0xC0, 0xC0, 0xC0, 0xC0, 0xFF, 0xC0, 0xC0, 0xC0, 0xC0, 0xC0,
    0xFF, 0x24, 0xD8, 0xE0, 0x03, 0xC8, 0xF0, 0xC1, 0xFF, 0x03, 0x06, 0x37, 0xC0, 0x0E, 0x06, 0xC0,
    0x60, 0xFE, 0x60, 0xD0, 0x2C, 0x02, 0x00, 0x83, 0xE0, 0xFC, 0x07, 0x01, 0x40, 0x5C, 0x71, 0xF0,
    0x18, 0x6C, 0x24, 0x3B, 0xE7, 0xC3, 0x83, 0x83, 0x83, 0xC3, 0x67, 0x3B, 0x03, 0x82, 0xFE, 0x38,
    0x1B, 0x03, 0x80, 0x60, 0xFE, 0x60, 0xD0, 0x2C, 0x02, 0x00, 0x83, 0xE0, 0xFC, 0x07, 0x01, 0x40,
    0x5C, 0x71, 0xF0, 0x64, 0x38, 0x00, 0x3B, 0xE7, 0xC3, 0x83, 0x83, 0x83, 0xC3, 0x67, 0x3B, 0x03,
    0x82, 0xFE, 0x38, 0x04, 0x03, 0x00, 0x60, 0xFE, 0x60, 0xD0, 0x2C, 0x02, 0x00, 0x83, 0xE0, 0xFC,
    0x07, 0x01, 0x40, 0x5C, 0x71, 0xF0, 0x10, 0x18, 0x00, 0x3B, 0xE7, 0xC3, 0x83, 0x83, 0x83, 0xC3,
    0x67, 0x3B, 0x03, 0x82, 0xFE, 0x38, 0x06, 0x0F, 0xE6, 0x0D, 0x02, 0xC0, 0x20, 0x08, 0x3E, 0x0F,
    0xC0, 0x70, 0x14, 0x05, 0xC7, 0x1F, 0x00, 0x00, 0x40, 0x10, 0x04, 0x00, 0x10, 0x10, 0x18, 0x00,
    0x3B, 0xE7, 0xC3, 0x83, 0x83, 0x83, 0xC3, 0x67, 0x3B, 0x03, 0x82, 0xFE, 0x38, 0x0C, 0x04, 0x80,
    0x03, 0x03, 0xC0, 0xF0, 0x3C, 0x0F, 0x03, 0xFF, 0xF0, 0x3C, 0x0F, 0x03, 0xC0, 0xF0, 0x3C, 0x0C,
    0x60, 0x70, 0x24, 0x00, 0x06, 0x03, 0x01, 0x80, 0xDC, 0x73, 0x30, 0x98, 0x6C, 0x36, 0x1B, 0x0D,
    0x86, 0xC3, 0x60, 0x66, 0x06, 0xFF, 0xF6, 0x06, 0x60, 0x67, 0xFE, 0x60, 0x66, 0x06, 0x60, 0x66,
    0x06, 0x60, 0x66, 0x06, 0x60, 0x7C, 0x18, 0x0D, 0xC7, 0x33, 0x09, 0x86, 0xC3, 0x61, 0xB0, 0xD8,
    0x6C, 0x30, 0xDB, 0x06, 0x66, 0x66, 0x66, 0x66, 0x66, 0x60, 0xDF, 0x06, 0x66, 0x66, 0x66, 0x66,
    0xFF, 0x06, 0x66, 0x66, 0x66, 0x66, 0x66, 0x60, 0xF0, 0x66, 0x66, 0x66, 0x66, 0x60, 0x96, 0x06,
    0x66, 0x66, 0x66, 0x66, 0x66, 0x60, 0x9F, 0x06, 0x66, 0x66, 0x66, 0x66, 0x6D, 0xB6, 0xDB, 0x6D,
    0xB5, 0x3B, 0x2C, 0x06, 0xDB, 0x6D, 0xB6, 0xA7, 0x60, 0xF3, 0xFF, 0xFF, 0xFC, 0xFF, 0xFF, 0xC0,
    0xC0, 0xF0, 0x3C, 0x0F, 0x03, 0xC0, 0xF0, 0x3C, 0x0F, 0x03, 0xC0, 0xF2, 0x3D, 0xCF, 0x3E, 0x47,
    0x30, 0x00, 0xC7, 0x1C, 0x71, 0xC7, 0x1C, 0x71, 0xC4, 0x10, 0xCF, 0x38, 0x06, 0x09, 0x00, 0x06,
    0x06, 0x06, 0x06, 0x06, 0x06, 0x06, 0x06, 0x06, 0x46, 0xC4, 0x7C, 0x32, 0x40, 0x63, 0x18, 0xC6,
    0x31, 0x8C, 0x63, 0x1B, 0x98, 0xC1, 0xB0, 0x8C, 0x63, 0x30, 0xD8, 0x3E, 0x0E, 0xC3, 0x10, 0xC6,
    0x30, 0xCC, 0x1B, 0x07, 0x00, 0x03, 0x00, 0x80, 0x20, 0xC1, 0x83, 0x06, 0x3C, 0xDB, 0x3C, 0x78,
    0xD9, 0x9B, 0x16, 0x30, 0x06, 0x04, 0x08, 0xC7, 0x9B, 0x47, 0x8E, 0x1E, 0x36, 0x66, 0xC6, 0x40,
    0x60, 0x80, 0x00, 0xC0, 0xC0, 0xC0, 0xC0, 0xC0, 0xC0, 0xC0, 0xC0, 0xC0, 0xC0, 0xC0, 0xFF, 0x6A,
    0x0D, 0xB6, 0xDB, 0x6D, 0xB7, 0xC0, 0xC0, 0xC0, 0xC0, 0xC0, 0xC0, 0xC0, 0xC0, 0xC0, 0xC0, 0xC0,
    0xFF, 0x00, 0x18, 0x08, 0x08, 0xDB, 0x6D, 0xB6, 0xDB, 0x70, 0x92, 0x18, 0xD0, 0xD0, 0xD0, 0xC0,
    0xC0, 0xC0, 0xC0, 0xC0, 0xC0, 0xC0, 0xC0, 0xFF, 0x1D, 0xDD, 0xCC, 0xCC, 0xCC, 0xCC, 0xE0, 0xC0,
    0xC0, 0xC0, 0xC0, 0xCC, 0xCC, 0xC0, 0xC0, 0xC0, 0xC0, 0xC0, 0xFF, 0xC6, 0x31, 0x8C, 0x6F, 0x18,
    0xC6, 0x31, 0xC0, 0x20, 0x10, 0x08, 0x04, 0x43, 0xC3, 0x83, 0x80, 0x40, 0x20, 0x10, 0x08, 0x07,
    0xF0, 0x22, 0x22, 0x3E, 0xA2, 0x22, 0x23, 0x04, 0x01, 0x80, 0x80, 0x00, 0xC0, 0xF8, 0x3F, 0x0F,
    0x43, 0xD8, 0xF3, 0x3C, 0x4F, 0x1B, 0xC3, 0xF0, 0x7C, 0x1F, 0x03, 0x08, 0x0C, 0x18, 0x00, 0xDC,
    0xE6, 0xC2, 0xC3, 0xC3, 0xC3, 0xC3, 0xC3, 0xC3, 0xC0, 0xF8, 0x3F, 0x0F, 0x43, 0xD8, 0xF3, 0x3C,
    0x4F, 0x1B, 0xC3, 0xF0, 0x7C, 0x1F, 0x03, 0x00, 0x03, 0x00, 0x40, 0x30, 0xDC, 0xE6, 0xC2, 0xC3,
    0xC3, 0xC3, 0xC3, 0xC3, 0xC3, 0x00, 0x18, 0x08, 0x10, 0x12, 0x07, 0x80, 0xC0, 0x00, 0xC0, 0xF8,
    0x3F, 0x0F, 0x43, 0xD8, 0xF3, 0x3C, 0x4F, 0x1B, 0xC3, 0xF0, 0x7C, 0x1F, 0x03, 0x24, 0x2C, 0x18,
    0x00, 0xDC, 0xE6, 0xC2, 0xC3, 0xC3, 0xC3, 0xC3, 0xC3, 0xC3, 0x40, 0x10, 0x04, 0x02, 0x7E, 0x1C,
    0xC6, 0x11, 0x84, 0x61, 0x18, 0x46, 0x11, 0x84, 0x61, 0xC0, 0xF8, 0x3F, 0x0F, 0x43, 0xD8, 0xF3,
    0x3C, 0x4F, 0x1B, 0xC3, 0xF0, 0x7C, 0x1F, 0x03, 0x00, 0xC0, 0x30, 0x0C, 0x0E, 0xDC, 0xE6, 0xC2,
    0xC3, 0xC3, 0xC3, 0xC3, 0xC3, 0xC3, 0x03, 0x03, 0x02, 0x0E, 0x1F, 0x03, 0xE0, 0x30, 0x1F, 0xC6,
    0x0C, 0x80, 0xB0, 0x1C, 0x03, 0x80, 0x30, 0x07, 0x01, 0xE0, 0x34, 0x0C, 0xE3, 0x87, 0xC0, 0x3C,
    0x00, 0x3C, 0x66, 0xC2, 0x83, 0x83, 0x83, 0xC3, 0xC6, 0x7C, 0x1B, 0x01, 0xC0, 0x30, 0x1F, 0xC6,
    0x0C, 0x80, 0xB0, 0x1C, 0x03, 0x80, 0x30, 0x07, 0x01, 0xE0, 0x34, 0x0C, 0xE3, 0x87, 0xC0, 0x24,
    0x38, 0x00, 0x3C, 0x66, 0xC2, 0x83, 0x83, 0x83, 0xC3, 0xC6, 0x7C, 0x0D, 0x01, 0x60, 0x68, 0x06,
    0x03, 0xF8, 0xC1, 0x90, 0x16, 0x03, 0x80, 0x70, 0x06, 0x00, 0xE0, 0x3C, 0x06, 0x81, 0x9C, 0x70,
    0xF8, 0x14, 0x36, 0x2C, 0x24, 0x3C, 0x66, 0xC2, 0x83, 0x83, 0x83, 0xC3, 0xC6, 0x7C, 0x0C, 0x00,
    0x1F, 0xDF, 0xD8, 0x28, 0x18, 0x0C, 0x0C, 0x06, 0x04, 0x03, 0x02, 0x00, 0xFF, 0x00, 0x40, 0xC0,
    0x60, 0x60, 0x30, 0x10, 0x38, 0x0E, 0x34, 0x03, 0xF3, 0xF8, 0x3C, 0xF9, 0x9E, 0x3C, 0x30, 0x60,
    0xC1, 0x83, 0xFE, 0x0C, 0x0C, 0x30, 0x31, 0xE3, 0x7C, 0xF8, 0x08, 0x0C, 0x04, 0x00, 0x0F, 0xE6,
    0x1B, 0x07, 0x83, 0xC1, 0xFF, 0xBF, 0x98, 0x8C, 0x66, 0x1B, 0x05, 0x83, 0x10, 0xC8, 0x0D, 0xFB,
    0x18, 0xC6, 0x31, 0x8C, 0x00, 0xFE, 0x61, 0xB0, 0x78, 0x3C, 0x1F, 0xFB, 0xF9, 0x88, 0xC6, 0x61,
    0xB0, 0x58, 0x30, 0x00, 0xC0, 0x20, 0x20, 0x9D, 0xB1, 0x88, 0x42, 0x10, 0x80, 0x30, 0x88, 0x00,
    0x24, 0x1E, 0x06, 0x00, 0x0F, 0xE6, 0x1B, 0x07, 0x83, 0xC1, 0xFF, 0xBF, 0x98, 0x8C, 0x66, 0x1B,
    0x05, 0x83, 0x4E, 0xDC, 0x0D, 0xFB, 0x18, 0xC6, 0x31, 0x8C, 0x00, 0x08, 0x0C, 0x10, 0x18, 0x7E,
    0xC3, 0x80, 0x80, 0xC0, 0x78, 0x0E, 0x03, 0x01, 0x81, 0xC3, 0x7E, 0x08, 0x18, 0x60, 0x03, 0xCC,
    0xD0, 0xB0, 0x3C, 0x0C, 0x0E, 0x13, 0xC0, 0x18, 0x24, 0x18, 0x7E, 0xC3, 0x80, 0x80, 0xC0, 0x78,
    0x0E, 0x03, 0x01, 0x81, 0xC3, 0x7E, 0x18, 0x58, 0x91, 0xE6, 0x68, 0x58, 0x1E, 0x06, 0x07, 0x09,
    0xE0, 0x18, 0x7E, 0xC3, 0x80, 0x80, 0xC0, 0x78, 0x0E, 0x03, 0x01, 0x81, 0xC3, 0x7E, 0x10, 0x18,
    0x04, 0x18, 0x3C, 0xCD, 0x0B, 0x03, 0xC0, 0xC0, 0xE1, 0x3C, 0x30, 0x70, 0x21, 0x80, 0x24, 0x3C,
    0x18, 0x18, 0x7E, 0xC3, 0x80, 0x80, 0xC0, 0x78, 0x0E, 0x03, 0x01, 0x81, 0xC3, 0x7E, 0x24, 0x58,
    0x60, 0x03, 0xCC, 0xD0, 0xB0, 0x3C, 0x0C, 0x0E, 0x13, 0xC0, 0xFF, 0xC3, 0x00, 0xC0, 0x30, 0x0C,
    0x03, 0x00, 0xC0, 0x30, 0x0C, 0x03, 0x00, 0xC0, 0x30, 0x08, 0x03, 0x80, 0x20, 0x30, 0x20, 0x82,
    0x3F, 0x20, 0x82, 0x08, 0x20, 0x82, 0x0E, 0x10, 0x70, 0xC6, 0x12, 0x07, 0x80, 0xC0, 0x00, 0xFF,
    0xC3, 0x00, 0xC0, 0x30, 0x0C, 0x03, 0x00, 0xC0, 0x30, 0x0C, 0x03, 0x00, 0xC0, 0x30, 0x08, 0xB2,
    0x8A, 0xFC, 0x82, 0x08, 0x20, 0x82, 0x08, 0x38, 0xFF, 0xC3, 0x00, 0xC0, 0x30, 0x0C, 0x0F, 0xC3,
    0xF0, 0x30, 0x0C, 0x03, 0x00, 0xC0, 0x30, 0x20, 0x82, 0x3F, 0x20, 0x82, 0x3F, 0x20, 0x82, 0x0F,
    0x1A, 0x13, 0x00, 0x18, 0x1C, 0x0E, 0x07, 0x03, 0x81, 0xC0, 0xE0, 0x70, 0x38, 0x14, 0x1B, 0x1C,
    0xFC, 0x34, 0x7C, 0x00, 0xC3, 0xC3, 0xC3, 0xC3, 0xC3, 0xC3, 0xC3, 0xC7, 0x7B, 0x1E, 0x0F, 0x00,
    0x18, 0x1C, 0x0E, 0x07, 0x03, 0x81, 0xC0, 0xE0, 0x70, 0x38, 0x14, 0x1B, 0x1C, 0xFC, 0x3C, 0x00,
    0xC3, 0xC3, 0xC3, 0xC3, 0xC3, 0xC3, 0xC3, 0xC7, 0x7B, 0x12, 0x06, 0x00, 0x18, 0x1C, 0x0E, 0x07,
    0x03, 0x81, 0xC0, 0xE0, 0x70, 0x38, 0x14, 0x1B, 0x1C, 0xFC, 0x24, 0x38, 0x00, 0xC3, 0xC3, 0xC3,
    0xC3, 0xC3, 0xC3, 0xC3, 0xC7, 0x7B, 0x1C, 0x09, 0x07, 0x00, 0x0C, 0x0E, 0x07, 0x03, 0x81, 0xC0,
    0xE0, 0x70, 0x38, 0x1C, 0x0A, 0x0D, 0x8E, 0x7E, 0x18, 0x24, 0x38, 0x00, 0xC3, 0xC3, 0xC3, 0xC3,
    0xC3, 0xC3, 0xC3, 0xC7, 0x7B, 0x0B, 0x0D, 0x05, 0x00, 0x0C, 0x0E, 0x07, 0x03, 0x81, 0xC0, 0xE0,
    0x70, 0x38, 0x1C, 0x0A, 0x0D, 0x8E, 0x7E, 0x14, 0x16, 0x2C, 0x24, 0xC3, 0xC3, 0xC3, 0xC3, 0xC3,
    0xC3, 0xC3, 0xC7, 0x7B, 0xC0, 0xE0, 0x70, 0x38, 0x1C, 0x0E, 0x07, 0x03, 0x81, 0xC0, 0xA0, 0xD8,
    0xE7, 0xE0, 0xC0, 0x40, 0x38, 0x0C, 0xC3, 0xC3, 0xC3, 0xC3, 0xC3, 0xC3, 0xC3, 0xC7, 0x7B, 0x06,
    0x04, 0x07, 0x03, 0x01, 0x80, 0x02, 0x40, 0x00, 0x00, 0xC1, 0x83, 0x41, 0x82, 0x61, 0xC2, 0x63,
    0x46, 0x22, 0x44, 0x22, 0x44, 0x36, 0x6C, 0x34, 0x2C, 0x14, 0x28, 0x1C, 0x38, 0x1C, 0x18, 0x08,
    0x18, 0x07, 0x00, 0x6C, 0x00, 0x01, 0x84, 0x1C, 0x71, 0xA2, 0x89, 0x94, 0x4C, 0xB6, 0x2C, 0xA1,
    0xC5, 0x0E, 0x38, 0x30, 0x80, 0x0C, 0x04, 0x88, 0x01, 0x03, 0x61, 0x88, 0x43, 0x30, 0x48, 0x0E,
    0x03, 0x00, 0xC0, 0x30, 0x0C, 0x03, 0x00, 0xC0, 0x18, 0x36, 0x00, 0xC1, 0x43, 0x43, 0x62, 0x26,
    0x34, 0x34, 0x1C, 0x18, 0x18, 0x10, 0x30, 0x30, 0x13, 0x04, 0xC8, 0x01, 0x03, 0x61, 0x88, 0x43,
    0x30, 0x48, 0x0E, 0x03, 0x00, 0xC0, 0x30, 0x0C, 0x03, 0x00, 0xC0, 0x08, 0x0C, 0x10, 0x00, 0xFF,
    0x03, 0x06, 0x04, 0x0C, 0x18, 0x10, 0x30, 0x60, 0xC0, 0xC0, 0xFF, 0x04, 0x18, 0x60, 0x07, 0xE0,
    0xC1, 0x04, 0x18, 0x60, 0x82, 0x0F, 0xE0, 0x18, 0x18, 0x00, 0xFF, 0x03, 0x06, 0x04, 0x0C, 0x18,
    0x10, 0x30, 0x60, 0xC0, 0xC0, 0xFF, 0x18, 0x30, 0x03, 0xF0, 0x60, 0x82, 0x0C, 0x30, 0x41, 0x07,
    0xF0, 0x24, 0x3C, 0x18, 0x00, 0xFF, 0x03, 0x06, 0x04, 0x0C, 0x18, 0x10, 0x30, 0x60, 0xC0, 0xC0,
    0xFF, 0x24, 0x78, 0x60, 0x07, 0xE0, 0xC1, 0x04, 0x18, 0x60, 0x82, 0x0F, 0xE0, 0x37, 0xCC, 0xCC,
    0xCC, 0xCC, 0xCC, 0xC0, 0x00, 0x60, 0x04, 0x39, 0x9F, 0xC6, 0x0C, 0x80, 0xB0, 0x1C, 0x03, 0x80,
    0x30, 0x07, 0x01, 0xE0, 0x34, 0x0C, 0xE3, 0x87, 0xC0, 0x01, 0x03, 0x01, 0x3F, 0x66, 0xC2, 0x83,
    0x83, 0x83, 0xC3, 0xC6, 0x7C, 0x00, 0x60, 0x04, 0x01, 0xE0, 0x6C, 0x09, 0x81, 0x30, 0x26, 0x04,
    0xC0, 0x98, 0x13, 0x02, 0x60, 0x44, 0x18, 0xC7, 0x0F, 0xC0, 0x00, 0x80, 0x40, 0x38, 0x7C, 0x36,
    0x1B, 0x0D, 0x86, 0xC3, 0x61, 0xB1, 0xCF, 0x60, 0x09, 0x03, 0x40, 0x10, 0x00, 0x00, 0xE0, 0x1C,
    0x02, 0x80, 0xD8, 0x11, 0x02, 0x20, 0xFE, 0x1F, 0xC2, 0x0C, 0xC1, 0x90, 0x16, 0x03, 0x48, 0xD8,
    0xE0, 0x07, 0x98, 0x81, 0x83, 0x7F, 0x8E, 0x1C, 0x7F, 0xE0, 0x9F, 0x60, 0x66, 0x66, 0x66, 0x66,
    0x66, 0x66, 0x9B, 0x60, 0x66, 0x66, 0x66, 0x66, 0x60, 0x11, 0x01, 0x40, 0x10, 0x06, 0x03, 0xF8,
    0xC1, 0x90, 0x16, 0x03, 0x80, 0x70, 0x06, 0x00, 0xE0, 0x3C, 0x06, 0x81, 0x9C, 0x70, 0xF8, 0x24,
    0x6C, 0x18, 0x00, 0x3C, 0x66, 0xC2, 0x83, 0x83, 0x83, 0xC3, 0xC6, 0x7C, 0x12, 0x0F, 0x03, 0x00,
    0x0C, 0x0E, 0x07, 0x03, 0x81, 0xC0, 0xE0, 0x70, 0x38, 0x1C, 0x0A, 0x0D, 0x8E, 0x7E, 0x24, 0x2C,
    0x18, 0x00, 0xC3, 0xC3, 0xC3, 0xC3, 0xC3, 0xC3, 0xC3, 0xC7, 0x7B, 0x1E, 0x0F, 0x0C, 0x86, 0x40,
    0x06, 0x07, 0x03, 0x81, 0xC0, 0xE0, 0x70, 0x38, 0x1C, 0x0E, 0x05, 0x06, 0xC7, 0x3F, 0x00, 0x3C,
    0x00, 0x24, 0x64, 0x00, 0xC3, 0xC3, 0xC3, 0xC3, 0xC3, 0xC3, 0xC3, 0xC7, 0x7B, 0x04, 0x07, 0x02,
    0x06, 0x43, 0x20, 0x03, 0x03, 0x81, 0xC0, 0xE0, 0x70, 0x38, 0x1C, 0x0E, 0x07, 0x02, 0x83, 0x63,
    0x9F, 0x80, 0x0C, 0x08, 0x10, 0x24, 0x64, 0x00, 0xC3, 0xC3, 0xC3, 0xC3, 0xC3, 0xC3, 0xC3, 0xC7,
    0x7B, 0x12, 0x0F, 0x03, 0x06, 0x43, 0x20, 0x03, 0x03, 0x81, 0xC0, 0xE0, 0x70, 0x38, 0x1C, 0x0E,
    0x07, 0x02, 0x83, 0x63, 0x9F, 0x80, 0x24, 0x38, 0x18, 0x24, 0x64, 0x00, 0xC3, 0xC3, 0xC3, 0xC3,
    0xC3, 0xC3, 0xC3, 0xC7, 0x7B, 0x08, 0x0C, 0x01, 0x06, 0x43, 0x20, 0x03, 0x03, 0x81, 0xC0, 0xE0,
    0x70, 0x38, 0x1C, 0x0E, 0x07, 0x02, 0x83, 0x63, 0x9F, 0x80, 0x20, 0x10, 0x08, 0x24, 0x64, 0x00,
    0xC3, 0xC3, 0xC3, 0xC3, 0xC3, 0xC3, 0xC3, 0xC7, 0x7B, 0x06, 0x03, 0xF8, 0x60, 0xC4, 0x08, 0xC0,
    0x08, 0x00, 0x83, 0xC8, 0x3C, 0xC0, 0x4C, 0x1F, 0x40, 0x47, 0x1C, 0x1F, 0x00, 0x3B, 0x73, 0xB0,
    0xD0, 0x68, 0xFC, 0x1B, 0x0C, 0xCE, 0x3B, 0x01, 0xA0, 0x9F, 0xC3, 0x80, 0x12, 0x06, 0xC0, 0xC0,
    0x18, 0x3F, 0x98, 0x34, 0x0B, 0x00, 0x80, 0x20, 0xF8, 0x3F, 0x01, 0xC0, 0x50, 0x17, 0x1C, 0x7C,
    0x24, 0x6C, 0x38, 0x00, 0x3B, 0xE7, 0xC3, 0x83, 0x83, 0x83, 0xC3, 0x67, 0x3B, 0x03, 0x82, 0xFE,
    0x38, 0x24, 0x05, 0x81, 0x80, 0x00, 0xC1, 0xB0, 0x8C, 0x63, 0x30, 0xD8, 0x3E, 0x0E, 0xC3, 0x10,
    0xC6, 0x30, 0xCC, 0x1B, 0x07, 0x90, 0xF0, 0x60, 0x00, 0x60, 0x60, 0x60, 0x63, 0x66, 0x6C, 0x78,
    0x78, 0x6C, 0x66, 0x62, 0x63, 0x24, 0x1E, 0x06, 0x00, 0x07, 0xF0, 0x30, 0x30, 0x10, 0x10, 0x1F,
    0x00, 0xC0, 0x20, 0x1A, 0x0B, 0x8C, 0x7C, 0x44, 0x50, 0xE0, 0x0F, 0xE0, 0xC3, 0x0C, 0x30, 0x78,
    0x38, 0x10, 0x20, 0x60, 0xBF, 0x38, 0x4B, 0x4C, 0x03, 0x18, 0xC6, 0x31, 0x8C, 0x63, 0x18, 0xDC,
    0xC0, 0x20, 0x30, 0x18, 0x00, 0xDC, 0xE6, 0xC2, 0xC3, 0xC3, 0xC3, 0xC3, 0xC3, 0xC3, 0x02, 0x00,
    0x80, 0x30, 0x07, 0x00, 0xA0, 0x14, 0x03, 0x80, 0x50, 0x0A, 0x03, 0x60, 0x44, 0x18, 0xC3, 0xF8,
    0x7F, 0x18, 0x33, 0x06, 0x40, 0x58, 0x0C, 0x08, 0x10, 0x40, 0x83, 0x85, 0x0A, 0x08, 0x79, 0x88,
    0x18, 0x37, 0xF8, 0xE1, 0xC7, 0xFE, 0x00, 0x20, 0x00, 0x70, 0x00, 0x40, 0x00, 0x00, 0x01, 0xFE,
    0x03, 0xC0, 0x02, 0xC0, 0x06, 0xC0, 0x0C, 0xC0, 0x08, 0xFE, 0x1F, 0xC0, 0x3F, 0xC0, 0x20, 0xC0,
    0x60, 0xC0, 0x40, 0xC0, 0xC0, 0xFF, 0x01, 0x00, 0x0C, 0x00, 0x80, 0x00, 0x07, 0x9F, 0x63, 0x8C,
    0x18, 0x60, 0xC1, 0x7F, 0xFE, 0x30, 0x21, 0x81, 0x1E, 0x3F, 0x9F, 0x00, 0x01, 0x00, 0x18, 0x01,
    0x84, 0x0E, 0x31, 0xFE, 0x18, 0x30, 0x83, 0x8C, 0x16, 0x41, 0x12, 0x18, 0x91, 0x84, 0x98, 0x26,
    0x83, 0x18, 0x10, 0xE3, 0x8D, 0xF0, 0xC0, 0x02, 0x00, 0x00, 0x04, 0x06, 0x02, 0x00, 0x11, 0xF9,
    0x99, 0x8C, 0x8B, 0x4D, 0xAC, 0xDC, 0x6C, 0x67, 0xE6, 0x00, 0x18, 0x7E, 0xC3, 0x80, 0x80, 0xC0,
    0x78, 0x0E, 0x03, 0x01, 0x81, 0xC3, 0x7E, 0x00, 0x18, 0x18, 0x18, 0x3C, 0xCD, 0x0B, 0x03, 0xC0,
    0xC0, 0xE1, 0x3C, 0x00, 0x60, 0x40, 0x80, 0xFF, 0xC3, 0x00, 0xC0, 0x30, 0x0C, 0x03, 0x00, 0xC0,
    0x30, 0x0C, 0x03, 0x00, 0xC0, 0x30, 0x00, 0x03, 0x00, 0x40, 0x20, 0x20, 0x82, 0x3F, 0x20, 0x82,
    0x08, 0x20, 0x82, 0x0E, 0x00, 0x60, 0x84, 0x12, 0x07, 0x80, 0xC0, 0x00, 0xC0, 0xF0, 0x3C, 0x0F,
    0x03, 0xC0, 0xFF, 0xFC, 0x0F, 0x03, 0xC0, 0xF0, 0x3C, 0x0F, 0x03, 0x90, 0x78, 0x18, 0x00, 0x06,
    0x03, 0x01, 0x80, 0xDC, 0x73, 0x30, 0x98, 0x6C, 0x36, 0x1B, 0x0D, 0x86, 0xC3, 0x59, 0x80, 0x4E,
    0x00, 0x69, 0x6F, 0xC0, 0xF0, 0xFF, 0x97, 0xD0, 0xCE, 0xC0, 0xF2, 0xF7, 0x80, 0x4B, 0xF4, 0x9F,
    0x60, 0x53, 0x66, 0xC0, 0x5D, 0x3C, 0x90, 0x9E, 0x40, 0xF1, 0x10, 0xF0, 0x49, 0x70, 0xE9, 0x20,
    0x5D, 0x20, 0xE0, 0xF0, 0xDE, 0x40, 0x76, 0xA0, 0xD4, 0x53, 0x9C, 0x7B, 0xB0, 0xFF, 0xFC, 0x62,
    0x9F, 0x60, 0x7E, 0x80, 0xFF, 0x6F, 0xC0, 0xF0, 0x8C, 0x7E, 0xF6, 0xF0, 0x6E, 0x51, 0x00, 0x5D,
    0x2D, 0xFC, 0x40, 0xFF, 0x00, 0xFF, 0xBB, 0xBB, 0xE4, 0x90, 0x7F, 0xC8, 0x23, 0x7E, 0x42, 0x00,
    0xF8, 0x1E, 0x6F, 0x90, 0xBA, 0xC0, 0x37, 0x1C, 0x0F, 0x00, 0x1F, 0x86, 0x0E, 0xC0, 0x30, 0x01,
    0x7F, 0xC0, 0x20, 0x10, 0x18, 0x08, 0x00, 0xFF, 0xC0, 0xC0, 0xC0, 0xC0, 0xFF, 0xC0, 0xC0, 0xC0,
    0xC0, 0xC0, 0xFF, 0x26, 0x26, 0x00, 0xFF, 0xC0, 0xC0, 0xC0, 0xC0, 0xFF, 0xC0, 0xC0, 0xC0, 0xC0,
    0xC0, 0xFF, 0xFF, 0xC0, 0x60, 0x03, 0x00, 0x18, 0x00, 0xDE, 0x07, 0x18, 0x30, 0x61, 0x83, 0x0C,
    0x18, 0x60, 0xC3, 0x0C, 0x18, 0xC0, 0x08, 0x18, 0x40, 0x0F, 0xF8, 0x30, 0x60, 0xC1, 0x83, 0x06,
    0x0C, 0x18, 0x30, 0x60, 0x0C, 0x0F, 0xE6, 0x0D, 0x00, 0xC0, 0x20, 0x0F, 0xE2, 0x00, 0xC0, 0x30,
    0x04, 0x09, 0xC7, 0x1F, 0x00, 0x18, 0x7E, 0xC3, 0x80, 0x80, 0xC0, 0x78, 0x0E, 0x03, 0x01, 0x81,
    0xC3, 0x7E, 0xFF, 0xFF, 0xFF, 0x9C, 0xC0, 0xC6, 0x31, 0x8C, 0x63, 0x18, 0xC6, 0x31, 0x80, 0x06,
    0x0C, 0x18, 0x30, 0x60, 0xC1, 0x83, 0x06, 0x8F, 0x13, 0xE0, 0x1F, 0xE0, 0x06, 0x18, 0x01, 0x06,
    0x00, 0x41, 0x80, 0x10, 0x7C, 0x04, 0x1F, 0xE1, 0x06, 0x08, 0x41, 0x83, 0x30, 0x60, 0xCC, 0x18,
    0x36, 0x06, 0x3B, 0x81, 0xFC, 0xC0, 0xC0, 0x60, 0x60, 0x30, 0x30, 0x18, 0x18, 0x0C, 0x0C, 0x07,
    0xFF, 0xF3, 0x03, 0x0D, 0x81, 0x83, 0xC0, 0xC1, 0xE0, 0x60, 0xF0, 0x31, 0xD8, 0x1F, 0xC0, 0xFF,
    0xC0, 0x60, 0x03, 0x00, 0x18, 0x00, 0xDE, 0x07, 0x18, 0x30, 0x61, 0x83, 0x0C, 0x18, 0x60, 0xC3,
    0x06, 0x18, 0x30, 0x04, 0x03, 0x01, 0x80, 0x02, 0xC3, 0x31, 0x8C, 0xC3, 0x60, 0xF0, 0x38, 0x0F,
    0x03, 0x60, 0xCC, 0x31, 0x8C, 0x33, 0x07, 0x08, 0x07, 0x00, 0x40, 0x00, 0xC0, 0xF0, 0x7C, 0x1F,
    0x0F, 0xC6, 0xF3, 0x3C, 0xCF, 0x63, 0xF0, 0xF8, 0x3E, 0x0F, 0x03, 0x12, 0x03, 0x00, 0x03, 0x03,
    0x61, 0x88, 0x63, 0x10, 0x4C, 0x1A, 0x03, 0x80, 0xC0, 0x30, 0x08, 0x06, 0x03, 0x00, 0xC0, 0xE0,
    0x70, 0x38, 0x1C, 0x0E, 0x07, 0x03, 0x81, 0xC0, 0xE0, 0x70, 0x3F, 0xF0, 0x80, 0x40, 0x0E, 0x01,
    0xC0, 0x28, 0x0D, 0x81, 0x10, 0x22, 0x0F, 0xE1, 0xFC, 0x20, 0xCC, 0x19, 0x01, 0x60, 0x30, 0xFF,
    0x60, 0x30, 0x18, 0x0C, 0x07, 0xF3, 0x0D, 0x83, 0xC1, 0xE0, 0xF1, 0xDF, 0xC0, 0xFF, 0x61, 0xB0,
    0x78, 0x3C, 0x37, 0xF3, 0x0F, 0x81, 0xC0, 0xE0, 0xF0, 0xFF, 0xC0, 0xFF, 0x83, 0x06, 0x0C, 0x18,
    0x30, 0x60, 0xC1, 0x83, 0x06, 0x00, 0x1F, 0xE1, 0x86, 0x18, 0x61, 0x86, 0x18, 0x61, 0x06, 0x10,
    0x61, 0x06, 0x10, 0x63, 0x06, 0x20, 0x6F, 0xFF, 0xC0, 0x18, 0x01, 0xFF, 0xC0, 0xC0, 0xC0, 0xC0,
    0xFF, 0xC0, 0xC0, 0xC0, 0xC0, 0xC0, 0xFF, 0x60, 0x83, 0x88, 0x43, 0x02, 0x23, 0x00, 0x93, 0x00,
    0x2B, 0x00, 0x0F, 0x00, 0x0E, 0xC0, 0x0D, 0x30, 0x0C, 0x8C, 0x0C, 0x43, 0x0C, 0x20, 0xDC, 0x10,
    0x30, 0x0C, 0x1F, 0x98, 0x60, 0x30, 0x18, 0x18, 0x78, 0x06, 0x01, 0x80, 0x50, 0x7C, 0x73, 0xF0,
    0xC0, 0xF0, 0x7C, 0x1F, 0x0F, 0xC6, 0xF3, 0x3C, 0xCF, 0x63, 0xF0, 0xF8, 0x3E, 0x0F, 0x03, 0x12,
    0x03, 0x00, 0x03, 0x03, 0xC1, 0xF0, 0x7C, 0x3F, 0x1B, 0xCC, 0xF3, 0x3D, 0x8F, 0xC3, 0xE0, 0xF8,
    0x3C, 0x0C, 0xC3, 0xB1, 0x8C, 0xC3, 0x60, 0xF0, 0x38, 0x0F, 0x03, 0x60, 0xCC, 0x31, 0x8C, 0x33,
    0x07, 0x1F, 0xE3, 0x0C, 0x41, 0x88, 0x31, 0x06, 0x20, 0xC4, 0x18, 0x83, 0x30, 0x66, 0x0D, 0x81,
    0xF0, 0x30, 0xC0, 0x3E, 0x03, 0xF0, 0x7D, 0x05, 0xD8, 0xDC, 0x99, 0xCD, 0x1C, 0x71, 0xC2, 0x1C,
    0x01, 0xC0, 0x1C, 0x01, 0xC0, 0xF0, 0x3C, 0x0F, 0x03, 0xC0, 0xFF, 0xFC, 0x0F, 0x03, 0xC0, 0xF0,
    0x3C, 0x0F, 0x03, 0x0C, 0x07, 0xF1, 0x83, 0x20, 0x2C, 0x07, 0x00, 0xE0, 0x0C, 0x01, 0xC0, 0x78,
    0x0D, 0x03, 0x38, 0xE1, 0xF0, 0xFF, 0xE0, 0x70, 0x38, 0x1C, 0x0E, 0x07, 0x03, 0x81, 0xC0, 0xE0,
    0x70, 0x38, 0x10, 0xFF, 0x61, 0xB0, 0x78, 0x3C, 0x1E, 0x1B, 0xFD, 0x80, 0xC0, 0x60, 0x30, 0x18,
    0x00, 0x06, 0x0F, 0xE6, 0x0D, 0x00, 0xC0, 0x30, 0x08, 0x02, 0x00, 0xC0, 0x30, 0x06, 0x08, 0xC7,
    0x1F, 0x00, 0xFF, 0xC3, 0x00, 0xC0, 0x30, 0x0C, 0x03, 0x00, 0xC0, 0x30, 0x0C, 0x03, 0x00, 0xC0,
    0x30, 0xC0, 0xD8, 0x62, 0x18, 0xC4, 0x13, 0x06, 0x80, 0xE0, 0x30, 0x0C, 0x02, 0x01, 0x80, 0xC0,
    0x06, 0x01, 0xF8, 0x7F, 0xE4, 0x62, 0xC6, 0x38, 0x61, 0x86, 0x1C, 0x63, 0x66, 0x63, 0xFC, 0x06,
    0x00, 0x60, 0x60, 0xC8, 0x63, 0x10, 0x68, 0x0E, 0x03, 0x00, 0xE0, 0x68, 0x13, 0x0C, 0x66, 0x0B,
    0x03, 0xC0, 0x98, 0x13, 0x02, 0x60, 0x4C, 0x09, 0x81, 0x30, 0x26, 0x04, 0xC0, 0x98, 0x13, 0x02,
    0x7F, 0xF0, 0x06, 0x00, 0xC0, 0xC0, 0xE0, 0x70, 0x38, 0x1C, 0x1E, 0x0D, 0x8E, 0x7D, 0x00, 0x80,
    0x40, 0x20, 0x10, 0xC1, 0x07, 0x82, 0x0F, 0x04, 0x1E, 0x08, 0x3C, 0x10, 0x78, 0x20, 0xF0, 0x41,
    0xE0, 0x83, 0xC1, 0x07, 0x82, 0x0F, 0x04, 0x1F, 0xFF, 0xF0, 0xC1, 0x06, 0x60, 0x83, 0x30, 0x41,
    0x98, 0x20, 0xCC, 0x10, 0x66, 0x08, 0x33, 0x04, 0x19, 0x82, 0x0C, 0xC1, 0x06, 0x60, 0x83, 0x30,
    0x41, 0x9F, 0xFF, 0xF0, 0x00, 0x18, 0x00, 0x0C, 0xF0, 0x02, 0x00, 0x40, 0x08, 0x01, 0xF0, 0x3F,
    0x84, 0x18, 0x81, 0x10, 0x22, 0x0C, 0x43, 0x0F, 0xC0, 0xC0, 0x3C, 0x03, 0xC0, 0x3C, 0x03, 0xF8,
    0x3F, 0xF3, 0xC1, 0xBC, 0x1B, 0xC1, 0xBC, 0x1B, 0xC7, 0x3F, 0xE3, 0xC0, 0x60, 0x30, 0x18, 0x0F,
    0x87, 0xFB, 0x07, 0x83, 0xC1, 0xE0, 0xF1, 0xDF, 0xC0, 0x18, 0x1F, 0x8C, 0x30, 0x06, 0x00, 0x80,
    0x33, 0xFC, 0x03, 0x00, 0xC0, 0x28, 0x1B, 0x0C, 0x7E, 0x00, 0x00, 0x61, 0x87, 0xF3, 0x18, 0x36,
    0x20, 0x3C, 0xC0, 0x79, 0x80, 0x7F, 0x00, 0xFE, 0x01, 0xCC, 0x03, 0x88, 0x0F, 0x18, 0x1E, 0x18,
    0xEC, 0x1F, 0x80, 0x3F, 0xB0, 0x50, 0x28, 0x16, 0x09, 0xFC, 0x7E, 0x31, 0x10, 0x98, 0x58, 0x38,
    0x10, 0x79, 0x88, 0x18, 0x37, 0xF8, 0xE1, 0xC7, 0xFE, 0x02, 0x3E, 0x60, 0xC0, 0x98, 0xBE, 0xC2,
    0x83, 0x83, 0x83, 0xC3, 0x46, 0x7C, 0xFD, 0x9F, 0x1E, 0x3F, 0xD8, 0x70, 0xE3, 0xFC, 0xFF, 0x0C,
    0x30, 0xC3, 0x0C, 0x30, 0xC0, 0x1F, 0x04, 0x41, 0x10, 0x44, 0x11, 0x0C, 0x43, 0x10, 0x84, 0xFF,
    0xF0, 0x38, 0x04, 0x3C, 0x8F, 0x0C, 0x1F, 0xF0, 0x30, 0x63, 0x7C, 0xE2, 0x39, 0x13, 0x04, 0x90,
    0x15, 0x00, 0xF8, 0x0D, 0x60, 0xC9, 0x8C, 0x46, 0xC2, 0x18, 0x3D, 0xCC, 0x08, 0x31, 0xC0, 0xC0,
    0xE1, 0x7E, 0xC3, 0xC7, 0xCF, 0xCB, 0xDB, 0xD3, 0xE3, 0xE3, 0xC3, 0x24, 0x3C, 0x00, 0xC3, 0xC7,
    0xCF, 0xCB, 0xDB, 0xD3, 0xE3, 0xE3, 0xC3, 0xC6, 0xCC, 0xD8, 0xF0, 0xE0, 0xF0, 0xD8, 0xCC, 0xC7,
    0x1F, 0x31, 0x31, 0x31, 0x31, 0x21, 0x21, 0x21, 0xE1, 0xC1, 0xF0, 0xF8, 0xFE, 0x5D, 0x6E, 0xE7,
    0x33, 0x81, 0xC0, 0x80, 0xC3, 0xC3, 0xC3, 0xC3, 0xFF, 0xC3, 0xC3, 0xC3, 0xC3, 0x3C, 0x66, 0xC2,
    0x83, 0x83, 0x83, 0xC3, 0xC6, 0x7C, 0xFF, 0xC3, 0xC3, 0xC3, 0xC3, 0xC3, 0xC3, 0xC3, 0xC3, 0xDC,
    0xE6, 0xC3, 0xC1, 0x81, 0xC1, 0xC3, 0xE6, 0xFC, 0xC0, 0xC0, 0xC0, 0xC0, 0x3C, 0xCF, 0x0C, 0x08,
    0x10, 0x30, 0x63, 0x7C, 0xFE, 0x30, 0x60, 0xC1, 0x83, 0x06, 0x0C, 0x18, 0xC1, 0x43, 0x43, 0x62,
    0x26, 0x34, 0x34, 0x1C, 0x18, 0x18, 0x10, 0x30, 0x30, 0x0C, 0x03, 0x00, 0xC0, 0xFC, 0x6D, 0xB3,
    0x28, 0xCE, 0x31, 0x8C, 0xF3, 0x36, 0xD8, 0xFC, 0x0C, 0x03, 0x00, 0xC0, 0x30, 0xC3, 0x66, 0x34,
    0x1C, 0x18, 0x1C, 0x24, 0x66, 0xC3, 0xC3, 0x61, 0xB0, 0xD8, 0x6C, 0x36, 0x1B, 0x0D, 0x86, 0xFF,
    0x80, 0x40, 0x20, 0x83, 0x06, 0x0C, 0x1C, 0x7F, 0x4C, 0x81, 0x02, 0xC6, 0x3C, 0x63, 0xC6, 0x3C,
    0x63, 0xC6, 0x3C, 0x63, 0xC6, 0x3C, 0x63, 0xFF, 0xF0, 0xC6, 0x36, 0x31, 0xB1, 0x8D, 0x8C, 0x6C,
    0x63, 0x63, 0x1B, 0x18, 0xD8, 0xC6, 0xFF, 0xF8, 0x00, 0x40, 0x02, 0xF0, 0x18, 0x0C, 0x07, 0xE3,
    0x39, 0x84, 0xC2, 0x63, 0x3F, 0x00, 0xC0, 0x70, 0x1C, 0x07, 0xF1, 0xCE, 0x70, 0x9C, 0x27, 0x19,
    0xFC, 0x40, 0xC1, 0x83, 0x07, 0xEC, 0xF8, 0x70, 0xE3, 0xFC, 0x79, 0x9A, 0x18, 0x13, 0xE0, 0x41,
    0xE6, 0x78, 0xC7, 0xCC, 0xC6, 0xC8, 0x2C, 0x83, 0xF8, 0x3C, 0x83, 0xC8, 0x2C, 0xC6, 0xC7, 0xC0,
    0x3E, 0xE5, 0x0A, 0x17, 0xE3, 0xC8, 0xB1, 0xC2, 0x20, 0x60, 0x60, 0x03, 0xC8, 0xF0, 0xC1, 0xFF,
    0x03, 0x06, 0x37, 0xC0, 0x64, 0xD8, 0x01, 0xE4, 0x78, 0x60, 0xFF, 0x81, 0x83, 0x1B, 0xE0, 0x60,
    0x7C, 0x18, 0x0D, 0xC7, 0x33, 0x09, 0x86, 0xC3, 0x61, 0xB0, 0xD8, 0x6C, 0x30, 0x18, 0x0C, 0x1C,
    0x0C, 0x10, 0x63, 0x00, 0xFF, 0x0C, 0x30, 0xC3, 0x0C, 0x30, 0xC0, 0x3C, 0xCF, 0x0C, 0x0F, 0x90,
    0x30, 0x63, 0x7C, 0x3C, 0xCD, 0x0B, 0x03, 0xC0, 0xC0, 0xE1, 0x3C, 0x70, 0xFF, 0xFF, 0xC0, 0x4B,
    0x30, 0x0C, 0x30, 0xC3, 0x0C, 0x30, 0xC3, 0x0C, 0x13, 0x00, 0x33, 0x33, 0x33, 0x33, 0x33, 0x3E,
    0xC0, 0x1F, 0x00, 0xC4, 0x03, 0x10, 0x0C, 0x7E, 0x31, 0x1C, 0x84, 0x12, 0x10, 0x48, 0x43, 0xE1,
    0xF8, 0xC3, 0x06, 0x18, 0x30, 0xC1, 0xFF, 0x8F, 0xFF, 0xE1, 0x87, 0x0C, 0x38, 0x63, 0xC3, 0xF0,
    0x60, 0x7C, 0x18, 0x0D, 0xE7, 0x33, 0x0D, 0x86, 0xC3, 0x61, 0xB0, 0xD8, 0x6C, 0x30, 0x08, 0x0C,
    0x10, 0x00, 0xC6, 0xCC, 0xD8, 0xF0, 0xE0, 0xF0, 0xD8, 0xCC, 0xC7, 0x20, 0x30, 0x18, 0x00, 0xC3,
    0xC7, 0xCF, 0xCB, 0xDB, 0xD3, 0xE3, 0xE3, 0xC3, 0x26, 0x0E, 0x00, 0x18, 0x34, 0x33, 0x19, 0x88,
    0x4C, 0x34, 0x0A, 0x07, 0x03, 0x01, 0x80, 0x80, 0xC0, 0x60, 0xC3, 0xC3, 0xC3, 0xC3, 0xC3, 0xC3,
    0xC3, 0xC3, 0xFF, 0x18, 0x10, 0x10, 0x02, 0x03, 0xFE, 0x08, 0x01, 0x00, 0x3F, 0x04, 0x38, 0x81,
    0x10, 0x22, 0x04, 0x43, 0x8F, 0xE0, 0x30, 0x18, 0x0C, 0x1F, 0xC3, 0x01, 0x80, 0xFC, 0x63, 0x30,
    0x98, 0x4C, 0x67, 0xE0, 0x7F, 0xE3, 0x0C, 0x19, 0x80, 0x90, 0x0F, 0x03, 0xFC, 0x66, 0x6C, 0x63,
    0x86, 0x18, 0x61, 0x86, 0x18, 0x61, 0xFF, 0x31, 0x8D, 0x82, 0x87, 0xF6, 0x4E, 0x23, 0x11, 0x88,
    0x80, 0x0C, 0x07, 0xF1, 0x83, 0x20, 0x2C, 0x07, 0x00, 0xFF, 0xFE, 0x1D, 0xC0, 0x78, 0x0D, 0x03,
    0x38, 0xE1, 0xF0, 0x3C, 0x46, 0xC2, 0x83, 0xFF, 0x83, 0x83, 0xC6, 0x7C, 0xC0, 0x7A, 0x02, 0x18,
    0x30, 0x41, 0x03, 0x08, 0x18, 0xC0, 0x44, 0x03, 0x20, 0x0B, 0x00, 0x50, 0x03, 0x80, 0x0C, 0x00,
    0xC1, 0xD0, 0xD4, 0x21, 0x88, 0x26, 0x0D, 0x03, 0x40, 0x70, 0x18, 0x00, 0x03, 0x03, 0xFF, 0xC0,
    0xC0, 0xC0, 0xC0, 0xC0, 0xC0, 0xC0, 0xC0, 0xC0, 0xC0, 0xC0, 0x0C, 0x3F, 0xF0, 0xC3, 0x0C, 0x30,
    0xC3, 0x0C, 0x00, 0x3F, 0x98, 0x0C, 0x06, 0x03, 0x07, 0xE3, 0xF0, 0x60, 0x30, 0x18, 0x0C, 0x06,
    0x00, 0x3E, 0x40, 0x81, 0x0F, 0x84, 0x08, 0x10, 0x20, 0xE2, 0x39, 0x11, 0x04, 0x90, 0x15, 0x00,
    0xF8, 0x0D, 0x60, 0xC9, 0x8C, 0x46, 0xC2, 0x18, 0x00, 0x40, 0x02, 0xC3, 0xB1, 0x8C, 0xC3, 0x60,
    0xF0, 0x38, 0x0F, 0x03, 0x60, 0xCC, 0x31, 0x8C, 0x33, 0x07, 0x00, 0xC0, 0x10, 0xC6, 0xCC, 0xD8,
    0xF0, 0xE0, 0xF0, 0xD8, 0xCC, 0xC7, 0x01, 0x01, 0xC0, 0xF0, 0x6D, 0x33, 0x48, 0xD6, 0x3F, 0x0D,
    0x43, 0x58, 0xD3, 0x30, 0x4C, 0x1B, 0x03, 0xC3, 0xC6, 0xE4, 0xE8, 0xF8, 0xEC, 0xE4, 0xC6, 0xC3,
    0xC0, 0xD8, 0x1B, 0x03, 0x60, 0x6C, 0x0D, 0xFF, 0xB0, 0x36, 0x06, 0xC0, 0xD8, 0x1B, 0x03, 0x60,
    0x70, 0x02, 0x00, 0x40, 0xC3, 0x61, 0xB0, 0xD8, 0x6F, 0xF6, 0x1B, 0x0D, 0x86, 0xC3, 0x80, 0xC0,
    0x20, 0xC0, 0xD8, 0x62, 0x10, 0xCC, 0x12, 0x03, 0x80, 0xC0, 0x30, 0x0C, 0x03, 0x00, 0xC0, 0x30,
    0xC1, 0x43, 0x42, 0x62, 0x26, 0x34, 0x14, 0x18, 0x18, 0x08, 0x08, 0x08, 0x08, 0xC0, 0xD8, 0x63,
    0x10, 0x4C, 0x1A, 0x03, 0x83, 0xF8, 0x30, 0x0C, 0x03, 0x00, 0xC0, 0x30, 0xC1, 0x43, 0x62, 0x62,
    0x26, 0x34, 0x1C, 0x18, 0x7F, 0x08, 0x08, 0x08, 0x08, 0x60, 0xC4, 0x30, 0xC4, 0x0D, 0x00, 0xE0,
    0x18, 0x03, 0x80, 0xD0, 0x13, 0x06, 0x31, 0x82, 0x60, 0x70, 0x02, 0x00, 0x40, 0xC3, 0x33, 0x0D,
    0x03, 0x81, 0x80, 0xE0, 0x90, 0xCC, 0xC3, 0x80, 0x40, 0x20, 0xC0, 0xB0, 0x2C, 0x0B, 0x02, 0xC1,
    0xB0, 0x66, 0x38, 0xFA, 0x00, 0x80, 0x20, 0x08, 0x03, 0x00, 0x40, 0x10, 0x82, 0x82, 0x82, 0x82,
    0x86, 0xFA, 0x32, 0x02, 0x03, 0x01, 0x01, 0xC1, 0xE0, 0xF0, 0x78, 0x3C, 0x9E, 0x4D, 0x2E, 0x7F,
    0x09, 0x84, 0xC2, 0x60, 0x30, 0x83, 0x06, 0x0C, 0xBD, 0x7F, 0x4C, 0x89, 0x02, 0xC0, 0x60, 0x30,
    0x18, 0x0D, 0xE7, 0x1B, 0x07, 0x83, 0xC1, 0xE0, 0xF0, 0x78, 0x30, 0xC0, 0xC0, 0xC0, 0xDC, 0xE6,
    0xC2, 0xC3, 0xC3, 0xC3, 0xC3, 0xC3, 0xC3, 0xC3, 0x61, 0xB0, 0xD8, 0x6F, 0xF6, 0x1B, 0x0D, 0x86,
    0xC3, 0x80, 0x80, 0x40, 0x0C, 0x1F, 0xCC, 0x19, 0x02, 0x00, 0xC0, 0x3F, 0xFF, 0xFF, 0x80, 0xF0,
    0x3C, 0x19, 0x8E, 0x3E, 0x00, 0x7D, 0x8E, 0x08, 0x1F, 0xF0, 0x60, 0xE3, 0x7C, 0x1E, 0x07, 0x80,
    0x03, 0x03, 0xC1, 0xF0, 0x7C, 0x3F, 0x1B, 0xCC, 0xF3, 0x3D, 0x8F, 0xC3, 0xE0, 0xF8, 0x3C, 0x0C,
    0x3C, 0x00, 0xC3, 0xC7, 0xCF, 0xCB, 0xDB, 0xD3, 0xE3, 0xE3, 0xC3, 0x0C, 0x07, 0xF1, 0x83, 0x20,
    0x2C, 0x07, 0x00, 0xFF, 0xFC, 0x01, 0xC0, 0x78, 0x0D, 0x01, 0x38, 0xE1, 0xF0, 0x3C, 0x46, 0xC2,
    0x83, 0xFF, 0x83, 0x83, 0xC6, 0x7C, 0x1E, 0x07, 0x80, 0x03, 0x03, 0x61, 0x88, 0x63, 0x10, 0x4C,
    0x1A, 0x03, 0x80, 0xC0, 0x30, 0x08, 0x06, 0x03, 0x00, 0x3C, 0x00, 0xC1, 0x43, 0x43, 0x62, 0x26,
    0x34, 0x34, 0x1C, 0x18, 0x18, 0x10, 0x30, 0x30, 0x0E, 0x01, 0xC0, 0x28, 0x0D, 0x81, 0x10, 0x22,
    0x0F, 0xE1, 0xFC, 0x20, 0xCC, 0x19, 0x01, 0x60, 0x30, 0x00, 0x08, 0x01, 0x00, 0x79, 0x88, 0x18,
    0x37, 0xF8, 0xE1, 0xC7, 0xFE, 0x00, 0x40, 0x80, 0x0E, 0x00, 0xC0, 0x00, 0x07, 0x00, 0xE0, 0x14,
    0x06, 0xC0, 0x88, 0x11, 0x07, 0xF0, 0xFE, 0x10, 0x66, 0x0C, 0x80, 0xB0, 0x18, 0x38, 0x30, 0x43,
    0xCC, 0x40, 0xC1, 0xBF, 0xC7, 0x0E, 0x3F, 0xF0, 0x00, 0x80, 0x18, 0x04, 0x07, 0x01, 0xB0, 0x00,
    0x03, 0x80, 0x70, 0x0A, 0x03, 0x60, 0x44, 0x08, 0x83, 0xF8, 0x7F, 0x08, 0x33, 0x06, 0x40, 0x58,
    0x0C, 0x02, 0x03, 0x04, 0x38, 0x6C, 0x48, 0x78, 0xC4, 0x06, 0x06, 0x7E, 0xC6, 0x86, 0x8E, 0xFE,
    0x02, 0x00, 0xC0, 0x04, 0x07, 0x01, 0xB0, 0x00, 0x03, 0x80, 0x70, 0x0A, 0x03, 0x60, 0x44, 0x08,
    0x83, 0xF8, 0x7F, 0x08, 0x33, 0x06, 0x40, 0x58, 0x0C, 0x08, 0x18, 0x19, 0xE6, 0xC9, 0x1E, 0x62,
    0x06, 0x0D, 0xFE, 0x38, 0x71, 0xFF, 0x80, 0x03, 0x80, 0x30, 0x38, 0x0D, 0x80, 0x00, 0x1C, 0x03,
    0x80, 0x50, 0x1B, 0x02, 0x20, 0x44, 0x1F, 0xC3, 0xF8, 0x41, 0x98, 0x32, 0x02, 0xC0, 0x60, 0x0E,
    0x0C, 0xE3, 0x64, 0x8F, 0x31, 0x03, 0x06, 0xFF, 0x1C, 0x38, 0xFF, 0xC0, 0x1F, 0x00, 0x00, 0x38,
    0x0D, 0x80, 0x00, 0x1C, 0x03, 0x80, 0x50, 0x1B, 0x02, 0x20, 0x44, 0x1F, 0xC3, 0xF8, 0x41, 0x98,
    0x32, 0x02, 0xC0, 0x60, 0x7C, 0x00, 0xE3, 0x64, 0x8F, 0x31, 0x03, 0x06, 0xFF, 0x1C, 0x38, 0xFF,
    0xC0, 0x0E, 0x03, 0x60, 0x00, 0x07, 0x00, 0xE0, 0x14, 0x06, 0xC0, 0x88, 0x11, 0x07, 0xF0, 0xFE,
    0x10, 0x66, 0x0C, 0x80, 0xB0, 0x18, 0x00, 0x04, 0x00, 0x80, 0x38, 0xD9, 0x23, 0xCC, 0x40, 0xC1,
    0xBF, 0xC7, 0x0E, 0x3F, 0xF0, 0x02, 0x04, 0x00, 0x02, 0x00, 0x60, 0x10, 0x0C, 0x80, 0xE0, 0x00,
    0x03, 0x80, 0x70, 0x0A, 0x03, 0x60, 0x44, 0x08, 0x83, 0xF8, 0x7F, 0x08, 0x33, 0x06, 0x40, 0x58,
    0x0C, 0x08, 0x10, 0x40, 0x84, 0xC7, 0x00, 0x3C, 0xC4, 0x0C, 0x1B, 0xFC, 0x70, 0xE3, 0xFF, 0x08,
    0x03, 0x00, 0x10, 0x0C, 0x80, 0xE0, 0x00, 0x03, 0x80, 0x70, 0x0A, 0x03, 0x60, 0x44, 0x08, 0x83,
    0xF8, 0x7F, 0x08, 0x33, 0x06, 0x40, 0x58, 0x0C, 0x20, 0xC0, 0x40, 0x84, 0xC7, 0x00, 0x3C, 0xC4,
    0x0C, 0x1B, 0xFC, 0x70, 0xE3, 0xFF, 0x0E, 0x00, 0xC0, 0x64, 0x07, 0x00, 0x00, 0x1C, 0x03, 0x80,
    0x50, 0x1B, 0x02, 0x20, 0x44, 0x1F, 0xC3, 0xF8, 0x41, 0x98, 0x32, 0x02, 0xC0, 0x60, 0x38, 0x30,
    0x02, 0x63, 0x80, 0x1E, 0x62, 0x06, 0x0D, 0xFE, 0x38, 0x71, 0xFF, 0x80, 0x1F, 0x00, 0x00, 0x64,
    0x07, 0x00, 0x00, 0x1C, 0x03, 0x80, 0x50, 0x1B, 0x02, 0x20, 0x44, 0x1F, 0xC3, 0xF8, 0x41, 0x98,
    0x32, 0x02, 0xC0, 0x60, 0x34, 0xB0, 0x02, 0x63, 0x80, 0x1E, 0x62, 0x06, 0x0D, 0xFE, 0x38, 0x71,
    0xFF, 0x80, 0x1B, 0x01, 0xC0, 0x00, 0x07, 0x00, 0xE0, 0x14, 0x06, 0xC0, 0x88, 0x11, 0x07, 0xF0,
    0xFE, 0x10, 0x66, 0x0C, 0x80, 0xB0, 0x18, 0x00, 0x04, 0x00, 0x80, 0x4C, 0x70, 0x03, 0xCC, 0x40,
    0xC1, 0xBF, 0xC7, 0x0E, 0x3F, 0xF0, 0x02, 0x04, 0x00, 0xFF, 0xC0, 0xC0, 0xC0, 0xC0, 0xFF, 0xC0,
    0xC0, 0xC0, 0xC0, 0xC0, 0xFF, 0x00, 0x08, 0x08, 0x3C, 0x8F, 0x0C, 0x1F, 0xF0, 0x30, 0x63, 0x7C,
    0x00, 0x60, 0xC0, 0x1C, 0x0C, 0x00, 0xFF, 0xC0, 0xC0, 0xC0, 0xC0, 0xFF, 0xC0, 0xC0, 0xC0, 0xC0,
    0xC0, 0xFF, 0x38, 0x10, 0x41, 0xE4, 0x78, 0x60, 0xFF, 0x81, 0x83, 0x1B, 0xE0, 0x32, 0x2C, 0x00,
    0xFF, 0xC0, 0xC0, 0xC0, 0xC0, 0xFF, 0xC0, 0xC0, 0xC0, 0xC0, 0xC0, 0xFF, 0x34, 0xF8, 0x01, 0xE4,
    0x78, 0x60, 0xFF, 0x81, 0x83, 0x1B, 0xE0, 0x01, 0x03, 0x04, 0x18, 0x34, 0x00, 0xFF, 0xC0, 0xC0,
    0xC0, 0xC0, 0xFF, 0xC0, 0xC0, 0xC0, 0xC0, 0xC0, 0xFF, 0x02, 0x03, 0x04, 0x18, 0x6C, 0x24, 0x3C,
    0x46, 0xC2, 0x82, 0xFE, 0x80, 0xC0, 0xC6, 0x7C, 0x08, 0x0C, 0x02, 0x18, 0x34, 0x00, 0xFF, 0xC0,
    0xC0, 0xC0, 0xC0, 0xFF, 0xC0, 0xC0, 0xC0, 0xC0, 0xC0, 0xFF, 0x04, 0x18, 0x18, 0xD6, 0xC4, 0x8F,
    0x23, 0xC3, 0x07, 0xFC, 0x0C, 0x18, 0xDF, 0x00, 0x0F, 0x02, 0x1C, 0x24, 0x00, 0xFF, 0xC0, 0xC0,
    0xC0, 0xC0, 0xFF, 0xC0, 0xC0, 0xC0, 0xC0, 0xC0, 0xFF, 0x0E, 0x0C, 0x63, 0x62, 0x47, 0x91, 0xE1,
    0x83, 0xFE, 0x06, 0x0C, 0x6F, 0x80, 0x3E, 0x00, 0x18, 0x34, 0x00, 0xFF, 0xC0, 0xC0, 0xC0, 0xC0,
    0xFF, 0xC0, 0xC0, 0xC0, 0xC0, 0xC0, 0xFF, 0x7C, 0x00, 0x63, 0x62, 0x47, 0x91, 0xE1, 0x83, 0xFE,
    0x06, 0x0C, 0x6F, 0x80, 0x1C, 0x24, 0x00, 0xFF, 0xC0, 0xC0, 0xC0, 0xC0, 0xFF, 0xC0, 0xC0, 0xC0,
    0xC0, 0xC0, 0xFF, 0x00, 0x08, 0x08, 0x18, 0xD8, 0x91, 0xE4, 0x78, 0x60, 0xFF, 0x81, 0x83, 0x1B,
    0xE0, 0x03, 0x06, 0x00, 0xF2, 0x06, 0x66, 0x66, 0x66, 0x66, 0x66, 0x60, 0xF6, 0x06, 0x66, 0x66,
    0x66, 0x66, 0xFF, 0xFF, 0xFF, 0x3C, 0x70, 0xFF, 0xFF, 0xC3, 0xC0, 0x0C, 0x07, 0xF1, 0x83, 0x20,
    0x2C, 0x07, 0x00, 0xE0, 0x0C, 0x01, 0xC0, 0x78, 0x0D, 0x03, 0x38, 0xE1, 0xF0, 0x00, 0x01, 0x00,
    0x20, 0x3C, 0x66, 0xC2, 0x83, 0x83, 0x83, 0xC3, 0xC6, 0x7C, 0x00, 0x10, 0x18, 0x0E, 0x00, 0xC0,
    0x30, 0x1F, 0xC6, 0x0C, 0x80, 0xB0, 0x1C, 0x03, 0x80, 0x30, 0x07, 0x01, 0xE0, 0x34, 0x0C, 0xE3,
    0x87, 0xC0, 0x38, 0x18, 0x00, 0x3C, 0x66, 0xC2, 0x83, 0x83, 0x83, 0xC3, 0xC6, 0x7C, 0x00, 0x80,
    0x30, 0x04, 0x07, 0x01, 0xB0, 0x18, 0x0F, 0xE3, 0x06, 0x40, 0x58, 0x0E, 0x01, 0xC0, 0x18, 0x03,
    0x80, 0xF0, 0x1A, 0x06, 0x71, 0xC3, 0xE0, 0x02, 0x03, 0x04, 0x18, 0x6C, 0x00, 0x3C, 0x66, 0xC2,
    0x83, 0x83, 0x83, 0xC3, 0xC6, 0x7C, 0x04, 0x00, 0xC0, 0x04, 0x07, 0x01, 0xB0, 0x18, 0x0F, 0xE3,
    0x06, 0x40, 0x58, 0x0E, 0x01, 0xC0, 0x18, 0x03, 0x80, 0xF0, 0x1A, 0x06, 0x71, 0xC3, 0xE0, 0x04,
    0x0C, 0x06, 0x18, 0x6C, 0x00, 0x3C, 0x66, 0xC2, 0x83, 0x83, 0x83, 0xC3, 0xC6, 0x7C, 0x03, 0x80,
    0x30, 0x38, 0x0D, 0x80, 0xC0, 0x7F, 0x18, 0x32, 0x02, 0xC0, 0x70, 0x0E, 0x00, 0xC0, 0x1C, 0x07,
    0x80, 0xD0, 0x33, 0x8E, 0x1F, 0x00, 0x0E, 0x06, 0x18, 0x6C, 0x24, 0x3C, 0x66, 0xC2, 0x83, 0x83,
    0x83, 0xC3, 0xC6, 0x7C, 0x1F, 0x00, 0x00, 0x38, 0x0D, 0x80, 0xC0, 0x7F, 0x18, 0x32, 0x02, 0xC0,
    0x70, 0x0E, 0x00, 0xC0, 0x1C, 0x07, 0x80, 0xD0, 0x33, 0x8E, 0x1F, 0x00, 0x7C, 0x00, 0x18, 0x6C,
    0x24, 0x3C, 0x66, 0xC2, 0x83, 0x83, 0x83, 0xC3, 0x46, 0x7C, 0x0E, 0x03, 0x60, 0x30, 0x1F, 0xC6,
    0x0C, 0x80, 0xB0, 0x1C, 0x03, 0x80, 0x30, 0x07, 0x01, 0xE0, 0x34, 0x0C, 0xE3, 0x87, 0xC0, 0x00,
    0x04, 0x00, 0x80, 0x18, 0x6C, 0x00, 0x3C, 0x66, 0xC2, 0x83, 0x83, 0x83, 0xC3, 0xC6, 0x7C, 0x00,
    0x10, 0x18, 0x02, 0x00, 0xCC, 0x30, 0x87, 0x33, 0xF8, 0xC1, 0x90, 0x16, 0x03, 0x80, 0x70, 0x06,
    0x00, 0xE0, 0x3C, 0x06, 0x81, 0x9C, 0x70, 0xF8, 0x08, 0x0D, 0x13, 0x01, 0x3F, 0x66, 0xC2, 0x83,
    0x83, 0x83, 0xC3, 0xC6, 0x7C, 0x08, 0x01, 0x8C, 0x18, 0x87, 0x33, 0xF8, 0xC1, 0x90, 0x16, 0x03,
    0x80, 0x70, 0x06, 0x00, 0xE0, 0x3C, 0x06, 0x81, 0x9C, 0x70, 0xF8, 0x20, 0x31, 0x1B, 0x01, 0x3F,
    0x66, 0xC2, 0x83, 0x83, 0x83, 0xC3, 0xC6, 0x7C, 0x0E, 0x60, 0xC4, 0x39, 0x9F, 0xC6, 0x0C, 0x80,
    0xB0, 0x1C, 0x03, 0x80, 0x30, 0x07, 0x01, 0xE0, 0x34, 0x0C, 0xE3, 0x87, 0xC0, 0x39, 0x1B, 0x01,
    0x3F, 0x66, 0xC2, 0x83, 0x83, 0x83, 0xC3, 0xC6, 0x7C, 0x0D, 0x62, 0xC4, 0x39, 0x9F, 0xC6, 0x0C,
    0x80, 0xB0, 0x1C, 0x03, 0x80, 0x30, 0x07, 0x01, 0xE0, 0x34, 0x0C, 0xE3, 0x87, 0xC0, 0x35, 0x7F,
    0x01, 0x3F, 0x66, 0xC2, 0x83, 0x83, 0x83, 0xC3, 0xC6, 0x7C, 0x00, 0x60, 0x04, 0x39, 0x9F, 0xC6,
    0x0C, 0x80, 0xB0, 0x1C, 0x03, 0x80, 0x30, 0x07, 0x01, 0xE0, 0x34, 0x0C, 0xE3, 0x87, 0xC0, 0x00,
    0x04, 0x00, 0x80, 0x01, 0x03, 0x01, 0x3F, 0x66, 0xC2, 0x83, 0x83, 0x83, 0xC3, 0xC6, 0x7C, 0x00,
    0x10, 0x18, 0xC0, 0xE0, 0x70, 0x38, 0x1C, 0x0E, 0x07, 0x03, 0x81, 0xC0, 0xA0, 0xD8, 0xE7, 0xE0,
    0x00, 0x60, 0x30, 0xC3, 0xC3, 0xC3, 0xC3, 0xC3, 0xC3, 0xC3, 0xC7, 0x7B, 0x00, 0x18, 0x18, 0x1C,
    0x06, 0x00, 0x18, 0x1C, 0x0E, 0x07, 0x03, 0x81, 0xC0, 0xE0, 0x70, 0x38, 0x14, 0x1B, 0x1C, 0xFC,
    0x38, 0x18, 0x00, 0xC3, 0xC3, 0xC3, 0xC3, 0xC3, 0xC3, 0xC3, 0xC7, 0x7B, 0x04, 0x01, 0xCC, 0x20,
    0x80, 0x3C, 0x0D, 0x81, 0x30, 0x26, 0x04, 0xC0, 0x98, 0x13, 0x02, 0x60, 0x4C, 0x08, 0x83, 0x18,
    0xE1, 0xF8, 0x08, 0x06, 0x46, 0x20, 0x1C, 0x3E, 0x1B, 0x0D, 0x86, 0xC3, 0x61, 0xB0, 0xD8, 0xE7,
    0xB0, 0x08, 0x03, 0x0C, 0x10, 0x80, 0x3C, 0x0D, 0x81, 0x30, 0x26, 0x04, 0xC0, 0x98, 0x13, 0x02,
    0x60, 0x4C, 0x08, 0x83, 0x18, 0xE1, 0xF8, 0x20, 0x18, 0x46, 0x20, 0x1C, 0x3E, 0x1B, 0x0D, 0x86,
    0xC3, 0x61, 0xB0, 0xD8, 0xE7, 0xB0, 0x1C, 0x61, 0x84, 0x01, 0xE0, 0x6C, 0x09, 0x81, 0x30, 0x26,
    0x04, 0xC0, 0x98, 0x13, 0x02, 0x60, 0x44, 0x18, 0xC7, 0x0F, 0xC0, 0x38, 0x8C, 0x40, 0x38, 0x7C,
    0x36, 0x1B, 0x0D, 0x86, 0xC3, 0x61, 0xB1, 0xCF, 0x60, 0x1A, 0x64, 0xC4, 0x01, 0xE0, 0x6C, 0x09,
    0x81, 0x30, 0x26, 0x04, 0xC0, 0x98, 0x13, 0x02, 0x60, 0x44, 0x18, 0xC7, 0x0F, 0xC0, 0x34, 0xBE,
    0x40, 0x38, 0x7C, 0x36, 0x1B, 0x0D, 0x86, 0xC3, 0x61, 0xB1, 0xCF, 0x60, 0x00, 0x60, 0x04, 0x01,
    0xE0, 0x6C, 0x09, 0x81, 0x30, 0x26, 0x04, 0xC0, 0x98, 0x13, 0x02, 0x60, 0x44, 0x18, 0xC7, 0x0F,
    0xC0, 0x00, 0x00, 0x01, 0x80, 0x30, 0x00, 0x00, 0x80, 0x40, 0x38, 0x7C, 0x36, 0x1B, 0x0D, 0x86,
    0xC3, 0x61, 0xB1, 0xCF, 0x60, 0x00, 0xC0, 0x60, 0x08, 0x07, 0x00, 0x42, 0x00, 0x40, 0xD8, 0x62,
    0x10, 0xCC, 0x12, 0x03, 0x80, 0xC0, 0x30, 0x0C, 0x03, 0x00, 0xC0, 0x30, 0x10, 0x30, 0x08, 0x00,
    0xC1, 0x43, 0x43, 0x62, 0x26, 0x34, 0x34, 0x1C, 0x18, 0x18, 0x10, 0x30, 0x30, 0xC0, 0xD8, 0x62,
    0x10, 0xCC, 0x12, 0x03, 0x80, 0xC0, 0x30, 0x0C, 0x03, 0x00, 0xC0, 0x30, 0x00, 0x00, 0x00, 0xC0,
    0x30, 0xC1, 0x43, 0x43, 0x62, 0x26, 0x34, 0x34, 0x1C, 0x18, 0x18, 0x13, 0x33, 0x30, 0x0E, 0x01,
    0x08, 0x01, 0x03, 0x61, 0x88, 0x43, 0x30, 0x48, 0x0E, 0x03, 0x00, 0xC0, 0x30, 0x0C, 0x03, 0x00,
    0xC0, 0x1C, 0x0C, 0x00, 0xC1, 0x43, 0x43, 0x62, 0x26, 0x34, 0x34, 0x1C, 0x18, 0x18, 0x10, 0x30,
    0x30, 0x1B, 0x05, 0x88, 0x01, 0x03, 0x61, 0x88, 0x43, 0x30, 0x48, 0x0E, 0x03, 0x00, 0xC0, 0x30,
    0x0C, 0x03, 0x00, 0xC0, 0x12, 0x2C, 0x00, 0xC1, 0x43, 0x43, 0x62, 0x26, 0x34, 0x34, 0x1C, 0x18,
    0x18, 0x10, 0x30, 0x30, 0x00, 0x00, 0x00, 0x00, 0x00, 0xFC, 0xFF, 0xFF, 0xFF, 0x80, 0xFF, 0xFF,
    0x80, 0xCE, 0x73, 0x9C, 0xE7, 0x39, 0xCE, 0x73, 0x9C, 0xE7, 0x20, 0x6F, 0xF6, 0xF6, 0x5A, 0xFF,
    0xDD, 0x5A, 0xDD, 0x5B, 0x21, 0x09, 0xF2, 0x10, 0x84, 0x21, 0x00, 0x21, 0x09, 0xF2, 0x13, 0xFF,
    0x21, 0x00, 0x77, 0xFF, 0xF7, 0x00, 0xC0, 0x70, 0x10, 0xC6, 0x1E, 0x30, 0xC0, 0x00, 0x00, 0x78,
    0x30, 0x0C, 0x46, 0x00, 0x84, 0xC0, 0x0C, 0x48, 0x00, 0x79, 0x80, 0x00, 0x30, 0x00, 0x06, 0x60,
    0xC0, 0x4D, 0x9E, 0x0D, 0x8A, 0x11, 0x98, 0xA1, 0x10, 0x9B, 0x33, 0x07, 0x1E, 0x78, 0x70, 0x00,
    0x31, 0x10, 0x00, 0x0C, 0x4C, 0x00, 0x03, 0x16, 0x00, 0x00, 0x79, 0x00, 0x00, 0x00, 0x80, 0x00,
    0x00, 0x66, 0x18, 0x30, 0x36, 0xCD, 0xBE, 0x09, 0x1E, 0x28, 0xC6, 0x47, 0x8A, 0x13, 0x19, 0x26,
    0xC9, 0x83, 0x87, 0x1E, 0x69, 0x68, 0x6D, 0x25, 0xB4, 0x90, 0x6D, 0xA4, 0x96, 0xDA, 0x49, 0x20,
    0xC9, 0x22, 0xD9, 0x64, 0x92, 0x24, 0xDB, 0x2D, 0x92, 0x49, 0x22, 0x58, 0x19, 0x99, 0x86, 0x10,
    0xE0, 0xC3, 0x0C, 0x33, 0x13, 0x80, 0x46, 0x36, 0x06, 0x30, 0xC1, 0x98, 0x0F, 0x0C, 0x61, 0x0F,
    0x01, 0x98, 0x30, 0xC6, 0x06, 0x46, 0x30, 0xC7, 0x8B, 0x12, 0x24, 0x48, 0x91, 0x22, 0x00, 0x03,
    0x1E, 0x30, 0xFF, 0xFF, 0x80, 0xC0, 0x33, 0x8E, 0x0F, 0x00, 0x0A, 0x80, 0x7C, 0x01, 0xC0, 0x1D,
    0x00, 0x20, 0x00, 0x00, 0x00, 0x04, 0x04, 0xF8, 0xF9, 0x81, 0xBA, 0x3E, 0x40, 0x40, 0xFC, 0x00,
    0x40, 0x30, 0x18, 0x04, 0x03, 0x01, 0x80, 0x40, 0x20, 0x18, 0x0C, 0x02, 0x01, 0x80, 0xC0, 0x00,
    0x18, 0x10, 0xFC, 0xFB, 0x0B, 0x18, 0x10, 0x30, 0x20, 0x60, 0xC1, 0x82, 0x06, 0x0C, 0x08, 0x18,
    0x10, 0x00, 0x00, 0x00, 0x00, 0xC0, 0x81, 0x81, 0x00, 0x18, 0x0F, 0xCF, 0x09, 0x81, 0x30, 0x26,
    0x0C, 0xC2, 0x18, 0xC3, 0x18, 0x60, 0x00, 0x00, 0x0C, 0x31, 0x86, 0x02, 0x33, 0xED, 0x8F, 0x03,
    0xC0, 0xF0, 0x64, 0x31, 0x08, 0x42, 0x00, 0x00, 0x03, 0x08, 0xC2, 0x00, 0x27, 0xCD, 0xD2, 0x00,
    0xAF, 0xDD, 0xD2, 0x00, 0x04, 0xF9, 0xBA, 0x40, 0x18, 0x5A, 0xFF, 0x3C, 0xFF, 0x3C, 0x7E, 0xDB,
    0x18, 0x00, 0x00, 0x00, 0x00, 0x00, 0x00, 0x00, 0x00, 0x00, 0x76, 0xE7, 0x18, 0xCF, 0x6E, 0xFE,
    0x18, 0xE2, 0x9A, 0x4B, 0xF0, 0x82, 0x79, 0x04, 0x1E, 0x4C, 0x3C, 0xDE, 0x10, 0xC2, 0x1E, 0x4F,
    0x14, 0xDE, 0xF8, 0x46, 0x23, 0x11, 0x88, 0x39, 0x24, 0xDE, 0x6B, 0x34, 0xDE, 0x39, 0x3C, 0x53,
    0x78, 0x61, 0x0C, 0x4F, 0x44, 0xF0, 0xEB, 0x99, 0x90, 0x76, 0xA7, 0x18, 0xC6, 0x6E, 0x3E, 0x92,
    0x49, 0x73, 0x20, 0x82, 0x10, 0x84, 0x3F, 0x78, 0x61, 0x1C, 0x28, 0x3C, 0xDE, 0x18, 0x62, 0x9A,
    0x4B, 0xF0, 0x82, 0x79, 0x04, 0x1E, 0x4C, 0x3C, 0xDE, 0x10, 0xC2, 0x1E, 0x4F, 0x14, 0xDE, 0xFF,
    0xC6, 0x23, 0x11, 0x8C, 0x39, 0x24, 0xDE, 0x7B, 0x34, 0xDE, 0x39, 0x3C, 0x53, 0x78, 0x61, 0x0C,
    0x36, 0x44, 0x4C, 0xCC, 0xCC, 0x44, 0x66, 0x30, 0x99, 0x26, 0xC9, 0x2D, 0xA5, 0xA0, 0x7F, 0xB0,
    0x18, 0x0C, 0x06, 0x03, 0xFD, 0x80, 0xC0, 0xFC, 0x7E, 0x18, 0x0C, 0x00, 0x0C, 0x3E, 0x63, 0x40,
    0x40, 0xFC, 0x40, 0x40, 0xFC, 0x40, 0x40, 0xC0, 0xFF, 0xFE, 0x01, 0x8C, 0x03, 0x0C, 0x06, 0x19,
    0xEC, 0x36, 0x7F, 0xC8, 0xBF, 0x18, 0x66, 0x1E, 0xC4, 0x07, 0x8C, 0x0F, 0x09, 0x9E, 0x19, 0xE0,
    0x43, 0x84, 0x87, 0x19, 0x8A, 0x33, 0x14, 0x42, 0x68, 0x9F, 0xFF, 0xC9, 0x16, 0x1A, 0x2C, 0x34,
    0x50, 0x38, 0xE0, 0x61, 0xC0, 0xC1, 0x80, 0x03, 0x01, 0x83, 0xE0, 0x63, 0xB3, 0x3B, 0x0D, 0x06,
    0x83, 0x41, 0xB0, 0xCC, 0xE7, 0xF0, 0x03, 0xFC, 0x06, 0x07, 0xE3, 0x0C, 0xC0, 0x20, 0x3F, 0xE6,
    0x01, 0x80, 0xFF, 0x08, 0x03, 0x04, 0x63, 0x0F, 0x80, 0xFF, 0xC3, 0x00, 0xC0, 0x34, 0x0F, 0x0F,
    0x02, 0xF0, 0x38, 0x3C, 0x0B, 0x00, 0xC0, 0x30, 0x7E, 0x10, 0xCF, 0xFD, 0x02, 0xFF, 0xFF, 0xF4,
    0x31, 0xF8, 0x40, 0x10, 0x04, 0x01, 0x00, 0xFF, 0xC0, 0x00, 0x03, 0xFF, 0x0C, 0x03, 0x00, 0xC0,
    0x30, 0x0C, 0x03, 0x00, 0xC0, 0x30, 0xFF, 0x0C, 0x04, 0xFF, 0x04, 0x1C, 0xF8, 0xC0, 0x60, 0x30,
    0x18, 0x0C, 0x30, 0x0C, 0x03, 0x60, 0xF0, 0xF2, 0x2F, 0x83, 0x87, 0xC2, 0x30, 0x8C, 0x63, 0x70,
    0xF0, 0x7F, 0x30, 0xD8, 0x2C, 0x16, 0x0B, 0x1F, 0xFC, 0xC0, 0x60, 0x7E, 0x18, 0x0C, 0x00, 0x34,
    0x1A, 0x3F, 0x98, 0x6C, 0x16, 0x0B, 0x0D, 0xFC, 0xC3, 0x60, 0xF0, 0x78, 0x3C, 0x37, 0xF0, 0xD0,
    0x18, 0x00, 0x60, 0x01, 0x80, 0x07, 0xFF, 0xF4, 0x00, 0x04, 0x00, 0x06, 0x00, 0x00, 0x10, 0x61,
    0xE6, 0xA9, 0x32, 0x44, 0x08, 0x10, 0x20, 0x40, 0x81, 0x02, 0x04, 0x08, 0x00, 0x70, 0x00, 0x30,
    0x00, 0x37, 0xFF, 0xF0, 0x00, 0xC0, 0x03, 0x00, 0x1C, 0x00, 0x10, 0x20, 0x40, 0x81, 0x02, 0x04,
    0x08, 0x10, 0x22, 0x4C, 0x9D, 0x4F, 0x0C, 0x08, 0xFC, 0x18, 0x02, 0x80, 0x4C, 0x08, 0xC1, 0x0C,
    0x00, 0xC0, 0x0C, 0x00, 0xC0, 0x0C, 0x01, 0x00, 0x0F, 0xE0, 0x1C, 0x06, 0x81, 0x90, 0x62, 0x18,
    0x46, 0x01, 0x80, 0x60, 0x18, 0x02, 0x00, 0x00, 0x80, 0x0C, 0x00, 0xC0, 0x0C, 0x00, 0xC4, 0x0C,
    0x40, 0xC8, 0x0D, 0x00, 0xE1, 0x0C, 0x1F, 0x80, 0x00, 0x60, 0x18, 0x06, 0x01, 0x88, 0x61, 0x18,
    0x26, 0x05, 0x80, 0xE0, 0x18, 0x03, 0xF0, 0x00, 0x00, 0x70, 0x00, 0x30, 0x00, 0x37, 0xFF, 0xF0,
    0x00, 0xC1, 0x03, 0x04, 0x0C, 0x10, 0x30, 0x40, 0x01, 0xFF, 0xFD, 0x80, 0x01, 0x80, 0x01, 0x80,
    0x00, 0x10, 0x30, 0x08, 0x04, 0x06, 0x7E, 0xC6, 0x83, 0x83, 0x83, 0x82, 0xC6, 0x7C, 0x0C, 0x03,
    0x80, 0xA0, 0x6C, 0x13, 0x0C, 0x43, 0x18, 0x82, 0x60, 0x90, 0x34, 0x07, 0xFF, 0x0F, 0x7F, 0xC0,
    0x80, 0xFF, 0x80, 0x80, 0xE0, 0x3F, 0xFF, 0xE0, 0x70, 0x38, 0x1C, 0x0E, 0x07, 0x03, 0x81, 0xC0,
    0xE0, 0x70, 0x38, 0x10, 0xFF, 0xC0, 0x60, 0x30, 0x18, 0x04, 0x0C, 0x18, 0x30, 0x60, 0xC0, 0xFF,
    0xFF, 0x08, 0xC4, 0x23, 0x10, 0x8C, 0x42, 0x31, 0x80, 0x01, 0x80, 0xC0, 0x40, 0x60, 0x20, 0x13,
    0x19, 0x88, 0x64, 0x16, 0x0E, 0x03, 0x00, 0x71, 0xF6, 0xE8, 0xE2, 0x38, 0xFB, 0xD8, 0x30, 0x71,
    0xDB, 0x6E, 0x38, 0xC7, 0x1F, 0xBE, 0xC1, 0x80, 0xC0, 0x06, 0x00, 0x30, 0x01, 0x80, 0x0C, 0x00,
    0x60, 0x03, 0x00, 0x18, 0x00, 0xC0, 0x06, 0x00, 0x30, 0x01, 0x80, 0x0F, 0xFF, 0x80, 0x00, 0x20,
    0x01, 0x80, 0x18, 0x01, 0x80, 0x18, 0x01, 0x80, 0x08, 0x00, 0x80, 0x0C, 0x00, 0xC0, 0x0C, 0x00,
    0xC0, 0x0F, 0xFF, 0x80, 0xFF, 0xFF, 0xFF, 0xC0, 0x0D, 0x84, 0x86, 0x42, 0x61, 0x21, 0x90, 0x98,
    0x48, 0x64, 0x36, 0x12, 0x19, 0x00, 0x0E, 0x01, 0xC0, 0x28, 0x0D, 0x81, 0x90, 0x22, 0x0C, 0x61,
    0x04, 0x20, 0xCC, 0x19, 0x01, 0x60, 0x30, 0xC0, 0x68, 0x09, 0x83, 0x10, 0x43, 0x08, 0x63, 0x04,
    0x40, 0xD8, 0x1B, 0x01, 0x40, 0x38, 0x02, 0x00, 0x0C, 0x1F, 0x98, 0x68, 0x1C, 0x0E, 0x07, 0x03,
    0x81, 0xC0, 0xE0, 0x70, 0x38, 0x1C, 0x08, 0xC0, 0xE0, 0x70, 0x38, 0x1C, 0x0E, 0x07, 0x03, 0x81,
    0xC0, 0xA0, 0xD8, 0xE7, 0xE0, 0x0C, 0x73, 0x0C, 0x30, 0xC3, 0x0C, 0x30, 0xC3, 0x0C, 0x30, 0xC3,
    0x0C, 0xE0, 0x06, 0x0E, 0x18, 0x18, 0x18, 0x3C, 0x7E, 0xDB, 0xD9, 0xD9, 0x5B, 0x7E, 0x1C, 0x18,
    0x18, 0x18, 0x70, 0x18, 0x0C, 0x00, 0x00, 0x00, 0x00, 0x00, 0x00, 0x00, 0x81, 0x80, 0x81, 0xC0,
    0xC0, 0x00, 0x00, 0x00, 0x00, 0x00, 0x00, 0x18, 0x00, 0xF0, 0x00, 0xC0, 0x81, 0xC0, 0xC0, 0x00,
    0x00, 0x00, 0x00, 0x00, 0x00, 0x81, 0x80, 0xF7, 0x38, 0xC6, 0xCF, 0x71, 0x23, 0xFE, 0x44, 0x31,
    0x4E, 0xCE, 0x7B, 0x31, 0x00, 0xFF, 0x00, 0xFF, 0xFF, 0x20, 0x20, 0x00, 0xFF, 0xFF, 0x00, 0x00,
    0xFF, 0x00, 0x00, 0x06, 0x02, 0x04, 0xFF, 0xFF, 0x08, 0x10, 0xFF, 0x20, 0x20, 0x40, 0xFF, 0xFF,
    0x00, 0x00, 0xFF, 0x00, 0x00, 0x00, 0xFF, 0x03, 0x0E, 0x70, 0xC0, 0x78, 0x0F, 0xE1, 0x38, 0x0F,
    0x01, 0xC0, 0x78, 0x0E, 0x03, 0x1E, 0xF0, 0xC7, 0x1C, 0xF0, 0x80, 0x01, 0x07, 0x3C, 0xE0, 0xF0,
    0x1E, 0x03, 0xFF, 0x00, 0x00, 0xFF, 0x80, 0xF0, 0x1C, 0x07, 0x0F, 0x38, 0xE0, 0xFF, 0x00, 0x00,
    0xFF, 0x06, 0x05, 0x07, 0x0C, 0x38, 0xC8, 0xF0, 0x38, 0x3E, 0x23, 0x20, 0x84, 0xE4, 0x3C, 0x0E,
    0x0B, 0x17, 0x1C, 0x70, 0xE0, 0x20, 0x0F, 0xE0, 0x60, 0x61, 0x80, 0x22, 0x00, 0x28, 0x10, 0x70,
    0x20, 0x60, 0x40, 0xC7, 0xF1, 0x81, 0x03, 0x02, 0x06, 0x04, 0x1A, 0x00, 0x26, 0x00, 0x87, 0x06,
    0x03, 0xF8, 0x00, 0x0F, 0xE0, 0x60, 0x61, 0x80, 0x22, 0x00, 0x28, 0x00, 0x70, 0x00, 0x60, 0x40,
    0xC1, 0x81, 0x81, 0x03, 0x00, 0x06, 0x00, 0x1A, 0x00, 0x26, 0x00, 0x87, 0x06, 0x03, 0xF8, 0x00,
    0x02, 0x00, 0x10, 0x00, 0x80, 0x04, 0x00, 0x20, 0x01, 0x00, 0x08, 0x00, 0x40, 0x02, 0x00, 0x10,
    0x00, 0x81, 0xFF, 0xF0, 0x00, 0x08, 0x00, 0xC0, 0x0E, 0x00, 0xD0, 0x0C, 0x80, 0xC4, 0x0C, 0x20,
    0xC1, 0x0C, 0x08, 0xC0, 0x4C, 0x02, 0xC0, 0x1F, 0xFF, 0x80,
};

static const EpdGlyph misans_latin_8_regularGlyphs[] = {
    { 1, 1, 160, 0, 1, 1, 0 }, // U+0001
    { 1, 1, 77, 0, 1, 1, 1 }, // U+000A
    { 1, 1, 0, 0, 1, 1, 2 }, // U+000D
    { 1, 1, 77, 0, 1, 1, 3 }, // U+0020
    { 2, 12, 70, 1, 12, 3, 4 }, // !
    { 4, 4, 90, 1, 14, 2, 7 }, // "
    { 10, 12, 188, 1, 12, 15, 9 }, // #
    { 8, 15, 154, 1, 14, 15, 24 }, // $
    { 13, 12, 219, 0, 12, 20, 39 }, // %
    { 11, 13, 190, 1, 13, 18, 59 }, // &
    { 1, 4, 51, 1, 14, 1, 77 }, // '
    { 4, 15, 82, 1, 14, 8, 78 }, // (
    { 3, 15, 82, 1, 14, 6, 86 }, // )
    { 5, 5, 119, 1, 12, 4, 92 }, // *
    { 8, 8, 163, 1, 10, 8, 96 }, // +
    { 2, 5, 68, 1, 2, 2, 104 }, // ,
    { 6, 1, 121, 1, 7, 1, 106 }, // -
    { 2, 2, 65, 1, 2, 1, 107 }, // .
    { 5, 12, 106, 1, 12, 8, 108 }, // /
    { 9, 13, 169, 1, 13, 15, 116 }, // 0
    { 4, 12, 108, 1, 12, 6, 131 }, // 1
    { 8, 13, 151, 1, 13, 13, 137 }, // 2
    { 8, 12, 158, 1, 12, 12, 150 }, // 3
    { 9, 12, 158, 0, 12, 14, 162 }, // 4
    { 8, 12, 158, 1, 12, 12, 176 }, // 5
    { 8, 12, 157, 1, 12, 12, 188 }, // 6
    { 7, 12, 141, 1, 12, 11, 200 }, // 7
    { 8, 13, 168, 1, 13, 13, 211 }, // 8
    { 8, 13, 160, 1, 13, 13, 224 }, // 9
    { 2, 9, 65, 1, 9, 3, 237 }, // :
    { 2, 12, 68, 1, 9, 3, 240 }, // ;
    { 8, 9, 163, 1, 11, 9, 243 }, // <
    { 8, 5, 163, 1, 9, 5, 252 }, // =
    { 8, 9, 163, 1, 11, 9, 257 }, // >
    { 7, 13, 130, 0, 13, 12, 266 }, // ?
    { 12, 13, 220, 1, 13, 20, 278 }, // @
    { 11, 12, 178, 0, 12, 17, 298 }, // A
    { 9, 12, 176, 1, 12, 14, 315 }, // B
    { 10, 13, 185, 1, 13, 17, 329 }, // C
    { 10, 12, 198, 1, 12, 15, 346 }, // D
    { 8, 12, 157, 1, 12, 12, 361 }, // E
    { 8, 12, 149, 1, 12, 12, 373 }, // F
    { 10, 13, 196, 1, 13, 17, 385 }, // G
    { 10, 12, 192, 1, 12, 15, 402 }, // H
    { 2, 12, 66, 1, 12, 3, 417 }, // I
    { 7, 12, 127, 0, 12, 11, 420 }, // J
    { 10, 12, 170, 1, 12, 15, 431 }, // K
    { 8, 12, 150, 1, 12, 12, 446 }, // L
    { 12, 12, 235, 1, 12, 18, 458 }, // M
    { 10, 12, 196, 1, 12, 15, 476 }, // N
    { 11, 13, 207, 1, 13, 18, 491 }, // O
    { 9, 12, 166, 1, 12, 14, 509 }, // P
    { 11, 14, 208, 1, 13, 20, 523 }, // Q
    { 9, 12, 169, 1, 12, 14, 543 }, // R
    { 8, 13, 158, 1, 13, 13, 557 }, // S
    { 10, 12, 161, 0, 12, 15, 570 }, // T
    { 9, 12, 188, 1, 12, 14, 585 }, // U
    { 11, 12, 179, 0, 12, 17, 599 }, // V
    { 16, 12, 258, 0, 12, 24, 616 }, // W
    { 10, 12, 169, 0, 12, 15, 640 }, // X
    { 10, 12, 164, 0, 12, 15, 655 }, // Y
    { 8, 12, 158, 1, 12, 12, 670 }, // Z
    { 4, 15, 93, 2, 14, 8, 682 }, // [
    { 6, 12, 90, 0, 12, 9, 690 }, // <backslash>
    { 4, 15, 93, 0, 14, 8, 699 }, // ]
    { 7, 4, 119, 0, 13, 4, 707 }, // ^
    { 8, 2, 122, 0, -1, 2, 711 }, // _
    { 3, 3, 69, 0, 13, 2, 713 }, // `
    { 7, 9, 143, 1, 9, 8, 715 }, // a
    { 8, 12, 158, 1, 12, 12, 723 }, // b
    { 7, 9, 140, 1, 9, 8, 735 }, // c
    { 8, 12, 158, 1, 12, 12, 743 }, // d
    { 7, 9, 147, 1, 9, 8, 755 }, // e
    { 6, 13, 91, 0, 13, 10, 763 }, // f
    { 8, 13, 158, 1, 9, 13, 773 }, // g
    { 8, 12, 155, 1, 12, 12, 786 }, // h
    { 2, 13, 65, 1, 13, 4, 798 }, // i
    { 4, 17, 66, -1, 13, 9, 802 }, // j
    { 7, 12, 134, 1, 12, 11, 811 }, // k
    { 3, 12, 67, 1, 12, 5, 822 }, // l
    { 13, 9, 235, 1, 9, 15, 827 }, // m
    { 8, 9, 155, 1, 9, 9, 842 }, // n
    { 8, 9, 152, 1, 9, 9, 851 }, // o
    { 8, 13, 158, 1, 9, 13, 860 }, // p
    { 8, 13, 158, 1, 9, 13, 873 }, // q
    { 5, 9, 100, 1, 9, 6, 886 }, // r
    { 7, 9, 125, 0, 9, 8, 892 }, // s
    { 6, 12, 95, 0, 12, 9, 900 }, // t
    { 8, 9, 155, 1, 9, 9, 909 }, // u
    { 8, 9, 135, 0, 9, 9, 918 }, // v
    { 13, 9, 211, 0, 9, 15, 927 }, // w
    { 8, 9, 130, 0, 9, 9, 942 }, // x
    { 8, 13, 137, 0, 9, 13, 951 }, // y
    { 7, 9, 126, 0, 9, 8, 964 }, // z
    { 5, 15, 94, 0, 14, 10, 972 }, // {
    { 2, 15, 59, 1, 14, 4, 982 }, // |
    { 5, 15, 94, 0, 14, 10, 986 }, // }
    { 7, 2, 139, 1, 7, 2, 996 }, // ~
    { 1, 1, 0, 0, 1, 1, 998 }, // U+007F
    { 1, 1, 77, 0, 1, 1, 999 }, // U+00A0
    { 2, 13, 70, 1, 9, 4, 1000 }, // U+00A1
    { 8, 11, 154, 1, 10, 11, 1004 }, // U+00A2
    { 8, 13, 158, 1, 13, 13, 1015 }, // U+00A3
    { 11, 10, 171, 0, 11, 14, 1028 }, // U+00A4
    { 9, 12, 154, 0, 12, 14, 1042 }, // U+00A5
    { 2, 15, 59, 1, 14, 4, 1056 }, // U+00A6
    { 9, 17, 179, 1, 13, 20, 1060 }, // U+00A7
    { 5, 2, 105, 1, 12, 2, 1080 }, // U+00A8
    { 13, 13, 235, 1, 13, 22, 1082 }, // U+00A9
    { 5, 6, 89, 0, 14, 4, 1104 }, // U+00AA
    { 9, 7, 172, 1, 8, 8, 1108 }, // U+00AB
    { 8, 4, 158, 1, 8, 4, 1116 }, // U+00AC
    { 6, 1, 121, 1, 7, 1, 1120 }, // U+00AD
    { 8, 8, 150, 1, 13, 8, 1121 }, // U+00AE
    { 4, 1, 85, 1, 11, 1, 1129 }, // U+00AF
    { 5, 6, 109, 1, 13, 4, 1130 }, // U+00B0
    { 8, 10, 158, 1, 11, 10, 1134 }, // U+00B1
    { 6, 8, 94, 0, 15, 6, 1144 }, // U+00B2
    { 6, 8, 97, 0, 15, 6, 1150 }, // U+00B3
    { 3, 3, 69, 1, 13, 2, 1156 }, // U+00B4
    { 8, 13, 156, 1, 9, 13, 1158 }, // U+00B5
    { 9, 15, 183, 1, 11, 17, 1171 }, // U+00B6
    { 2, 1, 133, 3, 7, 1, 1188 }, // U+00B7
    { 3, 5, 75, 1, 1, 2, 1189 }, // U+00B8
    { 3, 8, 65, 0, 15, 3, 1191 }, // U+00B9
    { 6, 6, 97, 0, 14, 5, 1194 }, // U+00BA
    { 9, 7, 172, 1, 8, 8, 1199 }, // U+00BB
    { 13, 13, 214, 0, 13, 22, 1207 }, // U+00BC
    { 14, 13, 230, 0, 13, 23, 1229 }, // U+00BD
    { 15, 13, 241, 0, 13, 25, 1252 }, // U+00BE
    { 7, 13, 130, 1, 9, 12, 1277 }, // U+00BF
    { 11, 16, 178, 0, 16, 22, 1289 }, // U+00C0
    { 11, 16, 178, 0, 16, 22, 1311 }, // U+00C1
    { 11, 15, 178, 0, 15, 21, 1333 }, // U+00C2
    { 11, 15, 178, 0, 15, 21, 1354 }, // U+00C3
    { 11, 15, 178, 0, 15, 21, 1375 }, // U+00C4
    { 11, 16, 178, 0, 16, 22, 1396 }, // U+00C5
    { 16, 12, 259, 0, 12, 24, 1418 }, // U+00C6
    { 10, 17, 185, 1, 13, 22, 1442 }, // U+00C7
    { 8, 16, 157, 1, 16, 16, 1464 }, // U+00C8
    { 8, 16, 157, 1, 16, 16, 1480 }, // U+00C9
    { 8, 15, 157, 1, 15, 15, 1496 }, // U+00CA
    { 8, 15, 157, 1, 15, 15, 1511 }, // U+00CB
    { 3, 16, 65, 0, 16, 6, 1526 }, // U+00CC
    { 3, 16, 65, 1, 16, 6, 1532 }, // U+00CD
    { 4, 15, 65, 0, 15, 8, 1538 }, // U+00CE
    { 6, 15, 65, -1, 15, 12, 1546 }, // U+00CF
    { 12, 12, 206, 0, 12, 18, 1558 }, // U+00D0
    { 10, 15, 196, 1, 15, 19, 1576 }, // U+00D1
    { 11, 16, 207, 1, 16, 22, 1595 }, // U+00D2
    { 11, 16, 207, 1, 16, 22, 1617 }, // U+00D3
    { 11, 15, 207, 1, 15, 21, 1639 }, // U+00D4
    { 11, 15, 207, 1, 15, 21, 1660 }, // U+00D5
    { 11, 15, 207, 1, 15, 21, 1681 }, // U+00D6
    { 8, 8, 163, 1, 10, 8, 1702 }, // U+00D7
    { 13, 16, 207, 0, 14, 26, 1710 }, // U+00D8
    { 9, 16, 188, 1, 16, 18, 1736 }, // U+00D9
    { 9, 16, 188, 1, 16, 18, 1754 }, // U+00DA
    { 9, 15, 188, 1, 15, 17, 1772 }, // U+00DB
    { 9, 15, 188, 1, 15, 17, 1789 }, // U+00DC
    { 10, 16, 164, 0, 16, 20, 1806 }, // U+00DD
    { 9, 12, 166, 1, 12, 14, 1826 }, // U+00DE
    { 8, 13, 154, 1, 13, 13, 1840 }, // U+00DF
    { 7, 13, 143, 1, 13, 12, 1853 }, // U+00E0
    { 7, 13, 143, 1, 13, 12, 1865 }, // U+00E1
    { 7, 12, 143, 1, 12, 11, 1877 }, // U+00E2
    { 7, 12, 143, 1, 12, 11, 1888 }, // U+00E3
    { 7, 12, 143, 1, 12, 11, 1899 }, // U+00E4
    { 7, 13, 143, 1, 13, 12, 1910 }, // U+00E5
    { 13, 9, 237, 1, 9, 15, 1922 }, // U+00E6
    { 7, 13, 140, 1, 9, 12, 1937 }, // U+00E7
    { 7, 13, 147, 1, 13, 12, 1949 }, // U+00E8
    { 7, 13, 147, 1, 13, 12, 1961 }, // U+00E9
    { 7, 12, 147, 1, 12, 11, 1973 }, // U+00EA
    { 7, 12, 147, 1, 12, 11, 1984 }, // U+00EB
    { 3, 13, 61, 0, 13, 5, 1995 }, // U+00EC
    { 3, 13, 61, 1, 13, 5, 2000 }, // U+00ED
    { 4, 12, 63, 0, 12, 6, 2005 }, // U+00EE
    { 6, 12, 62, -1, 12, 9, 2011 }, // U+00EF
    { 8, 13, 149, 1, 13, 13, 2020 }, // U+00F0
    { 8, 12, 155, 1, 12, 12, 2033 }, // U+00F1
    { 8, 13, 152, 1, 13, 13, 2045 }, // U+00F2
    { 8, 13, 152, 1, 13, 13, 2058 }, // U+00F3
    { 8, 12, 152, 1, 12, 12, 2071 }, // U+00F4
    { 8, 12, 152, 1, 12, 12, 2083 }, // U+00F5
    { 8, 12, 152, 1, 12, 12, 2095 }, // U+00F6
    { 8, 8, 163, 1, 10, 8, 2107 }, // U+00F7
    { 9, 11, 153, 0, 10, 13, 2115 }, // U+00F8
    { 8, 13, 155, 1, 13, 13, 2128 }, // U+00F9
    { 8, 13, 155, 1, 13, 13, 2141 }, // U+00FA
    { 8, 12, 155, 1, 12, 12, 2154 }, // U+00FB
    { 8, 12, 155, 1, 12, 12, 2166 }, // U+00FC
    { 8, 17, 137, 0, 13, 17, 2178 }, // U+00FD
    { 8, 16, 158, 1, 12, 16, 2195 }, // U+00FE
    { 8, 16, 137, 0, 12, 16, 2211 }, // U+00FF
    { 11, 15, 178, 0, 15, 21, 2227 }, // U+0100
    { 7, 11, 143, 1, 11, 10, 2248 }, // U+0101
    { 11, 15, 178, 0, 15, 21, 2258 }, // U+0102
    { 7, 12, 143, 1, 12, 11, 2279 }, // U+0103
    { 11, 16, 178, 0, 12, 22, 2290 }, // U+0104
    { 7, 13, 144, 1, 9, 12, 2312 }, // U+0105
    { 10, 16, 185, 1, 16, 20, 2324 }, // U+0106
    { 7, 13, 140, 1, 13, 12, 2344 }, // U+0107
    { 10, 15, 185, 1, 15, 19, 2356 }, // U+0108
    { 7, 12, 140, 1, 12, 11, 2375 }, // U+0109
    { 10, 15, 185, 1, 15, 19, 2386 }, // U+010A
    { 7, 12, 140, 1, 12, 11, 2405 }, // U+010B
    { 10, 16, 185, 1, 16, 20, 2416 }, // U+010C
    { 7, 13, 140, 1, 13, 12, 2436 }, // U+010D
    { 10, 16, 198, 1, 16, 20, 2448 }, // U+010E
    { 11, 13, 160, 1, 13, 18, 2468 }, // U+010F
    { 12, 12, 206, 0, 12, 18, 2486 }, // U+0110
    { 9, 12, 160, 1, 12, 14, 2504 }, // U+0111
    { 8, 15, 157, 1, 15, 15, 2518 }, // U+0112
    { 7, 11, 147, 1, 11, 10, 2533 }, // U+0113
    { 8, 15, 157, 1, 15, 15, 2543 }, // U+0114
    { 7, 12, 147, 1, 12, 11, 2558 }, // U+0115
    { 8, 15, 157, 1, 15, 15, 2569 }, // U+0116
    { 7, 12, 147, 1, 12, 11, 2584 }, // U+0117
    { 9, 16, 157, 1, 12, 18, 2595 }, // U+0118
    { 7, 13, 147, 1, 9, 12, 2613 }, // U+0119
    { 8, 16, 157, 1, 16, 16, 2625 }, // U+011A
    { 7, 13, 147, 1, 13, 12, 2641 }, // U+011B
    { 10, 15, 196, 1, 15, 19, 2653 }, // U+011C
    { 8, 16, 158, 1, 12, 16, 2672 }, // U+011D
    { 10, 15, 196, 1, 15, 19, 2688 }, // U+011E
    { 8, 16, 158, 1, 12, 16, 2707 }, // U+011F
    { 10, 15, 196, 1, 15, 19, 2723 }, // U+0120
    { 8, 16, 158, 1, 12, 16, 2742 }, // U+0121
    { 10, 17, 196, 1, 13, 22, 2758 }, // U+0122
    { 8, 17, 158, 1, 13, 17, 2780 }, // U+0123
    { 10, 15, 192, 1, 15, 19, 2797 }, // U+0124
    { 9, 16, 155, 0, 16, 18, 2816 }, // U+0125
    { 12, 12, 198, 0, 12, 18, 2834 }, // U+0126
    { 9, 12, 156, 0, 12, 14, 2852 }, // U+0127
    { 4, 15, 65, 0, 15, 8, 2866 }, // U+0128
    { 4, 12, 65, 0, 12, 6, 2874 }, // U+0129
    { 4, 15, 65, 0, 15, 8, 2880 }, // U+012A
    { 4, 11, 62, 0, 11, 6, 2888 }, // U+012B
    { 4, 15, 65, 0, 15, 8, 2894 }, // U+012C
    { 4, 12, 62, 0, 12, 6, 2902 }, // U+012D
    { 3, 16, 65, 0, 12, 6, 2908 }, // U+012E
    { 3, 17, 66, 0, 13, 7, 2914 }, // U+012F
    { 2, 15, 65, 1, 15, 4, 2921 }, // U+0130
    { 2, 9, 59, 1, 9, 3, 2925 }, // U+0131
    { 10, 12, 194, 1, 12, 15, 2928 }, // U+0132
    { 6, 17, 132, 1, 13, 13, 2943 }, // U+0133
    { 8, 15, 129, 0, 15, 15, 2956 }, // U+0134
    { 5, 16, 63, -1, 12, 10, 2971 }, // U+0135
    { 10, 16, 170, 1, 12, 20, 2981 }, // U+0136
    { 7, 16, 134, 1, 12, 14, 3001 }, // U+0137
    { 7, 9, 134, 1, 9, 8, 3015 }, // U+0138
    { 8, 16, 150, 1, 16, 16, 3023 }, // U+0139
    { 3, 16, 67, 1, 16, 6, 3039 }, // U+013A
    { 8, 16, 150, 1, 12, 16, 3045 }, // U+013B
    { 3, 16, 67, 1, 12, 6, 3061 }, // U+013C
    { 8, 13, 150, 1, 13, 13, 3067 }, // U+013D
    { 4, 13, 69, 1, 13, 7, 3080 }, // U+013E
    { 8, 12, 150, 1, 12, 12, 3087 }, // U+013F
    { 5, 12, 94, 1, 12, 8, 3099 }, // U+0140
    { 9, 12, 156, 0, 12, 14, 3107 }, // U+0141
    { 4, 12, 75, 0, 12, 6, 3121 }, // U+0142
    { 10, 16, 196, 1, 16, 20, 3127 }, // U+0143
    { 8, 13, 155, 1, 13, 13, 3147 }, // U+0144
    { 10, 16, 196, 1, 12, 20, 3160 }, // U+0145
    { 8, 13, 155, 1, 9, 13, 3180 }, // U+0146
    { 10, 16, 196, 1, 16, 20, 3193 }, // U+0147
    { 8, 13, 155, 1, 13, 13, 3213 }, // U+0148
    { 10, 12, 170, -1, 12, 15, 3226 }, // U+0149
    { 10, 16, 196, 1, 12, 20, 3241 }, // U+014A
    { 8, 13, 155, 1, 9, 13, 3261 }, // U+014B
    { 11, 15, 207, 1, 15, 21, 3274 }, // U+014C
    { 8, 11, 152, 1, 11, 11, 3295 }, // U+014D
    { 11, 15, 207, 1, 15, 21, 3306 }, // U+014E
    { 8, 12, 152, 1, 12, 12, 3327 }, // U+014F
    { 11, 16, 207, 1, 16, 22, 3339 }, // U+0150
    { 8, 13, 152, 1, 13, 13, 3361 }, // U+0151
    { 17, 13, 299, 1, 13, 28, 3374 }, // U+0152
    { 14, 9, 254, 1, 9, 16, 3402 }, // U+0153
    { 9, 16, 169, 1, 16, 18, 3418 }, // U+0154
    { 5, 13, 100, 1, 13, 9, 3436 }, // U+0155
    { 9, 16, 169, 1, 12, 18, 3445 }, // U+0156
    { 5, 13, 99, 1, 9, 9, 3463 }, // U+0157
    { 9, 16, 169, 1, 16, 18, 3472 }, // U+0158
    { 5, 13, 100, 1, 13, 9, 3490 }, // U+0159
    { 8, 16, 158, 1, 16, 16, 3499 }, // U+015A
    { 7, 13, 125, 0, 13, 12, 3515 }, // U+015B
    { 8, 15, 158, 1, 15, 15, 3527 }, // U+015C
    { 7, 12, 125, 0, 12, 11, 3542 }, // U+015D
    { 8, 17, 158, 1, 13, 17, 3553 }, // U+015E
    { 7, 13, 125, 0, 9, 12, 3570 }, // U+015F
    { 8, 16, 158, 1, 16, 16, 3582 }, // U+0160
    { 7, 13, 125, 0, 13, 12, 3598 }, // U+0161
    { 10, 16, 161, 0, 12, 20, 3610 }, // U+0162
    { 6, 16, 95, 0, 12, 12, 3630 }, // U+0163
    { 10, 16, 161, 0, 16, 20, 3642 }, // U+0164
    { 6, 13, 95, 0, 13, 10, 3662 }, // U+0165
    { 10, 12, 161, 0, 12, 15, 3672 }, // U+0166
    { 6, 12, 97, 0, 12, 9, 3687 }, // U+0167
    { 9, 15, 188, 1, 15, 17, 3696 }, // U+0168
    { 8, 12, 155, 1, 12, 12, 3713 }, // U+0169
    { 9, 15, 188, 1, 15, 17, 3725 }, // U+016A
    { 8, 11, 155, 1, 11, 11, 3742 }, // U+016B
    { 9, 15, 188, 1, 15, 17, 3753 }, // U+016C
    { 8, 12, 155, 1, 12, 12, 3770 }, // U+016D
    { 9, 16, 188, 1, 16, 18, 3782 }, // U+016E
    { 8, 13, 155, 1, 13, 13, 3800 }, // U+016F
    { 9, 16, 188, 1, 16, 18, 3813 }, // U+0170
    { 8, 13, 155, 1, 13, 13, 3831 }, // U+0171
    { 9, 16, 188, 1, 12, 18, 3844 }, // U+0172
    { 8, 13, 155, 1, 9, 13, 3862 }, // U+0173
    { 16, 15, 258, 0, 15, 30, 3875 }, // U+0174
    { 13, 12, 211, 0, 12, 20, 3905 }, // U+0175
    { 10, 15, 164, 0, 15, 19, 3925 }, // U+0176
    { 8, 16, 137, 0, 12, 16, 3944 }, // U+0177
    { 10, 15, 164, 0, 15, 19, 3960 }, // U+0178
    { 8, 16, 158, 1, 16, 16, 3979 }, // U+0179
    { 7, 13, 126, 0, 13, 12, 3995 }, // U+017A
    { 8, 15, 158, 1, 15, 15, 4007 }, // U+017B
    { 7, 12, 126, 0, 12, 11, 4022 }, // U+017C
    { 8, 16, 158, 1, 16, 16, 4033 }, // U+017D
    { 7, 13, 126, 0, 13, 12, 4049 }, // U+017E
    { 4, 13, 66, 1, 13, 7, 4061 }, // U+017F
    { 11, 15, 207, 1, 15, 21, 4068 }, // U+01A0
    { 8, 12, 152, 1, 12, 12, 4089 }, // U+01A1
    { 11, 15, 192, 1, 15, 21, 4101 }, // U+01AF
    { 9, 12, 161, 1, 12, 14, 4122 }, // U+01B0
    { 11, 16, 178, 0, 16, 22, 4136 }, // U+01CD
    { 7, 13, 143, 1, 13, 12, 4158 }, // U+01CE
    { 4, 16, 65, 0, 16, 8, 4170 }, // U+01CF
    { 4, 13, 62, 0, 13, 7, 4178 }, // U+01D0
    { 11, 16, 207, 1, 16, 22, 4185 }, // U+01D1
    { 8, 13, 152, 1, 13, 13, 4207 }, // U+01D2
    { 9, 16, 188, 1, 16, 18, 4220 }, // U+01D3
    { 8, 13, 155, 1, 13, 13, 4238 }, // U+01D4
    { 9, 17, 188, 1, 17, 20, 4251 }, // U+01D5
    { 8, 14, 155, 1, 14, 14, 4271 }, // U+01D6
    { 9, 18, 188, 1, 18, 21, 4285 }, // U+01D7
    { 8, 15, 155, 1, 15, 15, 4306 }, // U+01D8
    { 9, 18, 188, 1, 18, 21, 4321 }, // U+01D9
    { 8, 15, 155, 1, 15, 15, 4342 }, // U+01DA
    { 9, 18, 188, 1, 18, 21, 4357 }, // U+01DB
    { 8, 15, 155, 1, 15, 15, 4378 }, // U+01DC
    { 12, 13, 203, 1, 13, 20, 4393 }, // U+01E4
    { 9, 13, 166, 1, 9, 15, 4413 }, // U+01E5
    { 10, 16, 196, 1, 16, 20, 4428 }, // U+01E6
    { 8, 17, 158, 1, 13, 17, 4448 }, // U+01E7
    { 10, 16, 170, 1, 16, 20, 4465 }, // U+01E8
    { 8, 16, 134, 0, 16, 16, 4485 }, // U+01E9
    { 9, 16, 147, 0, 16, 18, 4501 }, // U+01EE
    { 7, 17, 126, 0, 13, 15, 4519 }, // U+01EF
    { 5, 17, 63, -1, 13, 11, 4534 }, // U+01F0
    { 8, 13, 155, 1, 13, 13, 4545 }, // U+01F9
    { 11, 18, 177, 0, 18, 25, 4558 }, // U+01FA
    { 7, 17, 143, 1, 17, 15, 4583 }, // U+01FB
    { 16, 16, 259, 0, 16, 32, 4598 }, // U+01FC
    { 13, 13, 237, 1, 13, 22, 4630 }, // U+01FD
    { 13, 18, 207, 0, 16, 30, 4652 }, // U+01FE
    { 9, 14, 153, 0, 13, 16, 4682 }, // U+01FF
    { 8, 17, 158, 1, 13, 17, 4698 }, // U+0218
    { 7, 13, 125, 0, 9, 12, 4715 }, // U+0219
    { 10, 16, 161, 0, 12, 20, 4727 }, // U+021A
    { 6, 16, 95, 0, 12, 12, 4747 }, // U+021B
    { 10, 16, 192, 1, 16, 20, 4759 }, // U+021E
    { 9, 16, 155, 0, 16, 18, 4779 }, // U+021F
    { 3, 3, 0, -4, 13, 2, 4797 }, // U+0300
    { 3, 3, 0, -3, 13, 2, 4799 }, // U+0301
    { 4, 2, 0, -5, 12, 1, 4801 }, // U+0302
    { 5, 2, 0, -6, 12, 2, 4802 }, // U+0303
    { 4, 1, 0, -5, 11, 1, 4804 }, // U+0304
    { 8, 1, 0, -9, 15, 1, 4805 }, // U+0305
    { 4, 2, 0, -5, 12, 1, 4806 }, // U+0306
    { 2, 2, 0, -3, 12, 1, 4807 }, // U+0307
    { 5, 2, 0, -6, 12, 2, 4808 }, // U+0308
    { 4, 2, 0, -4, 15, 1, 4810 }, // U+0309
    { 3, 3, 0, -4, 13, 2, 4811 }, // U+030A
    { 5, 3, 0, -6, 13, 2, 4813 }, // U+030B
    { 4, 3, 0, -5, 13, 2, 4815 }, // U+030C
    { 6, 3, 0, -6, 13, 3, 4817 }, // U+030F
    { 2, 4, 0, -3, 14, 1, 4820 }, // U+0312
    { 3, 4, 0, -4, -1, 2, 4821 }, // U+0318
    { 3, 4, 0, -4, -1, 2, 4823 }, // U+0319
    { 4, 3, 0, -5, 16, 2, 4825 }, // U+031A
    { 1, 4, 0, -2, -1, 1, 4827 }, // U+031C
    { 3, 4, 0, -4, -1, 2, 4828 }, // U+031D
    { 3, 4, 0, -4, -1, 2, 4830 }, // U+031E
    { 3, 4, 0, -4, -1, 2, 4832 }, // U+031F
    { 3, 1, 0, -4, -2, 1, 4834 }, // U+0320
    { 2, 2, 0, -3, -2, 1, 4835 }, // U+0323
    { 5, 2, 0, -6, -2, 2, 4836 }, // U+0324
    { 3, 4, 0, -4, -1, 2, 4838 }, // U+0325
    { 2, 3, 0, -3, -1, 1, 4840 }, // U+0326
    { 3, 5, 0, -4, 1, 2, 4841 }, // U+0327
    { 3, 4, 0, -4, 0, 2, 4843 }, // U+0328
    { 2, 4, 0, -3, -1, 1, 4845 }, // U+0329
    { 5, 3, 0, -6, -1, 2, 4846 }, // U+032A
    { 4, 3, 0, -5, -1, 2, 4848 }, // U+032C
    { 5, 2, 0, -6, -2, 2, 4850 }, // U+0330
    { 8, 1, 0, -9, -2, 1, 4852 }, // U+0332
    { 5, 2, 0, -6, 7, 2, 4853 }, // U+0334
    { 1, 4, 0, -2, -1, 1, 4855 }, // U+0339
    { 5, 3, 0, -6, -1, 2, 4856 }, // U+033A
    { 3, 4, 0, -4, -1, 2, 4858 }, // U+033B
    { 6, 3, 0, -7, -1, 3, 4860 }, // U+033C
    { 4, 4, 0, -5, 14, 2, 4863 }, // U+033D
    { 5, 2, 0, -6, 12, 2, 4865 }, // U+0346
    { 8, 3, 0, -9, -1, 3, 4867 }, // U+0347
    { 4, 4, 0, -5, -1, 2, 4870 }, // U+0348
    { 3, 4, 0, -4, -1, 2, 4872 }, // U+0349
    { 5, 3, 0, -6, 12, 2, 4874 }, // U+034A
    { 5, 5, 0, -6, 14, 4, 4876 }, // U+034B
    { 5, 3, 0, -6, 13, 2, 4880 }, // U+034C
    { 4, 3, 0, -5, -1, 2, 4882 }, // U+034D
    { 2, 4, 0, -3, -1, 1, 4884 }, // U+034E
    { 12, 3, 0, -12, -1, 5, 4885 }, // U+035C
    { 12, 3, 0, -12, 13, 5, 4890 }, // U+0361
    { 9, 3, 0, -10, -1, 4, 4895 }, // U+0362
    { 8, 16, 157, 1, 16, 16, 4899 }, // U+0400
    { 8, 15, 157, 1, 15, 15, 4915 }, // U+0401
    { 13, 12, 218, 0, 12, 20, 4930 }, // U+0402
    { 7, 16, 140, 1, 16, 14, 4950 }, // U+0403
    { 10, 13, 185, 1, 13, 17, 4964 }, // U+0404
    { 8, 13, 158, 1, 13, 13, 4981 }, // U+0405
    { 2, 12, 66, 1, 12, 3, 4994 }, // U+0406
    { 5, 15, 70, 0, 15, 10, 4997 }, // U+0407
    { 7, 12, 127, 0, 12, 11, 5007 }, // U+0408
    { 18, 12, 292, 0, 12, 27, 5018 }, // U+0409
    { 17, 12, 293, 1, 12, 26, 5045 }, // U+040A
    { 13, 12, 225, 0, 12, 20, 5071 }, // U+040B
    { 10, 16, 172, 1, 16, 20, 5091 }, // U+040C
    { 10, 16, 196, 1, 16, 20, 5111 }, // U+040D
    { 10, 15, 162, 0, 15, 19, 5131 }, // U+040E
    { 9, 14, 185, 1, 12, 16, 5150 }, // U+040F
    { 11, 12, 178, 0, 12, 17, 5166 }, // U+0410
    { 9, 12, 171, 1, 12, 14, 5183 }, // U+0411
    { 9, 12, 176, 1, 12, 14, 5197 }, // U+0412
    { 7, 12, 140, 1, 12, 11, 5211 }, // U+0413
    { 12, 14, 198, 0, 12, 21, 5222 }, // U+0414
    { 8, 12, 157, 1, 12, 12, 5243 }, // U+0415
    { 17, 12, 280, 0, 12, 26, 5255 }, // U+0416
    { 9, 13, 157, 0, 13, 15, 5281 }, // U+0417
    { 10, 12, 196, 1, 12, 15, 5296 }, // U+0418
    { 10, 15, 196, 1, 15, 19, 5311 }, // U+0419
    { 10, 12, 173, 1, 12, 15, 5330 }, // U+041A
    { 11, 12, 192, 0, 12, 17, 5345 }, // U+041B
    { 12, 12, 235, 1, 12, 18, 5362 }, // U+041C
    { 10, 12, 192, 1, 12, 15, 5380 }, // U+041D
    { 11, 13, 207, 1, 13, 18, 5395 }, // U+041E
    { 9, 12, 185, 1, 12, 14, 5413 }, // U+041F
    { 9, 12, 166, 1, 12, 14, 5427 }, // U+0420
    { 10, 13, 188, 1, 13, 17, 5441 }, // U+0421
    { 10, 12, 161, 0, 12, 15, 5458 }, // U+0422
    { 10, 12, 162, 0, 12, 15, 5473 }, // U+0423
    { 12, 12, 223, 1, 12, 18, 5488 }, // U+0424
    { 10, 12, 169, 0, 12, 15, 5506 }, // U+0425
    { 11, 14, 191, 1, 12, 20, 5521 }, // U+0426
    { 9, 12, 181, 1, 12, 14, 5541 }, // U+0427
    { 15, 12, 276, 1, 12, 23, 5555 }, // U+0428
    { 17, 14, 286, 1, 12, 30, 5578 }, // U+0429
    { 11, 12, 186, 0, 12, 17, 5608 }, // U+042A
    { 12, 12, 225, 1, 12, 18, 5625 }, // U+042B
    { 9, 12, 166, 1, 12, 14, 5643 }, // U+042C
    { 10, 13, 185, 1, 13, 17, 5657 }, // U+042D
    { 15, 13, 275, 1, 13, 25, 5674 }, // U+042E
    { 9, 12, 169, 0, 12, 14, 5699 }, // U+042F
    { 7, 9, 143, 1, 9, 8, 5713 }, // U+0430
    { 8, 13, 153, 1, 13, 13, 5721 }, // U+0431
    { 7, 9, 143, 1, 9, 8, 5734 }, // U+0432
    { 6, 9, 118, 1, 9, 7, 5742 }, // U+0433
    { 10, 11, 161, 0, 9, 14, 5749 }, // U+0434
    { 7, 9, 147, 1, 9, 8, 5763 }, // U+0435
    { 13, 9, 207, 0, 9, 15, 5771 }, // U+0436
    { 7, 9, 130, 0, 9, 8, 5786 }, // U+0437
    { 8, 9, 155, 1, 9, 9, 5794 }, // U+0438
    { 8, 12, 156, 1, 12, 12, 5803 }, // U+0439
    { 8, 9, 138, 1, 9, 9, 5815 }, // U+043A
    { 8, 9, 154, 0, 9, 9, 5824 }, // U+043B
    { 9, 9, 183, 1, 9, 11, 5833 }, // U+043C
    { 8, 9, 155, 1, 9, 9, 5844 }, // U+043D
    { 8, 9, 152, 1, 9, 9, 5853 }, // U+043E
    { 8, 9, 155, 1, 9, 9, 5862 }, // U+043F
    { 8, 13, 158, 1, 9, 13, 5871 }, // U+0440
    { 7, 9, 140, 1, 9, 8, 5884 }, // U+0441
    { 7, 9, 125, 0, 9, 8, 5892 }, // U+0442
    { 8, 13, 137, 0, 9, 13, 5900 }, // U+0443
    { 10, 16, 186, 1, 12, 20, 5913 }, // U+0444
    { 8, 9, 130, 0, 9, 9, 5933 }, // U+0445
    { 9, 11, 162, 1, 9, 13, 5942 }, // U+0446
    { 7, 9, 146, 1, 9, 8, 5955 }, // U+0447
    { 12, 9, 224, 1, 9, 14, 5963 }, // U+0448
    { 13, 11, 230, 1, 9, 18, 5977 }, // U+0449
    { 9, 9, 157, 0, 9, 11, 5995 }, // U+044A
    { 10, 9, 197, 1, 9, 12, 6006 }, // U+044B
    { 7, 9, 142, 1, 9, 8, 6018 }, // U+044C
    { 7, 9, 140, 1, 9, 8, 6026 }, // U+044D
    { 12, 9, 214, 1, 9, 14, 6034 }, // U+044E
    { 7, 9, 138, 0, 9, 8, 6048 }, // U+044F
    { 7, 13, 147, 1, 13, 12, 6056 }, // U+0450
    { 7, 12, 147, 1, 12, 11, 6068 }, // U+0451
    { 9, 16, 156, 0, 12, 18, 6079 }, // U+0452
    { 6, 13, 118, 1, 13, 10, 6097 }, // U+0453
    { 7, 9, 140, 1, 9, 8, 6107 }, // U+0454
    { 7, 9, 125, 0, 9, 8, 6115 }, // U+0455
    { 2, 13, 65, 1, 13, 4, 6123 }, // U+0456
    { 6, 12, 64, -1, 12, 9, 6127 }, // U+0457
    { 4, 17, 66, -1, 13, 9, 6136 }, // U+0458
    { 14, 9, 237, 0, 9, 16, 6145 }, // U+0459
    { 13, 9, 237, 1, 9, 15, 6161 }, // U+045A
    { 9, 12, 157, 0, 12, 14, 6176 }, // U+045B
    { 8, 13, 139, 1, 13, 13, 6190 }, // U+045C
    { 8, 13, 156, 1, 13, 13, 6203 }, // U+045D
    { 9, 16, 138, 0, 12, 18, 6216 }, // U+045E
    { 8, 11, 155, 1, 9, 11, 6234 }, // U+045F
    { 11, 12, 192, 0, 12, 17, 6245 }, // U+0462
    { 9, 12, 161, 0, 12, 14, 6262 }, // U+0463
    { 12, 12, 223, 1, 12, 18, 6276 }, // U+046A
    { 9, 9, 176, 1, 9, 11, 6294 }, // U+046B
    { 11, 13, 207, 1, 13, 18, 6305 }, // U+0472
    { 8, 9, 152, 1, 9, 9, 6323 }, // U+0473
    { 13, 12, 204, 0, 12, 20, 6332 }, // U+0474
    { 10, 9, 158, 0, 9, 12, 6352 }, // U+0475
    { 8, 14, 143, 1, 14, 14, 6364 }, // U+0490
    { 6, 11, 118, 1, 11, 9, 6378 }, // U+0491
    { 9, 12, 151, 0, 12, 14, 6387 }, // U+0492
    { 7, 9, 128, 0, 9, 8, 6401 }, // U+0493
    { 13, 11, 215, 0, 9, 18, 6409 }, // U+0497
    { 10, 14, 177, 1, 12, 18, 6427 }, // U+049A
    { 8, 11, 145, 1, 9, 11, 6445 }, // U+049B
    { 10, 12, 178, 1, 12, 15, 6456 }, // U+049C
    { 8, 9, 146, 1, 9, 9, 6471 }, // U+049D
    { 11, 14, 198, 1, 12, 20, 6480 }, // U+04A2
    { 9, 11, 161, 1, 9, 13, 6500 }, // U+04A3
    { 10, 12, 164, 0, 12, 15, 6513 }, // U+04AE
    { 8, 13, 135, 0, 9, 13, 6528 }, // U+04AF
    { 10, 12, 167, 0, 12, 15, 6541 }, // U+04B0
    { 8, 13, 136, 0, 9, 13, 6556 }, // U+04B1
    { 11, 14, 178, 0, 12, 20, 6569 }, // U+04B2
    { 9, 11, 141, 0, 9, 13, 6589 }, // U+04B3
    { 10, 14, 186, 1, 12, 18, 6602 }, // U+04B6
    { 8, 11, 152, 1, 9, 11, 6620 }, // U+04B7
    { 9, 12, 180, 1, 12, 14, 6631 }, // U+04B8
    { 7, 9, 146, 1, 9, 8, 6645 }, // U+04B9
    { 9, 12, 175, 1, 12, 14, 6653 }, // U+04BA
    { 8, 12, 155, 1, 12, 12, 6667 }, // U+04BB
    { 9, 11, 161, 1, 9, 13, 6679 }, // U+04CA
    { 10, 13, 189, 1, 13, 17, 6692 }, // U+04D8
    { 7, 9, 147, 1, 9, 8, 6709 }, // U+04D9
    { 10, 15, 196, 1, 15, 19, 6717 }, // U+04E2
    { 8, 11, 155, 1, 11, 11, 6736 }, // U+04E3
    { 11, 13, 207, 1, 13, 18, 6747 }, // U+04E8
    { 8, 9, 152, 1, 9, 9, 6765 }, // U+04E9
    { 10, 15, 162, 0, 15, 19, 6774 }, // U+04EE
    { 8, 15, 137, 0, 11, 15, 6793 }, // U+04EF
    { 11, 15, 178, 0, 12, 21, 6808 }, // U+1EA0
    { 7, 12, 143, 1, 9, 11, 6829 }, // U+1EA1
    { 11, 15, 178, 0, 15, 21, 6840 }, // U+1EA2
    { 7, 12, 143, 1, 12, 11, 6861 }, // U+1EA3
    { 11, 18, 178, 0, 18, 25, 6872 }, // U+1EA4
    { 8, 15, 142, 1, 15, 15, 6897 }, // U+1EA5
    { 11, 18, 178, 0, 18, 25, 6912 }, // U+1EA6
    { 7, 15, 142, 1, 15, 14, 6937 }, // U+1EA7
    { 11, 17, 178, 0, 17, 24, 6951 }, // U+1EA8
    { 7, 14, 143, 1, 14, 13, 6975 }, // U+1EA9
    { 11, 17, 178, 0, 17, 24, 6988 }, // U+1EAA
    { 7, 14, 143, 1, 14, 13, 7012 }, // U+1EAB
    { 11, 18, 178, 0, 15, 25, 7025 }, // U+1EAC
    { 7, 15, 143, 1, 12, 14, 7050 }, // U+1EAD
    { 11, 18, 178, 0, 18, 25, 7064 }, // U+1EAE
    { 7, 16, 143, 1, 16, 14, 7089 }, // U+1EAF
    { 11, 18, 178, 0, 18, 25, 7103 }, // U+1EB0
    { 7, 16, 143, 1, 16, 14, 7128 }, // U+1EB1
    { 11, 17, 178, 0, 17, 24, 7142 }, // U+1EB2
    { 7, 15, 143, 1, 15, 14, 7166 }, // U+1EB3
    { 11, 17, 178, 0, 17, 24, 7180 }, // U+1EB4
    { 7, 15, 143, 1, 15, 14, 7204 }, // U+1EB5
    { 11, 18, 178, 0, 15, 25, 7218 }, // U+1EB6
    { 7, 15, 143, 1, 12, 14, 7243 }, // U+1EB7
    { 8, 15, 157, 1, 12, 15, 7257 }, // U+1EB8
    { 7, 12, 147, 1, 9, 11, 7272 }, // U+1EB9
    { 8, 15, 157, 1, 15, 15, 7283 }, // U+1EBA
    { 7, 12, 147, 1, 12, 11, 7298 }, // U+1EBB
    { 8, 15, 157, 1, 15, 15, 7309 }, // U+1EBC
    { 7, 12, 147, 1, 12, 11, 7324 }, // U+1EBD
    { 8, 18, 157, 1, 18, 18, 7335 }, // U+1EBE
    { 8, 15, 148, 1, 15, 15, 7353 }, // U+1EBF
    { 8, 18, 157, 1, 18, 18, 7368 }, // U+1EC0
    { 7, 15, 147, 1, 15, 14, 7386 }, // U+1EC1
    { 8, 17, 157, 1, 17, 17, 7400 }, // U+1EC2
    { 7, 14, 146, 1, 14, 13, 7417 }, // U+1EC3
    { 8, 17, 157, 1, 17, 17, 7430 }, // U+1EC4
    { 7, 14, 147, 1, 14, 13, 7447 }, // U+1EC5
    { 8, 18, 157, 1, 15, 18, 7460 }, // U+1EC6
    { 7, 15, 147, 1, 12, 14, 7478 }, // U+1EC7
    { 4, 15, 65, 0, 15, 8, 7492 }, // U+1EC8
    { 4, 12, 62, 0, 12, 6, 7500 }, // U+1EC9
    { 2, 15, 65, 1, 12, 4, 7506 }, // U+1ECA
    { 2, 17, 65, 1, 13, 5, 7510 }, // U+1ECB
    { 11, 16, 207, 1, 13, 22, 7515 }, // U+1ECC
    { 8, 12, 152, 1, 9, 12, 7537 }, // U+1ECD
    { 11, 15, 207, 1, 15, 21, 7549 }, // U+1ECE
    { 8, 12, 152, 1, 12, 12, 7570 }, // U+1ECF
    { 11, 18, 207, 1, 18, 25, 7582 }, // U+1ED0
    { 8, 15, 152, 1, 15, 15, 7607 }, // U+1ED1
    { 11, 18, 207, 1, 18, 25, 7622 }, // U+1ED2
    { 8, 15, 152, 1, 15, 15, 7647 }, // U+1ED3
    { 11, 17, 207, 1, 17, 24, 7662 }, // U+1ED4
    { 8, 14, 152, 1, 14, 14, 7686 }, // U+1ED5
    { 11, 17, 207, 1, 17, 24, 7700 }, // U+1ED6
    { 8, 14, 154, 1, 14, 14, 7724 }, // U+1ED7
    { 11, 18, 207, 1, 15, 25, 7738 }, // U+1ED8
    { 8, 15, 152, 1, 12, 15, 7763 }, // U+1ED9
    { 11, 16, 207, 1, 16, 22, 7778 }, // U+1EDA
    { 8, 13, 152, 1, 13, 13, 7800 }, // U+1EDB
    { 11, 16, 207, 1, 16, 22, 7813 }, // U+1EDC
    { 8, 13, 152, 1, 13, 13, 7835 }, // U+1EDD
    { 11, 15, 207, 1, 15, 21, 7848 }, // U+1EDE
    { 8, 12, 152, 1, 12, 12, 7869 }, // U+1EDF
    { 11, 15, 207, 1, 15, 21, 7881 }, // U+1EE0
    { 8, 12, 152, 1, 12, 12, 7902 }, // U+1EE1
    { 11, 18, 207, 1, 15, 25, 7914 }, // U+1EE2
    { 8, 15, 152, 1, 12, 15, 7939 }, // U+1EE3
    { 9, 15, 188, 1, 12, 17, 7954 }, // U+1EE4
    { 8, 12, 155, 1, 9, 12, 7971 }, // U+1EE5
    { 9, 15, 188, 1, 15, 17, 7983 }, // U+1EE6
    { 8, 12, 155, 1, 12, 12, 8000 }, // U+1EE7
    { 11, 16, 192, 1, 16, 22, 8012 }, // U+1EE8
    { 9, 13, 161, 1, 13, 15, 8034 }, // U+1EE9
    { 11, 16, 192, 1, 16, 22, 8049 }, // U+1EEA
    { 9, 13, 161, 1, 13, 15, 8071 }, // U+1EEB
    { 11, 15, 192, 1, 15, 21, 8086 }, // U+1EEC
    { 9, 12, 161, 1, 12, 14, 8107 }, // U+1EED
    { 11, 15, 192, 1, 15, 21, 8121 }, // U+1EEE
    { 9, 12, 161, 1, 12, 14, 8142 }, // U+1EEF
    { 11, 19, 192, 1, 15, 27, 8156 }, // U+1EF0
    { 9, 15, 161, 1, 12, 17, 8183 }, // U+1EF1
    { 10, 16, 164, 0, 16, 20, 8200 }, // U+1EF2
    { 8, 17, 137, 0, 13, 17, 8220 }, // U+1EF3
    { 10, 16, 164, 0, 12, 20, 8237 }, // U+1EF4
    { 8, 13, 137, 0, 9, 13, 8257 }, // U+1EF5
    { 10, 15, 164, 0, 15, 19, 8270 }, // U+1EF6
    { 8, 16, 137, 0, 12, 16, 8289 }, // U+1EF7
    { 10, 15, 164, 0, 15, 19, 8305 }, // U+1EF8
    { 8, 16, 137, 0, 12, 16, 8324 }, // U+1EF9
    { 1, 1, 89, 0, 1, 1, 8340 }, // U+2004
    { 1, 1, 67, 0, 1, 1, 8341 }, // U+2005
    { 1, 1, 45, 0, 1, 1, 8342 }, // U+2006
    { 1, 1, 53, 0, 1, 1, 8343 }, // U+2009
    { 1, 1, 38, 0, 1, 1, 8344 }, // U+200A
    { 6, 1, 121, 1, 7, 1, 8345 }, // U+2010
    { 8, 1, 133, 0, 7, 1, 8346 }, // U+2013
    { 17, 1, 267, 0, 7, 3, 8347 }, // U+2014
    { 17, 1, 267, 0, 7, 3, 8350 }, // U+2015
    { 5, 15, 120, 1, 14, 10, 8353 }, // U+2016
    { 2, 4, 65, 1, 14, 1, 8363 }, // U+2018
    { 2, 4, 65, 1, 14, 1, 8364 }, // U+2019
    { 2, 4, 65, 1, 2, 1, 8365 }, // U+201A
    { 4, 4, 101, 1, 14, 2, 8366 }, // U+201C
    { 4, 4, 101, 1, 14, 2, 8368 }, // U+201D
    { 4, 4, 101, 1, 2, 2, 8370 }, // U+201E
    { 5, 10, 106, 1, 13, 7, 8372 }, // U+2020
    { 5, 10, 106, 1, 13, 7, 8379 }, // U+2021
    { 5, 5, 267, 6, 9, 4, 8386 }, // U+2022
    { 10, 2, 267, 3, 2, 3, 8390 }, // U+2025
    { 13, 2, 267, 2, 2, 4, 8393 }, // U+2026
    { 1, 1, 160, 0, 1, 1, 8397 }, // U+2028
    { 1, 1, 160, 0, 1, 1, 8398 }, // U+2029
    { 20, 12, 322, 0, 12, 30, 8399 }, // U+2030
    { 26, 12, 417, 0, 12, 39, 8429 }, // U+2031
    { 3, 5, 77, 1, 14, 2, 8468 }, // U+2032
    { 6, 5, 123, 1, 14, 4, 8470 }, // U+2033
    { 9, 5, 170, 1, 14, 6, 8474 }, // U+2034
    { 3, 5, 77, 1, 14, 2, 8480 }, // U+2035
    { 6, 5, 123, 1, 14, 4, 8482 }, // U+2036
    { 9, 5, 170, 1, 14, 6, 8486 }, // U+2037
    { 5, 7, 113, 1, 8, 5, 8492 }, // U+2039
    { 5, 7, 113, 1, 8, 5, 8497 }, // U+203A
    { 12, 11, 267, 2, 12, 17, 8502 }, // U+203B
    { 7, 12, 143, 1, 12, 11, 8519 }, // U+203C
    { 17, 1, 267, 0, 12, 3, 8530 }, // U+203E
    { 12, 3, 197, 0, -1, 5, 8533 }, // U+203F
    { 13, 12, 247, 1, 12, 20, 8538 }, // U+2042
    { 6, 1, 267, 5, 7, 1, 8558 }, // U+2043
    { 10, 13, 71, -3, 13, 17, 8559 }, // U+2044
    { 15, 13, 250, 0, 13, 25, 8576 }, // U+2047
    { 11, 13, 194, 0, 13, 18, 8601 }, // U+2048
    { 10, 13, 185, 1, 13, 17, 8619 }, // U+2049
    { 5, 5, 119, 1, 5, 4, 8636 }, // U+204E
    { 5, 12, 119, 1, 12, 8, 8640 }, // U+2051
    { 8, 9, 160, 1, 11, 9, 8648 }, // U+2055
    { 1, 1, 160, 0, 1, 1, 8657 }, // U+2060
    { 1, 1, 160, 0, 1, 1, 8658 }, // U+2061
    { 1, 1, 160, 0, 1, 1, 8659 }, // U+2062
    { 1, 1, 160, 0, 1, 1, 8660 }, // U+2063
    { 1, 1, 160, 0, 1, 1, 8661 }, // U+2064
    { 1, 1, 160, 0, 1, 1, 8662 }, // U+2066
    { 1, 1, 160, 0, 1, 1, 8663 }, // U+2067
    { 1, 1, 160, 0, 1, 1, 8664 }, // U+2068
    { 1, 1, 160, 0, 1, 1, 8665 }, // U+2069
    { 5, 8, 104, 1, 15, 5, 8666 }, // U+2070
    { 1, 7, 39, 1, 17, 1, 8671 }, // U+2071
    { 6, 8, 101, 0, 15, 6, 8672 }, // U+2074
    { 6, 8, 98, 0, 15, 6, 8678 }, // U+2075
    { 6, 8, 101, 0, 15, 6, 8684 }, // U+2076
    { 5, 8, 90, 0, 15, 5, 8690 }, // U+2077
    { 6, 8, 100, 0, 15, 6, 8695 }, // U+2078
    { 6, 8, 101, 0, 15, 6, 8701 }, // U+2079
    { 4, 4, 88, 1, 14, 2, 8707 }, // U+207A
    { 4, 1, 88, 1, 13, 1, 8709 }, // U+207B
    { 4, 5, 85, 1, 15, 3, 8710 }, // U+207F
    { 5, 8, 104, 1, 8, 5, 8713 }, // U+2080
    { 3, 8, 65, 0, 8, 3, 8718 }, // U+2081
    { 6, 8, 94, 0, 8, 6, 8721 }, // U+2082
    { 6, 8, 97, 0, 8, 6, 8727 }, // U+2083
    { 6, 8, 101, 0, 8, 6, 8733 }, // U+2084
    { 6, 8, 98, 0, 8, 6, 8739 }, // U+2085
    { 6, 8, 101, 0, 8, 6, 8745 }, // U+2086
    { 5, 8, 90, 0, 8, 5, 8751 }, // U+2087
    { 6, 8, 100, 0, 8, 6, 8756 }, // U+2088
    { 6, 8, 101, 0, 8, 6, 8762 }, // U+2089
    { 4, 15, 82, 1, 14, 8, 8768 }, // U+208D
    { 3, 15, 82, 1, 14, 6, 8776 }, // U+208E
    { 9, 12, 158, 0, 12, 14, 8782 }, // U+20A3
    { 8, 13, 158, 1, 13, 13, 8796 }, // U+20A4
    { 15, 12, 263, 1, 12, 23, 8809 }, // U+20A8
    { 15, 12, 238, 0, 12, 23, 8832 }, // U+20A9
    { 9, 15, 160, 1, 13, 17, 8855 }, // U+20AB
    { 10, 13, 169, 0, 13, 17, 8872 }, // U+20AC
    { 10, 12, 158, 0, 12, 15, 8889 }, // U+20AE
    { 10, 12, 158, 0, 12, 15, 8904 }, // U+20B1
    { 10, 12, 158, 0, 12, 15, 8919 }, // U+20B8
    { 8, 12, 158, 1, 12, 12, 8934 }, // U+20B9
    { 10, 12, 158, 0, 12, 15, 8946 }, // U+20BA
    { 9, 12, 158, 0, 12, 14, 8961 }, // U+20BD
    { 9, 15, 171, 1, 14, 17, 8975 }, // U+20BF
    { 15, 7, 267, 1, 10, 14, 8992 }, // U+2190
    { 7, 16, 267, 5, 14, 14, 9006 }, // U+2191
    { 15, 7, 267, 1, 10, 14, 9020 }, // U+2192
    { 7, 16, 267, 5, 14, 14, 9034 }, // U+2193
    { 11, 11, 267, 3, 11, 16, 9048 }, // U+2196
    { 11, 11, 267, 3, 11, 16, 9064 }, // U+2197
    { 11, 11, 267, 3, 11, 16, 9080 }, // U+2198
    { 11, 11, 267, 3, 11, 16, 9096 }, // U+2199
    { 15, 13, 267, 1, 13, 25, 9112 }, // U+21C4
    { 8, 13, 149, 1, 13, 13, 9137 }, // U+2202
    { 10, 12, 173, 0, 12, 15, 9150 }, // U+2206
    { 8, 9, 163, 1, 11, 9, 9165 }, // U+2208
    { 9, 12, 184, 1, 12, 14, 9174 }, // U+220F
    { 8, 12, 158, 1, 12, 12, 9188 }, // U+2211
    { 8, 1, 163, 1, 7, 1, 9200 }, // U+2212
    { 5, 12, 163, 3, 12, 8, 9201 }, // U+2215
    { 9, 12, 163, 1, 12, 14, 9209 }, // U+221A
    { 10, 6, 182, 1, 9, 8, 9223 }, // U+221D
    { 11, 6, 211, 1, 9, 9, 9231 }, // U+221E
    { 13, 13, 267, 2, 13, 22, 9240 }, // U+221F
    { 13, 13, 267, 2, 13, 22, 9262 }, // U+2220
    { 2, 13, 163, 4, 13, 4, 9284 }, // U+2223
    { 9, 12, 163, 1, 12, 14, 9288 }, // U+2225
    { 11, 12, 178, 0, 12, 17, 9302 }, // U+2227
    { 11, 12, 178, 0, 12, 17, 9319 }, // U+2228
    { 9, 13, 188, 1, 13, 15, 9336 }, // U+2229
    { 9, 12, 188, 1, 12, 14, 9351 }, // U+222A
    { 6, 17, 163, 2, 15, 13, 9365 }, // U+222B
    { 8, 17, 163, 1, 15, 17, 9378 }, // U+222E
    { 9, 9, 163, 1, 11, 11, 9395 }, // U+2234
    { 9, 9, 163, 1, 11, 11, 9406 }, // U+2235
    { 2, 9, 163, 4, 11, 3, 9417 }, // U+2236
    { 9, 9, 163, 1, 11, 11, 9420 }, // U+2237
    { 7, 2, 163, 2, 7, 2, 9431 }, // U+223C
    { 8, 3, 163, 1, 8, 3, 9433 }, // U+223D
    { 8, 5, 163, 1, 9, 5, 9436 }, // U+2248
    { 8, 8, 163, 1, 10, 8, 9441 }, // U+224C
    { 8, 11, 163, 1, 12, 11, 9449 }, // U+2252
    { 8, 10, 163, 1, 11, 10, 9460 }, // U+2260
    { 8, 9, 163, 1, 11, 9, 9470 }, // U+2261
    { 8, 10, 163, 1, 11, 10, 9479 }, // U+2264
    { 8, 10, 163, 1, 11, 10, 9489 }, // U+2265
    { 8, 11, 163, 1, 12, 11, 9499 }, // U+2266
    { 8, 11, 163, 1, 12, 11, 9510 }, // U+2267
    { 8, 11, 163, 1, 12, 11, 9521 }, // U+226E
    { 8, 10, 163, 1, 11, 10, 9532 }, // U+226F
    { 15, 15, 267, 1, 14, 29, 9542 }, // U+2295
    { 15, 15, 267, 1, 14, 29, 9571 }, // U+2299
    { 13, 12, 267, 2, 12, 20, 9600 }, // U+22A5
    { 13, 13, 267, 2, 13, 22, 9620 }, // U+22BF
};

static const EpdUnicodeInterval misans_latin_8_regularIntervals[] = {
    { 0x1, 0x1, 0x0 },
    { 0xA, 0xA, 0x1 },
    { 0xD, 0xD, 0x2 },
    { 0x20, 0x7F, 0x3 },
    { 0xA0, 0x17F, 0x63 },
    { 0x1A0, 0x1A1, 0x143 },
    { 0x1AF, 0x1B0, 0x145 },
    { 0x1CD, 0x1DC, 0x147 },
    { 0x1E4, 0x1E9, 0x157 },
    { 0x1EE, 0x1F0, 0x15D },
    { 0x1F9, 0x1FF, 0x160 },
    { 0x218, 0x21B, 0x167 },
    { 0x21E, 0x21F, 0x16B },
    { 0x300, 0x30C, 0x16D },
    { 0x30F, 0x30F, 0x17A },
    { 0x312, 0x312, 0x17B },
    { 0x318, 0x31A, 0x17C },
    { 0x31C, 0x320, 0x17F },
    { 0x323, 0x32A, 0x184 },
    { 0x32C, 0x32C, 0x18C },
    { 0x330, 0x330, 0x18D },
    { 0x332, 0x332, 0x18E },
    { 0x334, 0x334, 0x18F },
    { 0x339, 0x33D, 0x190 },
    { 0x346, 0x34E, 0x195 },
    { 0x35C, 0x35C, 0x19E },
    { 0x361, 0x362, 0x19F },
    { 0x400, 0x45F, 0x1A1 },
    { 0x462, 0x463, 0x201 },
    { 0x46A, 0x46B, 0x203 },
    { 0x472, 0x475, 0x205 },
    { 0x490, 0x493, 0x209 },
    { 0x497, 0x497, 0x20D },
    { 0x49A, 0x49D, 0x20E },
    { 0x4A2, 0x4A3, 0x212 },
    { 0x4AE, 0x4B3, 0x214 },
    { 0x4B6, 0x4BB, 0x21A },
    { 0x4CA, 0x4CA, 0x220 },
    { 0x4D8, 0x4D9, 0x221 },
    { 0x4E2, 0x4E3, 0x223 },
    { 0x4E8, 0x4E9, 0x225 },
    { 0x4EE, 0x4EF, 0x227 },
    { 0x1EA0, 0x1EF9, 0x229 },
    { 0x2004, 0x2006, 0x283 },
    { 0x2009, 0x200A, 0x286 },
    { 0x2010, 0x2010, 0x288 },
    { 0x2013, 0x2016, 0x289 },
    { 0x2018, 0x201A, 0x28D },
    { 0x201C, 0x201E, 0x290 },
    { 0x2020, 0x2022, 0x293 },
    { 0x2025, 0x2026, 0x296 },
    { 0x2028, 0x2029, 0x298 },
    { 0x2030, 0x2037, 0x29A },
    { 0x2039, 0x203C, 0x2A2 },
    { 0x203E, 0x203F, 0x2A6 },
    { 0x2042, 0x2044, 0x2A8 },
    { 0x2047, 0x2049, 0x2AB },
    { 0x204E, 0x204E, 0x2AE },
    { 0x2051, 0x2051, 0x2AF },
    { 0x2055, 0x2055, 0x2B0 },
    { 0x2060, 0x2064, 0x2B1 },
    { 0x2066, 0x2069, 0x2B6 },
    { 0x2070, 0x2071, 0x2BA },
    { 0x2074, 0x207B, 0x2BC },
    { 0x207F, 0x2089, 0x2C4 },
    { 0x208D, 0x208E, 0x2CF },
    { 0x20A3, 0x20A4, 0x2D1 },
    { 0x20A8, 0x20A9, 0x2D3 },
    { 0x20AB, 0x20AC, 0x2D5 },
    { 0x20AE, 0x20AE, 0x2D7 },
    { 0x20B1, 0x20B1, 0x2D8 },
    { 0x20B8, 0x20BA, 0x2D9 },
    { 0x20BD, 0x20BD, 0x2DC },
    { 0x20BF, 0x20BF, 0x2DD },
    { 0x2190, 0x2193, 0x2DE },
    { 0x2196, 0x2199, 0x2E2 },
    { 0x21C4, 0x21C4, 0x2E6 },
    { 0x2202, 0x2202, 0x2E7 },
    { 0x2206, 0x2206, 0x2E8 },
    { 0x2208, 0x2208, 0x2E9 },
    { 0x220F, 0x220F, 0x2EA },
    { 0x2211, 0x2212, 0x2EB },
    { 0x2215, 0x2215, 0x2ED },
    { 0x221A, 0x221A, 0x2EE },
    { 0x221D, 0x2220, 0x2EF },
    { 0x2223, 0x2223, 0x2F3 },
    { 0x2225, 0x2225, 0x2F4 },
    { 0x2227, 0x222B, 0x2F5 },
    { 0x222E, 0x222E, 0x2FA },
    { 0x2234, 0x2237, 0x2FB },
    { 0x223C, 0x223D, 0x2FF },
    { 0x2248, 0x2248, 0x301 },
    { 0x224C, 0x224C, 0x302 },
    { 0x2252, 0x2252, 0x303 },
    { 0x2260, 0x2261, 0x304 },
    { 0x2264, 0x2267, 0x306 },
    { 0x226E, 0x226F, 0x30A },
    { 0x2295, 0x2295, 0x30C },
    { 0x2299, 0x2299, 0x30D },
    { 0x22A5, 0x22A5, 0x30E },
    { 0x22BF, 0x22BF, 0x30F },
};

static const uint16_t misans_latin_8_regularKernLeftCodepoints[] = {
    0x0022, 0x0026, 0x0027, 0x0028, 0x002C, 0x002D, 0x002E, 0x002F, 0x0030, 0x0032, 0x0033, 0x0034,
    0x0035, 0x0036, 0x0037, 0x0038, 0x0039, 0x003F, 0x0040, 0x0041, 0x0042, 0x0043, 0x0044, 0x0045,
    0x0046, 0x0047, 0x0048, 0x0049, 0x004A, 0x004B, 0x004C, 0x004D, 0x004E, 0x004F, 0x0050, 0x0051,
    0x0052, 0x0053, 0x0054, 0x0055, 0x0056, 0x0057, 0x0058, 0x0059, 0x005A, 0x005B, 0x005F, 0x0061,
    0x0062, 0x0063, 0x0065, 0x0066, 0x0067, 0x0068, 0x0069, 0x006A, 0x006B, 0x006C, 0x006D, 0x006E,
    0x006F, 0x0070, 0x0071, 0x0072, 0x0073, 0x0074, 0x0075, 0x0076, 0x0077, 0x0078, 0x0079, 0x007A,
    0x007B, 0x00AB, 0x00B2, 0x00B3, 0x00BF, 0x00C0, 0x00C1, 0x00C2, 0x00C3, 0x00C4, 0x00C5, 0x00C6,
    0x00C7, 0x00C8, 0x00C9, 0x00CA, 0x00CB, 0x00CC, 0x00CD, 0x00CE, 0x00CF, 0x00D0, 0x00D1, 0x00D2,
    0x00D3, 0x00D4, 0x00D5, 0x00D6, 0x00D8, 0x00D9, 0x00DA, 0x00DB, 0x00DC, 0x00DD, 0x00DE, 0x00DF,
    0x00E0, 0x00E1, 0x00E2, 0x00E3, 0x00E4, 0x00E5, 0x00E6, 0x00E7, 0x00E8, 0x00E9, 0x00EA, 0x00EB,
    0x00EC, 0x00ED, 0x00EE, 0x00EF, 0x00F0, 0x00F1, 0x00F2, 0x00F3, 0x00F4, 0x00F5, 0x00F6, 0x00F8,
    0x00F9, 0x00FA, 0x00FB, 0x00FC, 0x00FD, 0x00FE, 0x00FF, 0x0100, 0x0101, 0x0102, 0x0103, 0x0104,
    0x0105, 0x0106, 0x0107, 0x0108, 0x0109, 0x010A, 0x010B, 0x010C, 0x010D, 0x010E, 0x010F, 0x0110,
    0x0111, 0x0112, 0x0113, 0x0114, 0x0115, 0x0116, 0x0117, 0x0118, 0x0119, 0x011A, 0x011B, 0x011C,
    0x011D, 0x011E, 0x011F, 0x0120, 0x0121, 0x0122, 0x0123, 0x0124, 0x0125, 0x0126, 0x0127, 0x0128,
    0x0129, 0x012A, 0x012B, 0x012C, 0x012D, 0x012E, 0x0130, 0x0131, 0x0132, 0x0134, 0x0135, 0x0136,
    0x0137, 0x0138, 0x0139, 0x013B, 0x013C, 0x013D, 0x013E, 0x013F, 0x0141, 0x0142, 0x0143, 0x0144,
    0x0145, 0x0146, 0x0147, 0x0148, 0x0149, 0x014A, 0x014B, 0x014C, 0x014D, 0x014E, 0x014F, 0x0150,
    0x0151, 0x0152, 0x0153, 0x0154, 0x0155, 0x0156, 0x0157, 0x0158, 0x0159, 0x015A, 0x015B, 0x015C,
    0x015D, 0x015E, 0x015F, 0x0160, 0x0161, 0x0162, 0x0163, 0x0164, 0x0165, 0x0166, 0x0167, 0x0168,
    0x0169, 0x016A, 0x016B, 0x016C, 0x016D, 0x016E, 0x016F, 0x0170, 0x0171, 0x0172, 0x0173, 0x0174,
    0x0175, 0x0176, 0x0177, 0x0178, 0x0179, 0x017A, 0x017B, 0x017C, 0x017D, 0x017E, 0x017F, 0x01A0,
    0x01A1, 0x01AF, 0x01B0, 0x01CD, 0x01CE, 0x01CF, 0x01D0, 0x01D1, 0x01D2, 0x01D3, 0x01D4, 0x01D5,
    0x01D6, 0x01D7, 0x01D8, 0x01D9, 0x01DA, 0x01DB, 0x01DC, 0x01E4, 0x01E5, 0x01E6, 0x01E7, 0x01E8,
    0x01E9, 0x01EE, 0x01EF, 0x01F0, 0x01F9, 0x01FA, 0x01FB, 0x01FC, 0x01FD, 0x01FE, 0x01FF, 0x0218,
    0x0219, 0x021A, 0x021B, 0x021E, 0x021F, 0x0400, 0x0401, 0x0402, 0x0403, 0x0404, 0x0405, 0x0406,
    0x0407, 0x0408, 0x0409, 0x040A, 0x040B, 0x040C, 0x040D, 0x040E, 0x040F, 0x0410, 0x0411, 0x0412,
    0x0413, 0x0414, 0x0415, 0x0416, 0x0417, 0x0418, 0x0419, 0x041A, 0x041B, 0x041C, 0x041D, 0x041E,
    0x041F, 0x0420, 0x0421, 0x0422, 0x0423, 0x0424, 0x0425, 0x0426, 0x0427, 0x0428, 0x0429, 0x042A,
    0x042B, 0x042C, 0x042D, 0x042E, 0x042F, 0x0430, 0x0431, 0x0432, 0x0433, 0x0434, 0x0435, 0x0436,
    0x0437, 0x0438, 0x0439, 0x043A, 0x043B, 0x043C, 0x043D, 0x043E, 0x043F, 0x0440, 0x0441, 0x0442,
    0x0443, 0x0444, 0x0445, 0x0446, 0x0447, 0x0448, 0x0449, 0x044A, 0x044B, 0x044C, 0x044D, 0x044E,
    0x044F, 0x0450, 0x0451, 0x0452, 0x0453, 0x0454, 0x0455, 0x0456, 0x0457, 0x0458, 0x0459, 0x045A,
    0x045B, 0x045C, 0x045D, 0x045E, 0x045F, 0x0462, 0x0463, 0x046A, 0x046B, 0x0472, 0x0473, 0x0474,
    0x0475, 0x0490, 0x0491, 0x0492, 0x0493, 0x0497, 0x049A, 0x049B, 0x049C, 0x049D, 0x04A2, 0x04A3,
    0x04AE, 0x04AF, 0x04B0, 0x04B2, 0x04B3, 0x04B6, 0x04B7, 0x04B8, 0x04B9, 0x04BA, 0x04BB, 0x04CA,
    0x04D8, 0x04D9, 0x04E2, 0x04E3, 0x04E8, 0x04E9, 0x04EE, 0x04EF, 0x1EA0, 0x1EA1, 0x1EA2, 0x1EA3,
    0x1EA4, 0x1EA5, 0x1EA6, 0x1EA7, 0x1EA8, 0x1EA9, 0x1EAA, 0x1EAB, 0x1EAC, 0x1EAD, 0x1EAE, 0x1EAF,
    0x1EB0, 0x1EB1, 0x1EB2, 0x1EB3, 0x1EB4, 0x1EB5, 0x1EB6, 0x1EB7, 0x1EB8, 0x1EB9, 0x1EBA, 0x1EBB,
    0x1EBC, 0x1EBD, 0x1EBE, 0x1EBF, 0x1EC0, 0x1EC1, 0x1EC2, 0x1EC3, 0x1EC4, 0x1EC5, 0x1EC6, 0x1EC7,
    0x1EC8, 0x1EC9, 0x1ECA, 0x1ECB, 0x1ECC, 0x1ECD, 0x1ECE, 0x1ECF, 0x1ED0, 0x1ED1, 0x1ED2, 0x1ED3,
    0x1ED4, 0x1ED5, 0x1ED6, 0x1ED7, 0x1ED8, 0x1ED9, 0x1EDA, 0x1EDB, 0x1EDC, 0x1EDD, 0x1EDE, 0x1EDF,
    0x1EE0, 0x1EE1, 0x1EE2, 0x1EE3, 0x1EE4, 0x1EE5, 0x1EE6, 0x1EE7, 0x1EE8, 0x1EE9, 0x1EEA, 0x1EEB,
    0x1EEC, 0x1EED, 0x1EEE, 0x1EEF, 0x1EF0, 0x1EF1, 0x1EF2, 0x1EF3, 0x1EF4, 0x1EF5, 0x1EF6, 0x1EF7,
    0x1EF8, 0x1EF9, 0x2013, 0x2014, 0x2018, 0x2019, 0x201C, 0x201D, 0x2044, 0x2070, 0x2074, 0x2075,
    0x2076, 0x2077, 0x2078, 0x2079, 0x2080, 0x20A8,
};

static const uint8_t misans_latin_8_regularKernLeftClassIds[] = {
      1,   2,   1,   3,   4,   5,   4,   6,   7,   8,   9,  10,  11,  12,  13,  14,
     15,  16,  17,  18,  19,  20,  21,  22,  23,  24,  25,  25,  26,  27,  28,  25,
     25,  21,  29,  30,  31,  32,  33,  34,  35,  36,  37,  38,  39,   3,  40,  41,
     42,  43,  42,  44,  45,  41,  46,  46,  47,  48,  41,  41,  42,  42,  45,  49,
     50,  51,  52,  53,  54,  55,  53,  56,   3,  57,  58,  59,  60,  18,  18,  18,
     18,  18,  18,  22,  20,  22,  22,  22,  22,  25,  25,  25,  25,  21,  25,  21,
     21,  21,  21,  21,  21,  34,  34,  34,  34,  38,  61,  62,  41,  41,  63,  63,
     63,  63,  42,  43,  42,  64,  64,  64,  46,  65,  65,  65,  66,  67,  42,  68,
     68,  68,  68,  69,  52,  52,  52,  52,  70,  42,  70,  18,  63,  18,  63,  18,
     71,  20,  72,  20,  72,  20,  43,  20,  72,  21,  73,  21,  74,  22,  64,  22,
     64,  22,  64,  22,  42,  22,  64,  24,  75,  24,  75,  24,  45,  24,  45,  25,
     41,  76,  41,  25,  65,  25,  65,  25,  65,  25,  25,  77,  26,  26,  78,  27,
     47,  47,  28,  28,  48,  28,  73,  28,  28,  79,  25,  67,  25,  41,  25,  67,
     41,  25,  45,  21,  68,  21,  68,  21,  68,  22,  80,  31,  81,  31,  49,  31,
     81,  32,  82,  32,  82,  32,  50,  32,  82,  33,  51,  33,  83,  84,  51,  34,
     52,  34,  52,  34,  52,  34,  52,  34,  52,  34,  85,  36,  54,  38,  70,  38,
     39,  86,  39,  86,  39,  86,  87,  88,  89,  90,  91,  18,  63,  25,  65,  21,
     68,  34,  52,  34,  52,  34,  52,  34,  52,  34,  52,  92,  75,  24,  75,  27,
     47,  93,  94,  78,  67,  18,  63,  22,  42,  21,  69,  32,  50,  33,  51,  25,
     41,  22,  22,  95,  96,  20,  32,  25,  25,  26,  97,  97,  41,  27,  25,  98,
     25,  18,  99,  19,  96, 100,  22,  27,  19,  25,  25,  27,  25,  25,  25,  21,
     25,  29,  20,  33,  98, 101,  37, 100,  25,  25, 100,  97,  25,  97,  21,  21,
     25,  41, 102, 103, 104, 105,  42, 106, 107,  52,  52, 108,  52,  52,  52,  42,
     52,  42,  43, 109,  53,  42,  55, 105,  52,  52, 105, 110,  52, 110,  42,  42,
     52,  42,  64,  41, 104,  43,  50,  46,  65,  46, 110, 110,  41, 108,  52,  53,
     52,  97, 110, 111, 112,  21,  42, 113, 114,  96, 104,  23, 104, 115,  27, 115,
     27,  94, 100, 105,  38,  53, 116,  27,  55, 100, 105,  25,  52, 117,  41, 105,
     21,  42,  25,  52,  21,  42,  98,  53,  18,  41,  18,  41,  18, 118,  18, 118,
     18, 118,  18,  63,  18,  63,  18,  63,  18,  63,  18,  63,  18,  63,  18,  63,
     22,  42,  22,  64,  22,  64,  22, 119,  22, 119,  22, 119,  22,  64,  22,  64,
     25,  65,  25,  46,  21,  42,  21,  68,  21, 120,  21, 120,  21, 120,  21,  68,
     21,  68,  88,  89,  88,  89,  88,  89,  88,  89,  88,  89,  34,  52,  34,  52,
     90,  91,  90,  91,  90,  91,  90,  91,  90,  91,  38,  70,  38,  53,  38,  70,
     38,  70,   5,   5, 121, 122, 121, 122, 123, 124, 125, 126, 127, 128, 129, 130,
    124,  50,
};

static const uint16_t misans_latin_8_regularKernRightCodepoints[] = {
    0x0022, 0x0026, 0x0027, 0x0029, 0x002C, 0x002D, 0x002E, 0x002F, 0x0030, 0x0031, 0x0032, 0x0033,
    0x0034, 0x0035, 0x0036, 0x0037, 0x0038, 0x0039, 0x003F, 0x0040, 0x0041, 0x0042, 0x0043, 0x0044,
    0x0045, 0x0046, 0x0047, 0x0048, 0x0049, 0x004A, 0x004B, 0x004C, 0x004D, 0x004E, 0x004F, 0x0050,
    0x0051, 0x0052, 0x0053, 0x0054, 0x0055, 0x0056, 0x0057, 0x0058, 0x0059, 0x005A, 0x005C, 0x005D,
    0x0061, 0x0062, 0x0063, 0x0064, 0x0065, 0x0066, 0x0067, 0x0068, 0x0069, 0x006A, 0x006B, 0x006C,
    0x006D, 0x006E, 0x006F, 0x0070, 0x0071, 0x0072, 0x0073, 0x0074, 0x0075, 0x0076, 0x0077, 0x0078,
    0x0079, 0x007A, 0x007D, 0x00B2, 0x00B3, 0x00B9, 0x00BB, 0x00C0, 0x00C1, 0x00C2, 0x00C3, 0x00C4,
    0x00C5, 0x00C6, 0x00C7, 0x00C8, 0x00C9, 0x00CA, 0x00CB, 0x00CC, 0x00CD, 0x00CE, 0x00CF, 0x00D0,
    0x00D1, 0x00D2, 0x00D3, 0x00D4, 0x00D5, 0x00D6, 0x00D8, 0x00D9, 0x00DA, 0x00DB, 0x00DC, 0x00DD,
    0x00DE, 0x00DF, 0x00E0, 0x00E1, 0x00E2, 0x00E3, 0x00E4, 0x00E5, 0x00E6, 0x00E7, 0x00E8, 0x00E9,
    0x00EA, 0x00EB, 0x00EC, 0x00ED, 0x00EE, 0x00EF, 0x00F0, 0x00F1, 0x00F2, 0x00F3, 0x00F4, 0x00F5,
    0x00F6, 0x00F8, 0x00F9, 0x00FA, 0x00FB, 0x00FC, 0x00FD, 0x00FE, 0x00FF, 0x0100, 0x0101, 0x0102,
    0x0103, 0x0104, 0x0105, 0x0106, 0x0107, 0x0108, 0x0109, 0x010A, 0x010B, 0x010C, 0x010D, 0x010E,
    0x010F, 0x0111, 0x0112, 0x0113, 0x0114, 0x0115, 0x0116, 0x0117, 0x0118, 0x0119, 0x011A, 0x011B,
    0x011C, 0x011D, 0x011E, 0x011F, 0x0120, 0x0121, 0x0122, 0x0123, 0x0124, 0x0125, 0x0126, 0x0127,
    0x0128, 0x0129, 0x012A, 0x012B, 0x012C, 0x012D, 0x012E, 0x0130, 0x0131, 0x0132, 0x0133, 0x0134,
    0x0135, 0x0136, 0x0137, 0x0138, 0x0139, 0x013B, 0x013C, 0x013D, 0x013E, 0x013F, 0x0140, 0x0141,
    0x0142, 0x0143, 0x0144, 0x0145, 0x0146, 0x0147, 0x0148, 0x0149, 0x014A, 0x014B, 0x014C, 0x014D,
    0x014E, 0x014F, 0x0150, 0x0151, 0x0152, 0x0153, 0x0154, 0x0155, 0x0156, 0x0157, 0x0158, 0x0159,
    0x015A, 0x015B, 0x015C, 0x015D, 0x015E, 0x015F, 0x0160, 0x0161, 0x0162, 0x0163, 0x0164, 0x0165,
    0x0166, 0x0167, 0x0168, 0x0169, 0x016A, 0x016B, 0x016C, 0x016D, 0x016E, 0x016F, 0x0170, 0x0171,
    0x0172, 0x0173, 0x0174, 0x0175, 0x0176, 0x0177, 0x0178, 0x0179, 0x017A, 0x017B, 0x017C, 0x017D,
    0x017E, 0x017F, 0x01A0, 0x01A1, 0x01AF, 0x01B0, 0x01CD, 0x01CE, 0x01CF, 0x01D0, 0x01D1, 0x01D2,
    0x01D3, 0x01D4, 0x01D5, 0x01D6, 0x01D7, 0x01D8, 0x01D9, 0x01DA, 0x01DB, 0x01DC, 0x01E4, 0x01E5,
    0x01E6, 0x01E7, 0x01E8, 0x01E9, 0x01EE, 0x01F0, 0x01F9, 0x01FA, 0x01FB, 0x01FC, 0x01FD, 0x01FE,
    0x01FF, 0x0218, 0x0219, 0x021A, 0x021B, 0x021E, 0x021F, 0x0400, 0x0401, 0x0402, 0x0403, 0x0404,
    0x0405, 0x0406, 0x0407, 0x0408, 0x0409, 0x040A, 0x040B, 0x040C, 0x040D, 0x040E, 0x040F, 0x0410,
    0x0412, 0x0413, 0x0414, 0x0415, 0x0416, 0x0417, 0x0418, 0x0419, 0x041A, 0x041B, 0x041C, 0x041D,
    0x041E, 0x041F, 0x0420, 0x0421, 0x0422, 0x0423, 0x0424, 0x0425, 0x0426, 0x0427, 0x0428, 0x0429,
    0x042A, 0x042B, 0x042C, 0x042D, 0x042E, 0x042F, 0x0430, 0x0431, 0x0432, 0x0433, 0x0434, 0x0435,
    0x0436, 0x0437, 0x0438, 0x0439, 0x043A, 0x043B, 0x043C, 0x043D, 0x043E, 0x043F, 0x0440, 0x0441,
    0x0442, 0x0443, 0x0444, 0x0445, 0x0446, 0x0447, 0x0448, 0x0449, 0x044A, 0x044B, 0x044C, 0x044D,
    0x044E, 0x044F, 0x0450, 0x0451, 0x0452, 0x0453, 0x0454, 0x0455, 0x0456, 0x0457, 0x0458, 0x0459,
    0x045A, 0x045B, 0x045C, 0x045D, 0x045E, 0x045F, 0x0462, 0x0463, 0x046A, 0x046B, 0x0472, 0x0473,
    0x0474, 0x0475, 0x0490, 0x0491, 0x0492, 0x0493, 0x0497, 0x049A, 0x049B, 0x049C, 0x049D, 0x04A3,
    0x04AE, 0x04AF, 0x04B0, 0x04B1, 0x04B2, 0x04B3, 0x04B6, 0x04B7, 0x04B8, 0x04B9, 0x04BA, 0x04BB,
    0x04CA, 0x04D9, 0x04E2, 0x04E3, 0x04E8, 0x04E9, 0x04EE, 0x04EF, 0x1EA0, 0x1EA1, 0x1EA2, 0x1EA3,
    0x1EA4, 0x1EA5, 0x1EA6, 0x1EA7, 0x1EA8, 0x1EA9, 0x1EAA, 0x1EAB, 0x1EAC, 0x1EAD, 0x1EAE, 0x1EAF,
    0x1EB0, 0x1EB1, 0x1EB2, 0x1EB3, 0x1EB4, 0x1EB5, 0x1EB6, 0x1EB7, 0x1EB8, 0x1EB9, 0x1EBA, 0x1EBB,
    0x1EBC, 0x1EBD, 0x1EBE, 0x1EBF, 0x1EC0, 0x1EC1, 0x1EC2, 0x1EC3, 0x1EC4, 0x1EC5, 0x1EC6, 0x1EC7,
    0x1EC8, 0x1EC9, 0x1ECA, 0x1ECB, 0x1ECC, 0x1ECD, 0x1ECE, 0x1ECF, 0x1ED0, 0x1ED1, 0x1ED2, 0x1ED3,
    0x1ED4, 0x1ED5, 0x1ED6, 0x1ED7, 0x1ED8, 0x1ED9, 0x1EDA, 0x1EDB, 0x1EDC, 0x1EDD, 0x1EDE, 0x1EDF,
    0x1EE0, 0x1EE1, 0x1EE2, 0x1EE3, 0x1EE4, 0x1EE5, 0x1EE6, 0x1EE7, 0x1EE8, 0x1EE9, 0x1EEA, 0x1EEB,
    0x1EEC, 0x1EED, 0x1EEE, 0x1EEF, 0x1EF0, 0x1EF1, 0x1EF2, 0x1EF3, 0x1EF4, 0x1EF5, 0x1EF6, 0x1EF7,
    0x1EF8, 0x1EF9, 0x2013, 0x2014, 0x2018, 0x2019, 0x201A, 0x201C, 0x201D, 0x201E, 0x2044, 0x2070,
    0x2074, 0x2075, 0x2076, 0x2077, 0x2078, 0x2079, 0x207A, 0x207B, 0x2080, 0x208E,
};

static const uint8_t misans_latin_8_regularKernRightClassIds[] = {
      1,   2,   1,   3,   4,   5,   4,   6,   7,   8,   9,  10,  11,  12,  13,  14,
     15,  16,  17,  18,  19,  20,  21,  20,  20,  20,  21,  20,  20,  22,  20,  20,
     20,  20,  21,  20,  21,  20,  23,  24,  25,  26,  27,  28,  29,  30,  31,  32,
     33,  34,  35,  35,  35,  36,  37,  34,  38,  39,  34,  40,  41,  41,  35,  41,
     35,  41,  42,  43,  44,  45,  46,  47,  45,  48,   3,  49,  50,  51,  52,  19,
     19,  19,  19,  19,  19,  53,  21,  20,  20,  20,  20,  20,  20,  20,  20,  20,
     20,  21,  21,  21,  21,  21,  21,  25,  25,  25,  25,  29,  20,  34,  54,  33,
     54,  54,  54,  54,  33,  35,  55,  55,  55,  55,  56,  38,  56,  56,  57,  58,
     59,  59,  59,  59,  59,  60,  44,  44,  44,  44,  61,  34,  61,  19,  54,  19,
     54,  19,  33,  21,  62,  21,  62,  21,  35,  21,  62,  20,  35,  35,  20,  55,
     20,  55,  20,  55,  20,  35,  20,  55,  21,  63,  21,  63,  21,  37,  21,  37,
     20,  64,  65,  65,  20,  56,  20,  56,  20,  56,  20,  20,  66,  20,  38,  22,
     67,  20,  34,  41,  20,  20,  40,  20,  40,  20,  40,  20,  68,  20,  41,  20,
     41,  20,  58,  69,  20,  41,  21,  59,  21,  59,  21,  35,  21,  35,  20,  70,
     20,  71,  20,  70,  23,  72,  23,  72,  23,  42,  23,  72,  24,  43,  24,  43,
     73,  43,  25,  44,  25,  44,  25,  44,  25,  44,  25,  44,  25,  44,  27,  46,
     29,  61,  29,  30,  48,  30,  74,  30,  74,  34,  21,  35,  25,  44,  19,  54,
     20,  56,  21,  59,  25,  44,  25,  44,  25,  44,  25,  44,  25,  44,  21,  37,
     21,  63,  20,  75,  76,  67,  58,  19,  54,  53,  33,  21,  60,  23,  42,  24,
     43,  20,  75,  20,  20,  24,  20,  21,  23,  20,  20,  22,  77,  20,  24,  20,
     20,  78,  20,  19,  20,  20,  79,  20,  80,  81,  20,  20,  20,  77,  20,  20,
     21,  20,  20,  21,  24,  78,  82,  28,  20,  83,  20,  20,  84,  20,  20,  85,
     20,  86,  33,  87,  41,  41,  88,  35,  89,  90,  41,  41,  41,  91,  41,  41,
     35,  41,  41,  35,  92,  45,  35,  47,  41,  93,  41,  41,  94,  41,  41,  95,
     41,  96,  55,  55,  97,  41,  35,  42,  38,  56,  38,  91,  41,  97,  41,  41,
     45,  41,  98,  99, 100, 101,  21,  35,  26,  45,  20,  41, 102, 103,  89,  20,
     41,  20,  41,  41,  29,  45, 104, 105,  28,  47,  83,  93,  83,  93,  20,  34,
     41, 106,  20,  41,  21,  35,  78,  45,  19,  33,  19,  33,  19,  54,  19,  54,
     19,  54,  19,  54,  19,  54,  19,  54,  19,  54,  19,  54,  19,  54,  19,  54,
     20,  35,  20,  55,  20,  55,  20,  55,  20,  55,  20,  55,  20,  55,  20,  55,
     20,  56,  20,  38,  21,  35,  21,  59,  21,  59,  21,  59,  21,  59,  21,  59,
     21,  59,  21,  35,  21,  35,  21,  35,  21,  35,  21,  35,  25,  44,  25,  44,
     25,  44,  25,  44,  25,  44,  25,  44,  25,  44,  29,  61,  29,  45,  29,  61,
     29,  61,   5,   5, 107, 108, 109, 107, 108, 109, 110, 111, 112, 113, 114, 115,
    116, 117, 118, 119, 111,   3,
};

static const uint16_t misans_latin_8_regularKernRowOffsets[] = {
        0,    14,    35,    36,    59,    74,    77,    87,    94,   101,   110,   116,   131,   155,   165,   180,
      193,   196,   231,   250,   277,   306,   313,   356,   373,   375,   381,   429,   459,   495,   504,   518,
      527,   591,   597,   653,   688,   734,   798,   816,   818,   839,   877,   907,   934,   941,   943,   968,
      979,  1008,  1021,  1032,  1047,  1082,  1100,  1126,  1150,  1155,  1156,  1158,  1167,  1178,  1181,  1189,
     1205,  1239,  1244,  1249,  1265,  1272,  1282,  1296,  1308,  1346,  1347,  1353,  1354,  1358,  1366,  1367,
     1394,  1407,  1413,  1424,  1446,  1452,  1463,  1469,  1474,  1478,  1492,  1509,  1510,  1513,  1514,  1523,
     1555,  1569,  1602,  1610,  1624,  1642,  1661,  1669,  1686,  1699,  1711,  1721,  1730,  1750,  1768,  1771,
     1772,  1798,  1801,  1812,  1841,  1844,  1849,  1860,  1871,  1884,  1902,  1909,  1913,  1916,  1918,  1921,
     1926,  1928,  1932,
};

static const uint8_t misans_latin_8_regularKernSparseCols[] = {
     10,  12,  13,  18,  20,  21,  23,  32,  34,  41,  42,  52,  55,  63,   7,   9,
     10,  12,  13,  15,  20,  21,  22,  23,  24,  25,  26,  28,  32,  34,  35,  39,
     42,  44,  45,  38,   6,   7,   9,  10,  11,  12,  13,  14,  15,  20,  23,  24,
     25,  26,  27,  28,  34,  35,  39,  42,  43,  44,  45,   8,   9,  13,  18,  21,
     23,  25,  26,  27,  28,  29,  32,  35,  46,  47,  10,  12,  55,   3,   8,   9,
     13,  18,  21,  23,  25,  26,  28,   4,   6,   9,  10,  12,  25,  28,   3,   8,
     15,  16,  27,  28,  55,   0,   7,   9,  13,  15,  16,  23,  25,  28,   3,   7,
     13,  16,  25,  27,   0,   3,   7,  13,  15,  16,  23,  25,  27,  28,  44,  46,
     47, 106, 107,   0,   1,   3,   4,   5,   6,  10,  12,  13,  14,  16,  18,  21,
     32,  34,  35,  36,  40,  41,  43,  46,  47,  52,  59,   3,  13,  15,  16,  23,
     25,  28,  46, 106, 107,   1,   3,   5,  10,  12,  14,  18,  21,  25,  27,  28,
     32,  34,  35,  42,   9,  10,  11,  12,  13,  14,  18,  20,  21,  27,  32,  34,
     41,  18,  27,  52,   0,   1,   4,   6,   7,  15,  16,  20,  23,  24,  25,  26,
     28,  35,  39,  42,  43,  44,  45,  54,  58,  60,  72,  77,  78,  81,  82,  83,
     86,  91,  92,  93, 103, 106, 107,   0,   3,  16,  18,  21,  23,  25,  26,  27,
     28,  29,  46,  47,  73,  77,  78,  79,  90, 107,   4,  18,  20,  23,  27,  28,
     29,  32,  34,  36,  44,  45,  46,  52,  53,  54,  55,  58,  59,  60,  77,  79,
     81,  85,  91,  93, 103,   0,   3,  16,  18,  21,  23,  25,  26,  27,  28,  29,
     47,  52,  55,  72,  73,  75,  76,  77,  78,  79,  80,  83,  87,  88,  90,  99,
    103, 107,   1,  44,  45,  55,  60,  93, 107,   0,   1,   3,  10,  12,  18,  21,
     22,  27,  32,  34,  36,  40,  41,  43,  44,  45,  46,  47,  51,  52,  53,  54,
     55,  58,  59,  60,  61,  62,  71,  73,  78,  86,  87,  88,  89,  90,  91,  92,
     93,  94,  95, 107,   3,  16,  18,  23,  25,  26,  27,  28,  29,  41,  44,  45,
     46,  52,  60,  71,  72,  55, 107,   3,  21,  27,  52,  55,  78,   1,   3,   4,
      6,   7,  10,  15,  16,  20,  21,  22,  32,  34,  35,  36,  39,  40,  41,  42,
     43,  44,  45,  53,  54,  55,  56,  58,  59,  60,  61,  62,  71,  80,  81,  82,
     84,  86,  87,  88,  89,  91,  92,  93,  94,  98, 102, 105, 107,   0,   3,   4,
      7,  13,  15,  16,  20,  23,  24,  25,  26,  28,  32,  34,  35,  36,  42,  43,
     44,  45,  53,  54,  58,  60,  61,  62,  72, 106, 107,   1,   3,   8,  10,  18,
     21,  23,  25,  26,  27,  28,  29,  32,  34,  35,  36,  41,  42,  44,  45,  52,
     53,  54,  55,  58,  59,  60,  61,  62,  71,  76,  77,  78,  79,  93,  95,  18,
     21,  23,  25,  26,  27,  28,  29, 107,   1,  21,  23,  26,  28,  32,  34,  36,
     43,  53,  54,  55,  58,  61,  23,  25,  27,  28,  45,  46,  52,  55, 103,   0,
      1,   3,   4,   6,  10,  12,  14,  18,  20,  21,  22,  25,  27,  32,  33,  34,
     35,  36,  40,  41,  42,  43,  44,  45,  46,  47,  51,  52,  53,  54,  55,  56,
     57,  58,  59,  60,  61,  62,  65,  66,  68,  69,  70,  71,  73,  76,  78,  81,
     83,  85,  86,  87,  88,  89,  90,  91,  92,  93,  94,  95,  96, 105, 107,   3,
     18,  21,  27,  29,  55,   1,   3,   4,   6,   8,  10,  11,  12,  14,  18,  20,
     21,  22,  32,  33,  34,  35,  36,  40,  41,  42,  43,  44,  45,  46,  47,  51,
     52,  53,  54,  55,  56,  57,  58,  59,  60,  61,  62,  65,  66,  68,  69,  71,
     73,  76,  78,  81,  85,  88,  89,  90,  92,  95,  98, 101, 102,   1,   3,   4,
      6,  10,  18,  20,  21,  32,  34,  35,  36,  40,  41,  43,  44,  45,  46,  47,
     52,  53,  54,  55,  56,  57,  58,  59,  61,  62,  65,  66,  68,  69,  71,  73,
      1,   3,   4,   7,   9,  10,  11,  12,  15,  16,  17,  20,  21,  22,  23,  24,
     32,  34,  35,  36,  39,  41,  42,  43,  44,  45,  53,  54,  55,  56,  58,  60,
     61,  62,  66,  68,  71,  81,  86,  87,  91,  92,  93,  94,  98, 106,   1,   3,
      4,   6,   8,   9,  10,  12,  14,  15,  17,  18,  20,  21,  22,  32,  33,  34,
     35,  36,  40,  41,  42,  43,  44,  45,  46,  47,  51,  52,  53,  54,  55,  56,
     57,  58,  59,  60,  61,  62,  65,  66,  68,  69,  70,  71,  73,  76,  78,  80,
     81,  84,  85,  86,  87,  88,  89,  90,  91,  92,  93,  94,  95, 100,   1,   4,
     10,  20,  24,  34,  42,  43,  44,  45,  54,  55,  58,  61,  66,  68,  81,  91,
     34,  38,   0,   7,  13,  15,  16,  22,  23,  25,  26,  27,  28,  72,  77,  79,
     82,  88,  92,  93, 103, 106, 107,   0,   3,  13,  15,  16,  18,  21,  22,  23,
     25,  26,  27,  28,  29,  44,  45,  46,  47,  60,  72,  73,  76,  77,  78,  79,
     82,  83,  87,  88,  89,  90,  93,  94,  97,  98, 103, 106, 107,   0,  16,  18,
     22,  23,  25,  26,  27,  28,  32,  34,  37,  39,  44,  46,  53,  54,  58,  60,
     61,  72,  77,  79,  83,  87,  88,  91,  94,  95, 103,   0,   1,   3,   4,  10,
     13,  15,  18,  21,  22,  25,  26,  31,  32,  34,  36,  41,  42,  52,  53,  54,
     55,  58,  61,  62, 106, 107,  23,  25,  26,  28,  38,  72,  77,  38,  55,   0,
      1,   3,   4,  10,  12,  14,  15,  16,  20,  23,  24,  25,  26,  28,  32,  34,
     39,  41,  53,  54,  58,  61,  71,  72,   1,   3,   4,  16,  23,  28,  32,  39,
     53,  55,  91,   1,   3,   8,   9,  10,  12,  15,  18,  21,  23,  25,  26,  27,
     28,  29,  32,  34,  36,  43,  44,  45,  52,  53,  54,  56,  58,  60,  61,  62,
      0,   7,  13,  16,  23,  25,  26,  27,  28,  46,  77,  79, 103,  10,  15,  22,
     23,  25,  26,  28,  34,  35,  55,  58,  13,  16,  23,  25,  26,  27,  28,  38,
     66,  72,  77,  83,  97, 103, 106,   1,   3,  10,  12,  18,  21,  23,  25,  26,
     27,  28,  29,  32,  34,  36,  41,  52,  53,  54,  56,  58,  61,  62,  71,  72,
     76,  77,  78,  79,  85,  87,  89,  90,  93, 103,   1,   3,  18,  21,  23,  25,
     26,  27,  28,  29,  32,  34,  41,  52,  53,  58,  71,  77,   1,   4,  10,  12,
     13,  14,  23,  25,  26,  28,  32,  34,  39,  41,  43,  53,  54,  58,  61,  71,
     77,  78,  81,  82,  92, 103,   1,   4,  10,  12,  13,  15,  20,  23,  25,  26,
     28,  32,  34,  36,  41,  43,  53,  54,  58,  61,  62,  71,  72,  77,  23,  25,
     28,  77, 103, 111, 109, 114,  23,  25,  28,  34,  38,  42,  43,  44,  45,   3,
     18,  21,  23,  25,  26,  27,  28,  29,  52, 108,  23,  25,  28,  22,  23,  25,
     26,  27,  28,  44,  72,  18,  21,  22,  23,  25,  26,  27,  28,  29,  44,  46,
     47,  72,  77,  79, 103,   0,   9,  19,  20,  22,  23,  24,  25,  26,  27,  28,
     29,  30,  37,  38,  39,  52,  55,  64,  66,  67,  68,  72,  75,  77,  79,  80,
     82,  83,  96,  97, 103, 106, 107,  23,  25,  26,  27,  28,  23,  25,  26,  27,
     28,  18,  21,  22,  23,  25,  26,  27,  28,  29,  44,  45,  46,  47,  72,  77,
    103,  18,  23,  25,  26,  27,  28,  72,  18,  23,  25,  27,  28,  29,  32,  34,
     36,  41,   0,  13,  15,  16,  23,  25,  26,  28,  44,  45,  72,  77, 103, 106,
     22,  23,  25,  26,  27,  28,  32,  37,  39,  44,  46,  72,   0,   2,  16,  19,
     20,  22,  23,  24,  25,  26,  27,  28,  29,  30,  31,  33,  35,  39,  48,  49,
     50,  55,  63,  71,  72,  73,  74, 106, 107, 110, 111, 112, 113, 114, 115, 116,
    117, 118,  55,  23,  25,  26,  28,  38,  72,  55,  23,  25,  26,  28,  23,  25,
     26,  27,  28,  29,  55,  66,  55,   3,  13,  16,  18,  21,  23,  25,  26,  27,
     28,  44,  45,  46,  72,  76,  77,  79,  82,  83,  87,  88,  90,  91,  93, 103,
    106, 107,  18,  23,  25,  26,  28,  29,  32,  34,  36,  43,  44,  45,  55,  23,
     25,  26,  27,  28,  46,   0,  19,  23,  25,  26,  28,  29,  35,  55,  63,  74,
     18,  20,  32,  34,  36,  40,  43,  44,  53,  54,  55,  58,  59,  61,  62,  68,
     89,  90,  92,  94,  95, 105,  23,  25,  26,  27,  28,  72,  20,  23,  25,  26,
     28,  32,  34,  36,  41,  43,  58,  32,  35,  39,  42,  55,  72,  18,  21,  26,
     28,  55,  18,  21,  28,  55,  18,  20,  21,  22,  23,  25,  26,  27,  28,  29,
     34,  40,  55,  72,  18,  19,  22,  25,  26,  28,  32,  34,  35,  36,  41,  42,
     44,  45,  46,  47,  55,  72,  23,  25,  26,  72,   0,  25,  28,  44,  88,  91,
     93,  97, 103,  18,  20,  32,  34,  40,  41,  43,  44,  46,  51,  54,  55,  56,
     58,  76,  78,  81,  83,  85,  87,  88,  89,  90,  91,  92,  93,  94,  95,  98,
    102, 104, 105,  18,  23,  25,  28,  77,  78,  79,  82,  83,  87,  91,  93,  94,
    103,  18,  20,  32,  34,  36,  40,  41,  44,  46,  51,  54,  55,  58,  76,  78,
     80,  81,  83,  84,  85,  86,  87,  88,  89,  90,  91,  92,  93,  94,  95,  98,
    102, 105,  27,  28,  77,  83,  87,  90,  91,  93,  20,  23,  25,  28,  46,  78,
     81,  82,  83,  87,  91,  92,  93, 103,  18,  23,  25,  27,  28,  29,  46,  76,
     77,  78,  79,  80,  83,  84,  87,  88,  90, 103,  18,  23,  27,  28,  44,  46,
     76,  77,  78,  79,  82,  84,  85,  87,  90,  91,  93,  97, 103,  23,  25,  28,
     72,  77,  83,  93, 103,  18,  21,  23,  27,  28,  32,  34,  55,  77,  78,  79,
     87,  90,  95,  99, 102, 103,  23,  25,  28,  72,  77,  78,  81,  82,  87,  91,
     92,  93, 103,  20,  23,  25,  28,  34,  77,  80,  81,  82,  94, 103, 105,  23,
     25,  27,  28,  44,  72,  77,  82,  88, 103,  23,  28,  32,  34,  72,  77,  92,
     94, 103,  18,  21,  23,  27,  28,  32,  34,  44,  55,  76,  77,  78,  79,  83,
     87,  90,  93,  95,  99, 103,  23,  25,  27,  28,  44,  72,  77,  79,  81,  82,
     83,  88,  91,  92,  93,  95,  97, 103,  20,  91,  93,  28,   4,  18,  32,  33,
     34,  40,  44,  46,  54,  55,  58,  76,  78,  81,  85,  87,  88,  89,  90,  91,
     92,  93,  94,  95,  98, 102,  34,  72,  95,  23,  32,  34,  44,  72,  77,  88,
     89,  92,  98, 102,  18,  20,  22,  32,  34,  40,  41,  44,  46,  51,  54,  55,
     58,  76,  78,  81,  84,  85,  86,  87,  88,  89,  90,  91,  92,  93,  94,  95,
    102,  23,  25,  83,  23,  25,  26,  27,  28,  18,  21,  23,  25,  26,  27,  28,
     44,  46,  47,  72,  18,  23,  25,  26,  27,  28,  44,  46,  47,  77, 103,   6,
     10,  12,  14,  15,  18,  20,  21,  32,  34,  40,  52,  55,   6,  10,  12,  14,
     15,  18,  20,  21,  22,  24,  27,  32,  34,  35,  36,  40,  52,  55,   7,  50,
    110, 111, 113, 114, 116,  49, 109, 111, 114,  50, 114, 116, 109, 114,  50, 114,
    116, 109, 110, 111, 113, 115, 114, 116, 109, 111, 113, 114,
};

static const int8_t misans_latin_8_regularKernSparseValues[] = {
     -24,  -16,    5,  -24,   -5,  -35,    5,   -5,  -11,   -5,    5,  -27,   11,    8,  -16,  -11,
      -5,   -8,  -21,  -13,   -2,   -8,   -5,  -26,   -8,  -26,  -16,  -28,   -5,   -3,   -1,   -5,
      -8,  -10,   -8,   11,   -9,  -24,   -8,  -13,   -6,   -5,   -8,   -3,  -27,  -11,  -29,  -10,
     -35,  -23,    3,  -31,   -5,   -9,   -3,  -18,  -10,  -21,  -14,   -5,   -8,   -8,  -11,  -29,
     -21,  -11,   -7,  -21,  -18,  -13,   -7,    5,   -5,   -3,  -19,  -13,    5,   -9,   -8,   -5,
      -5,   -7,   -7,  -10,   -7,   -4,  -14,   -2,   -4,   -7,   -9,   -5,   -3,   -6,   -5,   -5,
      -3,   -7,   -3,   -5,    1,   -3,   -7,   -5,   -5,   -5,   -9,   -7,  -11,  -11,   -5,   -7,
      -5,  -11,   -6,   -7,  -19,   -5,  -16,   -8,   -3,  -17,  -27,  -21,   -4,  -28,  -10,   -7,
      -5,  -27,  -19,    5,  -21,  -37,   -5,  -24,   -8,  -19,  -19,    1,   -8,    3,  -26,  -29,
     -23,  -22,   -7,  -19,  -12,  -16,  -11,  -11,  -11,  -45,  -21,   -3,   -5,   -6,   -6,   -7,
      -5,  -11,   -5,  -11,   -5,  -16,  -29,  -13,   -9,   -8,   -6,  -19,  -22,   -2,  -11,   -5,
     -11,   -8,    2,    1,   -7,  -14,   -5,   -9,    3,   -5,  -16,   -2,  -23,   -8,   -9,  -11,
      -3,  -11,  -11,  -16,  -24,   -3,  -11,   -7,  -16,  -19,  -20,   -9,  -23,   -5,  -20,  -16,
     -21,   -2,   -1,   -7,   -5,   -8,   -8,   -4,   -4,   -8,  -16,  -18,    3,  -13,  -24,  -15,
      -5,  -11,   -8,   -9,  -20,  -35,  -30,   -8,   -5,   -6,   -3,   -3,   -7,   -9,   -3,   -6,
      -8,   -1,   -1,   -2,   -2,   -8,   -7,  -13,   -6,   -3,  -11,   -5,   -5,   -1,   -5,   -8,
      -3,   -3,   -6,   -5,   -3,   -5,   -3,  -11,   -3,   -6,   13,   -6,   -4,   -3,   -4,   -5,
     -17,   -5,  -10,   -8,   -6,   -5,  -13,   -7,   -9,  -13,   -9,   -9,   -4,   -9,  -11,   -7,
      -3,  -16,    5,   -8,   -3,   -5,  -11,   -8,  -12,  -13,   -5,   -3,  -11,   -5,   -8,   -5,
      -8,   -5,   -6,   -3,   -1,   11,   -3,    3,    5,    5,   -7,  -19,   -7,   -9,  -15,  -23,
      -1,   -3,  -13,   -9,   -8,   -8,   -5,   -5,   -3,   -3,   -5,   -3,  -22,  -32,  -13,   -9,
      14,   -9,   -8,   -3,   -9,   -8,   -5,   -3,  -23,  -11,  -37,  -21,  -24,  -33,  -16,  -15,
     -18,  -24,  -24,    5,  -11,   -7,   -6,   -8,   -8,   -3,   -5,  -12,   -1,   -2,   -3,   -4,
      -5,   -8,   -3,   -2,   -8,    8,    2,   -5,   -8,   -4,  -11,    7,   -8,  -10,    5,  -24,
     -12,   -9,   -7,  -13,   -9,   -5,   -5,   -4,   -4,   -8,   -5,   -5,   -3,   -2,   -3,   -5,
      -8,   -3,  -13,   -7,   -8,    5,   -8,   -8,   -5,   -3,   -8,   -5,   -3,   -8,  -16,  -11,
     -11,  -11,    3,    5,    2,  -16,  -16,  -11,   -4,  -19,  -10,  -11,    2,  -24,    7,  -24,
     -19,   -7,  -31,  -24,   -5,  -37,   -7,  -29,  -21,  -40,   -4,   -4,   -6,   -4,  -10,   -5,
     -17,  -13,   -4,   -4,   -4,  -17,   -4,   -4,  -37,  -32,  -27,  -11,  -27,   -2,   -7,  -17,
     -27,   -5,   -7,   -3,   -7,   -8,   -5,   -7,   -7,    6,   -7,   -3,    6,    3,    8,  -37,
      -7,   -7,   13,   -7,   -7,    3,   -7,   -7,   -3,  -21,   -2,  -21,  -15,    3,   -3,   -5,
     -11,   -8,   -6,   -6,   -9,  -11,   -3,   -5,   -4,   -8,   -5,   -1,   -4,   -3,   -1,   -1,
      -1,   -3,   -1,    8,   -1,   -1,   -3,   -2,   -1,   -5,   -1,   -1,   -5,    8,   -3,    5,
     -18,  -29,  -21,  -10,  -27,  -21,   -7,  -23,   -8,  -24,   -4,   -5,   -5,  -31,  -19,  -35,
     -11,  -32,  -27,  -29,   -7,  -22,  -24,  -27,  -29,  -25,  -29,  -37,  -17,  -27,   14,  -27,
     -16,  -21,  -35,  -16,  -24,  -23,  -13,   11,   19,  -11,  -19,  -16,  -16,  -23,  -21,  -19,
      11,   -6,  -16,  -32,  -24,  -27,  -34,  -21,  -27,  -19,  -27,  -29,   -4,  -32,    8,  -10,
      -5,  -10,   -3,   -1,    8,  -18,  -35,  -11,   -7,   -5,  -17,   -6,  -14,   -5,  -20,   -9,
     -24,   -3,  -21,  -13,  -20,   -4,  -19,  -13,  -17,   -2,  -12,   -8,   -8,  -11,   -9,  -19,
     -37,  -13,  -20,   12,  -19,   -5,  -14,  -20,   -5,  -19,  -13,  -13,    8,   13,   -5,  -11,
      -3,  -25,  -27,  -15,   -5,  -16,  -13,  -24,   -8,  -15,   -5,  -13,  -17,  -10,  -23,   -7,
      -4,  -13,  -15,   -4,  -24,  -17,  -14,   -3,  -14,  -11,  -13,  -12,   -3,   -5,   -8,   -6,
     -32,  -13,  -14,   15,  -16,   -3,  -11,  -14,  -14,  -11,   -8,    8,   13,   -5,   -5,   -3,
      -8,    3,  -21,   -5,   -3,   -5,   -7,   -5,  -12,   -5,   -5,   -9,   -1,   -2,   -7,   -3,
      -5,   -7,   -5,   -7,   -2,   -5,   -5,   -8,   -8,  -11,   -5,   -7,    5,  -10,   -7,   -5,
      -7,   -7,    5,   11,   -5,  -25,  -10,   11,  -16,  -18,   -8,   -5,  -16,   -8,  -21,  -31,
     -18,  -14,   -5,   -3,  -27,  -24,  -11,   -4,  -11,  -21,  -11,  -27,   -5,  -24,  -13,  -28,
     -10,  -27,  -21,  -24,   -8,  -19,  -11,  -13,  -14,  -16,  -27,  -37,  -17,  -24,   13,  -26,
     -13,  -20,  -28,   -8,  -27,  -19,  -21,    8,   16,  -13,  -11,  -16,  -11,  -27,  -27,   -8,
     -20,   -8,  -10,  -11,  -34,  -19,  -24,  -37,  -13,  -19,  -16,  -23,  -26,  -24,  -11,  -13,
     -12,   -8,   -3,   -4,   -4,   -5,   -3,   -5,   -4,   16,   -4,   -4,    8,   16,  -13,   -9,
     -16,   17,   -8,   -8,  -11,   -5,  -13,   -4,  -32,  -22,  -16,   -5,  -21,  -19,  -11,   -6,
     -20,   -8,   -4,   -5,  -17,  -19,  -11,  -11,   -5,  -14,   -7,  -19,   -4,   -3,   -3,  -32,
     -20,  -14,   -8,  -24,   -3,   -1,   -3,   -4,   -2,   -1,  -16,   -2,  -11,  -22,   -3,  -16,
     -13,  -19,   -9,  -11,   -3,   -5,   -3,   -6,  -16,   -9,  -12,  -13,  -13,   -3,   -8,   -4,
      -3,  -29,  -15,  -12,   -7,  -29,   -4,   -3,   -3,   -1,   -2,   -5,   -4,   -3,   -3,   -2,
      -3,  -16,  -19,   -9,  -13,   -5,   -6,   -5,   -3,   -3,  -17,    8,   -5,  -18,    3,  -11,
       6,    5,  -11,  -17,    1,    3,    4,    3,   -5,   -4,   -4,   -3,    1,  -13,   -5,   -4,
      16,   -4,   -4,   -4,    7,   13,  -24,  -21,  -14,  -16,    5,  -13,  -11,    4,    3,   -5,
      -4,    3,   -7,   -8,   -6,   -7,   -2,   -5,   -3,  -27,   -3,  -13,   -6,  -15,   -2,   -3,
      -1,   -3,   -2,   -3,   -3,   -3,   -3,  -13,   -3,    5,   -5,   -6,  -13,  -13,    1,   -3,
       1,    2,   -3,  -13,  -29,   -5,  -13,  -13,   -7,    3,  -13,  -11,  -24,  -11,   -5,  -10,
      -8,   -3,   -6,   -4,   -4,   -3,    1,    3,  -19,   -6,   -4,   -8,   -4,    1,   -4,   -4,
      -8,   -8,   -8,   -9,  -28,  -15,  -12,   -7,  -21,   -4,  -14,   -3,  -11,   -3,    4,    3,
      -8,   -4,   -3,  -11,   -2,    1,   10,   -2,   -8,   -8,  -24,  -13,   -9,   -3,  -19,    3,
       4,   -5,  -17,  -13,   -8,  -18,   -8,  -11,  -21,   -7,   -8,  -11,  -24,  -32,   -8,   -3,
     -11,  -11,   -5,   -7,   -1,   -1,   -2,  -16,   -7,   -1,   -5,   -1,   -1,   -1,   -2,   -8,
     -13,  -10,  -18,  -19,    4,  -15,   -1,  -14,    8,  -15,   -6,  -21,   -9,  -19,  -27,   -8,
      -5,  -13,  -13,   -5,   -5,   -3,   -1,  -13,   -5,   -3,   -1,  -14,   -3,   -5,  -10,   -7,
      -8,   -5,  -29,  -11,   -8,  -14,   -4,   -4,   -3,   -3,   -1,   -4,   -4,   -4,   -4,   -3,
     -13,    8,   -6,   -5,   -1,  -14,   -9,   -5,  -11,   -6,   -6,   -2,   -4,  -24,  -11,   -7,
     -16,   -1,   -4,   -3,   -3,   -1,   -1,   -4,   -4,   -4,   -3,   -3,  -11,  -13,  -29,  -19,
     -27,  -17,  -21,   -4,   -5,   -2,  -19,  -19,  -19,  -19,    5,  -16,  -16,  -16,  -16,  -16,
     -13,  -21,  -21,   -8,   -8,  -11,  -16,  -11,  -21,  -16,  -27,  -16,  -19,   -4,  -24,  -13,
     -13,   -5,  -17,   -3,  -13,   -4,   -3,   -3,  -24,  -20,  -13,   -7,  -21,   -3,   -1,   -4,
      -2,  -16,  -16,   -8,   -8,   11,   11,    3,    3,    8,   14,    8,   12,   15,    5,   12,
      16,   19,    3,    5,    5,  -11,   27,   13,   19,    5,   19,   11,    8,   11,    5,   11,
       7,   29,   22,   17,    8,   11,   11,  -16,  -11,   -8,  -11,  -19,  -21,  -11,   -8,   -5,
     -19,   -4,   -3,   -3,  -21,  -14,  -11,   -8,  -20,   -3,   -1,   -3,   -4,   -2,  -11,  -21,
     -11,   -4,  -32,  -13,   -5,   -8,  -21,  -11,  -11,  -16,   -5,   -8,   -8,   -5,   -7,   -1,
      -1,   -2,  -11,  -13,   -4,  -14,  -29,  -19,  -16,  -25,   -3,   -3,  -11,  -19,  -17,  -11,
      -3,  -13,  -13,   -8,   -7,  -19,   -4,   -3,   -1,   -2,   -8,  -11,   24,   21,   21,   19,
       8,   11,   29,   19,   27,   29,   24,   29,   29,   35,   21,   16,   16,   16,   32,   32,
      43,   37,   19,    5,   24,    5,   19,   24,   24,   35,   32,   43,   32,   32,   43,   43,
      29,   40,   19,  -24,  -13,  -11,  -16,    5,  -13,   13,  -13,  -13,   -8,  -16,   11,    8,
       8,    5,    8,    8,   19,    5,    5,   -3,  -14,  -14,   -4,   -3,  -27,  -17,  -11,   -9,
     -22,   -2,   -1,   -4,  -11,   -3,  -21,  -11,  -11,  -16,   -8,   -8,   -3,   -4,   -3,  -13,
      -5,   -5,  -11,    5,    5,    5,    5,    5,   -6,   -4,   -4,   -5,    1,    3,    8,  -16,
     -11,   -5,   -5,  -16,   -4,    5,    3,    8,    5,    5,    5,    3,    1,   13,    5,    5,
     -16,   -8,  -16,  -16,  -13,   -8,  -11,   -8,  -13,  -16,   11,  -11,  -11,  -11,  -13,   16,
     -11,  -24,  -11,  -13,  -13,  -16,  -21,  -11,  -11,   -5,  -16,  -11,   -4,  -16,   -5,   -3,
     -11,   -1,   -4,   -3,   -3,   -1,   -4,   -3,    3,   14,    6,   29,   16,   -9,  -14,    3,
      -5,    3,   -4,  -11,   -8,   14,  -12,   -5,  -16,   -2,    9,   11,   12,    7,    9,    8,
      -5,   -3,   11,    8,  -11,    3,    3,    5,    5,    8,   -6,   -4,    5,   -4,   -2,    6,
       8,    8,    3,    4,   19,  -11,  -11,   -5,   -5,  -16,  -24,  -19,  -25,   -3,   -7,  -11,
      -8,  -19,   -8,  -27,   -9,  -27,  -32,  -27,  -34,  -32,  -19,  -28,  -24,  -27,   19,  -32,
     -16,  -27,  -24,  -25,   11,   -6,  -40,  -29,  -30,  -36,  -23,  -16,  -21,  -37,  -27,  -17,
     -33,  -27,  -33,   -3,  -35,  -24,  -27,  -16,   -8,  -13,  -13,  -21,   -8,  -11,   -5,   -3,
     -13,  -29,  -13,  -26,  -26,  -27,  -20,  -21,  -10,  -13,  -19,  -19,   13,  -21,  -27,  -29,
      -2,  -16,    8,   -8,  -11,  -14,  -41,  -16,  -25,  -35,   -8,  -16,  -11,  -22,  -25,  -10,
     -28,  -25,   -5,  -18,  -14,   -9,   -5,   -6,  -14,   -7,   -1,   -2,   -3,   -5,   11,   11,
      -5,  -10,   -3,    9,   -4,   -5,   -4,   -4,  -13,  -19,  -15,  -19,  -20,  -11,   -6,  -19,
     -16,  -25,  -32,  -11,   -8,   -8,  -18,   -8,  -14,  -13,   -5,  -11,   -8,   -8,   -3,   -5,
      -3,   -3,   -3,   -5,  -12,   -4,   -5,   -5,   -5,   -5,   -3,   -8,   -5,  -24,  -16,  -24,
     -13,  -16,  -11,   -3,  -16,  -21,  -32,  -24,  -14,  -11,  -13,   -8,    8,   -8,  -21,  -19,
     -26,  -21,   -8,  -19,   -8,  -16,  -27,  -11,  -22,  -11,  -19,    9,   -3,  -14,    3,   -9,
      -5,   -3,  -17,   -5,  -32,  -16,  -19,  -11,  -11,   -8,   -8,  -12,   -6,  -17,   -8,  -27,
     -22,   -2,  -29,   -2,  -16,   -8,  -13,   -8,  -11,  -32,   -5,   -4,   -8,  -19,  -13,   -3,
      -5,  -24,  -12,  -31,  -21,  -11,  -11,   -9,   -4,    8,    3,  -13,   -9,  -21,  -24,  -16,
     -21,  -18,    5,   -5,  -11,  -11,  -37,  -27,   -5,  -35,  -11,  -32,  -27,   -6,   -6,  -21,
     -16,   -5,  -20,  -12,  -16,   -5,  -24,  -19,   -5,  -11,  -11,  -24,  -29,  -43,  -41,  -19,
     -37,  -26,  -16,  -23,  -27,   16,  -27,  -32,  -37,  -27,  -11,  -43,  -34,  -34,  -40,  -21,
     -22,  -21,  -32,  -30,  -19,  -33,  -12,  -16,   -6,  -19,    1,   -7,   -1,  -16,  -19,    7,
       8,   -4,   -3,   -3,  -20,   -8,   -3,  -18,  -12,   -8,   -9,  -15,  -14,  -21,   -8,    8,
     -11,  -24,  -22,  -13,   -6,   -5,  -11,  -27,  -17,  -12,  -30,  -11,  -13,  -15,  -11,  -16,
     -10,  -24,  -24,  -21,  -11,   -5,   -5,   -3,   -5,   -4,   -3,  -11,   -8,   -5,   -4,  -11,
      -1,   -4,   -2,   -5,   -4,  -11,   -5,   -4,   -3,  -13,   -1,   -4,   -2,  -13,  -11,   -4,
     -24,  -22,   -7,   -3,  -32,   -5,  -40,  -11,  -18,   -5,  -53,   11,  -15,  -35,  -32,  -15,
     -11,  -27,  -19,  -53,  -11,   -8,   -5,  -19,  -21,  -11,  -24,  -14,  -53,   11,   32,    5,
      -8,  -23,  -21,    5,   -4,   -2,   -8,   -1,   -1,   -4,   -3,   -6,   -5,   -3,  -10,   -9,
      -7,  -20,   -2,  -12,  -10,   -2,   -3,   -3,  -16,   -6,   -3,   -2,
};

static const EpdFontData misans_latin_8_regular = {
    misans_latin_8_regularBitmaps,
    misans_latin_8_regularGlyphs,
    misans_latin_8_regularIntervals,
    101,
    22,
    18,
    -5,
    false,
    nullptr,
    0,
    nullptr,
    nullptr,  // kernLeftClasses: built-in fonts use the split arrays below
    nullptr,  // kernRightClasses
    misans_latin_8_regularKernLeftCodepoints,
    misans_latin_8_regularKernLeftClassIds,
    misans_latin_8_regularKernRightCodepoints,
    misans_latin_8_regularKernRightClassIds,
    nullptr,  // kernMatrix: built-in fonts use the sparse form below
    misans_latin_8_regularKernRowOffsets,
    misans_latin_8_regularKernSparseCols,
    misans_latin_8_regularKernSparseValues,
    546,
    550,
    130,
    119,
    nullptr,
    0,
};
