/**
 * generated by fontconvert.py
 * name: misans_latin_12_medium
 * size: 12
 * mode: 1-bit mono
 * Command used: fontconvert.py misans_latin_12_medium 12 ../builtinFonts/source/MiSans/MiSans-Medium.ttf --mono
 */
#pragma once
#include "EpdFontData.h"

static const uint8_t misans_latin_12_mediumBitmaps[22461] = {
    0x00, 0x00, 0x00, 0x00, 0xFF, 0xFF, 0xFF, 0xFF, 0xFE, 0x00, 0xFF, 0x80, 0xEF, 0xDF, 0xBF, 0x74,
    0xC9, 0x80, 0x03, 0x0C, 0x0E, 0x30, 0x18, 0x60, 0x30, 0xC0, 0x61, 0x80, 0xC7, 0x1F, 0xFF, 0xBF,
    0xFF, 0x0C, 0x30, 0x18, 0x60, 0x71, 0xC0, 0xC3, 0x0F, 0xFF, 0xFF, 0xFF, 0xC6, 0x18, 0x1C, 0x70,
    0x30, 0xC0, 0x61, 0x80, 0xC3, 0x00, 0x07, 0x00, 0x38, 0x03, 0xE0, 0x7F, 0xC7, 0xFF, 0x73, 0x9F,
    0x9C, 0x9C, 0xE0, 0xE7, 0x03, 0xB8, 0x1F, 0xC0, 0x3F, 0x80, 0x7E, 0x03, 0xF8, 0x1C, 0xE0, 0xE7,
    0x47, 0x3F, 0x39, 0xFD, 0xDC, 0xFF, 0xE1, 0xFC, 0x03, 0x80, 0x1C, 0x00, 0x0C, 0x00, 0xE1, 0xF8,
    0x0E, 0x1C, 0xE0, 0xE0, 0xC3, 0x06, 0x0C, 0x18, 0x70, 0x60, 0xC7, 0x01, 0x86, 0x70, 0x0F, 0xE3,
    0x00, 0x1E, 0x38, 0x00, 0x03, 0x80, 0x00, 0x18, 0x20, 0x01, 0xCF, 0xC0, 0x1C, 0xE7, 0x01, 0xC6,
    0x18, 0x0C, 0x30, 0x60, 0xE1, 0x86, 0x0E, 0x0C, 0x30, 0xE0, 0x3F, 0x8E, 0x00, 0xF0, 0x07, 0xC0,
    0x07, 0xF0, 0x07, 0x1C, 0x03, 0x06, 0x03, 0x83, 0x01, 0xC1, 0x80, 0x61, 0xC0, 0x3B, 0xC0, 0x0F,
    0xC0, 0x0F, 0x80, 0x0F, 0xE1, 0x8E, 0x38, 0xEE, 0x0E, 0xE7, 0x07, 0xF3, 0x81, 0xF1, 0xC0, 0x78,
    0x70, 0x7C, 0x3F, 0xF7, 0x0F, 0xF1, 0xE0, 0xFF, 0xFC, 0x80, 0x19, 0x8C, 0xE6, 0x33, 0x9C, 0xC6,
    0x31, 0x8C, 0x63, 0x1C, 0xE3, 0x18, 0xE3, 0x1C, 0x60, 0xC3, 0x18, 0xE3, 0x18, 0xE7, 0x18, 0xC6,
    0x31, 0x8C, 0x67, 0x39, 0x8C, 0xE6, 0x73, 0x00, 0x19, 0x27, 0x5F, 0xF3, 0xDF, 0xE4, 0x8C, 0x06,
    0x00, 0x60, 0x06, 0x00, 0x60, 0x06, 0x0F, 0xFF, 0xFF, 0xF0, 0x60, 0x06, 0x00, 0x60, 0x06, 0x00,
    0x60, 0xFF, 0x97, 0xA0, 0xFF, 0xFF, 0xC0, 0xFF, 0x80, 0x03, 0x07, 0x07, 0x06, 0x06, 0x0E, 0x0C,
    0x0C, 0x1C, 0x18, 0x18, 0x38, 0x30, 0x30, 0x70, 0x70, 0x60, 0xE0, 0xE0, 0x07, 0x80, 0x7F, 0x83,
    0xFF, 0x0E, 0x1C, 0x70, 0x39, 0xC0, 0xE6, 0x01, 0x98, 0x06, 0xE0, 0x1F, 0x80, 0x7E, 0x01, 0xD8,
    0x06, 0x60, 0x19, 0x80, 0x67, 0x03, 0x9C, 0x0E, 0x38, 0x70, 0x7F, 0x80, 0xFC, 0x00, 0x0E, 0x7D,
    0xFF, 0xFC, 0xE1, 0xC3, 0x87, 0x0E, 0x1C, 0x38, 0x70, 0xE1, 0xC3, 0x87, 0x0E, 0x1C, 0x38, 0x0F,
    0x83, 0xFC, 0x79, 0xEE, 0x06, 0x60, 0x70, 0x07, 0x00, 0x70, 0x06, 0x00, 0xE0, 0x1C, 0x03, 0x80,
    0x78, 0x0F, 0x01, 0xE0, 0x1C, 0x03, 0x80, 0x70, 0x0F, 0xFF, 0xFF, 0xF0, 0x7F, 0xF3, 0xFF, 0x9F,
    0xFC, 0x01, 0xC0, 0x1C, 0x01, 0xC0, 0x1C, 0x01, 0xC0, 0x1F, 0xC0, 0x7F, 0x02, 0x1C, 0x00, 0x60,
    0x03, 0x80, 0x1C, 0x80, 0xFC, 0x06, 0x70, 0x73, 0xFF, 0x07, 0xF0, 0x01, 0xE0, 0x0F, 0x00, 0xF8,
    0x0F, 0xC0, 0x7E, 0x07, 0x70, 0x33, 0x83, 0x9C, 0x38, 0xE1, 0xC7, 0x1C, 0x38, 0xC1, 0xCE, 0x0E,
    0x7F, 0xFF, 0xFF, 0xE0, 0x1C, 0x00, 0xE0, 0x07, 0x00, 0x38, 0x3F, 0xF1, 0xFF, 0x8F, 0xFC, 0xE0,
    0x07, 0x00, 0x38, 0x01, 0xC0, 0x0E, 0x40, 0x7F, 0xC3, 0xFF, 0x9C, 0x1C, 0x00, 0x70, 0x03, 0x80,
    0x1C, 0x80, 0xFC, 0x06, 0x70, 0x71, 0xFF, 0x07, 0xF0, 0x03, 0x80, 0x1C, 0x01, 0xC0, 0x0C, 0x00,
    0xE0, 0x0E, 0x00, 0x70, 0x07, 0x70, 0x3F, 0xE3, 0xFF, 0x9C, 0x1D, 0xC0, 0x7E, 0x03, 0xF0, 0x1F,
    0x80, 0xEC, 0x07, 0x70, 0x71, 0xFF, 0x07, 0xF0, 0xFF, 0xFF, 0xFF, 0xFF, 0x80, 0x70, 0x0C, 0x03,
    0x80, 0x60, 0x1C, 0x03, 0x80, 0xE0, 0x1C, 0x03, 0x00, 0xE0, 0x18, 0x07, 0x00, 0xE0, 0x38, 0x07,
    0x01, 0xC0, 0x00, 0x07, 0x80, 0xFF, 0x0F, 0x3C, 0xE0, 0x77, 0x03, 0xB8, 0x1D, 0xC0, 0xE7, 0x0E,
    0x1F, 0xE0, 0xFF, 0x0F, 0x3C, 0xE0, 0x76, 0x01, 0xF0, 0x0F, 0x80, 0x6E, 0x07, 0x78, 0x79, 0xFF,
    0x87, 0xF8, 0x0F, 0x81, 0xFF, 0x1F, 0x7C, 0xE0, 0xEE, 0x03, 0xF0, 0x1F, 0x80, 0xFC, 0x07, 0xE0,
    0x3B, 0xC7, 0x8F, 0xFC, 0x3F, 0xC0, 0x0E, 0x00, 0xE0, 0x07, 0x00, 0x70, 0x07, 0x00, 0x38, 0x03,
    0x80, 0xFF, 0x80, 0x00, 0x03, 0xFE, 0xFF, 0x80, 0x00, 0x03, 0xFE, 0x5E, 0x80, 0x00, 0x10, 0x03,
    0x00, 0xF0, 0x3E, 0x0F, 0x83, 0xE0, 0xF8, 0x0E, 0x00, 0xF0, 0x07, 0xC0, 0x1F, 0x00, 0x7C, 0x01,
    0xF0, 0x07, 0x00, 0x10, 0xFF, 0xFF, 0xFF, 0x00, 0x00, 0x00, 0x00, 0x0F, 0xFF, 0xFF, 0xFF, 0xFF,
    0x80, 0x0C, 0x00, 0xF0, 0x07, 0xC0, 0x1E, 0x00, 0x78, 0x01, 0xE0, 0x0F, 0x01, 0xF0, 0x7C, 0x1F,
    0x03, 0xC0, 0xF8, 0x0E, 0x00, 0x80, 0x00, 0x1F, 0x1F, 0xEF, 0x3F, 0x03, 0x40, 0xC0, 0x30, 0x1C,
    0x0E, 0x07, 0x01, 0x80, 0xE0, 0x30, 0x0C, 0x00, 0x00, 0x00, 0x00, 0x0E, 0x03, 0x80, 0xE0, 0x01,
    0xF8, 0x01, 0xFF, 0xC0, 0x78, 0x1C, 0x1C, 0x00, 0xC7, 0x00, 0x0C, 0xC3, 0xD9, 0xB8, 0xFF, 0x1E,
    0x38, 0xE3, 0xC6, 0x0C, 0x78, 0xC1, 0x8F, 0x18, 0x31, 0xE3, 0x06, 0x3C, 0x7F, 0x7D, 0xC7, 0xEF,
    0x18, 0x00, 0x01, 0x80, 0x00, 0x38, 0x02, 0x03, 0xF7, 0xC0, 0x1F, 0xF0, 0x00, 0x01, 0xC0, 0x00,
    0xE0, 0x00, 0xF8, 0x00, 0x7C, 0x00, 0x36, 0x00, 0x3B, 0x80, 0x1C, 0xC0, 0x0C, 0x60, 0x0E, 0x38,
    0x06, 0x0C, 0x07, 0x07, 0x03, 0xFF, 0x81, 0xFF, 0xC1, 0xC0, 0x70, 0xE0, 0x38, 0x60, 0x0C, 0x70,
    0x07, 0x38, 0x01, 0xB8, 0x00, 0xE0, 0xFF, 0x03, 0xFF, 0x8F, 0xFF, 0x30, 0x1C, 0xC0, 0x3B, 0x00,
    0xEC, 0x03, 0xB0, 0x1C, 0xFF, 0xE3, 0xFF, 0x8F, 0xFF, 0x30, 0x0E, 0xC0, 0x1F, 0x00, 0x7C, 0x01,
    0xF0, 0x0E, 0xC0, 0x7B, 0xFF, 0xCF, 0xFC, 0x00, 0x03, 0xF0, 0x0F, 0xFC, 0x1F, 0x3E, 0x38, 0x0F,
    0x70, 0x04, 0x70, 0x00, 0x60, 0x00, 0xE0, 0x00, 0xE0, 0x00, 0xE0, 0x00, 0xE0, 0x00, 0xE0, 0x00,
    0x60, 0x00, 0x70, 0x00, 0x70, 0x00, 0x38, 0x07, 0x3C, 0x1E, 0x1F, 0xFC, 0x07, 0xF8, 0xFF, 0x00,
    0xFF, 0xE0, 0xFF, 0xF8, 0xC0, 0x3C, 0xC0, 0x1C, 0xC0, 0x0E, 0xC0, 0x0E, 0xC0, 0x06, 0xC0, 0x06,
    0xC0, 0x07, 0xC0, 0x06, 0xC0, 0x06, 0xC0, 0x06, 0xC0, 0x0E, 0xC0, 0x0E, 0xC0, 0x1C, 0xC0, 0xF8,
    0xFF, 0xF0, 0xFF, 0xC0, 0xFF, 0xFF, 0xFF, 0xFF, 0xFC, 0x00, 0xC0, 0x0C, 0x00, 0xC0, 0x0C, 0x00,
    0xFF, 0xEF, 0xFE, 0xFF, 0xEC, 0x00, 0xC0, 0x0C, 0x00, 0xC0, 0x0C, 0x00, 0xC0, 0x0F, 0xFF, 0xFF,
    0xF0, 0xFF, 0xFF, 0xFF, 0xFF, 0xE0, 0x0C, 0x01, 0x80, 0x30, 0x06, 0x00, 0xC0, 0x1F, 0xFF, 0xFF,
    0xE0, 0x0C, 0x01, 0x80, 0x30, 0x06, 0x00, 0xC0, 0x18, 0x03, 0x00, 0x00, 0x03, 0xF0, 0x0F, 0xFC,
    0x1F, 0x3E, 0x38, 0x0F, 0x70, 0x04, 0x70, 0x00, 0x60, 0x00, 0xE0, 0x00, 0xE0, 0x00, 0xE0, 0x7F,
    0xE0, 0x7F, 0xE0, 0x07, 0xE0, 0x07, 0x60, 0x07, 0x70, 0x07, 0x38, 0x07, 0x3C, 0x0E, 0x1F, 0xFC,
    0x07, 0xF8, 0xC0, 0x0F, 0x00, 0x3C, 0x00, 0xF0, 0x03, 0xC0, 0x0F, 0x00, 0x3C, 0x00, 0xF0, 0x03,
    0xFF, 0xFF, 0xFF, 0xFF, 0xFF, 0xF0, 0x03, 0xC0, 0x0F, 0x00, 0x3C, 0x00, 0xF0, 0x03, 0xC0, 0x0F,
    0x00, 0x3C, 0x00, 0xC0, 0xFF, 0xFF, 0xFF, 0xFF, 0xFC, 0x00, 0xC0, 0x30, 0x0C, 0x03, 0x00, 0xC0,
    0x30, 0x0C, 0x03, 0x00, 0xC0, 0x30, 0x0C, 0x03, 0x00, 0xC0, 0x30, 0x0D, 0x83, 0xF1, 0xDF, 0xE3,
    0xF8, 0xC0, 0x1F, 0x00, 0xEC, 0x07, 0x30, 0x38, 0xC1, 0xC3, 0x0E, 0x0C, 0x70, 0x33, 0x80, 0xDE,
    0x03, 0xFC, 0x0F, 0x70, 0x38, 0xE0, 0xC1, 0xC3, 0x07, 0x8C, 0x0E, 0x30, 0x1C, 0xC0, 0x7B, 0x00,
    0xEC, 0x01, 0xC0, 0xC0, 0x0C, 0x00, 0xC0, 0x0C, 0x00, 0xC0, 0x0C, 0x00, 0xC0, 0x0C, 0x00, 0xC0,
    0x0C, 0x00, 0xC0, 0x0C, 0x00, 0xC0, 0x0C, 0x00, 0xC0, 0x0C, 0x00, 0xC0, 0x0F, 0xFF, 0xFF, 0xF0,
    0xC0, 0x00, 0xF8, 0x00, 0x7F, 0x00, 0x1F, 0xC0, 0x0F, 0xF8, 0x07, 0xF7, 0x01, 0xFD, 0xC0, 0xEF,
    0x38, 0x33, 0xC6, 0x1C, 0xF1, 0xCE, 0x3C, 0x3B, 0x0F, 0x0F, 0xC3, 0xC1, 0xE0, 0xF0, 0x38, 0x3C,
    0x0C, 0x0F, 0x00, 0x03, 0xC0, 0x00, 0xF0, 0x00, 0x3C, 0x00, 0x0C, 0xC0, 0x0F, 0xC0, 0x1F, 0xC0,
    0x3F, 0xC0, 0x7F, 0x80, 0xFB, 0x81, 0xF3, 0x83, 0xE7, 0x07, 0xC7, 0x0F, 0x87, 0x1F, 0x0E, 0x3E,
    0x0E, 0x7C, 0x0E, 0xF8, 0x1D, 0xF0, 0x1F, 0xE0, 0x1F, 0xC0, 0x3F, 0x80, 0x3F, 0x00, 0x38, 0x03,
    0xF0, 0x07, 0xFE, 0x07, 0xDF, 0x87, 0x01, 0xE7, 0x00, 0x73, 0x80, 0x1D, 0x80, 0x0F, 0xC0, 0x03,
    0xE0, 0x01, 0xF0, 0x00, 0xF8, 0x00, 0x7C, 0x00, 0x3E, 0x00, 0x3B, 0x00, 0x1D, 0xC0, 0x0C, 0x70,
    0x0E, 0x3C, 0x1E, 0x0F, 0xFE, 0x01, 0xFE, 0x00, 0xFE, 0x07, 0xFF, 0x3F, 0xFD, 0x80, 0xFC, 0x03,
    0xE0, 0x1F, 0x00, 0xF8, 0x07, 0xC0, 0x3E, 0x07, 0xBF, 0xFD, 0xFF, 0x8C, 0x00, 0x60, 0x03, 0x00,
    0x18, 0x00, 0xC0, 0x06, 0x00, 0x30, 0x00, 0x03, 0xF0, 0x07, 0xFE, 0x07, 0xDF, 0x87, 0x01, 0xE7,
    0x00, 0x73, 0x80, 0x1D, 0x80, 0x0F, 0xC0, 0x03, 0xE0, 0x01, 0xF0, 0x00, 0xF8, 0x00, 0x7C, 0x00,
    0x3E, 0x00, 0x3B, 0x00, 0x9D, 0xC0, 0xEC, 0x70, 0x7E, 0x3C, 0x1E, 0x0F, 0xFF, 0x01, 0xFF, 0xC0,
    0x00, 0x70, 0x00, 0x10, 0xFE, 0x03, 0xFF, 0x8F, 0xFF, 0x30, 0x1C, 0xC0, 0x3B, 0x00, 0xEC, 0x03,
    0xB0, 0x0E, 0xC0, 0x73, 0xFF, 0xCF, 0xFC, 0x30, 0xE0, 0xC1, 0xC3, 0x07, 0x0C, 0x0E, 0x30, 0x1C,
    0xC0, 0x73, 0x00, 0xEC, 0x03, 0xC0, 0x0F, 0xC1, 0xFF, 0x1F, 0x3C, 0xE0, 0x7E, 0x01, 0x70, 0x03,
    0x80, 0x0E, 0x00, 0x7E, 0x00, 0xFE, 0x01, 0xFC, 0x01, 0xF0, 0x03, 0x80, 0x0D, 0x00, 0x7C, 0x07,
    0xF0, 0x7B, 0xFF, 0x87, 0xF8, 0xFF, 0xFF, 0xFF, 0xFF, 0xFF, 0xC1, 0xC0, 0x07, 0x00, 0x1C, 0x00,
    0x70, 0x01, 0xC0, 0x07, 0x00, 0x1C, 0x00, 0x70, 0x01, 0xC0, 0x07, 0x00, 0x1C, 0x00, 0x70, 0x01,
    0xC0, 0x07, 0x00, 0x1C, 0x00, 0x70, 0x00, 0xC0, 0x1F, 0x00, 0x7C, 0x01, 0xF0, 0x07, 0xC0, 0x1F,
    0x00, 0x7C, 0x01, 0xF0, 0x07, 0xC0, 0x1F, 0x00, 0x7C, 0x01, 0xF0, 0x07, 0xC0, 0x1F, 0x80, 0x7E,
    0x01, 0xD8, 0x0E, 0x78, 0x78, 0xFF, 0xC1, 0xFE, 0x00, 0xE0, 0x03, 0xB0, 0x01, 0x9C, 0x01, 0xCE,
    0x00, 0xE3, 0x00, 0x61, 0xC0, 0x70, 0x60, 0x38, 0x38, 0x18, 0x1C, 0x1C, 0x06, 0x0C, 0x03, 0x8E,
    0x01, 0xC7, 0x00, 0x63, 0x00, 0x3B, 0x80, 0x0D, 0xC0, 0x07, 0xC0, 0x03, 0xE0, 0x00, 0xE0, 0x00,
    0x70, 0x00, 0xE0, 0x1C, 0x03, 0x60, 0x1C, 0x03, 0x70, 0x1C, 0x07, 0x70, 0x3E, 0x07, 0x30, 0x36,
    0x06, 0x30, 0x36, 0x06, 0x38, 0x76, 0x0E, 0x38, 0x67, 0x0E, 0x18, 0x63, 0x0C, 0x18, 0x63, 0x1C,
    0x1C, 0xE3, 0x9C, 0x1C, 0xC1, 0x98, 0x0C, 0xC1, 0x98, 0x0F, 0xC1, 0xF8, 0x0F, 0x81, 0xF8, 0x07,
    0x80, 0xF0, 0x07, 0x80, 0xF0, 0x07, 0x00, 0xF0, 0x07, 0x00, 0x60, 0x70, 0x07, 0x38, 0x0E, 0x38,
    0x1C, 0x1C, 0x1C, 0x0E, 0x38, 0x0E, 0x70, 0x07, 0x70, 0x03, 0xE0, 0x03, 0xC0, 0x01, 0xC0, 0x03,
    0xC0, 0x07, 0xE0, 0x06, 0x70, 0x0E, 0x30, 0x1C, 0x38, 0x1C, 0x1C, 0x38, 0x1C, 0x70, 0x0E, 0xF0,
    0x07, 0xE0, 0x07, 0x70, 0x0E, 0x70, 0x0E, 0x38, 0x1C, 0x18, 0x18, 0x1C, 0x38, 0x0C, 0x70, 0x0E,
    0x70, 0x07, 0xE0, 0x07, 0xC0, 0x03, 0xC0, 0x01, 0x80, 0x01, 0x80, 0x01, 0x80, 0x01, 0x80, 0x01,
    0x80, 0x01, 0x80, 0x01, 0x80, 0x01, 0x80, 0xFF, 0xFF, 0xFF, 0xFF, 0xFE, 0x00, 0xE0, 0x0E, 0x00,
    0x70, 0x07, 0x00, 0x70, 0x03, 0x80, 0x38, 0x03, 0x80, 0x1C, 0x01, 0xC0, 0x1C, 0x00, 0xE0, 0x0E,
    0x00, 0xE0, 0x07, 0xFF, 0xFF, 0xFE, 0xFF, 0xFC, 0x30, 0xC3, 0x0C, 0x30, 0xC3, 0x0C, 0x30, 0xC3,
    0x0C, 0x30, 0xC3, 0x0C, 0x30, 0xFF, 0xFF, 0xC0, 0xE0, 0x30, 0x18, 0x0E, 0x07, 0x01, 0x80, 0xE0,
    0x70, 0x18, 0x0E, 0x07, 0x01, 0x80, 0xC0, 0x70, 0x18, 0x0C, 0x07, 0x01, 0x80, 0xE0, 0xFF, 0xF0,
    0xC3, 0x0C, 0x30, 0xC3, 0x0C, 0x30, 0xC3, 0x0C, 0x30, 0xC3, 0x0C, 0x30, 0xC3, 0xFF, 0xFF, 0xC0,
    0x1C, 0x0F, 0x83, 0x61, 0xCC, 0x63, 0xB0, 0x70, 0xFF, 0xFF, 0xFF, 0x4C, 0xE7, 0x30, 0x0F, 0x07,
    0xF1, 0xEF, 0x10, 0x70, 0x0E, 0x00, 0xC7, 0xFB, 0xFF, 0xF0, 0x7C, 0x0F, 0x03, 0xF0, 0xFF, 0xF6,
    0xFC, 0xC0, 0xC0, 0x0C, 0x00, 0xC0, 0x0C, 0x00, 0xC0, 0x0C, 0x70, 0xDF, 0xCF, 0xFE, 0xE0, 0xEE,
    0x07, 0xC0, 0x7C, 0x03, 0xC0, 0x3C, 0x07, 0xC0, 0x7E, 0x06, 0xF0, 0xEF, 0xFC, 0xDF, 0x80, 0x0F,
    0x03, 0xFC, 0x7D, 0xE7, 0x07, 0xE0, 0x0E, 0x00, 0xE0, 0x0E, 0x00, 0xE0, 0x0E, 0x00, 0x60, 0x47,
    0x0F, 0x3F, 0xE1, 0xFC, 0x00, 0x30, 0x03, 0x00, 0x30, 0x03, 0x00, 0x30, 0xE3, 0x3F, 0xB7, 0xFF,
    0x70, 0x7E, 0x07, 0xE0, 0x3E, 0x03, 0xE0, 0x3E, 0x03, 0xE0, 0x36, 0x07, 0x70, 0xF3, 0xFF, 0x1F,
    0xB0, 0x07, 0x03, 0xFC, 0x79, 0xE7, 0x07, 0xE0, 0x7E, 0x03, 0xFF, 0xFF, 0xFF, 0xE0, 0x0E, 0x00,
    0x60, 0x47, 0x07, 0x3F, 0xE1, 0xFC, 0x0F, 0x8F, 0xC7, 0x27, 0x03, 0x81, 0xC3, 0xFD, 0xFE, 0x38,
    0x1C, 0x0E, 0x07, 0x03, 0x81, 0xC0, 0xE0, 0x70, 0x38, 0x1C, 0x0E, 0x00, 0x0E, 0x03, 0xFB, 0x7F,
    0xF7, 0x07, 0xE0, 0x7E, 0x03, 0xC0, 0x3C, 0x03, 0xE0, 0x3E, 0x03, 0x70, 0x77, 0x8F, 0x3F, 0xB1,
    0xF3, 0x00, 0x32, 0x03, 0xE0, 0x77, 0xFE, 0x3F, 0xC0, 0xE0, 0xC0, 0x18, 0x03, 0x00, 0x60, 0x0C,
    0x01, 0x8E, 0x37, 0xF7, 0xDE, 0xE0, 0xF8, 0x1F, 0x01, 0xE0, 0x3C, 0x07, 0x80, 0xF0, 0x1E, 0x03,
    0xC0, 0x78, 0x0F, 0x01, 0x80, 0xDF, 0x00, 0x36, 0xDB, 0x6D, 0xB6, 0xDB, 0x00, 0x18, 0x71, 0x80,
    0x00, 0x01, 0x86, 0x18, 0x61, 0x86, 0x18, 0x61, 0x86, 0x18, 0x61, 0x86, 0x18, 0x6F, 0xBE, 0xE0,
    0xC0, 0x18, 0x03, 0x00, 0x60, 0x0C, 0x01, 0x80, 0x70, 0x76, 0x1C, 0xC7, 0x19, 0xC3, 0x70, 0x7E,
    0x0F, 0xE1, 0xCC, 0x31, 0xC6, 0x1C, 0xC3, 0x98, 0x3B, 0x03, 0x80, 0xCC, 0xCC, 0xCC, 0xCC, 0xCC,
    0xCC, 0xCC, 0xCC, 0xCF, 0xF0, 0x0E, 0x07, 0x1B, 0xF3, 0xF3, 0xEE, 0xEF, 0x70, 0xF0, 0x6C, 0x0E,
    0x0F, 0x81, 0x81, 0xF0, 0x30, 0x3E, 0x06, 0x07, 0xC0, 0xC0, 0xF8, 0x18, 0x1F, 0x03, 0x03, 0xE0,
    0x60, 0x7C, 0x0C, 0x0F, 0x81, 0x81, 0xC0, 0x07, 0x1B, 0xFB, 0xEF, 0x70, 0x7C, 0x0F, 0x80, 0xF0,
    0x1E, 0x03, 0xC0, 0x78, 0x0F, 0x01, 0xE0, 0x3C, 0x07, 0x80, 0xC0, 0x0F, 0x01, 0xFE, 0x1F, 0xF8,
    0xE0, 0xEE, 0x07, 0x70, 0x1B, 0x80, 0xDC, 0x07, 0xE0, 0x37, 0x01, 0x98, 0x1C, 0xE1, 0xE3, 0xFE,
    0x0F, 0xE0, 0x07, 0x0D, 0xFC, 0xFF, 0xEE, 0x0E, 0xE0, 0x7C, 0x07, 0xC0, 0x3C, 0x03, 0xC0, 0x7C,
    0x07, 0xE0, 0x6F, 0x0E, 0xFF, 0xCD, 0xF8, 0xC0, 0x0C, 0x00, 0xC0, 0x0C, 0x00, 0xC0, 0x00, 0x0E,
    0x03, 0xFB, 0x7F, 0xF7, 0x07, 0xE0, 0x7E, 0x03, 0xE0, 0x3E, 0x03, 0xE0, 0x3E, 0x03, 0x60, 0x77,
    0x0F, 0x3F, 0xF1, 0xFB, 0x00, 0x30, 0x03, 0x00, 0x30, 0x03, 0x00, 0x30, 0x07, 0x9F, 0x7F, 0x8E,
    0x18, 0x30, 0x60, 0xC1, 0x83, 0x06, 0x0C, 0x18, 0x00, 0x1E, 0x1F, 0xEF, 0x3F, 0x83, 0xE0, 0x3C,
    0x07, 0xE0, 0xFE, 0x07, 0xC0, 0x74, 0x0F, 0x87, 0xFF, 0xCF, 0xE0, 0x18, 0x0C, 0x06, 0x03, 0x01,
    0x87, 0xFF, 0xFE, 0x30, 0x18, 0x0C, 0x06, 0x03, 0x01, 0x80, 0xC0, 0x60, 0x30, 0x1F, 0x07, 0x80,
    0xC0, 0x78, 0x0F, 0x01, 0xE0, 0x3C, 0x07, 0x80, 0xF0, 0x1E, 0x03, 0xC0, 0x78, 0x1F, 0x87, 0xBF,
    0xB7, 0xE6, 0xE0, 0x3B, 0x01, 0x9C, 0x1C, 0x60, 0xC3, 0x06, 0x1C, 0x70, 0x63, 0x03, 0x18, 0x1D,
    0xC0, 0x6C, 0x03, 0xE0, 0x0E, 0x00, 0x70, 0x00, 0xE0, 0x70, 0x76, 0x0F, 0x07, 0x60, 0xF0, 0x67,
    0x0F, 0x8E, 0x31, 0xD8, 0xE3, 0x19, 0x8C, 0x39, 0x98, 0xC1, 0xB8, 0xDC, 0x1B, 0x0D, 0x81, 0xF0,
    0xD8, 0x0F, 0x0F, 0x80, 0xF0, 0x70, 0x0E, 0x07, 0x00, 0xF0, 0x71, 0xC7, 0x0E, 0x30, 0x3B, 0x80,
    0xF8, 0x03, 0x80, 0x1C, 0x01, 0xF0, 0x1D, 0x80, 0xCE, 0x0E, 0x38, 0xE0, 0xCE, 0x07, 0x80, 0xE0,
    0x3B, 0x01, 0x9C, 0x1C, 0x60, 0xE3, 0x06, 0x1C, 0x70, 0x63, 0x03, 0x98, 0x1D, 0xC0, 0x6C, 0x03,
    0xE0, 0x0E, 0x00, 0x70, 0x03, 0x80, 0x18, 0x01, 0xC0, 0x0C, 0x00, 0xE0, 0x00, 0xFF, 0xFF, 0xF0,
    0x38, 0x0C, 0x07, 0x03, 0x81, 0xC0, 0x60, 0x38, 0x1C, 0x0E, 0x03, 0xFF, 0xFF, 0xC0, 0x06, 0x3C,
    0x70, 0xC1, 0x83, 0x06, 0x0C, 0x38, 0x63, 0xC7, 0x0F, 0x07, 0x0E, 0x0C, 0x18, 0x30, 0x60, 0xC1,
    0xE1, 0xC0, 0x80, 0xFF, 0xFF, 0xFF, 0xFF, 0xFF, 0xFC, 0xC1, 0xE1, 0xC1, 0x83, 0x06, 0x0C, 0x18,
    0x38, 0x30, 0x78, 0x71, 0xC7, 0x0E, 0x18, 0x30, 0x60, 0xC1, 0x8F, 0x1C, 0x20, 0x00, 0x3C, 0x6F,
    0xFF, 0x9F, 0x20, 0x80, 0x00, 0x00, 0xFF, 0x80, 0x37, 0xFF, 0xFF, 0xFF, 0xFF, 0x80, 0x06, 0x00,
    0xC0, 0x3C, 0x1F, 0xE7, 0xFF, 0xCC, 0xF9, 0x86, 0x30, 0xC6, 0x18, 0xC3, 0x18, 0x63, 0x0E, 0x64,
    0xED, 0xDF, 0xF0, 0xFC, 0x06, 0x00, 0xC0, 0x07, 0xC0, 0x7F, 0x87, 0xBC, 0x70, 0x73, 0x81, 0x18,
    0x00, 0xC0, 0x06, 0x00, 0x30, 0x07, 0xFC, 0x3F, 0xE0, 0x60, 0x03, 0x00, 0x18, 0x00, 0xC0, 0x0E,
    0x00, 0x60, 0x07, 0xFF, 0xFF, 0xFE, 0x60, 0x02, 0xF3, 0xC7, 0x7F, 0xFE, 0x3F, 0xFC, 0x1C, 0x1C,
    0x38, 0x0C, 0x30, 0x0C, 0x30, 0x0E, 0x30, 0x0C, 0x38, 0x0C, 0x3C, 0x1C, 0x1F, 0xFC, 0x3F, 0xFE,
    0x73, 0xEF, 0xE0, 0x07, 0x40, 0x02, 0xE0, 0x1D, 0xC0, 0x73, 0x03, 0x8E, 0x0C, 0x18, 0x70, 0x71,
    0x80, 0xEE, 0x01, 0xF0, 0x07, 0x80, 0xFF, 0xE3, 0xFF, 0x80, 0xE0, 0x03, 0x80, 0x0E, 0x03, 0xFF,
    0x8F, 0xFE, 0x03, 0x80, 0x0E, 0x00, 0x38, 0x00, 0xFF, 0xFF, 0xC0, 0x3F, 0xFF, 0xFC, 0x03, 0xE0,
    0x1F, 0xF0, 0x70, 0xF1, 0xC0, 0x73, 0x00, 0x07, 0x00, 0x0E, 0x00, 0x0F, 0x80, 0x3F, 0xF0, 0xE1,
    0xF3, 0x80, 0x77, 0x00, 0x7E, 0x00, 0xEE, 0x01, 0xDF, 0x07, 0x0F, 0xFC, 0x07, 0xF0, 0x00, 0xF0,
    0x00, 0xE0, 0x00, 0xC2, 0x01, 0x9E, 0x07, 0x1F, 0x7C, 0x1F, 0xF0, 0x07, 0x80, 0xE7, 0xE7, 0xE7,
    0x03, 0xFE, 0x00, 0xC0, 0x30, 0x18, 0x01, 0x83, 0x02, 0x0C, 0x61, 0xF8, 0x64, 0x3F, 0xC2, 0x43,
    0x0C, 0x3C, 0x60, 0x03, 0xC6, 0x00, 0x18, 0x60, 0x01, 0x86, 0x00, 0x1C, 0x60, 0x03, 0x43, 0x0C,
    0x34, 0x3F, 0xC2, 0x61, 0xF8, 0x63, 0x00, 0x0C, 0x18, 0x01, 0x80, 0xE0, 0x30, 0x03, 0xFE, 0x00,
    0x7D, 0x98, 0x19, 0xFF, 0xF8, 0xF3, 0xFB, 0x20, 0x0E, 0x38, 0x73, 0x87, 0x38, 0x71, 0xC7, 0x1C,
    0x71, 0xC3, 0x9E, 0x0E, 0x70, 0x71, 0xC1, 0xC7, 0x07, 0x1C, 0x1C, 0x70, 0xFF, 0xFF, 0xFF, 0xFF,
    0x80, 0x30, 0x06, 0x00, 0xC0, 0x18, 0xFF, 0xFF, 0xC0, 0x1F, 0xC6, 0x06, 0x4F, 0x28, 0x99, 0x89,
    0x98, 0xF9, 0x8B, 0x18, 0x91, 0x49, 0xB6, 0x06, 0x38, 0xC0, 0xF0, 0xFF, 0xFF, 0xC0, 0x3C, 0x7E,
    0xC3, 0xC1, 0xC1, 0xC3, 0x67, 0x3E, 0x07, 0x00, 0x38, 0x01, 0xC0, 0x0E, 0x00, 0x70, 0x7F, 0xFF,
    0xFF, 0xE0, 0xE0, 0x07, 0x00, 0x38, 0x01, 0xC0, 0x0E, 0x00, 0x00, 0x7F, 0xFF, 0xFF, 0xE0, 0x08,
    0x3E, 0x7F, 0xC3, 0x03, 0x07, 0x0E, 0x0C, 0x18, 0x30, 0x7F, 0x7F, 0xFE, 0xFE, 0x1C, 0x38, 0x78,
    0x3E, 0x06, 0x07, 0xC6, 0xEE, 0x7C, 0x30, 0x27, 0x7E, 0xC0, 0xC0, 0x78, 0x0F, 0x01, 0xE0, 0x3C,
    0x07, 0x80, 0xF0, 0x1E, 0x03, 0xC0, 0x7C, 0x1F, 0x87, 0xFF, 0xBD, 0xE7, 0x80, 0x30, 0x06, 0x00,
    0xC0, 0x18, 0x00, 0x07, 0xFE, 0x3F, 0xFD, 0xFF, 0xFB, 0x86, 0x36, 0x0C, 0x7C, 0x18, 0xF8, 0x31,
    0xB0, 0x63, 0x78, 0xC6, 0x7F, 0x8C, 0x3F, 0x18, 0x06, 0x30, 0x0C, 0x60, 0x18, 0xC0, 0x31, 0x80,
    0x63, 0x00, 0xC6, 0x01, 0x8C, 0x03, 0x18, 0x06, 0x30, 0x0C, 0x60, 0x18, 0xC0, 0x31, 0x80, 0xFF,
    0x80, 0x66, 0x39, 0xE1, 0xFB, 0x80, 0x3F, 0xF7, 0x31, 0x8C, 0x63, 0x18, 0xC6, 0x7C, 0xEE, 0xC6,
    0xC3, 0xC3, 0xC6, 0xEE, 0x7C, 0x10, 0xE7, 0x07, 0x1C, 0x1C, 0x70, 0x71, 0xC1, 0xC7, 0x07, 0x38,
    0x38, 0xE3, 0x8E, 0x1C, 0xE1, 0xCF, 0x1C, 0x71, 0xCF, 0x00, 0x38, 0x01, 0xCF, 0x80, 0x38, 0xF8,
    0x07, 0x09, 0x80, 0x60, 0x18, 0x0E, 0x01, 0x81, 0xC0, 0x18, 0x18, 0x01, 0x83, 0x8E, 0x18, 0x71,
    0xE1, 0x86, 0x1E, 0x18, 0xC3, 0x61, 0x9C, 0x36, 0x03, 0x86, 0x60, 0x30, 0xE6, 0x07, 0x0C, 0x60,
    0xE1, 0xFF, 0x0C, 0x1F, 0xF1, 0x80, 0x06, 0x38, 0x00, 0x60, 0x38, 0x01, 0xC3, 0xE0, 0x0E, 0x0F,
    0x80, 0x70, 0x26, 0x01, 0x80, 0x18, 0x0E, 0x00, 0x60, 0x70, 0x01, 0x81, 0x80, 0x06, 0x0E, 0x38,
    0x18, 0x71, 0xF8, 0x61, 0x8E, 0x61, 0x8C, 0x11, 0x86, 0x70, 0x06, 0x03, 0x80, 0x38, 0x0C, 0x01,
    0xC0, 0x70, 0x06, 0x03, 0x80, 0x30, 0x0C, 0x01, 0x80, 0x60, 0x0F, 0xF3, 0x80, 0x3F, 0xC0, 0xFE,
    0x00, 0xE3, 0xF8, 0x07, 0x00, 0xC0, 0x18, 0x06, 0x00, 0xE0, 0x30, 0x07, 0x01, 0xF8, 0x18, 0x00,
    0x60, 0xC0, 0x01, 0xC7, 0x1C, 0x87, 0x18, 0xF3, 0x18, 0xC3, 0xCF, 0xE7, 0x1F, 0x0E, 0x38, 0x6C,
    0x00, 0xC3, 0xB0, 0x07, 0x0C, 0xC0, 0x38, 0x63, 0x00, 0xC1, 0xFF, 0x06, 0x07, 0xFC, 0x38, 0x00,
    0xC1, 0xC0, 0x03, 0x00, 0x0E, 0x01, 0xC0, 0x38, 0x00, 0x00, 0x00, 0x00, 0x03, 0x00, 0x60, 0x0C,
    0x01, 0x80, 0x70, 0x1C, 0x07, 0x01, 0xC0, 0x38, 0x07, 0x06, 0xE1, 0xEF, 0xF8, 0xFE, 0x06, 0x00,
    0x01, 0x00, 0x01, 0xC0, 0x00, 0x70, 0x00, 0x18, 0x00, 0x04, 0x00, 0x0E, 0x00, 0x07, 0x00, 0x07,
    0xC0, 0x03, 0xE0, 0x01, 0xB0, 0x01, 0xDC, 0x00, 0xE6, 0x00, 0x63, 0x00, 0x71, 0xC0, 0x30, 0x60,
    0x38, 0x38, 0x1F, 0xFC, 0x0F, 0xFE, 0x0E, 0x03, 0x87, 0x01, 0xC3, 0x00, 0x63, 0x80, 0x39, 0xC0,
    0x0D, 0xC0, 0x07, 0x00, 0x40, 0x00, 0x70, 0x00, 0x70, 0x00, 0x30, 0x00, 0x10, 0x00, 0x0E, 0x00,
    0x07, 0x00, 0x07, 0xC0, 0x03, 0xE0, 0x01, 0xB0, 0x01, 0xDC, 0x00, 0xE6, 0x00, 0x63, 0x00, 0x71,
    0xC0, 0x30, 0x60, 0x38, 0x38, 0x1F, 0xFC, 0x0F, 0xFE, 0x0E, 0x03, 0x87, 0x01, 0xC3, 0x00, 0x63,
    0x80, 0x39, 0xC0, 0x0D, 0xC0, 0x07, 0x01, 0xC0, 0x01, 0xF0, 0x01, 0xCC, 0x00, 0x44, 0x00, 0x1C,
    0x00, 0x0E, 0x00, 0x0F, 0x80, 0x07, 0xC0, 0x03, 0x60, 0x03, 0xB8, 0x01, 0xCC, 0x00, 0xC6, 0x00,
    0xE3, 0x80, 0x60, 0xC0, 0x70, 0x70, 0x3F, 0xF8, 0x1F, 0xFC, 0x1C, 0x07, 0x0E, 0x03, 0x86, 0x00,
    0xC7, 0x00, 0x73, 0x80, 0x1B, 0x80, 0x0E, 0x03, 0x10, 0x03, 0xF8, 0x01, 0xBC, 0x00, 0x00, 0x00,
    0x1C, 0x00, 0x0E, 0x00, 0x0F, 0x80, 0x07, 0xC0, 0x03, 0x60, 0x03, 0xB8, 0x01, 0xCC, 0x00, 0xC6,
    0x00, 0xE3, 0x80, 0x60, 0xC0, 0x70, 0x70, 0x3F, 0xF8, 0x1F, 0xFC, 0x1C, 0x07, 0x0E, 0x03, 0x86,
    0x00, 0xC7, 0x00, 0x73, 0x80, 0x1B, 0x80, 0x0E, 0x06, 0x30, 0x07, 0x1C, 0x01, 0x8E, 0x00, 0x00,
    0x00, 0x1C, 0x00, 0x0E, 0x00, 0x0F, 0x80, 0x07, 0xC0, 0x03, 0x60, 0x03, 0xB8, 0x01, 0xCC, 0x00,
    0xC6, 0x00, 0xE3, 0x80, 0x60, 0xC0, 0x70, 0x70, 0x3F, 0xF8, 0x1F, 0xFC, 0x1C, 0x07, 0x0E, 0x03,
    0x86, 0x00, 0xC7, 0x00, 0x73, 0x80, 0x1B, 0x80, 0x0E, 0x00, 0x80, 0x01, 0xF0, 0x00, 0x88, 0x00,
    0x44, 0x00, 0x3E, 0x00, 0x0E, 0x00, 0x07, 0x00, 0x03, 0x80, 0x03, 0xE0, 0x01, 0xF0, 0x00, 0xD8,
    0x00, 0xEE, 0x00, 0x73, 0x00, 0x31, 0x80, 0x38, 0xE0, 0x18, 0x30, 0x1C, 0x1C, 0x0F, 0xFE, 0x07,
    0xFF, 0x07, 0x01, 0xC3, 0x80, 0xE1, 0x80, 0x31, 0xC0, 0x1C, 0xE0, 0x06, 0xE0, 0x03, 0x80, 0x00,
    0x1F, 0xFF, 0x00, 0x3F, 0xFF, 0x00, 0x3F, 0xFF, 0x00, 0x76, 0x00, 0x00, 0x66, 0x00, 0x00, 0xE6,
    0x00, 0x01, 0xC6, 0x00, 0x01, 0xC6, 0x00, 0x03, 0x87, 0xFE, 0x07, 0x07, 0xFE, 0x07, 0x07, 0xFE,
    0x0F, 0xFE, 0x00, 0x0F, 0xFE, 0x00, 0x1C, 0x06, 0x00, 0x38, 0x06, 0x00, 0x38, 0x06, 0x00, 0x70,
    0x06, 0x00, 0x60, 0x07, 0xFF, 0xE0, 0x07, 0xFF, 0x03, 0xF0, 0x0F, 0xFC, 0x1F, 0x3E, 0x38, 0x0F,
    0x70, 0x04, 0x70, 0x00, 0x60, 0x00, 0xE0, 0x00, 0xE0, 0x00, 0xE0, 0x00, 0xE0, 0x00, 0xE0, 0x00,
    0x60, 0x00, 0x70, 0x00, 0x70, 0x00, 0x38, 0x07, 0x3C, 0x1E, 0x1F, 0xFC, 0x07, 0xF8, 0x01, 0x80,
    0x01, 0xC0, 0x01, 0xF0, 0x00, 0x30, 0x01, 0xE0, 0x01, 0xC0, 0x08, 0x01, 0xC0, 0x0E, 0x00, 0x70,
    0x02, 0x0F, 0xFF, 0xFF, 0xFF, 0xFF, 0xC0, 0x0C, 0x00, 0xC0, 0x0C, 0x00, 0xC0, 0x0F, 0xFE, 0xFF,
    0xEF, 0xFE, 0xC0, 0x0C, 0x00, 0xC0, 0x0C, 0x00, 0xC0, 0x0C, 0x00, 0xFF, 0xFF, 0xFF, 0x02, 0x00,
    0x38, 0x07, 0x00, 0xC0, 0x04, 0x0F, 0xFF, 0xFF, 0xFF, 0xFF, 0xC0, 0x0C, 0x00, 0xC0, 0x0C, 0x00,
    0xC0, 0x0F, 0xFE, 0xFF, 0xEF, 0xFE, 0xC0, 0x0C, 0x00, 0xC0, 0x0C, 0x00, 0xC0, 0x0C, 0x00, 0xFF,
    0xFF, 0xFF, 0x0F, 0x01, 0xF0, 0x39, 0x81, 0x08, 0xFF, 0xFF, 0xFF, 0xFF, 0xFC, 0x00, 0xC0, 0x0C,
    0x00, 0xC0, 0x0C, 0x00, 0xFF, 0xEF, 0xFE, 0xFF, 0xEC, 0x00, 0xC0, 0x0C, 0x00, 0xC0, 0x0C, 0x00,
    0xC0, 0x0F, 0xFF, 0xFF, 0xF0, 0x30, 0x83, 0x9C, 0x39, 0xC0, 0x00, 0xFF, 0xFF, 0xFF, 0xFF, 0xFC,
    0x00, 0xC0, 0x0C, 0x00, 0xC0, 0x0C, 0x00, 0xFF, 0xEF, 0xFE, 0xFF, 0xEC, 0x00, 0xC0, 0x0C, 0x00,
    0xC0, 0x0C, 0x00, 0xC0, 0x0F, 0xFF, 0xFF, 0xF0, 0x27, 0x9C, 0x31, 0x18, 0xC6, 0x31, 0x8C, 0x63,
    0x18, 0xC6, 0x31, 0x8C, 0x63, 0x18, 0xC6, 0x11, 0xDD, 0xC4, 0x31, 0x8C, 0x63, 0x18, 0xC6, 0x31,
    0x8C, 0x63, 0x18, 0xC6, 0x31, 0x8C, 0x78, 0xFB, 0x3C, 0x23, 0x06, 0x0C, 0x18, 0x30, 0x60, 0xC1,
    0x83, 0x06, 0x0C, 0x18, 0x30, 0x60, 0xC1, 0x83, 0x06, 0x0C, 0x00, 0x43, 0xE7, 0xE7, 0x00, 0x18,
    0x18, 0x18, 0x18, 0x18, 0x18, 0x18, 0x18, 0x18, 0x18, 0x18, 0x18, 0x18, 0x18, 0x18, 0x18, 0x18,
    0x18, 0x18, 0x1F, 0xE0, 0x07, 0xFF, 0x01, 0xFF, 0xF0, 0x60, 0x1E, 0x18, 0x03, 0x86, 0x00, 0x71,
    0x80, 0x1C, 0x60, 0x03, 0xFF, 0xC0, 0xFF, 0xF0, 0x31, 0x80, 0x0C, 0x60, 0x03, 0x18, 0x01, 0xC6,
    0x00, 0x71, 0x80, 0x38, 0x60, 0x1E, 0x18, 0x3F, 0x07, 0xFF, 0x81, 0xFF, 0x80, 0x06, 0x20, 0x1F,
    0xC0, 0x67, 0x00, 0x00, 0x0C, 0x00, 0xFC, 0x01, 0xFC, 0x03, 0xFC, 0x07, 0xF8, 0x0F, 0xB8, 0x1F,
    0x38, 0x3E, 0x70, 0x7C, 0x70, 0xF8, 0x71, 0xF0, 0xE3, 0xE0, 0xE7, 0xC0, 0xEF, 0x81, 0xDF, 0x01,
    0xFE, 0x01, 0xFC, 0x03, 0xF8, 0x03, 0xF0, 0x03, 0x80, 0x01, 0x00, 0x01, 0xC0, 0x00, 0x70, 0x00,
    0x1C, 0x00, 0x04, 0x00, 0x1F, 0x80, 0x3F, 0xF0, 0x3E, 0xFC, 0x38, 0x0F, 0x38, 0x03, 0x9C, 0x00,
    0xEC, 0x00, 0x7E, 0x00, 0x1F, 0x00, 0x0F, 0x80, 0x07, 0xC0, 0x03, 0xE0, 0x01, 0xF0, 0x01, 0xD8,
    0x00, 0xEE, 0x00, 0x63, 0x80, 0x71, 0xE0, 0xF0, 0x7F, 0xF0, 0x0F, 0xF0, 0x00, 0x40, 0x00, 0x78,
    0x00, 0x38, 0x00, 0x30, 0x00, 0x08, 0x00, 0x1F, 0x80, 0x3F, 0xF0, 0x3E, 0xFC, 0x38, 0x0F, 0x38,
    0x03, 0x9C, 0x00, 0xEC, 0x00, 0x7E, 0x00, 0x1F, 0x00, 0x0F, 0x80, 0x07, 0xC0, 0x03, 0xE0, 0x01,
    0xF0, 0x01, 0xD8, 0x00, 0xEE, 0x00, 0x63, 0x80, 0x71, 0xE0, 0xF0, 0x7F, 0xF0, 0x0F, 0xF0, 0x01,
    0xE0, 0x01, 0xF0, 0x01, 0xCC, 0x00, 0x42, 0x00, 0x3F, 0x00, 0x7F, 0xE0, 0x7D, 0xF8, 0x70, 0x1E,
    0x70, 0x07, 0x38, 0x01, 0xD8, 0x00, 0xFC, 0x00, 0x3E, 0x00, 0x1F, 0x00, 0x0F, 0x80, 0x07, 0xC0,
    0x03, 0xE0, 0x03, 0xB0, 0x01, 0xDC, 0x00, 0xC7, 0x00, 0xE3, 0xC1, 0xE0, 0xFF, 0xE0, 0x1F, 0xE0,
    0x03, 0x98, 0x03, 0xF8, 0x01, 0xBC, 0x00, 0x00, 0x00, 0x3F, 0x00, 0x7F, 0xE0, 0x7D, 0xF8, 0x70,
    0x1E, 0x70, 0x07, 0x38, 0x01, 0xD8, 0x00, 0xFC, 0x00, 0x3E, 0x00, 0x1F, 0x00, 0x0F, 0x80, 0x07,
    0xC0, 0x03, 0xE0, 0x03, 0xB0, 0x01, 0xDC, 0x00, 0xC7, 0x00, 0xE3, 0xC1, 0xE0, 0xFF, 0xE0, 0x1F,
    0xE0, 0x06, 0x10, 0x03, 0x9C, 0x01, 0x8E, 0x00, 0x00, 0x00, 0x3F, 0x00, 0x7F, 0xE0, 0x7D, 0xF8,
    0x70, 0x1E, 0x70, 0x07, 0x38, 0x01, 0xD8, 0x00, 0xFC, 0x00, 0x3E, 0x00, 0x1F, 0x00, 0x0F, 0x80,
    0x07, 0xC0, 0x03, 0xE0, 0x03, 0xB0, 0x01, 0xDC, 0x00, 0xC7, 0x00, 0xE3, 0xC1, 0xE0, 0xFF, 0xE0,
    0x1F, 0xE0, 0x40, 0x4E, 0x0F, 0x71, 0xE3, 0xBC, 0x1F, 0x80, 0xF0, 0x1F, 0x03, 0xF8, 0x79, 0xCF,
    0x0F, 0x60, 0x64, 0x04, 0x00, 0x00, 0x80, 0x00, 0x70, 0x3F, 0x38, 0x3F, 0xFE, 0x1F, 0x3F, 0x0E,
    0x03, 0xC7, 0x01, 0xF1, 0xC0, 0x6E, 0x60, 0x3B, 0xB8, 0x1C, 0x6E, 0x0E, 0x1B, 0x83, 0x06, 0xE1,
    0xC1, 0xB8, 0xE0, 0x66, 0x70, 0x19, 0x98, 0x0E, 0x7E, 0x03, 0x8F, 0x01, 0xC3, 0xC0, 0xE1, 0xFF,
    0xF0, 0x77, 0xF8, 0x38, 0x00, 0x0C, 0x00, 0x00, 0x04, 0x00, 0x38, 0x00, 0x70, 0x00, 0xE0, 0x01,
    0x03, 0x00, 0x7C, 0x01, 0xF0, 0x07, 0xC0, 0x1F, 0x00, 0x7C, 0x01, 0xF0, 0x07, 0xC0, 0x1F, 0x00,
    0x7C, 0x01, 0xF0, 0x07, 0xC0, 0x1F, 0x00, 0x7E, 0x01, 0xF8, 0x07, 0x60, 0x39, 0xE1, 0xE3, 0xFF,
    0x07, 0xF8, 0x01, 0x00, 0x07, 0x00, 0x38, 0x01, 0x80, 0x02, 0x03, 0x00, 0x7C, 0x01, 0xF0, 0x07,
    0xC0, 0x1F, 0x00, 0x7C, 0x01, 0xF0, 0x07, 0xC0, 0x1F, 0x00, 0x7C, 0x01, 0xF0, 0x07, 0xC0, 0x1F,
    0x00, 0x7E, 0x01, 0xF8, 0x07, 0x60, 0x39, 0xE1, 0xE3, 0xFF, 0x07, 0xF8, 0x07, 0x80, 0x3F, 0x01,
    0xCE, 0x02, 0x10, 0xC0, 0x1F, 0x00, 0x7C, 0x01, 0xF0, 0x07, 0xC0, 0x1F, 0x00, 0x7C, 0x01, 0xF0,
    0x07, 0xC0, 0x1F, 0x00, 0x7C, 0x01, 0xF0, 0x07, 0xC0, 0x1F, 0x80, 0x7E, 0x01, 0xD8, 0x0E, 0x78,
    0x78, 0xFF, 0xC1, 0xFE, 0x00, 0x18, 0x40, 0x73, 0x81, 0xCE, 0x00, 0x00, 0xC0, 0x1F, 0x00, 0x7C,
    0x01, 0xF0, 0x07, 0xC0, 0x1F, 0x00, 0x7C, 0x01, 0xF0, 0x07, 0xC0, 0x1F, 0x00, 0x7C, 0x01, 0xF0,
    0x07, 0xC0, 0x1F, 0x80, 0x7E, 0x01, 0xD8, 0x0E, 0x78, 0x78, 0xFF, 0xC1, 0xFE, 0x00, 0x00, 0x80,
    0x00, 0xE0, 0x01, 0xC0, 0x03, 0x80, 0x01, 0x00, 0xE0, 0x07, 0x70, 0x0E, 0x70, 0x0E, 0x38, 0x1C,
    0x18, 0x18, 0x1C, 0x38, 0x0C, 0x70, 0x0E, 0x70, 0x07, 0xE0, 0x07, 0xC0, 0x03, 0xC0, 0x01, 0x80,
    0x01, 0x80, 0x01, 0x80, 0x01, 0x80, 0x01, 0x80, 0x01, 0x80, 0x01, 0x80, 0x01, 0x80, 0xC0, 0x06,
    0x00, 0x30, 0x01, 0x80, 0x0F, 0xFC, 0x7F, 0xFB, 0x01, 0xD8, 0x07, 0xC0, 0x3E, 0x00, 0xF0, 0x0F,
    0x80, 0x7C, 0x07, 0x7F, 0xFB, 0xFF, 0x18, 0x00, 0xC0, 0x06, 0x00, 0x30, 0x00, 0x1F, 0x07, 0xF8,
    0xF3, 0xCE, 0x1C, 0xC0, 0xCC, 0x0C, 0xC0, 0xCC, 0x1C, 0xC7, 0x8C, 0x78, 0xC7, 0xEC, 0x06, 0xC0,
    0x7C, 0x03, 0xC0, 0x3C, 0x07, 0xC0, 0xFC, 0xFE, 0xCF, 0xC0, 0x08, 0x07, 0x00, 0x70, 0x07, 0x00,
    0x60, 0x00, 0x03, 0xC1, 0xFC, 0x7B, 0xC4, 0x1C, 0x03, 0x80, 0x31, 0xFE, 0xFF, 0xFC, 0x1F, 0x03,
    0xC0, 0xFC, 0x3F, 0xFD, 0xBF, 0x30, 0x01, 0x00, 0x60, 0x0E, 0x03, 0x80, 0xE0, 0x00, 0x03, 0xC1,
    0xFC, 0x7B, 0xC4, 0x1C, 0x03, 0x80, 0x31, 0xFE, 0xFF, 0xFC, 0x1F, 0x03, 0xC0, 0xFC, 0x3F, 0xFD,
    0xBF, 0x30, 0x0E, 0x01, 0xE0, 0x7C, 0x1C, 0xC1, 0x08, 0x1E, 0x0F, 0xE3, 0xDE, 0x20, 0xE0, 0x1C,
    0x01, 0x8F, 0xF7, 0xFF, 0xE0, 0xF8, 0x1E, 0x07, 0xE1, 0xFF, 0xED, 0xF9, 0x80, 0x1C, 0xC7, 0xF0,
    0xDE, 0x00, 0x00, 0xF0, 0x7F, 0x1E, 0xF1, 0x07, 0x00, 0xE0, 0x0C, 0x7F, 0xBF, 0xFF, 0x07, 0xC0,
    0xF0, 0x3F, 0x0F, 0xFF, 0x6F, 0xCC, 0x31, 0x87, 0x38, 0xE7, 0x00, 0x00, 0xF0, 0x7F, 0x1E, 0xF1,
    0x07, 0x00, 0xE0, 0x0C, 0x7F, 0xBF, 0xFF, 0x07, 0xC0, 0xF0, 0x3F, 0x0F, 0xFF, 0x6F, 0xCC, 0x0E,
    0x03, 0xE0, 0x64, 0x0C, 0x80, 0xF0, 0x08, 0x03, 0xC1, 0xFC, 0x7B, 0xC4, 0x1C, 0x03, 0x80, 0x31,
    0xFE, 0xFF, 0xFC, 0x1F, 0x03, 0xC0, 0xFC, 0x3F, 0xFD, 0xBF, 0x30, 0x0E, 0x07, 0x03, 0xF9, 0xFE,
    0x7B, 0xFC, 0xE2, 0x0F, 0x07, 0x00, 0xE0, 0x30, 0x06, 0x03, 0x1F, 0xFF, 0xF7, 0xFF, 0xFF, 0xF0,
    0x60, 0x0E, 0x06, 0x00, 0xC0, 0xF0, 0x2E, 0x1F, 0x87, 0xFF, 0xBF, 0xF7, 0xF0, 0xFC, 0x0F, 0x03,
    0xFC, 0x7D, 0xE7, 0x07, 0xE0, 0x0E, 0x00, 0xE0, 0x0E, 0x00, 0xE0, 0x0E, 0x00, 0x60, 0x47, 0x0F,
    0x3F, 0xE1, 0xFC, 0x06, 0x00, 0x70, 0x0F, 0x80, 0x18, 0x07, 0x80, 0x60, 0x08, 0x01, 0xC0, 0x1C,
    0x00, 0xE0, 0x07, 0x00, 0x00, 0x07, 0x03, 0xFC, 0x79, 0xE7, 0x07, 0xE0, 0x7E, 0x03, 0xFF, 0xFF,
    0xFF, 0xE0, 0x0E, 0x00, 0x60, 0x47, 0x07, 0x3F, 0xE1, 0xFC, 0x01, 0x00, 0x18, 0x03, 0x80, 0x70,
    0x06, 0x00, 0x00, 0x07, 0x03, 0xFC, 0x79, 0xE7, 0x07, 0xE0, 0x7E, 0x03, 0xFF, 0xFF, 0xFF, 0xE0,
    0x0E, 0x00, 0x60, 0x47, 0x07, 0x3F, 0xE1, 0xFC, 0x06, 0x00, 0xF0, 0x1F, 0x81, 0x9C, 0x10, 0x80,
    0x70, 0x3F, 0xC7, 0x9E, 0x70, 0x7E, 0x07, 0xE0, 0x3F, 0xFF, 0xFF, 0xFE, 0x00, 0xE0, 0x06, 0x04,
    0x70, 0x73, 0xFE, 0x1F, 0xC0, 0x18, 0xC3, 0x9C, 0x39, 0xC0, 0x00, 0x07, 0x03, 0xFC, 0x79, 0xE7,
    0x07, 0xE0, 0x7E, 0x03, 0xFF, 0xFF, 0xFF, 0xE0, 0x0E, 0x00, 0x60, 0x47, 0x07, 0x3F, 0xE1, 0xFC,
    0x4C, 0xE7, 0x30, 0x03, 0x33, 0x33, 0x33, 0x33, 0x33, 0x33, 0x27, 0x7E, 0xC0, 0x0C, 0xCC, 0xCC,
    0xCC, 0xCC, 0xCC, 0xCC, 0x18, 0x3C, 0x7E, 0xE7, 0x42, 0x00, 0x18, 0x18, 0x18, 0x18, 0x18, 0x18,
    0x18, 0x18, 0x18, 0x18, 0x18, 0x18, 0x18, 0xE7, 0xE7, 0xE7, 0x00, 0x00, 0x18, 0x18, 0x18, 0x18,
    0x18, 0x18, 0x18, 0x18, 0x18, 0x18, 0x18, 0x18, 0x18, 0x04, 0x00, 0xE6, 0x07, 0xE0, 0xF8, 0x3F,
    0xC3, 0x8C, 0x04, 0xE3, 0xFE, 0x7F, 0xF7, 0x0F, 0xE0, 0x7E, 0x03, 0xE0, 0x3E, 0x03, 0xE0, 0x7E,
    0x07, 0x70, 0xE3, 0xFC, 0x1F, 0x80, 0x18, 0x87, 0xF0, 0x9C, 0x00, 0x00, 0x71, 0xBF, 0xBE, 0xF7,
    0x07, 0xC0, 0xF8, 0x0F, 0x01, 0xE0, 0x3C, 0x07, 0x80, 0xF0, 0x1E, 0x03, 0xC0, 0x78, 0x0C, 0x08,
    0x00, 0xE0, 0x03, 0x00, 0x0C, 0x00, 0x30, 0x00, 0x00, 0x3C, 0x07, 0xF8, 0x7F, 0xE3, 0x83, 0xB8,
    0x1D, 0xC0, 0x6E, 0x03, 0x70, 0x1F, 0x80, 0xDC, 0x06, 0x60, 0x73, 0x87, 0x8F, 0xF8, 0x3F, 0x80,
    0x01, 0x00, 0x0E, 0x00, 0xE0, 0x0E, 0x00, 0x60, 0x00, 0x00, 0x3C, 0x07, 0xF8, 0x7F, 0xE3, 0x83,
    0xB8, 0x1D, 0xC0, 0x6E, 0x03, 0x70, 0x1F, 0x80, 0xDC, 0x06, 0x60, 0x73, 0x87, 0x8F, 0xF8, 0x3F,
    0x80, 0x07, 0x00, 0x78, 0x07, 0x60, 0x31, 0x81, 0x08, 0x07, 0x80, 0xFF, 0x0F, 0xFC, 0x70, 0x77,
    0x03, 0xB8, 0x0D, 0xC0, 0x6E, 0x03, 0xF0, 0x1B, 0x80, 0xCC, 0x0E, 0x70, 0xF1, 0xFF, 0x07, 0xF0,
    0x0C, 0x40, 0xFE, 0x0C, 0xE0, 0x00, 0x00, 0xF0, 0x1F, 0xE1, 0xFF, 0x8E, 0x0E, 0xE0, 0x77, 0x01,
    0xB8, 0x0D, 0xC0, 0x7E, 0x03, 0x70, 0x19, 0x81, 0xCE, 0x1E, 0x3F, 0xE0, 0xFE, 0x00, 0x18, 0xC1,
    0xCE, 0x06, 0x30, 0x00, 0x00, 0xF0, 0x1F, 0xE1, 0xFF, 0x8E, 0x0E, 0xE0, 0x77, 0x01, 0xB8, 0x0D,
    0xC0, 0x7E, 0x03, 0x70, 0x19, 0x81, 0xCE, 0x1E, 0x3F, 0xE0, 0xFE, 0x00, 0x0E, 0x00, 0xE0, 0x00,
    0x00, 0x00, 0x00, 0x0F, 0xFF, 0xFF, 0xF0, 0x00, 0x00, 0x00, 0xE0, 0x0E, 0x00, 0xE0, 0x00, 0x08,
    0x1E, 0x71, 0xFF, 0x8F, 0xBC, 0x38, 0x79, 0xC3, 0xE7, 0x1D, 0x98, 0x66, 0x63, 0x9D, 0xDC, 0x67,
    0xE1, 0x8F, 0x0E, 0x38, 0x78, 0xFF, 0xC7, 0xFE, 0x38, 0x00, 0x20, 0x00, 0x08, 0x07, 0x00, 0x70,
    0x06, 0x00, 0x60, 0x00, 0x00, 0x06, 0x03, 0xC0, 0x78, 0x0F, 0x01, 0xE0, 0x3C, 0x07, 0x80, 0xF0,
    0x1E, 0x03, 0xC0, 0xFC, 0x3D, 0xFD, 0xBF, 0x30, 0x02, 0x00, 0x70, 0x1C, 0x03, 0x00, 0xC0, 0x00,
    0x00, 0x06, 0x03, 0xC0, 0x78, 0x0F, 0x01, 0xE0, 0x3C, 0x07, 0x80, 0xF0, 0x1E, 0x03, 0xC0, 0xFC,
    0x3D, 0xFD, 0xBF, 0x30, 0x0E, 0x03, 0xC0, 0x6C, 0x18, 0xC1, 0x10, 0x00, 0x30, 0x1E, 0x03, 0xC0,
    0x78, 0x0F, 0x01, 0xE0, 0x3C, 0x07, 0x80, 0xF0, 0x1E, 0x07, 0xE1, 0xEF, 0xED, 0xF9, 0x80, 0x31,
    0x8E, 0x78, 0xC6, 0x00, 0x00, 0x01, 0x80, 0xF0, 0x1E, 0x03, 0xC0, 0x78, 0x0F, 0x01, 0xE0, 0x3C,
    0x07, 0x80, 0xF0, 0x3F, 0x0F, 0x7F, 0x6F, 0xCC, 0x01, 0x00, 0x0E, 0x00, 0xE0, 0x06, 0x00, 0x60,
    0x00, 0x00, 0x00, 0x1C, 0x07, 0x60, 0x33, 0x83, 0x8C, 0x1C, 0x60, 0xC3, 0x8E, 0x0C, 0x60, 0x73,
    0x03, 0xB8, 0x0D, 0x80, 0x7C, 0x01, 0xC0, 0x0E, 0x00, 0x70, 0x03, 0x00, 0x38, 0x01, 0x80, 0x1C,
    0x00, 0xC0, 0x0C, 0x00, 0xC0, 0x0C, 0x00, 0xC0, 0x0C, 0x70, 0xDF, 0xCF, 0xFE, 0xE0, 0xEE, 0x07,
    0xC0, 0x7C, 0x03, 0xC0, 0x3C, 0x07, 0xC0, 0x7E, 0x06, 0xF0, 0xEF, 0xFC, 0xDF, 0x8C, 0x00, 0xC0,
    0x0C, 0x00, 0xC0, 0x0C, 0x00, 0x18, 0xC1, 0xE7, 0x06, 0x30, 0x00, 0x00, 0x00, 0x70, 0x1D, 0x80,
    0xCE, 0x0E, 0x30, 0x71, 0x83, 0x0E, 0x38, 0x31, 0x81, 0xCC, 0x0E, 0xE0, 0x36, 0x01, 0xF0, 0x07,
    0x00, 0x38, 0x01, 0xC0, 0x0C, 0x00, 0xE0, 0x06, 0x00, 0x70, 0x00, 0x07, 0xF0, 0x03, 0xF8, 0x00,
    0x00, 0x00, 0x38, 0x00, 0x1C, 0x00, 0x1F, 0x00, 0x0F, 0x80, 0x06, 0xC0, 0x07, 0x70, 0x03, 0x98,
    0x01, 0x8C, 0x01, 0xC7, 0x00, 0xC1, 0x80, 0xE0, 0xE0, 0x7F, 0xF0, 0x3F, 0xF8, 0x38, 0x0E, 0x1C,
    0x07, 0x0C, 0x01, 0x8E, 0x00, 0xE7, 0x00, 0x37, 0x00, 0x1C, 0x1F, 0x83, 0xF0, 0x00, 0x07, 0x83,
    0xF8, 0xF7, 0x88, 0x38, 0x07, 0x00, 0x63, 0xFD, 0xFF, 0xF8, 0x3E, 0x07, 0x81, 0xF8, 0x7F, 0xFB,
    0x7E, 0x60, 0x06, 0x30, 0x03, 0x18, 0x01, 0xFC, 0x00, 0x7C, 0x00, 0x00, 0x00, 0x0E, 0x00, 0x07,
    0x00, 0x07, 0xC0, 0x03, 0xE0, 0x01, 0xB0, 0x01, 0xDC, 0x00, 0xE6, 0x00, 0x63, 0x00, 0x71, 0xC0,
    0x30, 0x60, 0x38, 0x38, 0x1F, 0xFC, 0x0F, 0xFE, 0x0E, 0x03, 0x87, 0x01, 0xC3, 0x00, 0x63, 0x80,
    0x39, 0xC0, 0x0D, 0xC0, 0x07, 0x30, 0x86, 0x30, 0x7E, 0x07, 0x80, 0x00, 0x1E, 0x0F, 0xE3, 0xDE,
    0x20, 0xE0, 0x1C, 0x01, 0x8F, 0xF7, 0xFF, 0xE0, 0xF8, 0x1E, 0x07, 0xE1, 0xFF, 0xED, 0xF9, 0x80,
    0x01, 0xC0, 0x00, 0x70, 0x00, 0x3E, 0x00, 0x0F, 0x80, 0x03, 0x60, 0x01, 0xDC, 0x00, 0x73, 0x00,
    0x18, 0xC0, 0x0E, 0x38, 0x03, 0x06, 0x01, 0xC1, 0xC0, 0x7F, 0xF0, 0x1F, 0xFC, 0x0E, 0x03, 0x83,
    0x80, 0xE0, 0xC0, 0x18, 0x70, 0x07, 0x1C, 0x00, 0xCE, 0x00, 0x38, 0x00, 0x0C, 0x00, 0x06, 0x00,
    0x01, 0x80, 0x00, 0x60, 0x00, 0x1F, 0x00, 0x03, 0x80, 0x0F, 0x03, 0xFC, 0x79, 0xC2, 0x0E, 0x00,
    0x60, 0x06, 0x1F, 0xE7, 0xFE, 0x70, 0x6E, 0x06, 0xE0, 0xEE, 0x1E, 0x7F, 0x67, 0xE6, 0x00, 0xE0,
    0x1C, 0x01, 0x80, 0x1C, 0x01, 0xF0, 0x07, 0x00, 0x40, 0x00, 0x70, 0x00, 0xE0, 0x01, 0xC0, 0x00,
    0x80, 0x03, 0xF0, 0x0F, 0xFC, 0x1F, 0x3E, 0x38, 0x0F, 0x70, 0x04, 0x70, 0x00, 0x60, 0x00, 0xE0,
    0x00, 0xE0, 0x00, 0xE0, 0x00, 0xE0, 0x00, 0xE0, 0x00, 0x60, 0x00, 0x70, 0x00, 0x70, 0x00, 0x38,
    0x07, 0x3C, 0x1E, 0x1F, 0xFC, 0x07, 0xF8, 0x01, 0x00, 0x1C, 0x03, 0x80, 0x70, 0x06, 0x00, 0x00,
    0x0F, 0x03, 0xFC, 0x7D, 0xE7, 0x07, 0xE0, 0x0E, 0x00, 0xE0, 0x0E, 0x00, 0xE0, 0x0E, 0x00, 0x60,
    0x47, 0x0F, 0x3F, 0xE1, 0xFC, 0x01, 0xE0, 0x03, 0xE0, 0x07, 0x38, 0x02, 0x10, 0x03, 0xF0, 0x0F,
    0xFC, 0x1F, 0x3E, 0x38, 0x0F, 0x70, 0x04, 0x70, 0x00, 0x60, 0x00, 0xE0, 0x00, 0xE0, 0x00, 0xE0,
    0x00, 0xE0, 0x00, 0xE0, 0x00, 0x60, 0x00, 0x70, 0x00, 0x70, 0x00, 0x38, 0x07, 0x3C, 0x1E, 0x1F,
    0xFC, 0x07, 0xF8, 0x07, 0x00, 0xF0, 0x0D, 0x81, 0x8C, 0x10, 0x80, 0xF0, 0x3F, 0xC7, 0xDE, 0x70,
    0x7E, 0x00, 0xE0, 0x0E, 0x00, 0xE0, 0x0E, 0x00, 0xE0, 0x06, 0x04, 0x70, 0xF3, 0xFE, 0x1F, 0xC0,
    0x00, 0x80, 0x01, 0xC0, 0x01, 0xC0, 0x00, 0x00, 0x03, 0xF0, 0x0F, 0xFC, 0x1F, 0x3E, 0x38, 0x0F,
    0x70, 0x04, 0x70, 0x00, 0x60, 0x00, 0xE0, 0x00, 0xE0, 0x00, 0xE0, 0x00, 0xE0, 0x00, 0xE0, 0x00,
    0x60, 0x00, 0x70, 0x00, 0x70, 0x00, 0x38, 0x07, 0x3C, 0x1E, 0x1F, 0xFC, 0x07, 0xF8, 0x07, 0x00,
    0x70, 0x02, 0x00, 0x00, 0x0F, 0x03, 0xFC, 0x7D, 0xE7, 0x07, 0xE0, 0x0E, 0x00, 0xE0, 0x0E, 0x00,
    0xE0, 0x0E, 0x00, 0x60, 0x47, 0x0F, 0x3F, 0xE1, 0xFC, 0x02, 0x10, 0x07, 0x38, 0x03, 0xF0, 0x01,
    0xE0, 0x00, 0x00, 0x03, 0xF0, 0x0F, 0xFC, 0x1F, 0x3E, 0x38, 0x0F, 0x70, 0x04, 0x70, 0x00, 0x60,
    0x00, 0xE0, 0x00, 0xE0, 0x00, 0xE0, 0x00, 0xE0, 0x00, 0xE0, 0x00, 0x60, 0x00, 0x70, 0x00, 0x70,
    0x00, 0x38, 0x07, 0x3C, 0x1E, 0x1F, 0xFC, 0x07, 0xF8, 0x18, 0xC1, 0xD8, 0x0F, 0x80, 0x70, 0x00,
    0x00, 0xF0, 0x3F, 0xC7, 0xDE, 0x70, 0x7E, 0x00, 0xE0, 0x0E, 0x00, 0xE0, 0x0E, 0x00, 0xE0, 0x06,
    0x04, 0x70, 0xF3, 0xFE, 0x1F, 0xC0, 0x10, 0x80, 0x19, 0xC0, 0x0F, 0x80, 0x07, 0x00, 0x00, 0x00,
    0xFF, 0x00, 0xFF, 0xE0, 0xFF, 0xF8, 0xC0, 0x3C, 0xC0, 0x1C, 0xC0, 0x0E, 0xC0, 0x0E, 0xC0, 0x06,
    0xC0, 0x06, 0xC0, 0x07, 0xC0, 0x06, 0xC0, 0x06, 0xC0, 0x06, 0xC0, 0x0E, 0xC0, 0x0E, 0xC0, 0x1C,
    0xC0, 0xF8, 0xFF, 0xF0, 0xFF, 0xC0, 0x00, 0x31, 0x80, 0x19, 0xC0, 0x0C, 0xC0, 0x06, 0x60, 0x03,
    0x30, 0x71, 0x80, 0xFE, 0xC0, 0xFF, 0xE0, 0x70, 0x70, 0x70, 0x38, 0x38, 0x0C, 0x1C, 0x06, 0x0E,
    0x03, 0x07, 0x01, 0x83, 0x80, 0xC0, 0xC0, 0xE0, 0x70, 0xF0, 0x1F, 0xF8, 0x07, 0xEC, 0x00, 0x1F,
    0xE0, 0x07, 0xFF, 0x01, 0xFF, 0xF0, 0x60, 0x1E, 0x18, 0x03, 0x86, 0x00, 0x71, 0x80, 0x1C, 0x60,
    0x03, 0xFF, 0xC0, 0xFF, 0xF0, 0x31, 0x80, 0x0C, 0x60, 0x03, 0x18, 0x01, 0xC6, 0x00, 0x71, 0x80,
    0x38, 0x60, 0x1E, 0x18, 0x3F, 0x07, 0xFF, 0x81, 0xFF, 0x80, 0x00, 0x30, 0x00, 0xC0, 0x3F, 0xC0,
    0xFF, 0x00, 0x30, 0x38, 0xC3, 0xFB, 0x1F, 0xFC, 0x70, 0x73, 0x81, 0xCE, 0x03, 0x38, 0x0C, 0xE0,
    0x33, 0x80, 0xCE, 0x03, 0x18, 0x1C, 0x70, 0xF0, 0xFF, 0xC1, 0xFB, 0x00, 0x3F, 0x83, 0xF8, 0x00,
    0x0F, 0xFF, 0xFF, 0xFF, 0xFF, 0xC0, 0x0C, 0x00, 0xC0, 0x0C, 0x00, 0xC0, 0x0F, 0xFE, 0xFF, 0xEF,
    0xFE, 0xC0, 0x0C, 0x00, 0xC0, 0x0C, 0x00, 0xC0, 0x0C, 0x00, 0xFF, 0xFF, 0xFF, 0x1F, 0x81, 0xF8,
    0x00, 0x00, 0x70, 0x3F, 0xC7, 0x9E, 0x70, 0x7E, 0x07, 0xE0, 0x3F, 0xFF, 0xFF, 0xFE, 0x00, 0xE0,
    0x06, 0x04, 0x70, 0x73, 0xFE, 0x1F, 0xC0, 0x30, 0x83, 0x18, 0x1F, 0x80, 0xF0, 0x00, 0x0F, 0xFF,
    0xFF, 0xFF, 0xFF, 0xC0, 0x0C, 0x00, 0xC0, 0x0C, 0x00, 0xC0, 0x0F, 0xFE, 0xFF, 0xEF, 0xFE, 0xC0,
    0x0C, 0x00, 0xC0, 0x0C, 0x00, 0xC0, 0x0C, 0x00, 0xFF, 0xFF, 0xFF, 0x10, 0xC1, 0x88, 0x1F, 0x80,
    0xF0, 0x00, 0x00, 0x70, 0x3F, 0xC7, 0x9E, 0x70, 0x7E, 0x07, 0xE0, 0x3F, 0xFF, 0xFF, 0xFE, 0x00,
    0xE0, 0x06, 0x04, 0x70, 0x73, 0xFE, 0x1F, 0xC0, 0x06, 0x00, 0xE0, 0x0E, 0x00, 0x00, 0xFF, 0xFF,
    0xFF, 0xFF, 0xFC, 0x00, 0xC0, 0x0C, 0x00, 0xC0, 0x0C, 0x00, 0xFF, 0xEF, 0xFE, 0xFF, 0xEC, 0x00,
    0xC0, 0x0C, 0x00, 0xC0, 0x0C, 0x00, 0xC0, 0x0F, 0xFF, 0xFF, 0xF0, 0x07, 0x00, 0x70, 0x06, 0x00,
    0x00, 0x07, 0x03, 0xFC, 0x79, 0xE7, 0x07, 0xE0, 0x7E, 0x03, 0xFF, 0xFF, 0xFF, 0xE0, 0x0E, 0x00,
    0x60, 0x47, 0x07, 0x3F, 0xE1, 0xFC, 0xFF, 0xF7, 0xFF, 0xBF, 0xFD, 0x80, 0x0C, 0x00, 0x60, 0x03,
    0x00, 0x18, 0x00, 0xFF, 0xE7, 0xFF, 0x3F, 0xF9, 0x80, 0x0C, 0x00, 0x60, 0x03, 0x00, 0x18, 0x00,
    0xC0, 0x07, 0xFF, 0xBF, 0xFC, 0x00, 0xC0, 0x0C, 0x00, 0x60, 0x03, 0x80, 0x1F, 0x00, 0x30, 0x07,
    0x03, 0xFC, 0x79, 0xE7, 0x07, 0xE0, 0x7E, 0x03, 0xFF, 0xFF, 0xFF, 0xE0, 0x0E, 0x00, 0x60, 0x47,
    0x07, 0x3F, 0xE1, 0xFC, 0x03, 0x00, 0x60, 0x06, 0x00, 0x60, 0x07, 0x80, 0x38, 0x10, 0x81, 0x98,
    0x1F, 0x00, 0xE0, 0x00, 0x0F, 0xFF, 0xFF, 0xFF, 0xFF, 0xC0, 0x0C, 0x00, 0xC0, 0x0C, 0x00, 0xC0,
    0x0F, 0xFE, 0xFF, 0xEF, 0xFE, 0xC0, 0x0C, 0x00, 0xC0, 0x0C, 0x00, 0xC0, 0x0C, 0x00, 0xFF, 0xFF,
    0xFF, 0x10, 0xC1, 0x98, 0x0F, 0x80, 0x70, 0x00, 0x00, 0x70, 0x3F, 0xC7, 0x9E, 0x70, 0x7E, 0x07,
    0xE0, 0x3F, 0xFF, 0xFF, 0xFE, 0x00, 0xE0, 0x06, 0x04, 0x70, 0x73, 0xFE, 0x1F, 0xC0, 0x01, 0xC0,
    0x03, 0xE0, 0x07, 0x30, 0x02, 0x10, 0x03, 0xF0, 0x0F, 0xFC, 0x1F, 0x3E, 0x38, 0x0F, 0x70, 0x04,
    0x70, 0x00, 0x60, 0x00, 0xE0, 0x00, 0xE0, 0x00, 0xE0, 0x7F, 0xE0, 0x7F, 0xE0, 0x07, 0xE0, 0x07,
    0x60, 0x07, 0x70, 0x07, 0x38, 0x07, 0x3C, 0x0E, 0x1F, 0xFC, 0x07, 0xF8, 0x06, 0x00, 0xF0, 0x1F,
    0x81, 0x9C, 0x10, 0x80, 0xE0, 0x3F, 0xB7, 0xFF, 0x70, 0x7E, 0x07, 0xE0, 0x3C, 0x03, 0xC0, 0x3E,
    0x03, 0xE0, 0x37, 0x07, 0x78, 0xF3, 0xFB, 0x1F, 0x30, 0x03, 0x20, 0x3E, 0x07, 0x7F, 0xE3, 0xFC,
    0x0E, 0x00, 0x06, 0x30, 0x03, 0xF0, 0x03, 0xE0, 0x00, 0x00, 0x03, 0xF0, 0x0F, 0xFC, 0x1F, 0x3E,
    0x38, 0x0F, 0x70, 0x04, 0x70, 0x00, 0x60, 0x00, 0xE0, 0x00, 0xE0, 0x00, 0xE0, 0x7F, 0xE0, 0x7F,
    0xE0, 0x07, 0xE0, 0x07, 0x60, 0x07, 0x70, 0x07, 0x38, 0x07, 0x3C, 0x0E, 0x1F, 0xFC, 0x07, 0xF8,
    0x10, 0xC1, 0x88, 0x1F, 0x80, 0xF0, 0x00, 0x00, 0xE0, 0x3F, 0xB7, 0xFF, 0x70, 0x7E, 0x07, 0xE0,
    0x3C, 0x03, 0xC0, 0x3E, 0x03, 0xE0, 0x37, 0x07, 0x78, 0xF3, 0xFB, 0x1F, 0x30, 0x03, 0x20, 0x3E,
    0x07, 0x7F, 0xE3, 0xFC, 0x0E, 0x00, 0x00, 0xC0, 0x01, 0xC0, 0x01, 0xC0, 0x00, 0x00, 0x03, 0xF0,
    0x0F, 0xFC, 0x1F, 0x3E, 0x38, 0x0F, 0x70, 0x04, 0x70, 0x00, 0x60, 0x00, 0xE0, 0x00, 0xE0, 0x00,
    0xE0, 0x7F, 0xE0, 0x7F, 0xE0, 0x07, 0xE0, 0x07, 0x60, 0x07, 0x70, 0x07, 0x38, 0x07, 0x3C, 0x0E,
    0x1F, 0xFC, 0x07, 0xF8, 0x06, 0x00, 0x70, 0x06, 0x00, 0x00, 0x0E, 0x03, 0xFB, 0x7F, 0xF7, 0x07,
    0xE0, 0x7E, 0x03, 0xC0, 0x3C, 0x03, 0xE0, 0x3E, 0x03, 0x70, 0x77, 0x8F, 0x3F, 0xB1, 0xF3, 0x00,
    0x32, 0x03, 0xE0, 0x77, 0xFE, 0x3F, 0xC0, 0xE0, 0x03, 0xF0, 0x0F, 0xFC, 0x1F, 0x3E, 0x38, 0x0F,
    0x70, 0x04, 0x70, 0x00, 0x60, 0x00, 0xE0, 0x00, 0xE0, 0x00, 0xE0, 0x7F, 0xE0, 0x7F, 0xE0, 0x07,
    0xE0, 0x07, 0x60, 0x07, 0x70, 0x07, 0x38, 0x07, 0x3C, 0x0E, 0x1F, 0xFC, 0x07, 0xF8, 0x00, 0x00,
    0x00, 0xC0, 0x01, 0xC0, 0x00, 0xC0, 0x00, 0x40, 0x00, 0x80, 0x00, 0x80, 0x02, 0x00, 0x60, 0x04,
    0x00, 0x60, 0x07, 0x00, 0x60, 0x00, 0x00, 0xE0, 0x3F, 0xB7, 0xFF, 0x70, 0x7E, 0x07, 0xE0, 0x3C,
    0x03, 0xC0, 0x3E, 0x03, 0xE0, 0x37, 0x07, 0x78, 0xF3, 0xFB, 0x1F, 0x30, 0x03, 0x20, 0x3E, 0x07,
    0x7F, 0xE3, 0xFC, 0x0E, 0x00, 0x07, 0x80, 0x1F, 0x00, 0xCE, 0x02, 0x10, 0xC0, 0x0F, 0x00, 0x3C,
    0x00, 0xF0, 0x03, 0xC0, 0x0F, 0x00, 0x3C, 0x00, 0xF0, 0x03, 0xFF, 0xFF, 0xFF, 0xFF, 0xFF, 0xF0,
    0x03, 0xC0, 0x0F, 0x00, 0x3C, 0x00, 0xF0, 0x03, 0xC0, 0x0F, 0x00, 0x3C, 0x00, 0xC0, 0x38, 0x00,
    0xF0, 0x06, 0xE0, 0x31, 0xC0, 0x00, 0x00, 0x60, 0x01, 0x80, 0x06, 0x00, 0x18, 0x00, 0x60, 0x01,
    0x8E, 0x06, 0xFE, 0x1F, 0x78, 0x70, 0x71, 0x81, 0xC6, 0x03, 0x18, 0x0C, 0x60, 0x31, 0x80, 0xC6,
    0x03, 0x18, 0x0C, 0x60, 0x31, 0x80, 0xC6, 0x03, 0x38, 0x03, 0x87, 0x00, 0x70, 0xE0, 0x0E, 0x7F,
    0xFF, 0xFF, 0xFF, 0xFE, 0x70, 0x07, 0x0E, 0x00, 0xE1, 0xC0, 0x1C, 0x3F, 0xFF, 0x87, 0xFF, 0xF0,
    0xFF, 0xFE, 0x1C, 0x01, 0xC3, 0x80, 0x38, 0x70, 0x07, 0x0E, 0x00, 0xE1, 0xC0, 0x1C, 0x38, 0x03,
    0x87, 0x00, 0x70, 0xE0, 0x0E, 0x00, 0x30, 0x01, 0x80, 0x3F, 0xC1, 0xFE, 0x03, 0x00, 0x18, 0xE0,
    0xDF, 0xC7, 0xFE, 0x38, 0x39, 0xC0, 0xCC, 0x06, 0x60, 0x33, 0x01, 0x98, 0x0C, 0xC0, 0x66, 0x03,
    0x30, 0x19, 0x80, 0xCC, 0x06, 0x33, 0x7F, 0xCE, 0x00, 0x18, 0x18, 0x18, 0x18, 0x18, 0x18, 0x18,
    0x18, 0x18, 0x18, 0x18, 0x18, 0x18, 0x18, 0x18, 0x18, 0x18, 0x18, 0x18, 0x73, 0x7F, 0xCE, 0x00,
    0x00, 0x18, 0x18, 0x18, 0x18, 0x18, 0x18, 0x18, 0x18, 0x18, 0x18, 0x18, 0x18, 0x18, 0xFF, 0xFC,
    0x01, 0x83, 0x06, 0x0C, 0x18, 0x30, 0x60, 0xC1, 0x83, 0x06, 0x0C, 0x18, 0x30, 0x60, 0xC1, 0x83,
    0x06, 0x00, 0xFF, 0xFF, 0xC0, 0x00, 0xC3, 0x0C, 0x30, 0xC3, 0x0C, 0x30, 0xC3, 0x0C, 0x30, 0xC0,
    0x87, 0x8F, 0xF3, 0xC0, 0x06, 0x0C, 0x18, 0x30, 0x60, 0xC1, 0x83, 0x06, 0x0C, 0x18, 0x30, 0x60,
    0xC1, 0x83, 0x06, 0x0C, 0x18, 0x85, 0x9B, 0xF3, 0xC0, 0x00, 0x0C, 0x18, 0x30, 0x60, 0xC1, 0x83,
    0x06, 0x0C, 0x18, 0x30, 0x60, 0xC0, 0x31, 0x8C, 0x63, 0x18, 0xC6, 0x31, 0x8C, 0x63, 0x18, 0xC6,
    0x31, 0x8C, 0xE6, 0x63, 0x8F, 0x38, 0x39, 0xCC, 0x00, 0x00, 0xC6, 0x31, 0x8C, 0x63, 0x18, 0xC6,
    0x31, 0x8C, 0xE6, 0x63, 0x8F, 0x38, 0xDF, 0x8D, 0xB6, 0xDB, 0x6D, 0xB6, 0xDB, 0x6D, 0xB0, 0xFF,
    0xFF, 0xFF, 0xC0, 0xC0, 0x0F, 0x80, 0x1F, 0x00, 0x3E, 0x00, 0x7C, 0x00, 0xF8, 0x01, 0xF0, 0x03,
    0xE0, 0x07, 0xC0, 0x0F, 0x80, 0x1F, 0x00, 0x3E, 0x00, 0x7C, 0x00, 0xF8, 0x01, 0xF0, 0x03, 0xE1,
    0x07, 0xC7, 0x1F, 0x87, 0xFB, 0x07, 0xE0, 0xC3, 0xF1, 0xF0, 0xE0, 0x00, 0x00, 0x03, 0x0F, 0x87,
    0xC3, 0xE1, 0xF0, 0xF8, 0x7C, 0x3E, 0x1F, 0x0F, 0x87, 0xC3, 0xE1, 0xF0, 0xE0, 0x70, 0x38, 0x1C,
    0x7E, 0x3E, 0x0C, 0x00, 0x01, 0xC0, 0x3E, 0x06, 0x70, 0x42, 0x01, 0xC0, 0x1C, 0x01, 0xC0, 0x1C,
    0x01, 0xC0, 0x1C, 0x01, 0xC0, 0x1C, 0x01, 0xC0, 0x1C, 0x01, 0xC0, 0x1C, 0x01, 0xC0, 0x1C, 0x01,
    0xCC, 0x18, 0xE3, 0x8F, 0xF8, 0x7F, 0x00, 0x1C, 0x3C, 0x7E, 0x63, 0x42, 0x00, 0x18, 0x18, 0x18,
    0x18, 0x18, 0x18, 0x18, 0x18, 0x18, 0x18, 0x18, 0x18, 0x18, 0x18, 0x18, 0x18, 0xF8, 0xF8, 0xE0,
    0xC0, 0x1F, 0x00, 0xEC, 0x07, 0x30, 0x38, 0xC1, 0xC3, 0x0E, 0x0C, 0x70, 0x33, 0x80, 0xDE, 0x03,
    0xFC, 0x0F, 0x70, 0x38, 0xE0, 0xC1, 0xC3, 0x07, 0x8C, 0x0E, 0x30, 0x1C, 0xC0, 0x7B, 0x00, 0xEC,
    0x01, 0xC0, 0x00, 0x03, 0x00, 0x1C, 0x00, 0x70, 0x00, 0x40, 0x06, 0x00, 0x08, 0x00, 0xC0, 0x18,
    0x03, 0x00, 0x60, 0x0C, 0x01, 0x80, 0x70, 0x76, 0x1C, 0xC7, 0x19, 0xC3, 0x70, 0x7E, 0x0F, 0xE1,
    0xCC, 0x31, 0xC6, 0x1C, 0xC3, 0x98, 0x3B, 0x03, 0x80, 0x00, 0xC0, 0x38, 0x07, 0x00, 0x20, 0x08,
    0x01, 0x00, 0x00, 0x58, 0x7B, 0x1F, 0x67, 0x0C, 0xC1, 0xB8, 0x3E, 0x07, 0xC0, 0xFC, 0x1B, 0xC3,
    0x3C, 0x63, 0x8C, 0x39, 0x83, 0xC0, 0x10, 0x01, 0xC0, 0x1C, 0x01, 0xC0, 0x04, 0x00, 0x30, 0x01,
    0x80, 0x0C, 0x00, 0x60, 0x03, 0x00, 0x18, 0x00, 0xC0, 0x06, 0x00, 0x30, 0x01, 0x80, 0x0C, 0x00,
    0x60, 0x03, 0x00, 0x18, 0x00, 0xC0, 0x06, 0x00, 0x30, 0x01, 0xFF, 0xEF, 0xFF, 0x27, 0x6C, 0x80,
    0xCC, 0xCC, 0xCC, 0xCC, 0xCC, 0xCC, 0xCC, 0xCC, 0xCF, 0xF0, 0xC0, 0x0C, 0x00, 0xC0, 0x0C, 0x00,
    0xC0, 0x0C, 0x00, 0xC0, 0x0C, 0x00, 0xC0, 0x0C, 0x00, 0xC0, 0x0C, 0x00, 0xC0, 0x0C, 0x00, 0xC0,
    0x0C, 0x00, 0xC0, 0x0F, 0xFF, 0xFF, 0xF0, 0x00, 0x06, 0x00, 0xF0, 0x07, 0x00, 0x20, 0x06, 0x00,
    0x40, 0xCC, 0xCC, 0xCC, 0xCC, 0xCC, 0xCC, 0xCC, 0xCC, 0xCF, 0xF0, 0x6E, 0x62, 0x64, 0xC6, 0x0C,
    0xE0, 0xCC, 0x0C, 0xC0, 0xCC, 0x0C, 0x00, 0xC0, 0x0C, 0x00, 0xC0, 0x0C, 0x00, 0xC0, 0x0C, 0x00,
    0xC0, 0x0C, 0x00, 0xC0, 0x0C, 0x00, 0xC0, 0x0F, 0xFF, 0xFF, 0xF0, 0xCF, 0x9B, 0x36, 0x6C, 0x98,
    0x30, 0x60, 0xC1, 0x83, 0x06, 0x0C, 0x18, 0x30, 0x60, 0xC1, 0xE3, 0xC0, 0xC0, 0x0C, 0x00, 0xC0,
    0x0C, 0x00, 0xC0, 0x0C, 0x00, 0xC0, 0x0C, 0x30, 0xC3, 0x8C, 0x30, 0xC0, 0x0C, 0x00, 0xC0, 0x0C,
    0x00, 0xC0, 0x0C, 0x00, 0xC0, 0x0F, 0xFF, 0xFF, 0xF0, 0xC1, 0x83, 0x06, 0x0C, 0x18, 0x30, 0x60,
    0xCF, 0x9F, 0x16, 0x0C, 0x18, 0x30, 0x60, 0xC1, 0xE3, 0xC0, 0x38, 0x00, 0xE0, 0x03, 0x80, 0x0E,
    0x00, 0x38, 0x00, 0xE0, 0x03, 0x8C, 0x0F, 0xF0, 0x3F, 0x83, 0xF0, 0x0F, 0x80, 0x2E, 0x00, 0x38,
    0x00, 0xE0, 0x03, 0x80, 0x0E, 0x00, 0x38, 0x00, 0xFF, 0xF3, 0xFF, 0xC0, 0x38, 0xE3, 0x8E, 0x38,
    0xE3, 0xCF, 0x7F, 0xEF, 0x8E, 0x38, 0xE3, 0x8E, 0x38, 0xF1, 0xC0, 0x00, 0x80, 0x03, 0x80, 0x0E,
    0x00, 0x38, 0x00, 0x20, 0x18, 0x01, 0xF8, 0x03, 0xF8, 0x07, 0xF8, 0x0F, 0xF0, 0x1F, 0x70, 0x3E,
    0x70, 0x7C, 0xE0, 0xF8, 0xE1, 0xF0, 0xE3, 0xE1, 0xC7, 0xC1, 0xCF, 0x81, 0xDF, 0x03, 0xBE, 0x03,
    0xFC, 0x03, 0xF8, 0x07, 0xF0, 0x07, 0xE0, 0x07, 0x02, 0x00, 0x70, 0x1C, 0x03, 0x00, 0xC0, 0x00,
    0x01, 0xC6, 0xFE, 0xFB, 0xDC, 0x1F, 0x03, 0xE0, 0x3C, 0x07, 0x80, 0xF0, 0x1E, 0x03, 0xC0, 0x78,
    0x0F, 0x01, 0xE0, 0x30, 0xC0, 0x0F, 0xC0, 0x1F, 0xC0, 0x3F, 0xC0, 0x7F, 0x80, 0xFB, 0x81, 0xF3,
    0x83, 0xE7, 0x07, 0xC7, 0x0F, 0x87, 0x1F, 0x0E, 0x3E, 0x0E, 0x7C, 0x0E, 0xF8, 0x1D, 0xF0, 0x1F,
    0xE0, 0x1F, 0xC0, 0x3F, 0x80, 0x3F, 0x00, 0x38, 0x00, 0x00, 0x30, 0x00, 0x70, 0x00, 0xE0, 0x00,
    0xC0, 0x01, 0x00, 0x04, 0x00, 0x07, 0x1B, 0xFB, 0xEF, 0x70, 0x7C, 0x0F, 0x80, 0xF0, 0x1E, 0x03,
    0xC0, 0x78, 0x0F, 0x01, 0xE0, 0x3C, 0x07, 0x80, 0xC0, 0x00, 0x60, 0x0E, 0x01, 0xC0, 0x18, 0x02,
    0x00, 0x80, 0x08, 0x40, 0x19, 0xC0, 0x1F, 0x00, 0x1C, 0x00, 0x00, 0x18, 0x01, 0xF8, 0x03, 0xF8,
    0x07, 0xF8, 0x0F, 0xF0, 0x1F, 0x70, 0x3E, 0x70, 0x7C, 0xE0, 0xF8, 0xE1, 0xF0, 0xE3, 0xE1, 0xC7,
    0xC1, 0xCF, 0x81, 0xDF, 0x03, 0xBE, 0x03, 0xFC, 0x03, 0xF8, 0x07, 0xF0, 0x07, 0xE0, 0x07, 0x31,
    0x87, 0x60, 0x7C, 0x07, 0x00, 0x00, 0x0E, 0x37, 0xF7, 0xDE, 0xE0, 0xF8, 0x1F, 0x01, 0xE0, 0x3C,
    0x07, 0x80, 0xF0, 0x1E, 0x03, 0xC0, 0x78, 0x0F, 0x01, 0x80, 0xE0, 0x00, 0xE0, 0x00, 0xE0, 0x00,
    0x20, 0x00, 0x20, 0x00, 0xC0, 0x38, 0x86, 0xFE, 0x07, 0xDE, 0x07, 0x07, 0x06, 0x07, 0x06, 0x03,
    0x06, 0x03, 0x06, 0x03, 0x06, 0x03, 0x06, 0x03, 0x06, 0x03, 0x06, 0x03, 0x06, 0x03, 0x06, 0x03,
    0xC0, 0x0F, 0xC0, 0x1F, 0xC0, 0x3F, 0xC0, 0x7F, 0x80, 0xFB, 0x81, 0xF3, 0x83, 0xE7, 0x07, 0xC7,
    0x0F, 0x87, 0x1F, 0x0E, 0x3E, 0x0E, 0x7C, 0x0E, 0xF8, 0x1D, 0xF0, 0x1F, 0xE0, 0x1F, 0xC0, 0x3F,
    0x80, 0x3F, 0x00, 0x38, 0x00, 0x70, 0x00, 0xE0, 0x01, 0xC0, 0x03, 0x80, 0x3E, 0x00, 0x78, 0x07,
    0x1B, 0xFB, 0xEF, 0x70, 0x7C, 0x0F, 0x80, 0xF0, 0x1E, 0x03, 0xC0, 0x78, 0x0F, 0x01, 0xE0, 0x3C,
    0x07, 0x80, 0xC0, 0x18, 0x03, 0x00, 0x60, 0x1C, 0x1F, 0x83, 0xE0, 0x07, 0xF0, 0x03, 0xF8, 0x00,
    0x00, 0x00, 0x7E, 0x00, 0xFF, 0xC0, 0xFB, 0xF0, 0xE0, 0x3C, 0xE0, 0x0E, 0x70, 0x03, 0xB0, 0x01,
    0xF8, 0x00, 0x7C, 0x00, 0x3E, 0x00, 0x1F, 0x00, 0x0F, 0x80, 0x07, 0xC0, 0x07, 0x60, 0x03, 0xB8,
    0x01, 0x8E, 0x01, 0xC7, 0x83, 0xC1, 0xFF, 0xC0, 0x3F, 0xC0, 0x1F, 0x80, 0xFC, 0x07, 0xE0, 0x00,
    0x00, 0xF0, 0x1F, 0xE1, 0xFF, 0x8E, 0x0E, 0xE0, 0x77, 0x01, 0xB8, 0x0D, 0xC0, 0x7E, 0x03, 0x70,
    0x19, 0x81, 0xCE, 0x1E, 0x3F, 0xE0, 0xFE, 0x00, 0x06, 0x10, 0x03, 0x18, 0x00, 0xFC, 0x00, 0x3C,
    0x00, 0x00, 0x00, 0x1F, 0x80, 0x3F, 0xF0, 0x3E, 0xFC, 0x38, 0x0F, 0x38, 0x03, 0x9C, 0x00, 0xEC,
    0x00, 0x7E, 0x00, 0x1F, 0x00, 0x0F, 0x80, 0x07, 0xC0, 0x03, 0xE0, 0x01, 0xF0, 0x01, 0xD8, 0x00,
    0xEE, 0x00, 0x63, 0x80, 0x71, 0xE0, 0xF0, 0x7F, 0xF0, 0x0F, 0xF0, 0x18, 0xC0, 0xC6, 0x07, 0xE0,
    0x1E, 0x00, 0x00, 0x07, 0x80, 0xFF, 0x0F, 0xFC, 0x70, 0x77, 0x03, 0xB8, 0x0D, 0xC0, 0x6E, 0x03,
    0xF0, 0x1B, 0x80, 0xCC, 0x0E, 0x70, 0xF1, 0xFF, 0x07, 0xF0, 0x01, 0x98, 0x01, 0xDC, 0x00, 0xCC,
    0x00, 0x6E, 0x00, 0x00, 0x00, 0x1F, 0x80, 0x3F, 0xF0, 0x3E, 0xFC, 0x38, 0x0F, 0x38, 0x03, 0x9C,
    0x00, 0xEC, 0x00, 0x7E, 0x00, 0x1F, 0x00, 0x0F, 0x80, 0x07, 0xC0, 0x03, 0xE0, 0x01, 0xF0, 0x01,
    0xD8, 0x00, 0xEE, 0x00, 0x63, 0x80, 0x71, 0xE0, 0xF0, 0x7F, 0xF0, 0x0F, 0xF0, 0x04, 0x40, 0x77,
    0x03, 0x30, 0x19, 0x81, 0x98, 0x04, 0x40, 0x3C, 0x07, 0xF8, 0x7F, 0xE3, 0x83, 0xB8, 0x1D, 0xC0,
    0x6E, 0x03, 0x70, 0x1F, 0x80, 0xDC, 0x06, 0x60, 0x73, 0x87, 0x8F, 0xF8, 0x3F, 0x80, 0x03, 0xE1,
    0xFF, 0xC3, 0xFE, 0x7F, 0xF1, 0xF3, 0xDF, 0xFC, 0xE0, 0x3E, 0x00, 0x70, 0x07, 0x80, 0x1C, 0x00,
    0xE0, 0x06, 0x00, 0x38, 0x03, 0x80, 0x06, 0x00, 0xE0, 0x01, 0xFF, 0xF8, 0x00, 0x7F, 0xFE, 0x00,
    0x1F, 0xFF, 0x80, 0x06, 0x00, 0xE0, 0x03, 0x80, 0x18, 0x00, 0xE0, 0x07, 0x00, 0x38, 0x00, 0xE0,
    0x1E, 0x00, 0x3C, 0x1D, 0x80, 0x07, 0xFE, 0x7F, 0xF0, 0xFF, 0x1F, 0xFC, 0x0F, 0x01, 0xC0, 0xFF,
    0x1F, 0xC7, 0xFE, 0xE7, 0x9C, 0x1F, 0x07, 0xE0, 0x78, 0x1F, 0x80, 0xE0, 0x3E, 0x03, 0xFF, 0xF8,
    0x0F, 0xFF, 0xE0, 0x38, 0x03, 0x80, 0xE0, 0x06, 0x07, 0x81, 0x1C, 0x3B, 0x07, 0x3F, 0xCF, 0xF8,
    0x7E, 0x1F, 0xC0, 0x02, 0x00, 0x1C, 0x00, 0xE0, 0x07, 0x00, 0x08, 0x03, 0xF8, 0x0F, 0xFE, 0x3F,
    0xFC, 0xC0, 0x73, 0x00, 0xEC, 0x03, 0xB0, 0x0E, 0xC0, 0x3B, 0x01, 0xCF, 0xFF, 0x3F, 0xF0, 0xC3,
    0x83, 0x07, 0x0C, 0x1C, 0x30, 0x38, 0xC0, 0x73, 0x01, 0xCC, 0x03, 0xB0, 0x0F, 0x08, 0x1C, 0x70,
    0xC3, 0x00, 0x01, 0xE7, 0xDF, 0xE3, 0x86, 0x0C, 0x18, 0x30, 0x60, 0xC1, 0x83, 0x06, 0x00, 0xFE,
    0x03, 0xFF, 0x8F, 0xFF, 0x30, 0x1C, 0xC0, 0x3B, 0x00, 0xEC, 0x03, 0xB0, 0x0E, 0xC0, 0x73, 0xFF,
    0xCF, 0xFC, 0x30, 0xE0, 0xC1, 0xC3, 0x07, 0x0C, 0x0E, 0x30, 0x1C, 0xC0, 0x73, 0x00, 0xEC, 0x03,
    0xC0, 0x00, 0x06, 0x00, 0x38, 0x00, 0xE0, 0x00, 0x80, 0x0C, 0x00, 0x10, 0x00, 0x03, 0x67, 0x6F,
    0x78, 0x70, 0x60, 0x60, 0x60, 0x60, 0x60, 0x60, 0x60, 0x60, 0x60, 0x00, 0x60, 0xE0, 0xE0, 0x20,
    0x40, 0x40, 0x21, 0x00, 0xCE, 0x01, 0xF0, 0x03, 0x80, 0x00, 0x03, 0xF8, 0x0F, 0xFE, 0x3F, 0xFC,
    0xC0, 0x73, 0x00, 0xEC, 0x03, 0xB0, 0x0E, 0xC0, 0x3B, 0x01, 0xCF, 0xFF, 0x3F, 0xF0, 0xC3, 0x83,
    0x07, 0x0C, 0x1C, 0x30, 0x38, 0xC0, 0x73, 0x01, 0xCC, 0x03, 0xB0, 0x0F, 0xC6, 0xDD, 0xF1, 0xC0,
    0x00, 0xF3, 0xEF, 0xF1, 0xC3, 0x06, 0x0C, 0x18, 0x30, 0x60, 0xC1, 0x83, 0x00, 0x01, 0x00, 0x1E,
    0x00, 0xE0, 0x0C, 0x00, 0x20, 0x07, 0xE0, 0xFF, 0x8F, 0x9E, 0x70, 0x3F, 0x00, 0xB8, 0x01, 0xC0,
    0x07, 0x00, 0x3F, 0x00, 0x7F, 0x00, 0xFE, 0x00, 0xF8, 0x01, 0xC0, 0x06, 0x80, 0x3E, 0x03, 0xF8,
    0x3D, 0xFF, 0xC3, 0xFC, 0x02, 0x00, 0xC0, 0x70, 0x38, 0x0C, 0x00, 0x01, 0xE1, 0xFE, 0xF3, 0xF8,
    0x3E, 0x03, 0xC0, 0x7E, 0x0F, 0xE0, 0x7C, 0x07, 0x40, 0xF8, 0x7F, 0xFC, 0xFE, 0x07, 0x80, 0x7C,
    0x07, 0x30, 0x10, 0x80, 0xFC, 0x1F, 0xF1, 0xF3, 0xCE, 0x07, 0xE0, 0x17, 0x00, 0x38, 0x00, 0xE0,
    0x07, 0xE0, 0x0F, 0xE0, 0x1F, 0xC0, 0x1F, 0x00, 0x38, 0x00, 0xD0, 0x07, 0xC0, 0x7F, 0x07, 0xBF,
    0xF8, 0x7F, 0x80, 0x0C, 0x07, 0x83, 0xF1, 0xCE, 0x21, 0x07, 0x87, 0xFB, 0xCF, 0xE0, 0xF8, 0x0F,
    0x01, 0xF8, 0x3F, 0x81, 0xF0, 0x1D, 0x03, 0xE1, 0xFF, 0xF3, 0xF8, 0x0F, 0xC1, 0xFF, 0x1F, 0x3C,
    0xE0, 0x7E, 0x01, 0x70, 0x03, 0x80, 0x0E, 0x00, 0x7E, 0x00, 0xFE, 0x01, 0xFC, 0x01, 0xF0, 0x03,
    0x80, 0x0D, 0x00, 0x7C, 0x07, 0xF0, 0x7B, 0xFF, 0x87, 0xF8, 0x0C, 0x00, 0x60, 0x03, 0xC0, 0x06,
    0x00, 0xF0, 0x07, 0x00, 0x1E, 0x1F, 0xEF, 0x3F, 0x83, 0xE0, 0x3C, 0x07, 0xE0, 0xFE, 0x07, 0xC0,
    0x74, 0x0F, 0x87, 0xFF, 0xCF, 0xE0, 0xC0, 0x38, 0x0F, 0x00, 0xC0, 0xF0, 0x30, 0x08, 0x40, 0xE6,
    0x03, 0xE0, 0x0E, 0x00, 0x00, 0x07, 0xE0, 0xFF, 0x8F, 0x9E, 0x70, 0x3F, 0x00, 0xB8, 0x01, 0xC0,
    0x07, 0x00, 0x3F, 0x00, 0x7F, 0x00, 0xFE, 0x00, 0xF8, 0x01, 0xC0, 0x06, 0x80, 0x3E, 0x03, 0xF8,
    0x3D, 0xFF, 0xC3, 0xFC, 0x61, 0x8C, 0xC1, 0xE0, 0x78, 0x00, 0x07, 0x87, 0xFB, 0xCF, 0xE0, 0xF8,
    0x0F, 0x01, 0xF8, 0x3F, 0x81, 0xF0, 0x1D, 0x03, 0xE1, 0xFF, 0xF3, 0xF8, 0xFF, 0xFF, 0xFF, 0xFF,
    0xFF, 0xC1, 0xC0, 0x07, 0x00, 0x1C, 0x00, 0x70, 0x01, 0xC0, 0x07, 0x00, 0x1C, 0x00, 0x70, 0x01,
    0xC0, 0x07, 0x00, 0x1C, 0x00, 0x70, 0x01, 0xC0, 0x07, 0x00, 0x1C, 0x00, 0x70, 0x00, 0x80, 0x07,
    0x80, 0x1F, 0x00, 0x0C, 0x01, 0xE0, 0x03, 0x00, 0x18, 0x0C, 0x06, 0x03, 0x01, 0x87, 0xFF, 0xFE,
    0x30, 0x18, 0x0C, 0x06, 0x03, 0x01, 0x80, 0xC0, 0x60, 0x30, 0x1F, 0x07, 0x81, 0x01, 0xE0, 0xF8,
    0x0C, 0x3C, 0x0C, 0x08, 0x40, 0x73, 0x00, 0xF8, 0x01, 0xC0, 0x00, 0x03, 0xFF, 0xFF, 0xFF, 0xFF,
    0xFF, 0x07, 0x00, 0x1C, 0x00, 0x70, 0x01, 0xC0, 0x07, 0x00, 0x1C, 0x00, 0x70, 0x01, 0xC0, 0x07,
    0x00, 0x1C, 0x00, 0x70, 0x01, 0xC0, 0x07, 0x00, 0x1C, 0x00, 0x70, 0x01, 0xC0, 0x01, 0xC6, 0x61,
    0x98, 0x64, 0x1B, 0x06, 0x0F, 0xFB, 0xFE, 0x18, 0x06, 0x01, 0x80, 0x60, 0x18, 0x06, 0x01, 0x80,
    0x60, 0x18, 0x07, 0xC0, 0xF0, 0xFF, 0xFF, 0xFF, 0xFF, 0xFF, 0xC1, 0xC0, 0x07, 0x00, 0x1C, 0x00,
    0x70, 0x01, 0xC0, 0x07, 0x00, 0xFF, 0xC3, 0xFF, 0x01, 0xC0, 0x07, 0x00, 0x1C, 0x00, 0x70, 0x01,
    0xC0, 0x07, 0x00, 0x1C, 0x00, 0x70, 0x00, 0x30, 0x30, 0x30, 0x30, 0x30, 0xFF, 0xFF, 0x30, 0x30,
    0x30, 0xFF, 0xFF, 0x30, 0x30, 0x30, 0x38, 0x3F, 0x1F, 0x0E, 0x40, 0x7F, 0x81, 0xBC, 0x00, 0x00,
    0xC0, 0x1F, 0x00, 0x7C, 0x01, 0xF0, 0x07, 0xC0, 0x1F, 0x00, 0x7C, 0x01, 0xF0, 0x07, 0xC0, 0x1F,
    0x00, 0x7C, 0x01, 0xF0, 0x07, 0xC0, 0x1F, 0x80, 0x7E, 0x01, 0xD8, 0x0E, 0x78, 0x78, 0xFF, 0xC1,
    0xFE, 0x00, 0x1C, 0x87, 0xF0, 0x9C, 0x00, 0x00, 0x01, 0x80, 0xF0, 0x1E, 0x03, 0xC0, 0x78, 0x0F,
    0x01, 0xE0, 0x3C, 0x07, 0x80, 0xF0, 0x3F, 0x0F, 0x7F, 0x6F, 0xCC, 0x0F, 0xC0, 0x3F, 0x00, 0x00,
    0x30, 0x07, 0xC0, 0x1F, 0x00, 0x7C, 0x01, 0xF0, 0x07, 0xC0, 0x1F, 0x00, 0x7C, 0x01, 0xF0, 0x07,
    0xC0, 0x1F, 0x00, 0x7C, 0x01, 0xF0, 0x07, 0xE0, 0x1F, 0x80, 0x76, 0x03, 0x9E, 0x1E, 0x3F, 0xF0,
    0x7F, 0x80, 0x3F, 0x87, 0xF0, 0xFE, 0x00, 0x00, 0x01, 0x80, 0xF0, 0x1E, 0x03, 0xC0, 0x78, 0x0F,
    0x01, 0xE0, 0x3C, 0x07, 0x80, 0xF0, 0x3F, 0x0F, 0x7F, 0x6F, 0xCC, 0x18, 0x40, 0x23, 0x00, 0xFC,
    0x01, 0xE0, 0x00, 0x03, 0x00, 0x7C, 0x01, 0xF0, 0x07, 0xC0, 0x1F, 0x00, 0x7C, 0x01, 0xF0, 0x07,
    0xC0, 0x1F, 0x00, 0x7C, 0x01, 0xF0, 0x07, 0xC0, 0x1F, 0x00, 0x7E, 0x01, 0xF8, 0x07, 0x60, 0x39,
    0xE1, 0xE3, 0xFF, 0x07, 0xF8, 0x31, 0x86, 0x30, 0x7C, 0x0F, 0x00, 0x00, 0x00, 0x30, 0x1E, 0x03,
    0xC0, 0x78, 0x0F, 0x01, 0xE0, 0x3C, 0x07, 0x80, 0xF0, 0x1E, 0x07, 0xE1, 0xEF, 0xED, 0xF9, 0x80,
    0x03, 0x00, 0x1E, 0x00, 0xCC, 0x03, 0x30, 0x07, 0x80, 0x0C, 0x0C, 0x01, 0xF0, 0x07, 0xC0, 0x1F,
    0x00, 0x7C, 0x01, 0xF0, 0x07, 0xC0, 0x1F, 0x00, 0x7C, 0x01, 0xF0, 0x07, 0xC0, 0x1F, 0x00, 0x7C,
    0x01, 0xF8, 0x07, 0xE0, 0x1D, 0x80, 0xE7, 0x87, 0x8F, 0xFC, 0x1F, 0xE0, 0x0E, 0x03, 0x60, 0x44,
    0x09, 0x81, 0xE0, 0x00, 0x00, 0x06, 0x03, 0xC0, 0x78, 0x0F, 0x01, 0xE0, 0x3C, 0x07, 0x80, 0xF0,
    0x1E, 0x03, 0xC0, 0xFC, 0x3D, 0xFD, 0xBF, 0x30, 0x07, 0x70, 0x19, 0x80, 0xCC, 0x03, 0x30, 0x00,
    0x03, 0x00, 0x7C, 0x01, 0xF0, 0x07, 0xC0, 0x1F, 0x00, 0x7C, 0x01, 0xF0, 0x07, 0xC0, 0x1F, 0x00,
    0x7C, 0x01, 0xF0, 0x07, 0xC0, 0x1F, 0x00, 0x7E, 0x01, 0xF8, 0x07, 0x60, 0x39, 0xE1, 0xE3, 0xFF,
    0x07, 0xF8, 0x08, 0x81, 0x98, 0x77, 0x0C, 0xC3, 0x30, 0x22, 0x00, 0x06, 0x03, 0xC0, 0x78, 0x0F,
    0x01, 0xE0, 0x3C, 0x07, 0x80, 0xF0, 0x1E, 0x03, 0xC0, 0xFC, 0x3D, 0xFD, 0xBF, 0x30, 0xC0, 0x1F,
    0x00, 0x7C, 0x01, 0xF0, 0x07, 0xC0, 0x1F, 0x00, 0x7C, 0x01, 0xF0, 0x07, 0xC0, 0x1F, 0x00, 0x7C,
    0x01, 0xF0, 0x07, 0xC0, 0x1F, 0x80, 0x7E, 0x01, 0xD8, 0x0E, 0x78, 0x78, 0xFF, 0xC1, 0xFE, 0x00,
    0xE0, 0x03, 0x00, 0x18, 0x00, 0x70, 0x00, 0xF0, 0x01, 0xC0, 0xC0, 0x6C, 0x06, 0xC0, 0x6C, 0x06,
    0xC0, 0x6C, 0x06, 0xC0, 0x6C, 0x06, 0xC0, 0x6C, 0x0E, 0xE1, 0xE7, 0xF6, 0x7E, 0x60, 0x0C, 0x01,
    0x80, 0x18, 0x01, 0xC0, 0x1F, 0x00, 0x70, 0x00, 0x1C, 0x00, 0x00, 0x3E, 0x00, 0x00, 0x67, 0x00,
    0x00, 0x22, 0x00, 0xE0, 0x1C, 0x03, 0x60, 0x1C, 0x03, 0x70, 0x1C, 0x07, 0x70, 0x3E, 0x07, 0x30,
    0x36, 0x06, 0x30, 0x36, 0x06, 0x38, 0x76, 0x0E, 0x38, 0x67, 0x0E, 0x18, 0x63, 0x0C, 0x18, 0x63,
    0x1C, 0x1C, 0xE3, 0x9C, 0x1C, 0xC1, 0x98, 0x0C, 0xC1, 0x98, 0x0F, 0xC1, 0xF8, 0x0F, 0x81, 0xF8,
    0x07, 0x80, 0xF0, 0x07, 0x80, 0xF0, 0x07, 0x00, 0xF0, 0x07, 0x00, 0x60, 0x00, 0x60, 0x00, 0x0F,
    0x00, 0x01, 0xF8, 0x00, 0x39, 0xC0, 0x01, 0x08, 0x00, 0x00, 0x00, 0xE0, 0x70, 0x76, 0x0F, 0x07,
    0x60, 0xF0, 0x67, 0x0F, 0x8E, 0x31, 0xD8, 0xE3, 0x19, 0x8C, 0x39, 0x98, 0xC1, 0xB8, 0xDC, 0x1B,
    0x0D, 0x81, 0xF0, 0xD8, 0x0F, 0x0F, 0x80, 0xF0, 0x70, 0x0E, 0x07, 0x00, 0x03, 0xC0, 0x07, 0xE0,
    0x0E, 0x70, 0x04, 0x20, 0xE0, 0x07, 0x70, 0x0E, 0x70, 0x0E, 0x38, 0x1C, 0x18, 0x18, 0x1C, 0x38,
    0x0C, 0x70, 0x0E, 0x70, 0x07, 0xE0, 0x07, 0xC0, 0x03, 0xC0, 0x01, 0x80, 0x01, 0x80, 0x01, 0x80,
    0x01, 0x80, 0x01, 0x80, 0x01, 0x80, 0x01, 0x80, 0x01, 0x80, 0x07, 0x00, 0x3C, 0x03, 0x60, 0x31,
    0x80, 0x84, 0x00, 0x03, 0x80, 0xEC, 0x06, 0x70, 0x71, 0x83, 0x8C, 0x18, 0x71, 0xC1, 0x8C, 0x0E,
    0x60, 0x77, 0x01, 0xB0, 0x0F, 0x80, 0x38, 0x01, 0xC0, 0x0E, 0x00, 0x60, 0x07, 0x00, 0x30, 0x03,
    0x80, 0x0C, 0x20, 0x0E, 0x70, 0x0E, 0x70, 0x00, 0x00, 0xE0, 0x07, 0x70, 0x0E, 0x70, 0x0E, 0x38,
    0x1C, 0x18, 0x18, 0x1C, 0x38, 0x0C, 0x70, 0x0E, 0x70, 0x07, 0xE0, 0x07, 0xC0, 0x03, 0xC0, 0x01,
    0x80, 0x01, 0x80, 0x01, 0x80, 0x01, 0x80, 0x01, 0x80, 0x01, 0x80, 0x01, 0x80, 0x01, 0x80, 0x01,
    0x00, 0x1C, 0x01, 0xC0, 0x0C, 0x00, 0x40, 0x7F, 0xFF, 0xFF, 0xFF, 0xFF, 0x00, 0x70, 0x07, 0x00,
    0x38, 0x03, 0x80, 0x38, 0x01, 0xC0, 0x1C, 0x01, 0xC0, 0x0E, 0x00, 0xE0, 0x0E, 0x00, 0x70, 0x07,
    0x00, 0x70, 0x03, 0xFF, 0xFF, 0xFF, 0x02, 0x00, 0xC0, 0x70, 0x38, 0x0C, 0x00, 0x00, 0x03, 0xFF,
    0xFF, 0xC0, 0xE0, 0x30, 0x1C, 0x0E, 0x07, 0x01, 0x80, 0xE0, 0x70, 0x38, 0x0F, 0xFF, 0xFF, 0x03,
    0x00, 0x38, 0x01, 0xC0, 0x00, 0x0F, 0xFF, 0xFF, 0xFF, 0xFF, 0xE0, 0x0E, 0x00, 0xE0, 0x07, 0x00,
    0x70, 0x07, 0x00, 0x38, 0x03, 0x80, 0x38, 0x01, 0xC0, 0x1C, 0x01, 0xC0, 0x0E, 0x00, 0xE0, 0x0E,
    0x00, 0x7F, 0xFF, 0xFF, 0xE0, 0x0E, 0x03, 0x80, 0x40, 0x00, 0x00, 0x3F, 0xFF, 0xFC, 0x0E, 0x03,
    0x01, 0xC0, 0xE0, 0x70, 0x18, 0x0E, 0x07, 0x03, 0x80, 0xFF, 0xFF, 0xF0, 0x08, 0x80, 0xEE, 0x03,
    0xE0, 0x0E, 0x00, 0x00, 0x7F, 0xFF, 0xFF, 0xFF, 0xFF, 0x00, 0x70, 0x07, 0x00, 0x38, 0x03, 0x80,
    0x38, 0x01, 0xC0, 0x1C, 0x01, 0xC0, 0x0E, 0x00, 0xE0, 0x0E, 0x00, 0x70, 0x07, 0x00, 0x70, 0x03,
    0xFF, 0xFF, 0xFF, 0x31, 0x8E, 0xC1, 0xE0, 0x38, 0x00, 0x00, 0x0F, 0xFF, 0xFF, 0x03, 0x80, 0xC0,
    0x70, 0x38, 0x1C, 0x06, 0x03, 0x81, 0xC0, 0xE0, 0x3F, 0xFF, 0xFC, 0x3D, 0xFE, 0x70, 0xC3, 0x0C,
    0x30, 0xC3, 0x0C, 0x30, 0xC3, 0x0C, 0x30, 0xC3, 0x0C, 0x00, 0x00, 0x00, 0x80, 0x01, 0xC0, 0x00,
    0x60, 0x00, 0x30, 0x3F, 0xF8, 0x7F, 0xF8, 0x7D, 0xF8, 0x70, 0x1E, 0x70, 0x07, 0x38, 0x01, 0xD8,
    0x00, 0xFC, 0x00, 0x3E, 0x00, 0x1F, 0x00, 0x0F, 0x80, 0x07, 0xC0, 0x03, 0xE0, 0x03, 0xB0, 0x01,
    0xDC, 0x00, 0xC7, 0x00, 0xE3, 0xC1, 0xE0, 0xFF, 0xE0, 0x1F, 0xE0, 0x00, 0x10, 0x01, 0xC0, 0x06,
    0x00, 0x30, 0xFF, 0x9F, 0xF9, 0xFF, 0x8E, 0x0E, 0xE0, 0x77, 0x01, 0xB8, 0x0D, 0xC0, 0x7E, 0x03,
    0x70, 0x19, 0x81, 0xCE, 0x1E, 0x3F, 0xE0, 0xFE, 0x00, 0x00, 0x01, 0x00, 0x01, 0x80, 0x00, 0xE0,
    0x00, 0x7C, 0x01, 0xF6, 0x00, 0xF3, 0x00, 0x71, 0x80, 0x38, 0xC0, 0x1C, 0x60, 0x0E, 0x30, 0x07,
    0x18, 0x03, 0x8C, 0x01, 0xC6, 0x00, 0xE3, 0x00, 0x71, 0x80, 0x38, 0xC0, 0x1C, 0x70, 0x0E, 0x38,
    0x07, 0x0C, 0x07, 0x07, 0x87, 0x81, 0xFF, 0x80, 0x7F, 0x80, 0x00, 0x08, 0x00, 0x60, 0x01, 0xC0,
    0x07, 0x00, 0x3B, 0x01, 0xEC, 0x06, 0x30, 0x18, 0xC0, 0x63, 0x01, 0x8C, 0x06, 0x30, 0x18, 0xC0,
    0x63, 0x01, 0x8C, 0x0E, 0x38, 0x78, 0x7F, 0x61, 0xF9, 0x80, 0x02, 0x20, 0x03, 0xB8, 0x00, 0xF8,
    0x00, 0x38, 0x00, 0x00, 0x00, 0x0E, 0x00, 0x07, 0x00, 0x07, 0xC0, 0x03, 0xE0, 0x01, 0xB0, 0x01,
    0xDC, 0x00, 0xE6, 0x00, 0x63, 0x00, 0x71, 0xC0, 0x30, 0x60, 0x38, 0x38, 0x1F, 0xFC, 0x0F, 0xFE,
    0x0E, 0x03, 0x87, 0x01, 0xC3, 0x00, 0x63, 0x80, 0x39, 0xC0, 0x0D, 0xC0, 0x07, 0x31, 0x83, 0x70,
    0x7C, 0x07, 0x00, 0x00, 0x1E, 0x0F, 0xE3, 0xDE, 0x20, 0xE0, 0x1C, 0x01, 0x8F, 0xF7, 0xFF, 0xE0,
    0xF8, 0x1E, 0x07, 0xE1, 0xFF, 0xED, 0xF9, 0x80, 0x85, 0x9D, 0xF1, 0xC0, 0x06, 0x0C, 0x18, 0x30,
    0x60, 0xC1, 0x83, 0x06, 0x0C, 0x18, 0x30, 0x60, 0xC1, 0x83, 0x06, 0x0C, 0x18, 0xC3, 0x66, 0x3C,
    0x3C, 0x00, 0x00, 0x18, 0x18, 0x18, 0x18, 0x18, 0x18, 0x18, 0x18, 0x18, 0x18, 0x18, 0x18, 0x18,
    0x02, 0x10, 0x03, 0x98, 0x00, 0xF8, 0x00, 0x38, 0x00, 0x00, 0x00, 0x1F, 0x80, 0x3F, 0xF0, 0x3E,
    0xFC, 0x38, 0x0F, 0x38, 0x03, 0x9C, 0x00, 0xEC, 0x00, 0x7E, 0x00, 0x1F, 0x00, 0x0F, 0x80, 0x07,
    0xC0, 0x03, 0xE0, 0x01, 0xF0, 0x01, 0xD8, 0x00, 0xEE, 0x00, 0x63, 0x80, 0x71, 0xE0, 0xF0, 0x7F,
    0xF0, 0x0F, 0xF0, 0x18, 0xC0, 0xEC, 0x03, 0xE0, 0x0E, 0x00, 0x00, 0x07, 0x80, 0xFF, 0x0F, 0xFC,
    0x70, 0x77, 0x03, 0xB8, 0x0D, 0xC0, 0x6E, 0x03, 0xF0, 0x1B, 0x80, 0xCC, 0x0E, 0x70, 0xF1, 0xFF,
    0x07, 0xF0, 0x08, 0x40, 0x73, 0x80, 0xF8, 0x01, 0xE0, 0x00, 0x03, 0x00, 0x7C, 0x01, 0xF0, 0x07,
    0xC0, 0x1F, 0x00, 0x7C, 0x01, 0xF0, 0x07, 0xC0, 0x1F, 0x00, 0x7C, 0x01, 0xF0, 0x07, 0xC0, 0x1F,
    0x00, 0x7E, 0x01, 0xF8, 0x07, 0x60, 0x39, 0xE1, 0xE3, 0xFF, 0x07, 0xF8, 0x31, 0x87, 0x60, 0x7C,
    0x07, 0x00, 0x00, 0x00, 0x30, 0x1E, 0x03, 0xC0, 0x78, 0x0F, 0x01, 0xE0, 0x3C, 0x07, 0x80, 0xF0,
    0x1E, 0x07, 0xE1, 0xEF, 0xED, 0xF9, 0x80, 0x0F, 0xC0, 0x3F, 0x00, 0x00, 0x06, 0x10, 0x1C, 0xE0,
    0x73, 0x80, 0x00, 0x30, 0x07, 0xC0, 0x1F, 0x00, 0x7C, 0x01, 0xF0, 0x07, 0xC0, 0x1F, 0x00, 0x7C,
    0x01, 0xF0, 0x07, 0xC0, 0x1F, 0x00, 0x7C, 0x01, 0xF0, 0x07, 0xE0, 0x1F, 0x80, 0x76, 0x03, 0x9E,
    0x1E, 0x3F, 0xF0, 0x7F, 0x80, 0x3F, 0x87, 0xF0, 0x00, 0x18, 0xC7, 0x3C, 0x63, 0x00, 0x00, 0x00,
    0xC0, 0x78, 0x0F, 0x01, 0xE0, 0x3C, 0x07, 0x80, 0xF0, 0x1E, 0x03, 0xC0, 0x78, 0x1F, 0x87, 0xBF,
    0xB7, 0xE6, 0x01, 0x80, 0x0F, 0x00, 0x70, 0x00, 0x80, 0x18, 0x40, 0x73, 0x81, 0xCE, 0x00, 0x00,
    0xC0, 0x1F, 0x00, 0x7C, 0x01, 0xF0, 0x07, 0xC0, 0x1F, 0x00, 0x7C, 0x01, 0xF0, 0x07, 0xC0, 0x1F,
    0x00, 0x7C, 0x01, 0xF0, 0x07, 0xC0, 0x1F, 0x80, 0x7E, 0x01, 0xD8, 0x0E, 0x78, 0x78, 0xFF, 0xC1,
    0xFE, 0x00, 0x02, 0x00, 0x60, 0x1E, 0x03, 0x00, 0xC0, 0x00, 0x0C, 0x63, 0x9E, 0x31, 0x80, 0x00,
    0x00, 0x60, 0x3C, 0x07, 0x80, 0xF0, 0x1E, 0x03, 0xC0, 0x78, 0x0F, 0x01, 0xE0, 0x3C, 0x0F, 0xC3,
    0xDF, 0xDB, 0xF3, 0x18, 0x60, 0x3F, 0x00, 0x78, 0x00, 0xC0, 0x18, 0x40, 0x73, 0x81, 0xCE, 0x00,
    0x00, 0xC0, 0x1F, 0x00, 0x7C, 0x01, 0xF0, 0x07, 0xC0, 0x1F, 0x00, 0x7C, 0x01, 0xF0, 0x07, 0xC0,
    0x1F, 0x00, 0x7C, 0x01, 0xF0, 0x07, 0xC0, 0x1F, 0x80, 0x7E, 0x01, 0xD8, 0x0E, 0x78, 0x78, 0xFF,
    0xC1, 0xFE, 0x00, 0x31, 0x87, 0x70, 0x7C, 0x07, 0x00, 0x00, 0x63, 0x1C, 0xF1, 0x8C, 0x00, 0x00,
    0x03, 0x01, 0xE0, 0x3C, 0x07, 0x80, 0xF0, 0x1E, 0x03, 0xC0, 0x78, 0x0F, 0x01, 0xE0, 0x7E, 0x1E,
    0xFE, 0xDF, 0x98, 0x06, 0x00, 0x3C, 0x00, 0x30, 0x00, 0x60, 0x18, 0x40, 0x73, 0x81, 0xCE, 0x00,
    0x00, 0xC0, 0x1F, 0x00, 0x7C, 0x01, 0xF0, 0x07, 0xC0, 0x1F, 0x00, 0x7C, 0x01, 0xF0, 0x07, 0xC0,
    0x1F, 0x00, 0x7C, 0x01, 0xF0, 0x07, 0xC0, 0x1F, 0x80, 0x7E, 0x01, 0xD8, 0x0E, 0x78, 0x78, 0xFF,
    0xC1, 0xFE, 0x00, 0x08, 0x03, 0x00, 0xF0, 0x06, 0x00, 0x60, 0x00, 0x0C, 0x63, 0x9E, 0x31, 0x80,
    0x00, 0x00, 0x60, 0x3C, 0x07, 0x80, 0xF0, 0x1E, 0x03, 0xC0, 0x78, 0x0F, 0x01, 0xE0, 0x3C, 0x0F,
    0xC3, 0xDF, 0xDB, 0xF3, 0x03, 0xF0, 0x03, 0xFF, 0x01, 0xF3, 0xE0, 0xE0, 0x3C, 0x70, 0x04, 0x1C,
    0x00, 0x06, 0x00, 0x03, 0x80, 0x00, 0xE0, 0x00, 0x38, 0x1F, 0xCE, 0x07, 0xF3, 0x80, 0x1C, 0xE0,
    0x1F, 0xD8, 0x07, 0xF7, 0x00, 0x70, 0xE0, 0x1C, 0x3C, 0x0E, 0x07, 0xFF, 0x00, 0x7F, 0x80, 0x0E,
    0x00, 0x7F, 0x61, 0xFF, 0xC3, 0x83, 0x8E, 0x07, 0x1C, 0x06, 0x30, 0x7F, 0xE0, 0xFF, 0xE0, 0x31,
    0xC0, 0x61, 0x81, 0xC3, 0xC7, 0x83, 0xFB, 0x03, 0xE6, 0x00, 0x0C, 0x10, 0x18, 0xE0, 0x70, 0xFF,
    0xC0, 0xFF, 0x00, 0x70, 0x00, 0x02, 0x10, 0x07, 0x30, 0x03, 0xE0, 0x01, 0xC0, 0x00, 0x00, 0x03,
    0xF0, 0x0F, 0xFC, 0x1F, 0x3E, 0x38, 0x0F, 0x70, 0x04, 0x70, 0x00, 0x60, 0x00, 0xE0, 0x00, 0xE0,
    0x00, 0xE0, 0x7F, 0xE0, 0x7F, 0xE0, 0x07, 0xE0, 0x07, 0x60, 0x07, 0x70, 0x07, 0x38, 0x07, 0x3C,
    0x0E, 0x1F, 0xFC, 0x07, 0xF8, 0x10, 0xC1, 0x98, 0x0F, 0x00, 0x70, 0x00, 0x00, 0xE0, 0x3F, 0xB7,
    0xFF, 0x70, 0x7E, 0x07, 0xE0, 0x3C, 0x03, 0xC0, 0x3E, 0x03, 0xE0, 0x37, 0x07, 0x78, 0xF3, 0xFB,
    0x1F, 0x30, 0x03, 0x20, 0x3E, 0x07, 0x7F, 0xE3, 0xFC, 0x0E, 0x00, 0x10, 0x80, 0x77, 0x00, 0xF8,
    0x01, 0xC0, 0x00, 0x03, 0x00, 0x7C, 0x03, 0xB0, 0x1C, 0xC0, 0xE3, 0x07, 0x0C, 0x38, 0x31, 0xC0,
    0xCE, 0x03, 0x78, 0x0F, 0xF0, 0x3D, 0xC0, 0xE3, 0x83, 0x07, 0x0C, 0x1E, 0x30, 0x38, 0xC0, 0x73,
    0x01, 0xEC, 0x03, 0xB0, 0x07, 0x42, 0x03, 0x9C, 0x07, 0xC0, 0x0F, 0x00, 0x00, 0x00, 0x60, 0x01,
    0x80, 0x06, 0x00, 0x18, 0x00, 0x60, 0x01, 0x80, 0x46, 0x0E, 0x18, 0x70, 0x63, 0x81, 0x9C, 0x06,
    0xE0, 0x1F, 0x80, 0x7F, 0x01, 0xCC, 0x06, 0x38, 0x18, 0x70, 0x61, 0xC1, 0x83, 0x86, 0x07, 0x10,
    0x80, 0xEE, 0x03, 0xE0, 0x0E, 0x00, 0x00, 0x3F, 0xF9, 0xFF, 0xCF, 0xFE, 0x00, 0xE0, 0x0E, 0x00,
    0xE0, 0x0E, 0x00, 0xE0, 0x0F, 0xE0, 0x3F, 0x80, 0x0E, 0x00, 0x38, 0x01, 0xC0, 0x0E, 0x00, 0x76,
    0x03, 0xF8, 0x38, 0xFF, 0xC3, 0xF8, 0x31, 0x83, 0xB0, 0x1F, 0x00, 0xE0, 0x00, 0x00, 0x00, 0xFF,
    0xEF, 0xFE, 0x01, 0xC0, 0x38, 0x07, 0x00, 0xE0, 0x1C, 0x03, 0xF0, 0x1F, 0xC0, 0x1E, 0x00, 0xE0,
    0x06, 0x00, 0x70, 0x07, 0x40, 0x6E, 0x0E, 0x7F, 0xC3, 0xF8, 0x0E, 0x00, 0x63, 0x76, 0x3C, 0x1C,
    0x00, 0x00, 0x18, 0x18, 0x18, 0x18, 0x18, 0x18, 0x18, 0x18, 0x18, 0x18, 0x18, 0x18, 0x18, 0x18,
    0x18, 0x18, 0xF8, 0xF8, 0xE0, 0x10, 0x07, 0x00, 0x70, 0x06, 0x00, 0x60, 0x00, 0x01, 0xC6, 0xFE,
    0xFB, 0xDC, 0x1F, 0x03, 0xE0, 0x3C, 0x07, 0x80, 0xF0, 0x1E, 0x03, 0xC0, 0x78, 0x0F, 0x01, 0xE0,
    0x30, 0x00, 0x40, 0x00, 0x70, 0x00, 0x38, 0x00, 0x30, 0x00, 0x10, 0x00, 0x04, 0x00, 0x0F, 0x80,
    0x04, 0x40, 0x02, 0x20, 0x01, 0xF0, 0x00, 0xF0, 0x00, 0x7C, 0x00, 0x36, 0x00, 0x3B, 0x80, 0x1D,
    0xC0, 0x0C, 0x60, 0x0E, 0x38, 0x07, 0x1C, 0x03, 0x06, 0x03, 0x83, 0x81, 0xFF, 0xC0, 0xFF, 0xE0,
    0xE0, 0x38, 0x70, 0x1C, 0x30, 0x06, 0x38, 0x03, 0x9C, 0x00, 0xDC, 0x00, 0x70, 0x01, 0x00, 0x60,
    0x0E, 0x03, 0x80, 0xE0, 0x00, 0x03, 0x80, 0xF8, 0x19, 0x03, 0x20, 0x3C, 0x02, 0x00, 0xF0, 0x7F,
    0x1E, 0xF1, 0x07, 0x00, 0xE0, 0x0C, 0x7F, 0xBF, 0xFF, 0x07, 0xC0, 0xF0, 0x3F, 0x0F, 0xFF, 0x6F,
    0xCC, 0x00, 0x00, 0x80, 0x00, 0x01, 0xC0, 0x00, 0x03, 0x80, 0x00, 0x07, 0x00, 0x00, 0x02, 0x00,
    0x00, 0x1F, 0xFF, 0x00, 0x3F, 0xFF, 0x00, 0x3F, 0xFF, 0x00, 0x76, 0x00, 0x00, 0x66, 0x00, 0x00,
    0xE6, 0x00, 0x01, 0xC6, 0x00, 0x01, 0xC6, 0x00, 0x03, 0x87, 0xFE, 0x07, 0x07, 0xFE, 0x07, 0x07,
    0xFE, 0x0F, 0xFE, 0x00, 0x0F, 0xFE, 0x00, 0x1C, 0x06, 0x00, 0x38, 0x06, 0x00, 0x38, 0x06, 0x00,
    0x70, 0x06, 0x00, 0x60, 0x07, 0xFF, 0xE0, 0x07, 0xFF, 0x00, 0x10, 0x00, 0x01, 0xC0, 0x00, 0x38,
    0x00, 0x03, 0x00, 0x00, 0x60, 0x00, 0x00, 0x00, 0x0E, 0x07, 0x03, 0xF9, 0xFE, 0x7B, 0xFC, 0xE2,
    0x0F, 0x07, 0x00, 0xE0, 0x30, 0x06, 0x03, 0x1F, 0xFF, 0xF7, 0xFF, 0xFF, 0xF0, 0x60, 0x0E, 0x06,
    0x00, 0xC0, 0xF0, 0x2E, 0x1F, 0x87, 0xFF, 0xBF, 0xF7, 0xF0, 0xFC, 0x00, 0x40, 0x00, 0x1C, 0x00,
    0x0E, 0x00, 0x06, 0x02, 0x00, 0x81, 0xC0, 0xFC, 0xE0, 0xFF, 0xF8, 0x7C, 0xFC, 0x38, 0x0F, 0x1C,
    0x07, 0xC7, 0x01, 0xB9, 0x80, 0xEE, 0xE0, 0x71, 0xB8, 0x38, 0x6E, 0x0C, 0x1B, 0x87, 0x06, 0xE3,
    0x81, 0x99, 0xC0, 0x66, 0x60, 0x39, 0xF8, 0x0E, 0x3C, 0x07, 0x0F, 0x03, 0x87, 0xFF, 0xC1, 0xDF,
    0xE0, 0xE0, 0x00, 0x30, 0x00, 0x00, 0x00, 0x80, 0x07, 0x00, 0x18, 0x00, 0xC0, 0x06, 0x00, 0x00,
    0x20, 0x79, 0xC7, 0xFE, 0x3E, 0xF0, 0xE1, 0xE7, 0x0F, 0x9C, 0x76, 0x61, 0x99, 0x8E, 0x77, 0x71,
    0x9F, 0x86, 0x3C, 0x38, 0xE1, 0xE3, 0xFF, 0x1F, 0xF8, 0xE0, 0x00, 0x80, 0x00, 0x0F, 0xC1, 0xFF,
    0x1F, 0x3C, 0xE0, 0x7E, 0x01, 0x70, 0x03, 0x80, 0x0E, 0x00, 0x7E, 0x00, 0xFE, 0x01, 0xFC, 0x01,
    0xF0, 0x03, 0x80, 0x0D, 0x00, 0x7C, 0x07, 0xF0, 0x7B, 0xFF, 0x87, 0xF8, 0x00, 0x00, 0x20, 0x03,
    0x80, 0x1C, 0x00, 0x20, 0x03, 0x00, 0x30, 0x00, 0x1E, 0x1F, 0xEF, 0x3F, 0x83, 0xE0, 0x3C, 0x07,
    0xE0, 0xFE, 0x07, 0xC0, 0x74, 0x0F, 0x87, 0xFF, 0xCF, 0xE0, 0x00, 0x18, 0x0E, 0x03, 0x80, 0x20,
    0x30, 0x04, 0x00, 0xFF, 0xFF, 0xFF, 0xFF, 0xFF, 0xC1, 0xC0, 0x07, 0x00, 0x1C, 0x00, 0x70, 0x01,
    0xC0, 0x07, 0x00, 0x1C, 0x00, 0x70, 0x01, 0xC0, 0x07, 0x00, 0x1C, 0x00, 0x70, 0x01, 0xC0, 0x07,
    0x00, 0x1C, 0x00, 0x70, 0x00, 0x00, 0x03, 0x00, 0x1C, 0x00, 0x70, 0x00, 0x40, 0x06, 0x00, 0x08,
    0x00, 0x18, 0x0C, 0x06, 0x03, 0x01, 0x87, 0xFF, 0xFE, 0x30, 0x18, 0x0C, 0x06, 0x03, 0x01, 0x80,
    0xC0, 0x60, 0x30, 0x1F, 0x07, 0x80, 0x00, 0xC0, 0xF0, 0x38, 0x08, 0x0C, 0x04, 0x00, 0x08, 0x40,
    0x33, 0x80, 0x7C, 0x00, 0xE0, 0x00, 0x03, 0x00, 0x3C, 0x00, 0xF0, 0x03, 0xC0, 0x0F, 0x00, 0x3C,
    0x00, 0xF0, 0x03, 0xC0, 0x0F, 0xFF, 0xFF, 0xFF, 0xFF, 0xFF, 0xC0, 0x0F, 0x00, 0x3C, 0x00, 0xF0,
    0x03, 0xC0, 0x0F, 0x00, 0x3C, 0x00, 0xF0, 0x03, 0x42, 0x03, 0x9C, 0x07, 0xC0, 0x0F, 0x00, 0x00,
    0x00, 0x60, 0x01, 0x80, 0x06, 0x00, 0x18, 0x00, 0x60, 0x01, 0x8E, 0x06, 0xFE, 0x1F, 0x78, 0x70,
    0x71, 0x81, 0xC6, 0x03, 0x18, 0x0C, 0x60, 0x31, 0x80, 0xC6, 0x03, 0x18, 0x0C, 0x60, 0x31, 0x80,
    0xC6, 0x03, 0x4E, 0xE7, 0x30, 0x23, 0x7E, 0xC0, 0x38, 0xF1, 0xB6, 0x38, 0x40, 0x73, 0xFF, 0xCE,
    0xFF, 0xFF, 0xC0, 0xFF, 0xF8, 0xC7, 0x8D, 0xF1, 0xE0, 0xFD, 0x00, 0xC7, 0xE7, 0xE7, 0xF9, 0x73,
    0x88, 0x77, 0xE3, 0x3F, 0x00, 0x44, 0x77, 0x66, 0xEE, 0xCC, 0xC7, 0xD9, 0xF1, 0xC0, 0x22, 0x73,
    0x9D, 0xC7, 0x71, 0x98, 0x6A, 0x7E, 0x80, 0x18, 0xFE, 0x31, 0x80, 0x84, 0x3F, 0x08, 0x00, 0xFF,
    0xF0, 0xC3, 0x0C, 0x7B, 0x66, 0x63, 0x19, 0xFF, 0x80, 0xFB, 0x18, 0xC6, 0x00, 0x63, 0x3E, 0xC6,
    0x00, 0xF8, 0xFD, 0x80, 0xE7, 0xE7, 0x42, 0xF4, 0xE3, 0xB7, 0x00, 0xDF, 0x95, 0x00, 0xCC, 0xEF,
    0x3F, 0xE0, 0x77, 0x31, 0xCF, 0x9C, 0xFF, 0xC0, 0xFF, 0xFF, 0xC3, 0xC3, 0xC7, 0xD9, 0xF1, 0xC0,
    0x22, 0x7B, 0xDE, 0x44, 0xFF, 0xF8, 0x73, 0xFE, 0x4E, 0xCC, 0xBC, 0xC3, 0xC3, 0xFF, 0xFF, 0xFF,
    0x1C, 0x71, 0xFC, 0xF7, 0x4C, 0xC2, 0x00, 0x4B, 0x37, 0x8C, 0x7B, 0x30, 0xFF, 0xFF, 0xC3, 0xC3,
    0xFF, 0xF8, 0x00, 0x00, 0x01, 0xFF, 0xF0, 0xCF, 0x3C, 0xF3, 0xCC, 0xF8, 0xC6, 0x31, 0x80, 0x0C,
    0x7B, 0xFF, 0xDE, 0x30, 0x18, 0x18, 0x32, 0x7F, 0xDE, 0x00, 0x18, 0x18, 0x73, 0xDE, 0x00, 0x7B,
    0x4E, 0x49, 0xFB, 0xFA, 0x20, 0x6F, 0x66, 0x60, 0xE0, 0x00, 0xEE, 0x00, 0x38, 0xF0, 0x1E, 0x07,
    0xFF, 0x00, 0x1F, 0x00, 0x01, 0xF0, 0x01, 0xFF, 0xC0, 0xF0, 0x1E, 0x38, 0x00, 0xEE, 0x00, 0x0E,
    0x00, 0x13, 0xFF, 0xEF, 0xFF, 0xC0, 0x02, 0x08, 0x01, 0xC0, 0x0E, 0x00, 0x70, 0x02, 0x0F, 0xFF,
    0xFF, 0xFF, 0xFF, 0xC0, 0x0C, 0x00, 0xC0, 0x0C, 0x00, 0xC0, 0x0F, 0xFE, 0xFF, 0xEF, 0xFE, 0xC0,
    0x0C, 0x00, 0xC0, 0x0C, 0x00, 0xC0, 0x0C, 0x00, 0xFF, 0xFF, 0xFF, 0x30, 0x83, 0x9C, 0x39, 0xC0,
    0x00, 0xFF, 0xFF, 0xFF, 0xFF, 0xFC, 0x00, 0xC0, 0x0C, 0x00, 0xC0, 0x0C, 0x00, 0xFF, 0xEF, 0xFE,
    0xFF, 0xEC, 0x00, 0xC0, 0x0C, 0x00, 0xC0, 0x0C, 0x00, 0xC0, 0x0F, 0xFF, 0xFF, 0xF0, 0xFF, 0xFC,
    0x1F, 0xFF, 0x83, 0xFF, 0xF0, 0x03, 0x80, 0x00, 0x70, 0x00, 0x0E, 0x00, 0x01, 0xC0, 0x00, 0x39,
    0xF8, 0x07, 0x7F, 0x80, 0xF8, 0x78, 0x1E, 0x07, 0x03, 0x80, 0x70, 0x70, 0x0E, 0x0E, 0x01, 0xC1,
    0xC0, 0x38, 0x38, 0x0E, 0x07, 0x03, 0xC0, 0xE1, 0xF0, 0x1C, 0x3C, 0x00, 0x02, 0x00, 0xE0, 0x38,
    0x06, 0x00, 0x81, 0xFF, 0xFF, 0xFF, 0xFF, 0xC0, 0x18, 0x03, 0x00, 0x60, 0x0C, 0x01, 0x80, 0x30,
    0x06, 0x00, 0xC0, 0x18, 0x03, 0x00, 0x60, 0x0C, 0x01, 0x80, 0x30, 0x06, 0x00, 0x03, 0xF0, 0x0F,
    0xFC, 0x1F, 0x7E, 0x38, 0x0F, 0x70, 0x04, 0x70, 0x00, 0x60, 0x00, 0xE0, 0x00, 0xFF, 0xF0, 0xFF,
    0xF0, 0xFF, 0xF0, 0xE0, 0x00, 0x60, 0x00, 0x60, 0x00, 0x70, 0x00, 0x38, 0x07, 0x3C, 0x1E, 0x1F,
    0xFC, 0x07, 0xF8, 0x0F, 0xC1, 0xFF, 0x1F, 0x3C, 0xE0, 0x7E, 0x01, 0x70, 0x03, 0x80, 0x0E, 0x00,
    0x7E, 0x00, 0xFE, 0x01, 0xFC, 0x01, 0xF0, 0x03, 0x80, 0x0D, 0x00, 0x7C, 0x07, 0xF0, 0x7B, 0xFF,
    0x87, 0xF8, 0xFF, 0xFF, 0xFF, 0xFF, 0xFC, 0x63, 0x71, 0xF8, 0xC0, 0x01, 0xC0, 0xE0, 0x70, 0x38,
    0x1C, 0x0E, 0x07, 0x03, 0x81, 0xC0, 0xE0, 0x70, 0x38, 0x1C, 0x0E, 0x07, 0x03, 0x81, 0xC0, 0xE0,
    0x70, 0x00, 0xC0, 0x30, 0x0C, 0x03, 0x00, 0xC0, 0x30, 0x0C, 0x03, 0x00, 0xC0, 0x30, 0x0C, 0x03,
    0x00, 0xC0, 0x30, 0x0D, 0x83, 0xF1, 0xDF, 0xE3, 0xF8, 0x07, 0xFF, 0x00, 0x00, 0xFF, 0xE0, 0x00,
    0x1F, 0xFC, 0x00, 0x03, 0x01, 0x80, 0x00, 0xE0, 0x30, 0x00, 0x1C, 0x06, 0x00, 0x03, 0x80, 0xC0,
    0x00, 0x70, 0x1F, 0xE0, 0x0E, 0x03, 0xFF, 0x81, 0xC0, 0x7F, 0xF8, 0x30, 0x0C, 0x07, 0x86, 0x01,
    0x80, 0x70, 0xC0, 0x30, 0x0E, 0x18, 0x06, 0x01, 0xC7, 0x00, 0xC0, 0x38, 0xE0, 0x18, 0x07, 0x38,
    0x03, 0x03, 0xDF, 0x00, 0x7F, 0xF3, 0xC0, 0x0F, 0xF8, 0x00, 0xC0, 0x0C, 0x00, 0x60, 0x06, 0x00,
    0x30, 0x03, 0x00, 0x18, 0x01, 0x80, 0x0C, 0x00, 0xC0, 0x06, 0x00, 0x60, 0x03, 0x00, 0x30, 0x01,
    0x80, 0x18, 0x00, 0xFF, 0xFF, 0xFC, 0x7F, 0xFF, 0xFF, 0x30, 0x03, 0x03, 0xD8, 0x01, 0x80, 0x7C,
    0x00, 0xC0, 0x3E, 0x00, 0x60, 0x1F, 0x00, 0x30, 0x0F, 0x80, 0x18, 0x07, 0xC0, 0x0C, 0x0F, 0x60,
    0x07, 0xFF, 0x30, 0x03, 0xFF, 0x00, 0xFF, 0xFC, 0x1F, 0xFF, 0x83, 0xFF, 0xF0, 0x03, 0x80, 0x00,
    0x70, 0x00, 0x0E, 0x00, 0x01, 0xC0, 0x00, 0x39, 0xF8, 0x07, 0x7F, 0x80, 0xF8, 0x78, 0x1E, 0x07,
    0x03, 0xC0, 0x60, 0x70, 0x0E, 0x0E, 0x01, 0xC1, 0xC0, 0x38, 0x38, 0x07, 0x07, 0x00, 0xE0, 0xE0,
    0x1C, 0x1C, 0x03, 0x80, 0x01, 0x00, 0x07, 0x00, 0x1C, 0x00, 0x30, 0x00, 0x40, 0x18, 0x07, 0xB0,
    0x1E, 0x60, 0x78, 0xC1, 0xE1, 0x87, 0x83, 0x1E, 0x06, 0x78, 0x0D, 0xE0, 0x1F, 0x80, 0x3E, 0x00,
    0x6E, 0x00, 0xCE, 0x01, 0x8E, 0x03, 0x0E, 0x06, 0x0E, 0x0C, 0x0E, 0x18, 0x0E, 0x30, 0x1E, 0x60,
    0x1F, 0x02, 0x00, 0x0E, 0x00, 0x0C, 0x00, 0x0C, 0x00, 0x10, 0x18, 0x01, 0xF0, 0x07, 0xE0, 0x0F,
    0xC0, 0x3F, 0x80, 0xFF, 0x01, 0xFE, 0x07, 0x7C, 0x1C, 0xF8, 0x39, 0xF0, 0xE3, 0xE3, 0x87, 0xC7,
    0x0F, 0x9C, 0x1F, 0x70, 0x3E, 0xC0, 0x7F, 0x80, 0xFE, 0x01, 0xF8, 0x03, 0xF0, 0x07, 0x0C, 0x60,
    0x18, 0xC0, 0x19, 0x80, 0x1E, 0x00, 0x00, 0x1C, 0x00, 0xDC, 0x03, 0xB8, 0x06, 0x38, 0x1C, 0x70,
    0x38, 0x70, 0xE0, 0xE1, 0xC0, 0xC7, 0x01, 0xCE, 0x01, 0x98, 0x03, 0xF0, 0x03, 0xC0, 0x07, 0x80,
    0x0E, 0x00, 0x1C, 0x00, 0x70, 0x00, 0xE0, 0x03, 0x80, 0x07, 0x00, 0xC0, 0x1F, 0x00, 0x7C, 0x01,
    0xF0, 0x07, 0xC0, 0x1F, 0x00, 0x7C, 0x01, 0xF0, 0x07, 0xC0, 0x1F, 0x00, 0x7C, 0x01, 0xF0, 0x07,
    0xC0, 0x1F, 0x00, 0x7C, 0x01, 0xF0, 0x07, 0xC0, 0x1F, 0xFF, 0xFF, 0xFF, 0xC0, 0xC0, 0x03, 0x00,
    0x0C, 0x00, 0x30, 0x00, 0x01, 0xC0, 0x00, 0xE0, 0x00, 0xF8, 0x00, 0x7C, 0x00, 0x36, 0x00, 0x3B,
    0x80, 0x1C, 0xC0, 0x0C, 0x60, 0x0E, 0x38, 0x06, 0x0C, 0x07, 0x07, 0x03, 0xFF, 0x81, 0xFF, 0xC1,
    0xC0, 0x70, 0xE0, 0x38, 0x60, 0x0C, 0x70, 0x07, 0x38, 0x01, 0xB8, 0x00, 0xE0, 0xFF, 0xE7, 0xFF,
    0x3F, 0xF9, 0x80, 0x0C, 0x00, 0x60, 0x03, 0x00, 0x18, 0x00, 0xFF, 0xC7, 0xFF, 0x30, 0x7D, 0x80,
    0x7C, 0x03, 0xE0, 0x0F, 0x00, 0xF8, 0x07, 0xC0, 0xF7, 0xFF, 0x3F, 0xF0, 0xFF, 0x03, 0xFF, 0x8F,
    0xFF, 0x30, 0x1C, 0xC0, 0x3B, 0x00, 0xEC, 0x03, 0xB0, 0x1C, 0xFF, 0xE3, 0xFF, 0x8F, 0xFF, 0x30,
    0x0E, 0xC0, 0x1F, 0x00, 0x7C, 0x01, 0xF0, 0x0E, 0xC0, 0x7B, 0xFF, 0xCF, 0xFC, 0x00, 0xFF, 0xFF,
    0xFF, 0xFF, 0xE0, 0x0C, 0x01, 0x80, 0x30, 0x06, 0x00, 0xC0, 0x18, 0x03, 0x00, 0x60, 0x0C, 0x01,
    0x80, 0x30, 0x06, 0x00, 0xC0, 0x18, 0x03, 0x00, 0x00, 0x07, 0xFF, 0x00, 0xFF, 0xE0, 0x1F, 0xFC,
    0x03, 0x81, 0x80, 0x60, 0x30, 0x0C, 0x06, 0x01, 0x80, 0xC0, 0x30, 0x18, 0x06, 0x03, 0x01, 0xC0,
    0x60, 0x38, 0x0C, 0x07, 0x01, 0x80, 0xE0, 0x30, 0x1C, 0x06, 0x03, 0x00, 0xC0, 0xE0, 0x18, 0x38,
    0x03, 0x1F, 0xFF, 0xFF, 0xFF, 0xFF, 0xF0, 0x00, 0x7E, 0x00, 0x0F, 0xC0, 0x00, 0xD0, 0x00, 0x18,
    0xFF, 0xFF, 0xFF, 0xFF, 0xFC, 0x00, 0xC0, 0x0C, 0x00, 0xC0, 0x0C, 0x00, 0xFF, 0xEF, 0xFE, 0xFF,
    0xEC, 0x00, 0xC0, 0x0C, 0x00, 0xC0, 0x0C, 0x00, 0xC0, 0x0F, 0xFF, 0xFF, 0xF0, 0x70, 0x0E, 0x01,
    0xC7, 0x01, 0xC0, 0x70, 0x70, 0x38, 0x1C, 0x07, 0x07, 0x07, 0x00, 0x70, 0xE1, 0xC0, 0x07, 0x1C,
    0x70, 0x00, 0x73, 0x9C, 0x00, 0x07, 0x77, 0x00, 0x00, 0x7F, 0xC0, 0x00, 0x0F, 0xF0, 0x00, 0x03,
    0xFF, 0x00, 0x00, 0xF7, 0x70, 0x00, 0x3C, 0xE7, 0x00, 0x0F, 0x1C, 0x70, 0x03, 0xC3, 0x87, 0x00,
    0x70, 0x70, 0x70, 0x1C, 0x0E, 0x07, 0x07, 0x01, 0xC0, 0x73, 0xC0, 0x38, 0x07, 0x80, 0x0F, 0x81,
    0xFF, 0x1E, 0x7D, 0xC0, 0xE4, 0x03, 0x00, 0x18, 0x00, 0xC0, 0x0E, 0x0F, 0xE0, 0x7E, 0x03, 0xF8,
    0x00, 0xE0, 0x03, 0x80, 0x1C, 0x00, 0xF8, 0x07, 0xF0, 0x73, 0xFF, 0x8F, 0xF0, 0xC0, 0x0F, 0x80,
    0x3F, 0x00, 0x7E, 0x01, 0xFC, 0x07, 0xF8, 0x0F, 0xF0, 0x3B, 0xE0, 0xE7, 0xC1, 0xCF, 0x87, 0x1F,
    0x1C, 0x3E, 0x38, 0x7C, 0xE0, 0xFB, 0x81, 0xF6, 0x03, 0xFC, 0x07, 0xF0, 0x0F, 0xC0, 0x1F, 0x80,
    0x38, 0x0C, 0x60, 0x18, 0xC0, 0x33, 0x00, 0x3C, 0x00, 0x00, 0x18, 0x01, 0xF0, 0x07, 0xE0, 0x0F,
    0xC0, 0x3F, 0x80, 0xFF, 0x01, 0xFE, 0x07, 0x7C, 0x1C, 0xF8, 0x39, 0xF0, 0xE3, 0xE3, 0x87, 0xC7,
    0x0F, 0x9C, 0x1F, 0x70, 0x3E, 0xC0, 0x7F, 0x80, 0xFE, 0x01, 0xF8, 0x03, 0xF0, 0x07, 0xC0, 0x3D,
    0x80, 0xF3, 0x03, 0xC6, 0x0F, 0x0C, 0x3C, 0x18, 0xF0, 0x33, 0xC0, 0x6F, 0x00, 0xFC, 0x01, 0xF0,
    0x03, 0x70, 0x06, 0x70, 0x0C, 0x70, 0x18, 0x70, 0x30, 0x70, 0x60, 0x70, 0xC0, 0x71, 0x80, 0xF3,
    0x00, 0xF8, 0x07, 0xFF, 0x07, 0xFF, 0x07, 0xFF, 0x06, 0x03, 0x0E, 0x03, 0x0E, 0x03, 0x0E, 0x03,
    0x0E, 0x03, 0x0E, 0x03, 0x0E, 0x03, 0x0C, 0x03, 0x0C, 0x03, 0x0C, 0x03, 0x0C, 0x03, 0x1C, 0x03,
    0x1C, 0x03, 0x38, 0x03, 0xF8, 0x03, 0xF0, 0x03, 0xC0, 0x00, 0xF8, 0x00, 0x7F, 0x00, 0x1F, 0xC0,
    0x0F, 0xF8, 0x07, 0xF7, 0x01, 0xFD, 0xC0, 0xEF, 0x38, 0x33, 0xC6, 0x1C, 0xF1, 0xCE, 0x3C, 0x3B,
    0x0F, 0x0F, 0xC3, 0xC1, 0xE0, 0xF0, 0x38, 0x3C, 0x0C, 0x0F, 0x00, 0x03, 0xC0, 0x00, 0xF0, 0x00,
    0x3C, 0x00, 0x0C, 0xC0, 0x0F, 0x00, 0x3C, 0x00, 0xF0, 0x03, 0xC0, 0x0F, 0x00, 0x3C, 0x00, 0xF0,
    0x03, 0xFF, 0xFF, 0xFF, 0xFF, 0xFF, 0xF0, 0x03, 0xC0, 0x0F, 0x00, 0x3C, 0x00, 0xF0, 0x03, 0xC0,
    0x0F, 0x00, 0x3C, 0x00, 0xC0, 0x03, 0xF0, 0x07, 0xFE, 0x07, 0xDF, 0x87, 0x01, 0xE7, 0x00, 0x73,
    0x80, 0x1D, 0x80, 0x0F, 0xC0, 0x03, 0xE0, 0x01, 0xF0, 0x00, 0xF8, 0x00, 0x7C, 0x00, 0x3E, 0x00,
    0x3B, 0x00, 0x1D, 0xC0, 0x0C, 0x70, 0x0E, 0x3C, 0x1E, 0x0F, 0xFE, 0x01, 0xFE, 0x00, 0xFF, 0xFF,
    0xFF, 0xFF, 0xFF, 0xF0, 0x07, 0xC0, 0x1F, 0x00, 0x7C, 0x01, 0xF0, 0x07, 0xC0, 0x1F, 0x00, 0x7C,
    0x01, 0xF0, 0x07, 0xC0, 0x1F, 0x00, 0x7C, 0x01, 0xF0, 0x07, 0xC0, 0x1F, 0x00, 0x7C, 0x01, 0xC0,
    0xFE, 0x07, 0xFF, 0x3F, 0xFD, 0x80, 0xFC, 0x03, 0xE0, 0x1F, 0x00, 0xF8, 0x07, 0xC0, 0x3E, 0x07,
    0xBF, 0xFD, 0xFF, 0x8C, 0x00, 0x60, 0x03, 0x00, 0x18, 0x00, 0xC0, 0x06, 0x00, 0x30, 0x00, 0x03,
    0xF0, 0x0F, 0xFC, 0x1F, 0x3E, 0x3C, 0x0F, 0x78, 0x04, 0x70, 0x00, 0x60, 0x00, 0x60, 0x00, 0xE0,
    0x00, 0xE0, 0x00, 0xE0, 0x00, 0xE0, 0x00, 0x60, 0x00, 0x70, 0x00, 0x70, 0x00, 0x38, 0x07, 0x1E,
    0x1E, 0x1F, 0xFC, 0x07, 0xF8, 0xFF, 0xFF, 0xFF, 0xFF, 0xFF, 0xC1, 0xC0, 0x07, 0x00, 0x1C, 0x00,
    0x70, 0x01, 0xC0, 0x07, 0x00, 0x1C, 0x00, 0x70, 0x01, 0xC0, 0x07, 0x00, 0x1C, 0x00, 0x70, 0x01,
    0xC0, 0x07, 0x00, 0x1C, 0x00, 0x70, 0x00, 0xE0, 0x06, 0xE0, 0x1D, 0xC0, 0x31, 0xC0, 0xE3, 0x81,
    0xC3, 0x87, 0x07, 0x0E, 0x06, 0x38, 0x0E, 0x70, 0x0C, 0xC0, 0x1F, 0x80, 0x1E, 0x00, 0x3C, 0x00,
    0x70, 0x00, 0xE0, 0x03, 0x80, 0x07, 0x00, 0x1C, 0x00, 0x38, 0x00, 0x00, 0xE0, 0x00, 0x1C, 0x00,
    0x03, 0x80, 0x07, 0xFF, 0x01, 0xFF, 0xF0, 0x79, 0xCF, 0x1C, 0x38, 0x73, 0x07, 0x07, 0xE0, 0xE0,
    0xFC, 0x1C, 0x1F, 0x83, 0x83, 0xF0, 0x70, 0x77, 0x0E, 0x1C, 0xF1, 0xC7, 0x8F, 0xFF, 0xE0, 0xFF,
    0xF8, 0x03, 0xF8, 0x00, 0x1C, 0x00, 0x03, 0x80, 0x00, 0x70, 0x07, 0x38, 0x0E, 0x38, 0x1C, 0x1C,
    0x1C, 0x0E, 0x38, 0x0E, 0x70, 0x07, 0x70, 0x03, 0xE0, 0x03, 0xC0, 0x01, 0xC0, 0x03, 0xC0, 0x07,
    0xE0, 0x06, 0x70, 0x0E, 0x30, 0x1C, 0x38, 0x1C, 0x1C, 0x38, 0x1C, 0x70, 0x0E, 0xF0, 0x07, 0xC0,
    0x1C, 0xC0, 0x1C, 0xC0, 0x1C, 0xC0, 0x1C, 0xC0, 0x1C, 0xC0, 0x1C, 0xC0, 0x1C, 0xC0, 0x1C, 0xC0,
    0x1C, 0xC0, 0x1C, 0xC0, 0x1C, 0xC0, 0x1C, 0xC0, 0x1C, 0xC0, 0x1C, 0xC0, 0x1C, 0xC0, 0x1C, 0xC0,
    0x1C, 0xFF, 0xFF, 0xFF, 0xFF, 0x00, 0x03, 0x00, 0x03, 0x00, 0x03, 0x00, 0x03, 0xC0, 0x1E, 0x00,
    0xF0, 0x07, 0x80, 0x3C, 0x01, 0xE0, 0x0F, 0x00, 0x78, 0x03, 0xC0, 0x3F, 0x01, 0xFC, 0x1E, 0xFF,
    0xB3, 0xFD, 0x87, 0x8C, 0x00, 0x60, 0x03, 0x00, 0x18, 0x00, 0xC0, 0x06, 0xC0, 0x30, 0x0F, 0x00,
    0xC0, 0x3C, 0x03, 0x00, 0xF0, 0x0C, 0x03, 0xC0, 0x30, 0x0F, 0x00, 0xC0, 0x3C, 0x03, 0x00, 0xF0,
    0x0C, 0x03, 0xC0, 0x30, 0x0F, 0x00, 0xC0, 0x3C, 0x03, 0x00, 0xF0, 0x0C, 0x03, 0xC0, 0x30, 0x0F,
    0x00, 0xC0, 0x3C, 0x03, 0x00, 0xF0, 0x0C, 0x03, 0xC0, 0x30, 0x0F, 0xFF, 0xFF, 0xFF, 0xFF, 0xFF,
    0xC0, 0xC0, 0x30, 0x0C, 0x60, 0x18, 0x06, 0x30, 0x0C, 0x03, 0x18, 0x06, 0x01, 0x8C, 0x03, 0x00,
    0xC6, 0x01, 0x80, 0x63, 0x00, 0xC0, 0x31, 0x80, 0x60, 0x18, 0xC0, 0x30, 0x0C, 0x60, 0x18, 0x06,
    0x30, 0x0C, 0x03, 0x18, 0x06, 0x01, 0x8C, 0x03, 0x00, 0xC6, 0x01, 0x80, 0x63, 0x00, 0xC0, 0x31,
    0x80, 0x60, 0x18, 0xC0, 0x30, 0x0C, 0x7F, 0xFF, 0xFF, 0xFF, 0xFF, 0xFF, 0xE0, 0x00, 0x00, 0x30,
    0x00, 0x00, 0x18, 0x00, 0x00, 0x0C, 0x00, 0x00, 0x06, 0xFE, 0x00, 0x3F, 0x80, 0x0F, 0xE0, 0x00,
    0x18, 0x00, 0x06, 0x00, 0x01, 0x80, 0x00, 0x60, 0x00, 0x1F, 0xE0, 0x07, 0xFF, 0x01, 0xFF, 0xE0,
    0x60, 0x3C, 0x18, 0x07, 0x06, 0x01, 0xC1, 0x80, 0x70, 0x60, 0x1C, 0x18, 0x07, 0x06, 0x07, 0x81,
    0xFF, 0xC0, 0x7F, 0xC0, 0xC0, 0x01, 0xF0, 0x00, 0x7C, 0x00, 0x1F, 0x00, 0x07, 0xC0, 0x01, 0xF0,
    0x00, 0x7C, 0x00, 0x1F, 0xFC, 0x07, 0xFF, 0xE1, 0xFF, 0xFC, 0x7C, 0x07, 0x9F, 0x00, 0xE7, 0xC0,
    0x39, 0xF0, 0x0E, 0x7C, 0x03, 0x9F, 0x00, 0xE7, 0xC0, 0xF1, 0xFF, 0xF8, 0x7F, 0xF8, 0x1C, 0xC0,
    0x06, 0x00, 0x30, 0x01, 0x80, 0x0C, 0x00, 0x60, 0x03, 0x00, 0x1F, 0xE0, 0xFF, 0xE7, 0xFF, 0xB0,
    0x1F, 0x80, 0x7C, 0x03, 0xE0, 0x1F, 0x00, 0xF8, 0x07, 0xC0, 0xF7, 0xFF, 0x3F, 0xE0, 0x0F, 0xC0,
    0x7F, 0xE1, 0xF7, 0xE7, 0x01, 0xE4, 0x01, 0xC0, 0x01, 0xC0, 0x03, 0x80, 0x07, 0x0F, 0xFE, 0x1F,
    0xFC, 0x3F, 0xF8, 0x00, 0x30, 0x00, 0xE0, 0x01, 0xC0, 0x07, 0x30, 0x0E, 0xF0, 0x78, 0xFF, 0xE0,
    0x7F, 0x80, 0xC0, 0x1F, 0x81, 0x80, 0xFF, 0xC3, 0x03, 0xF7, 0xC6, 0x0F, 0x01, 0xCC, 0x1C, 0x01,
    0xD8, 0x70, 0x03, 0xB0, 0xE0, 0x03, 0xE1, 0xC0, 0x07, 0xC3, 0x00, 0x0F, 0xFE, 0x00, 0x1F, 0xFC,
    0x00, 0x3E, 0x18, 0x00, 0x7C, 0x38, 0x00, 0xF8, 0x70, 0x01, 0xB0, 0x70, 0x07, 0x60, 0xE0, 0x1E,
    0xC0, 0xF0, 0x79, 0x80, 0xFF, 0xE3, 0x00, 0xFF, 0x00, 0x01, 0xFC, 0x3F, 0xF3, 0xFF, 0xCE, 0x03,
    0x70, 0x0D, 0xC0, 0x37, 0x00, 0xDC, 0x03, 0x38, 0x0C, 0xFF, 0xF0, 0xFF, 0xC1, 0xC3, 0x0E, 0x0C,
    0x38, 0x31, 0xC0, 0xC7, 0x03, 0x38, 0x0D, 0xC0, 0x3F, 0x00, 0xC0, 0x0F, 0x07, 0xF1, 0xEF, 0x10,
    0x70, 0x0E, 0x00, 0xC7, 0xFB, 0xFF, 0xF0, 0x7C, 0x0F, 0x03, 0xF0, 0xFF, 0xF6, 0xFC, 0xC0, 0x00,
    0x20, 0x0F, 0x83, 0xF8, 0x7E, 0x03, 0x80, 0x38, 0x01, 0x80, 0x1C, 0xF0, 0xFF, 0xE7, 0xCF, 0x3C,
    0x1D, 0xC0, 0x6E, 0x03, 0xF0, 0x1F, 0x80, 0xFC, 0x06, 0x60, 0x73, 0x83, 0x8F, 0xF8, 0x3F, 0x80,
    0xFF, 0x9F, 0xFB, 0x07, 0x60, 0x6C, 0x1D, 0xFF, 0x3F, 0xF6, 0x0E, 0xC0, 0xF8, 0x1F, 0x07, 0xFF,
    0xEF, 0xF8, 0xFF, 0xFF, 0xF0, 0x18, 0x0C, 0x06, 0x03, 0x01, 0x80, 0xC0, 0x60, 0x30, 0x18, 0x0C,
    0x00, 0x0F, 0xF8, 0x1F, 0xF0, 0x38, 0x60, 0x70, 0xC0, 0xE1, 0x81, 0x83, 0x03, 0x06, 0x06, 0x0C,
    0x0C, 0x18, 0x38, 0x30, 0x60, 0x67, 0xFF, 0xFF, 0xFF, 0xFC, 0x00, 0xF8, 0x01, 0xE0, 0x03, 0xC0,
    0x06, 0x07, 0x03, 0xFC, 0x79, 0xE7, 0x07, 0xE0, 0x7E, 0x03, 0xFF, 0xFF, 0xFF, 0xE0, 0x0E, 0x00,
    0x60, 0x47, 0x07, 0x3F, 0xE1, 0xFC, 0x70, 0x60, 0xE3, 0x86, 0x1C, 0x1C, 0x63, 0x80, 0xE6, 0x70,
    0x07, 0x6E, 0x00, 0x3F, 0xC0, 0x03, 0xFC, 0x00, 0x76, 0xE0, 0x0E, 0x67, 0x01, 0xC6, 0x38, 0x38,
    0x61, 0xC7, 0x86, 0x1E, 0xF0, 0x60, 0xF0, 0x0F, 0x07, 0xF9, 0xFF, 0xB0, 0x70, 0x0E, 0x01, 0xC3,
    0xF0, 0x7C, 0x01, 0xE0, 0x0C, 0x81, 0xF0, 0x77, 0xFE, 0x7F, 0x80, 0xC0, 0xF8, 0x3F, 0x0F, 0xE1,
    0xBC, 0x77, 0x8C, 0xF3, 0x9E, 0xE3, 0xD8, 0x7F, 0x0F, 0xC1, 0xF8, 0x3E, 0x06, 0x31, 0x86, 0x30,
    0x7E, 0x07, 0x80, 0x00, 0x00, 0x30, 0x3E, 0x0F, 0xC3, 0xF8, 0x6F, 0x1D, 0xE3, 0x3C, 0xE7, 0xB8,
    0xF6, 0x1F, 0xC3, 0xF0, 0x7E, 0x0F, 0x81, 0x80, 0xC1, 0xF8, 0x73, 0x1C, 0x67, 0x0D, 0xC1, 0xF0,
    0x3E, 0x06, 0xE0, 0xCE, 0x18, 0xE3, 0x0E, 0x60, 0xEC, 0x0E, 0x1F, 0xF1, 0xFF, 0x18, 0x31, 0x83,
    0x38, 0x33, 0x83, 0x38, 0x33, 0x83, 0x30, 0x33, 0x03, 0x70, 0x3F, 0x03, 0xE0, 0x30, 0xE0, 0x3F,
    0xC0, 0xFF, 0x07, 0xFE, 0x1F, 0xD8, 0xFF, 0x73, 0x7C, 0xCD, 0xF3, 0xE7, 0xC7, 0x9F, 0x1C, 0x7C,
    0x01, 0xF0, 0x07, 0xC0, 0x1C, 0xC0, 0x78, 0x0F, 0x01, 0xE0, 0x3C, 0x07, 0xFF, 0xFF, 0xFE, 0x03,
    0xC0, 0x78, 0x0F, 0x01, 0xE0, 0x3C, 0x06, 0x0F, 0x01, 0xFE, 0x1F, 0xF8, 0xE0, 0xEE, 0x07, 0x70,
    0x1B, 0x80, 0xDC, 0x07, 0xE0, 0x37, 0x01, 0x98, 0x1C, 0xE1, 0xE3, 0xFE, 0x0F, 0xE0, 0xFF, 0xFF,
    0xFF, 0x01, 0xE0, 0x3C, 0x07, 0x80, 0xF0, 0x1E, 0x03, 0xC0, 0x78, 0x0F, 0x01, 0xE0, 0x3C, 0x06,
    0x07, 0x0D, 0xFC, 0xFF, 0xEE, 0x0E, 0xE0, 0x7C, 0x07, 0xC0, 0x3C, 0x03, 0xC0, 0x7C, 0x07, 0xE0,
    0x6F, 0x0E, 0xFF, 0xCD, 0xF8, 0xC0, 0x0C, 0x00, 0xC0, 0x0C, 0x00, 0xC0, 0x00, 0x0F, 0x03, 0xFC,
    0x7D, 0xE7, 0x07, 0xE0, 0x0E, 0x00, 0xE0, 0x0E, 0x00, 0xE0, 0x0E, 0x00, 0x60, 0x47, 0x0F, 0x3F,
    0xE1, 0xFC, 0xFF, 0xFF, 0xF0, 0xC0, 0x30, 0x0C, 0x03, 0x00, 0xC0, 0x30, 0x0C, 0x03, 0x00, 0xC0,
    0x30, 0x0C, 0x00, 0xE0, 0x3B, 0x01, 0x9C, 0x1C, 0x60, 0xE3, 0x06, 0x1C, 0x70, 0x63, 0x03, 0x98,
    0x1D, 0xC0, 0x6C, 0x03, 0xE0, 0x0E, 0x00, 0x70, 0x03, 0x80, 0x18, 0x01, 0xC0, 0x0C, 0x00, 0xE0,
    0x00, 0x01, 0x80, 0x01, 0x80, 0x01, 0x80, 0x01, 0x80, 0x01, 0x80, 0x07, 0xE0, 0x1F, 0xF8, 0x3F,
    0xFC, 0x71, 0x8E, 0x61, 0x86, 0xE1, 0x87, 0xE1, 0x87, 0xC1, 0x87, 0xE1, 0x87, 0xE1, 0x87, 0x61,
    0x8E, 0x79, 0x9E, 0x3F, 0xFC, 0x0F, 0xF0, 0x01, 0x80, 0x01, 0x80, 0x01, 0x80, 0x01, 0x80, 0x01,
    0x80, 0xF0, 0x71, 0xC7, 0x0E, 0x30, 0x3B, 0x80, 0xF8, 0x03, 0x80, 0x1C, 0x01, 0xF0, 0x1D, 0x80,
    0xCE, 0x0E, 0x38, 0xE0, 0xCE, 0x07, 0x80, 0xC0, 0x66, 0x03, 0x30, 0x19, 0x80, 0xCC, 0x06, 0x60,
    0x33, 0x01, 0x98, 0x0C, 0xC0, 0x66, 0x03, 0x30, 0x19, 0xFF, 0xFF, 0xFF, 0x80, 0x0C, 0x00, 0x60,
    0x03, 0x00, 0x18, 0xE0, 0x7C, 0x0F, 0x81, 0xF0, 0x3E, 0x07, 0xC1, 0xFC, 0x3B, 0xFF, 0x3F, 0x61,
    0x0C, 0x01, 0x80, 0x30, 0x06, 0xC1, 0xC1, 0xF0, 0x70, 0x7C, 0x1C, 0x1F, 0x07, 0x07, 0xC1, 0xC1,
    0xF0, 0x70, 0x7C, 0x1C, 0x1F, 0x07, 0x07, 0xC1, 0xC1, 0xF0, 0x70, 0x7C, 0x1C, 0x1F, 0xFF, 0xFF,
    0xFF, 0xFF, 0xC0, 0xC1, 0xC1, 0xCC, 0x1C, 0x1C, 0xC1, 0xC1, 0xCC, 0x1C, 0x1C, 0xC1, 0xC1, 0xCC,
    0x1C, 0x1C, 0xC1, 0xC1, 0xCC, 0x1C, 0x1C, 0xC1, 0xC1, 0xCC, 0x1C, 0x1C, 0xC1, 0xC1, 0xCF, 0xFF,
    0xFF, 0xFF, 0xFF, 0xF0, 0x00, 0x07, 0x00, 0x00, 0x70, 0x00, 0x03, 0x00, 0x00, 0x30, 0xFC, 0x03,
    0xF0, 0x01, 0xC0, 0x07, 0x00, 0x1F, 0xF0, 0x7F, 0xE1, 0xC1, 0xC7, 0x03, 0x1C, 0x0C, 0x70, 0x31,
    0xC1, 0xC7, 0xFE, 0x1F, 0xF0, 0xC0, 0x07, 0x80, 0x0F, 0x00, 0x1E, 0x00, 0x3F, 0xF0, 0x7F, 0xF8,
    0xF0, 0x71, 0xE0, 0x73, 0xC0, 0xE7, 0x81, 0xCF, 0x07, 0x1F, 0xFE, 0x3F, 0xF8, 0x60, 0xC0, 0x18,
    0x03, 0x00, 0x60, 0x0F, 0xF1, 0xFF, 0xB0, 0x76, 0x07, 0xC0, 0xF8, 0x1F, 0x07, 0x7F, 0xEF, 0xF8,
    0x1E, 0x0F, 0xF3, 0xFF, 0x20, 0x60, 0x0E, 0x00, 0xC7, 0xF8, 0xFF, 0x00, 0x60, 0x0D, 0x03, 0xF0,
    0xE7, 0xFC, 0x7E, 0x00, 0x00, 0x38, 0x30, 0x7F, 0x8C, 0x3F, 0xF3, 0x0E, 0x0E, 0xC7, 0x03, 0xB1,
    0xC0, 0x6F, 0xF0, 0x1B, 0xFC, 0x07, 0xC7, 0x01, 0xB1, 0xC0, 0x6C, 0x30, 0x3B, 0x0E, 0x1E, 0xC1,
    0xFF, 0x30, 0x3F, 0x80, 0x3F, 0xEF, 0xFF, 0x83, 0xF0, 0x7E, 0x0F, 0xE1, 0xDF, 0xF9, 0xFF, 0x38,
    0xE6, 0x1D, 0xC3, 0xB0, 0x7E, 0x0E, 0x08, 0x01, 0xC0, 0x1C, 0x00, 0xE0, 0x07, 0x00, 0x00, 0x07,
    0x03, 0xFC, 0x79, 0xE7, 0x07, 0xE0, 0x7E, 0x03, 0xFF, 0xFF, 0xFF, 0xE0, 0x0E, 0x00, 0x60, 0x47,
    0x07, 0x3F, 0xE1, 0xFC, 0x18, 0xC3, 0x9C, 0x39, 0xC0, 0x00, 0x07, 0x03, 0xFC, 0x79, 0xE7, 0x07,
    0xE0, 0x7E, 0x03, 0xFF, 0xFF, 0xFF, 0xE0, 0x0E, 0x00, 0x60, 0x47, 0x07, 0x3F, 0xE1, 0xFC, 0x30,
    0x01, 0x80, 0x3F, 0xC1, 0xFE, 0x03, 0x00, 0x18, 0xE0, 0xDF, 0xC7, 0xFE, 0x38, 0x39, 0xC0, 0xCC,
    0x06, 0x60, 0x33, 0x01, 0x98, 0x0C, 0xC0, 0x66, 0x03, 0x30, 0x19, 0x80, 0xCC, 0x06, 0x00, 0x30,
    0x01, 0x80, 0x1C, 0x07, 0xE0, 0x3E, 0x00, 0xC0, 0x04, 0x03, 0x03, 0x83, 0x81, 0x80, 0x00, 0x01,
    0xFF, 0xFF, 0xE0, 0x30, 0x18, 0x0C, 0x06, 0x03, 0x01, 0x80, 0xC0, 0x60, 0x30, 0x18, 0x00, 0x0F,
    0x07, 0xF9, 0xF7, 0xB8, 0x3E, 0x01, 0xC0, 0x3F, 0xC7, 0xF8, 0xE0, 0x1C, 0x01, 0x81, 0x38, 0x73,
    0xFE, 0x3F, 0x80, 0x1E, 0x1F, 0xEF, 0x3F, 0x83, 0xE0, 0x3C, 0x07, 0xE0, 0xFE, 0x07, 0xC0, 0x74,
    0x0F, 0x87, 0xFF, 0xCF, 0xE0, 0xDF, 0x00, 0x36, 0xDB, 0x6D, 0xB6, 0xDB, 0x00, 0xE3, 0xE7, 0xE7,
    0x00, 0x00, 0x18, 0x18, 0x18, 0x18, 0x18, 0x18, 0x18, 0x18, 0x18, 0x18, 0x18, 0x18, 0x18, 0x18,
    0x71, 0x80, 0x00, 0x01, 0x86, 0x18, 0x61, 0x86, 0x18, 0x61, 0x86, 0x18, 0x61, 0x86, 0x18, 0x6F,
    0xBE, 0xE0, 0x1F, 0xF0, 0x00, 0xFF, 0x80, 0x06, 0x0C, 0x00, 0x30, 0x60, 0x03, 0x83, 0xFC, 0x1C,
    0x1F, 0xF8, 0xE0, 0xC1, 0xC7, 0x06, 0x07, 0x30, 0x30, 0x39, 0x81, 0x81, 0xDC, 0x0C, 0x1F, 0xE0,
    0x7F, 0xEE, 0x03, 0xFE, 0x00, 0xC0, 0x60, 0x0C, 0x06, 0x00, 0xC0, 0x60, 0x0C, 0x06, 0x00, 0xC0,
    0x60, 0x0F, 0xFF, 0xFC, 0xFF, 0xFF, 0xEC, 0x06, 0x07, 0xC0, 0x60, 0x7C, 0x06, 0x07, 0xC0, 0x60,
    0xFC, 0x07, 0xFE, 0xC0, 0x7F, 0xC0, 0x30, 0x01, 0x80, 0x3F, 0xC1, 0xFE, 0x03, 0x00, 0x18, 0xE0,
    0xDF, 0xC6, 0xFF, 0x38, 0x39, 0xC0, 0xCC, 0x06, 0x60, 0x33, 0x01, 0x98, 0x0C, 0xC0, 0x66, 0x03,
    0x30, 0x19, 0x80, 0xCC, 0x06, 0x02, 0x00, 0x60, 0x1C, 0x07, 0x00, 0xC0, 0x00, 0x00, 0x0E, 0x0E,
    0xC3, 0x98, 0xE3, 0x38, 0x6E, 0x0F, 0x81, 0xF0, 0x37, 0x06, 0x70, 0xC7, 0x18, 0x73, 0x07, 0x60,
    0x70, 0x08, 0x07, 0x00, 0x70, 0x06, 0x00, 0x60, 0x00, 0x00, 0x06, 0x07, 0xC1, 0xF8, 0x7F, 0x0D,
    0xE3, 0xBC, 0x67, 0x9C, 0xF7, 0x1E, 0xC3, 0xF8, 0x7E, 0x0F, 0xC1, 0xF0, 0x30, 0x18, 0xC0, 0xC6,
    0x03, 0xF0, 0x0F, 0x00, 0x00, 0x00, 0x03, 0x80, 0xEE, 0x07, 0x70, 0x31, 0x83, 0x8E, 0x18, 0x71,
    0xC1, 0x8E, 0x0E, 0x60, 0x37, 0x01, 0xB0, 0x0F, 0x80, 0x3C, 0x01, 0xC0, 0x0E, 0x00, 0x60, 0x07,
    0x00, 0x38, 0x03, 0x80, 0xC0, 0x78, 0x0F, 0x01, 0xE0, 0x3C, 0x07, 0x80, 0xF0, 0x1E, 0x03, 0xC0,
    0x78, 0x0F, 0x01, 0xFF, 0xFF, 0xFE, 0x1C, 0x03, 0x80, 0x60, 0x0C, 0x00, 0x0E, 0x00, 0x07, 0x00,
    0x03, 0x80, 0x1F, 0xFF, 0x0F, 0xFF, 0x87, 0xFF, 0xC0, 0x38, 0x00, 0x1C, 0x00, 0x0F, 0xE0, 0x07,
    0xFF, 0x03, 0xFF, 0xC1, 0xC0, 0xF0, 0xE0, 0x38, 0x70, 0x0C, 0x38, 0x06, 0x1C, 0x07, 0x0E, 0x0F,
    0x87, 0xFF, 0x83, 0xFF, 0x00, 0x1C, 0x00, 0x38, 0x00, 0x70, 0x00, 0xE0, 0x01, 0xC0, 0x03, 0x80,
    0x3F, 0xF0, 0x7F, 0xE0, 0x1C, 0x00, 0x38, 0x00, 0x7F, 0xC0, 0xFF, 0xC1, 0xC1, 0xC3, 0x81, 0xC7,
    0x03, 0x8E, 0x07, 0x1C, 0x1C, 0x3F, 0xF8, 0x7F, 0xC0, 0x3F, 0xFF, 0x83, 0xFF, 0xF0, 0x7F, 0xFC,
    0x07, 0x07, 0x00, 0x70, 0xE0, 0x0E, 0x38, 0x00, 0xEE, 0x00, 0x0F, 0xC0, 0x07, 0xFC, 0x03, 0xFF,
    0xE0, 0xFF, 0xFF, 0x38, 0x70, 0xE6, 0x0E, 0x0F, 0xC1, 0xC1, 0xF8, 0x38, 0x1E, 0x07, 0x03, 0xC0,
    0xE0, 0x78, 0x1C, 0x0F, 0x03, 0x81, 0x80, 0x7F, 0xFC, 0x3F, 0xE0, 0x71, 0xC0, 0x77, 0x00, 0x6C,
    0x03, 0xFE, 0x1F, 0xFF, 0x39, 0xCE, 0xE3, 0x8F, 0x87, 0x1F, 0x0E, 0x1E, 0x1C, 0x3C, 0x38, 0x60,
    0x03, 0xF0, 0x07, 0xFE, 0x07, 0xCF, 0x87, 0x01, 0xE7, 0x00, 0x73, 0x80, 0x1D, 0x80, 0x0F, 0xC0,
    0x03, 0xFF, 0x83, 0xFF, 0xFF, 0xFC, 0x3F, 0x7C, 0x00, 0x3E, 0x00, 0x3B, 0x00, 0x1D, 0xC0, 0x0C,
    0x70, 0x0E, 0x3C, 0x1E, 0x0F, 0xFE, 0x01, 0xFE, 0x00, 0x0F, 0x01, 0xFE, 0x1E, 0x78, 0xE0, 0xEE,
    0x03, 0x70, 0x1B, 0xFF, 0xDF, 0xFF, 0xE1, 0xB7, 0x01, 0x98, 0x1C, 0xE0, 0xE3, 0xFE, 0x0F, 0xE0,
    0xE0, 0x01, 0xCC, 0x00, 0x7D, 0xC0, 0x1F, 0xB8, 0x03, 0x83, 0x00, 0x60, 0x70, 0x1C, 0x06, 0x03,
    0x80, 0xE0, 0x60, 0x1C, 0x1C, 0x01, 0x83, 0x00, 0x38, 0xE0, 0x07, 0x1C, 0x00, 0x63, 0x00, 0x0E,
    0xE0, 0x00, 0xDC, 0x00, 0x1F, 0x00, 0x03, 0xE0, 0x00, 0x38, 0x00, 0x07, 0x00, 0x00, 0x00, 0x0D,
    0xC0, 0x7D, 0x80, 0xFB, 0x83, 0x83, 0x06, 0x06, 0x0C, 0x0E, 0x38, 0x0C, 0x60, 0x18, 0xC0, 0x3B,
    0x80, 0x36, 0x00, 0x7C, 0x00, 0x70, 0x00, 0xE0, 0x00, 0x00, 0x60, 0x0C, 0x01, 0xFF, 0xFF, 0xFF,
    0xFF, 0xF0, 0x06, 0x00, 0xC0, 0x18, 0x03, 0x00, 0x60, 0x0C, 0x01, 0x80, 0x30, 0x06, 0x00, 0xC0,
    0x18, 0x03, 0x00, 0x60, 0x0C, 0x01, 0x80, 0x00, 0x03, 0x81, 0xC0, 0xFF, 0xFF, 0xFE, 0x03, 0x01,
    0x80, 0xC0, 0x60, 0x30, 0x18, 0x0C, 0x06, 0x03, 0x01, 0x80, 0x1F, 0xFC, 0x7F, 0xF1, 0xFF, 0xC7,
    0x00, 0x1C, 0x00, 0x70, 0x01, 0xC0, 0x07, 0x00, 0x1C, 0x03, 0xFF, 0x0F, 0xFC, 0x07, 0x00, 0x1C,
    0x00, 0x70, 0x01, 0xC0, 0x07, 0x00, 0x1C, 0x00, 0x70, 0x01, 0xC0, 0x00, 0x3F, 0xE7, 0xFC, 0xC0,
    0x18, 0x03, 0x01, 0xFC, 0x3F, 0x87, 0xF0, 0x30, 0x06, 0x00, 0xC0, 0x18, 0x03, 0x00, 0x70, 0x60,
    0xF1, 0xC3, 0x0E, 0x07, 0x18, 0xE0, 0x1C, 0xCE, 0x00, 0x76, 0xE0, 0x01, 0xFE, 0x00, 0x0F, 0xF0,
    0x00, 0xED, 0xC0, 0x0E, 0x67, 0x00, 0xE3, 0x1C, 0x0F, 0x18, 0x70, 0x70, 0xC1, 0xFF, 0x06, 0x0F,
    0x80, 0x00, 0x0C, 0x00, 0x00, 0x60, 0x00, 0x03, 0x00, 0x00, 0x18, 0xC0, 0x3D, 0x80, 0xF3, 0x03,
    0xC6, 0x0F, 0x0C, 0x3C, 0x18, 0xF0, 0x33, 0xC0, 0x6F, 0x00, 0xFC, 0x01, 0xF0, 0x03, 0x70, 0x06,
    0x70, 0x0C, 0x70, 0x18, 0x70, 0x30, 0x70, 0x60, 0xF0, 0xC0, 0xF1, 0x80, 0xFF, 0x00, 0xF8, 0x00,
    0x70, 0x00, 0xE0, 0x01, 0xC0, 0x01, 0x00, 0xC1, 0xEC, 0x38, 0xC7, 0x0C, 0xE0, 0xDC, 0x0F, 0x80,
    0xF8, 0x0D, 0xC0, 0xCE, 0x0C, 0x70, 0xC3, 0x8C, 0x1F, 0xC0, 0xF0, 0x03, 0x00, 0x30, 0x03, 0x00,
    0x30, 0xC0, 0x0F, 0x80, 0x3B, 0x00, 0x66, 0x01, 0xCC, 0xC7, 0x19, 0x8C, 0x33, 0x38, 0x66, 0xE0,
    0xFF, 0xC1, 0xFF, 0x03, 0xFF, 0x06, 0x6E, 0x0C, 0xCE, 0x19, 0x8E, 0x33, 0x1C, 0x60, 0x1C, 0xC0,
    0x1D, 0x80, 0x3B, 0x00, 0x38, 0xC0, 0xFC, 0x0C, 0xD9, 0xCD, 0xB8, 0xDB, 0x0F, 0xF0, 0xFF, 0x0D,
    0xB0, 0xDB, 0x8D, 0x9C, 0xC0, 0xCC, 0x0E, 0xC0, 0x70, 0xC0, 0x0C, 0x60, 0x06, 0x30, 0x03, 0x18,
    0x01, 0x8C, 0x00, 0xC6, 0x00, 0x63, 0x00, 0x31, 0x80, 0x18, 0xFF, 0xFC, 0x7F, 0xFE, 0x3F, 0xFF,
    0x18, 0x01, 0x8C, 0x00, 0xC6, 0x00, 0x63, 0x00, 0x31, 0x80, 0x18, 0xC0, 0x0C, 0x60, 0x07, 0xF0,
    0x03, 0xE0, 0x00, 0x70, 0x00, 0x38, 0x00, 0x0C, 0x00, 0x06, 0xC0, 0x66, 0x03, 0x30, 0x19, 0x80,
    0xCC, 0x06, 0x7F, 0xF3, 0xFF, 0x98, 0x0C, 0xC0, 0x66, 0x03, 0x30, 0x19, 0x80, 0xFC, 0x07, 0x80,
    0x0C, 0x00, 0x60, 0x03, 0x00, 0x18, 0xE0, 0x07, 0x70, 0x0E, 0x70, 0x0E, 0x38, 0x1C, 0x18, 0x18,
    0x1C, 0x38, 0x0C, 0x70, 0x0E, 0x70, 0x07, 0xE0, 0x07, 0xC0, 0x03, 0xC0, 0x01, 0x80, 0x01, 0x80,
    0x01, 0x80, 0x01, 0x80, 0x01, 0x80, 0x01, 0x80, 0x01, 0x80, 0x01, 0x80, 0xE0, 0x3B, 0x01, 0x9C,
    0x1C, 0x60, 0xC3, 0x06, 0x1C, 0x70, 0x63, 0x03, 0x18, 0x1D, 0xC0, 0x6C, 0x03, 0xE0, 0x0E, 0x00,
    0x70, 0x03, 0x80, 0x1C, 0x00, 0xE0, 0x07, 0x00, 0x38, 0x00, 0xE0, 0x07, 0x70, 0x0E, 0x30, 0x0E,
    0x38, 0x1C, 0x1C, 0x18, 0x1C, 0x38, 0x0E, 0x70, 0x06, 0x70, 0x07, 0xE0, 0x03, 0xC0, 0x1F, 0xFC,
    0x1F, 0xFC, 0x01, 0x80, 0x01, 0x80, 0x01, 0x80, 0x01, 0x80, 0x01, 0x80, 0x01, 0x80, 0x01, 0x80,
    0xE0, 0x3B, 0x81, 0x9C, 0x1C, 0x60, 0xC3, 0x86, 0x0C, 0x70, 0x63, 0x03, 0xB8, 0x0D, 0x80, 0x7C,
    0x01, 0xC0, 0x7F, 0xE3, 0xFF, 0x03, 0x80, 0x1C, 0x00, 0xE0, 0x07, 0x00, 0x38, 0x00, 0x70, 0x07,
    0x1C, 0x07, 0x0E, 0x07, 0x03, 0x83, 0x80, 0xE3, 0x80, 0x73, 0x80, 0x1D, 0xC0, 0x07, 0xC0, 0x03,
    0xC0, 0x00, 0xE0, 0x00, 0xF0, 0x00, 0xFC, 0x00, 0x67, 0x00, 0x71, 0x80, 0x70, 0xE0, 0x38, 0x38,
    0x38, 0x1C, 0x38, 0x07, 0xDC, 0x01, 0xF0, 0x00, 0x30, 0x00, 0x18, 0x00, 0x0C, 0x00, 0x06, 0xF0,
    0x70, 0xE3, 0x83, 0x8C, 0x07, 0x70, 0x0F, 0x80, 0x1C, 0x00, 0x70, 0x03, 0xE0, 0x1D, 0x80, 0x67,
    0x03, 0x8E, 0x1C, 0x1F, 0xE0, 0x7C, 0x00, 0x30, 0x00, 0xC0, 0x03, 0x00, 0x0C, 0xC0, 0x18, 0xC0,
    0x18, 0xC0, 0x18, 0xC0, 0x18, 0xC0, 0x18, 0xC0, 0x18, 0xC0, 0x18, 0xC0, 0x18, 0xC0, 0x38, 0xE0,
    0x38, 0xF0, 0x78, 0x7F, 0xD8, 0x3F, 0xD8, 0x0F, 0x18, 0x00, 0x18, 0x00, 0x18, 0x00, 0x18, 0x00,
    0x1F, 0x00, 0x1F, 0x00, 0x07, 0x00, 0x07, 0x00, 0x06, 0x00, 0x06, 0xE0, 0x67, 0x03, 0x38, 0x19,
    0xC0, 0xCE, 0x06, 0x70, 0x33, 0x83, 0x8F, 0x7C, 0x3F, 0x60, 0xE3, 0x00, 0x18, 0x00, 0xF0, 0x07,
    0x80, 0x0C, 0x00, 0x60, 0x03, 0x00, 0x18, 0xC0, 0x1E, 0x00, 0xF0, 0x07, 0x80, 0x3C, 0x01, 0xE0,
    0x0F, 0x00, 0x78, 0xC3, 0xC6, 0x3F, 0x31, 0xF9, 0x9E, 0xFF, 0xB3, 0xF9, 0x87, 0x0C, 0x18, 0x60,
    0xC3, 0x06, 0x18, 0x00, 0xC0, 0x06, 0xE0, 0x7C, 0x0F, 0x81, 0xF0, 0x3E, 0x47, 0xC9, 0xF9, 0x3B,
    0xFF, 0x3F, 0x61, 0x8C, 0x11, 0x82, 0x30, 0x06, 0xC0, 0x06, 0x00, 0x30, 0x01, 0x80, 0x0C, 0x00,
    0x60, 0x03, 0x00, 0x19, 0xFC, 0xDF, 0xF7, 0xC3, 0xB8, 0x0F, 0xC0, 0x7E, 0x01, 0xE0, 0x0F, 0x00,
    0x78, 0x03, 0xC0, 0x1E, 0x00, 0xF0, 0x06, 0xC0, 0x18, 0x03, 0x00, 0x60, 0x0C, 0x01, 0x8E, 0x37,
    0xF7, 0xDE, 0xE0, 0xF8, 0x1F, 0x01, 0xE0, 0x3C, 0x07, 0x80, 0xF0, 0x1E, 0x03, 0xC0, 0x78, 0x0F,
    0x01, 0x80, 0xC0, 0x66, 0x03, 0x30, 0x19, 0x80, 0xCC, 0x06, 0x7F, 0xF3, 0xFF, 0x98, 0x0C, 0xC0,
    0x66, 0x03, 0x30, 0x19, 0x80, 0xFC, 0x07, 0x80, 0x1C, 0x00, 0xC0, 0x06, 0x00, 0x30, 0x07, 0xC0,
    0x1F, 0xF0, 0x3E, 0xF8, 0x70, 0x1C, 0x20, 0x0E, 0x00, 0x0E, 0x00, 0x06, 0x00, 0x06, 0x00, 0x07,
    0xFF, 0xFF, 0xFF, 0xFF, 0xE0, 0x07, 0xE0, 0x06, 0xE0, 0x0E, 0x60, 0x0E, 0x70, 0x1C, 0x38, 0x3C,
    0x1F, 0xF8, 0x0F, 0xF0, 0x0F, 0x03, 0xFC, 0x7B, 0xEE, 0x0E, 0x00, 0x70, 0x07, 0x00, 0x3F, 0xFF,
    0xFF, 0xFE, 0x07, 0xE0, 0x77, 0x0E, 0x7F, 0xC3, 0xF8, 0x0F, 0xE0, 0x1F, 0xC0, 0x00, 0x06, 0x00,
    0x7C, 0x01, 0xF8, 0x03, 0xF0, 0x0F, 0xE0, 0x3F, 0xC0, 0x7F, 0x81, 0xDF, 0x07, 0x3E, 0x0E, 0x7C,
    0x38, 0xF8, 0xE1, 0xF1, 0xC3, 0xE7, 0x07, 0xDC, 0x0F, 0xB0, 0x1F, 0xE0, 0x3F, 0x80, 0x7E, 0x00,
    0xFC, 0x01, 0xC0, 0x3F, 0x87, 0xF0, 0xFE, 0x00, 0x00, 0x01, 0x81, 0xF0, 0x7E, 0x1F, 0xC3, 0x78,
    0xEF, 0x19, 0xE7, 0x3D, 0xC7, 0xB0, 0xFE, 0x1F, 0x83, 0xF0, 0x7C, 0x0C, 0x03, 0xF0, 0x07, 0xFE,
    0x07, 0xCF, 0x87, 0x01, 0xE7, 0x00, 0x73, 0x80, 0x1D, 0x80, 0x0F, 0xC0, 0x03, 0xFF, 0xFF, 0xFF,
    0xFF, 0xFF, 0xFF, 0xFC, 0x00, 0x3E, 0x00, 0x3B, 0x00, 0x1D, 0xC0, 0x0C, 0x70, 0x0E, 0x3C, 0x0E,
    0x0F, 0xFE, 0x01, 0xFE, 0x00, 0x0F, 0x01, 0xFE, 0x1E, 0x78, 0xE0, 0xEE, 0x03, 0x70, 0x1B, 0xFF,
    0xDF, 0xFF, 0xE0, 0x37, 0x01, 0x98, 0x1C, 0xE0, 0xE3, 0xFE, 0x0F, 0xE0, 0x0F, 0xE0, 0x1F, 0xC0,
    0x00, 0x07, 0x00, 0x37, 0x00, 0xEE, 0x01, 0x8E, 0x07, 0x1C, 0x0E, 0x1C, 0x38, 0x38, 0x70, 0x31,
    0xC0, 0x73, 0x80, 0x66, 0x00, 0xFC, 0x00, 0xF0, 0x01, 0xE0, 0x03, 0x80, 0x07, 0x00, 0x1C, 0x00,
    0x38, 0x00, 0xE0, 0x01, 0xC0, 0x00, 0x1F, 0xC0, 0xFE, 0x07, 0xF0, 0x00, 0x00, 0x00, 0x70, 0x1D,
    0x80, 0xCE, 0x0E, 0x30, 0x71, 0x83, 0x0E, 0x38, 0x31, 0x81, 0xCC, 0x0E, 0xE0, 0x36, 0x01, 0xF0,
    0x07, 0x00, 0x38, 0x01, 0xC0, 0x0C, 0x00, 0xE0, 0x06, 0x00, 0x70, 0x00, 0x01, 0xC0, 0x00, 0xE0,
    0x00, 0xF8, 0x00, 0x7C, 0x00, 0x36, 0x00, 0x3B, 0x80, 0x1C, 0xC0, 0x0C, 0x60, 0x0E, 0x38, 0x06,
    0x0C, 0x07, 0x07, 0x03, 0xFF, 0x81, 0xFF, 0xC1, 0xC0, 0x70, 0xE0, 0x38, 0x60, 0x0C, 0x70, 0x07,
    0x38, 0x01, 0xB8, 0x00, 0xE0, 0x00, 0x00, 0x00, 0x00, 0x0E, 0x00, 0x07, 0x00, 0x03, 0x80, 0x0F,
    0x07, 0xF1, 0xEF, 0x10, 0x70, 0x0E, 0x00, 0xC7, 0xFB, 0xFF, 0xF0, 0x7C, 0x0F, 0x03, 0xF0, 0xFF,
    0xF6, 0xFC, 0xC0, 0x00, 0x00, 0x0E, 0x01, 0xC0, 0x18, 0x00, 0x03, 0xE0, 0x01, 0x30, 0x00, 0x38,
    0x00, 0x10, 0x00, 0x1C, 0x00, 0x0E, 0x00, 0x0F, 0x80, 0x07, 0xC0, 0x03, 0x60, 0x03, 0xB8, 0x01,
    0xCC, 0x00, 0xC6, 0x00, 0xE3, 0x80, 0x60, 0xC0, 0x70, 0x70, 0x3F, 0xF8, 0x1F, 0xFC, 0x1C, 0x07,
    0x0E, 0x03, 0x86, 0x00, 0xC7, 0x00, 0x73, 0x80, 0x1B, 0x80, 0x0E, 0x1F, 0x01, 0xE0, 0x0C, 0x03,
    0x80, 0x40, 0x1E, 0x0F, 0xE3, 0xDE, 0x20, 0xE0, 0x1C, 0x01, 0x8F, 0xF7, 0xFF, 0xE0, 0xF8, 0x1E,
    0x07, 0xE1, 0xFF, 0xED, 0xF9, 0x80, 0x00, 0x04, 0x00, 0x07, 0x00, 0x07, 0x00, 0x06, 0x00, 0x1C,
    0x00, 0x1F, 0x00, 0x1D, 0xC0, 0x04, 0x40, 0x01, 0xC0, 0x00, 0xE0, 0x00, 0xF8, 0x00, 0x7C, 0x00,
    0x36, 0x00, 0x3B, 0x80, 0x1C, 0xC0, 0x0C, 0x60, 0x0E, 0x38, 0x06, 0x0C, 0x07, 0x07, 0x03, 0xFF,
    0x81, 0xFF, 0xC1, 0xC0, 0x70, 0xE0, 0x38, 0x60, 0x0C, 0x70, 0x07, 0x38, 0x01, 0xB8, 0x00, 0xE0,
    0x00, 0x20, 0x03, 0x00, 0x70, 0x0E, 0x0E, 0xC0, 0xF0, 0x1F, 0x03, 0x98, 0x10, 0x80, 0xF0, 0x3F,
    0x87, 0xBC, 0x20, 0xE0, 0x0E, 0x00, 0x61, 0xFE, 0x7F, 0xEF, 0x06, 0xE0, 0x6C, 0x0E, 0xE1, 0xEF,
    0xF6, 0x7E, 0x60, 0x00, 0x40, 0x00, 0x70, 0x00, 0x1C, 0x00, 0x03, 0x00, 0x1C, 0x00, 0x1F, 0x00,
    0x1D, 0xC0, 0x04, 0x40, 0x01, 0xC0, 0x00, 0xE0, 0x00, 0xF8, 0x00, 0x7C, 0x00, 0x36, 0x00, 0x3B,
    0x80, 0x1C, 0xC0, 0x0C, 0x60, 0x0E, 0x38, 0x06, 0x0C, 0x07, 0x07, 0x03, 0xFF, 0x81, 0xFF, 0xC1,
    0xC0, 0x70, 0xE0, 0x38, 0x60, 0x0C, 0x70, 0x07, 0x38, 0x01, 0xB8, 0x00, 0xE0, 0x00, 0x80, 0x30,
    0x0F, 0x00, 0x60, 0xE6, 0x1E, 0x87, 0xC1, 0xCC, 0x10, 0x81, 0xE0, 0xFE, 0x3D, 0xE2, 0x0E, 0x01,
    0xC0, 0x18, 0xFF, 0x7F, 0xFE, 0x0F, 0x81, 0xE0, 0x7E, 0x1F, 0xFE, 0xDF, 0x98, 0x00, 0x10, 0x00,
    0x3E, 0x00, 0x13, 0x00, 0x03, 0x80, 0x1C, 0x00, 0x1F, 0x00, 0x19, 0xC0, 0x04, 0x40, 0x01, 0xC0,
    0x00, 0xE0, 0x00, 0xF8, 0x00, 0x7C, 0x00, 0x36, 0x00, 0x3B, 0x80, 0x1C, 0xC0, 0x0C, 0x60, 0x0E,
    0x38, 0x06, 0x0C, 0x07, 0x07, 0x03, 0xFF, 0x81, 0xFF, 0xC1, 0xC0, 0x70, 0xE0, 0x38, 0x60, 0x0C,
    0x70, 0x07, 0x38, 0x01, 0xB8, 0x00, 0xE0, 0x03, 0xE0, 0x1F, 0x00, 0x70, 0xEE, 0x0F, 0x01, 0xF0,
    0x39, 0x81, 0x08, 0x0F, 0x03, 0xF8, 0x7B, 0xC2, 0x0E, 0x00, 0xE0, 0x06, 0x1F, 0xE7, 0xFE, 0xF0,
    0x6E, 0x06, 0xC0, 0xEE, 0x1E, 0xFF, 0x67, 0xE6, 0x03, 0x10, 0x03, 0xF8, 0x01, 0xBC, 0x00, 0x00,
    0x00, 0x1C, 0x00, 0x1F, 0x00, 0x1D, 0xC0, 0x04, 0x40, 0x01, 0xC0, 0x00, 0xE0, 0x00, 0xF8, 0x00,
    0x7C, 0x00, 0x36, 0x00, 0x3B, 0x80, 0x1C, 0xC0, 0x0C, 0x60, 0x0E, 0x38, 0x06, 0x0C, 0x07, 0x07,
    0x03, 0xFF, 0x81, 0xFF, 0xC1, 0xC0, 0x70, 0xE0, 0x38, 0x60, 0x0C, 0x70, 0x07, 0x38, 0x01, 0xB8,
    0x00, 0xE0, 0x1C, 0xC6, 0xF0, 0x4C, 0x07, 0x00, 0xF0, 0x3E, 0x0E, 0x60, 0x84, 0x0F, 0x07, 0xF1,
    0xEF, 0x10, 0x70, 0x0E, 0x00, 0xC7, 0xFB, 0xFF, 0xF0, 0x7C, 0x0F, 0x03, 0xF0, 0xFF, 0xF6, 0xFC,
    0xC0, 0x01, 0xC0, 0x01, 0xF0, 0x01, 0xCC, 0x00, 0x44, 0x00, 0x1C, 0x00, 0x0E, 0x00, 0x0F, 0x80,
    0x07, 0xC0, 0x03, 0x60, 0x03, 0xB8, 0x01, 0xCC, 0x00, 0xC6, 0x00, 0xE3, 0x80, 0x60, 0xC0, 0x70,
    0x70, 0x3F, 0xF8, 0x1F, 0xFC, 0x1C, 0x07, 0x0E, 0x03, 0x86, 0x00, 0xC7, 0x00, 0x73, 0x80, 0x1B,
    0x80, 0x0E, 0x00, 0x00, 0x00, 0x00, 0x00, 0xE0, 0x00, 0x70, 0x00, 0x38, 0x00, 0x0E, 0x01, 0xE0,
    0x7C, 0x1C, 0xC1, 0x08, 0x1E, 0x0F, 0xE3, 0xDE, 0x20, 0xE0, 0x1C, 0x01, 0x8F, 0xF7, 0xFF, 0xE0,
    0xF8, 0x1E, 0x07, 0xE1, 0xFF, 0xED, 0xF9, 0x80, 0x00, 0x00, 0x1C, 0x03, 0x80, 0x30, 0x00, 0x20,
    0x00, 0x38, 0x00, 0x38, 0x00, 0x30, 0x00, 0x63, 0x00, 0x3B, 0x80, 0x0F, 0x80, 0x00, 0x00, 0x01,
    0xC0, 0x00, 0xE0, 0x00, 0xF8, 0x00, 0x7C, 0x00, 0x36, 0x00, 0x3B, 0x80, 0x1C, 0xC0, 0x0C, 0x60,
    0x0E, 0x38, 0x06, 0x0C, 0x07, 0x07, 0x03, 0xFF, 0x81, 0xFF, 0xC1, 0xC0, 0x70, 0xE0, 0x38, 0x60,
    0x0C, 0x70, 0x07, 0x38, 0x01, 0xB8, 0x00, 0xE0, 0x01, 0x00, 0x70, 0x1C, 0x07, 0x00, 0x40, 0x61,
    0x0C, 0x60, 0xFC, 0x0F, 0x00, 0x00, 0x3C, 0x1F, 0xC7, 0xBC, 0x41, 0xC0, 0x38, 0x03, 0x1F, 0xEF,
    0xFF, 0xC1, 0xF0, 0x3C, 0x0F, 0xC3, 0xFF, 0xDB, 0xF3, 0x02, 0x00, 0x03, 0x80, 0x00, 0xE0, 0x00,
    0x18, 0x00, 0x63, 0x00, 0x3B, 0x80, 0x0F, 0x80, 0x00, 0x00, 0x01, 0xC0, 0x00, 0xE0, 0x00, 0xF8,
    0x00, 0x7C, 0x00, 0x36, 0x00, 0x3B, 0x80, 0x1C, 0xC0, 0x0C, 0x60, 0x0E, 0x38, 0x06, 0x0C, 0x07,
    0x07, 0x03, 0xFF, 0x81, 0xFF, 0xC1, 0xC0, 0x70, 0xE0, 0x38, 0x60, 0x0C, 0x70, 0x07, 0x38, 0x01,
    0xB8, 0x00, 0xE0, 0x08, 0x07, 0x00, 0x70, 0x07, 0x00, 0x40, 0x61, 0x0C, 0x60, 0xFC, 0x0F, 0x00,
    0x00, 0x3C, 0x1F, 0xC7, 0xBC, 0x41, 0xC0, 0x38, 0x03, 0x1F, 0xEF, 0xFF, 0xC1, 0xF0, 0x3C, 0x0F,
    0xC3, 0xFF, 0xDB, 0xF3, 0x01, 0x80, 0x01, 0xF0, 0x00, 0x18, 0x00, 0x18, 0x00, 0x63, 0x00, 0x3B,
    0x80, 0x0F, 0x80, 0x00, 0x00, 0x01, 0xC0, 0x00, 0xE0, 0x00, 0xF8, 0x00, 0x7C, 0x00, 0x36, 0x00,
    0x3B, 0x80, 0x1C, 0xC0, 0x0C, 0x60, 0x0E, 0x38, 0x06, 0x0C, 0x07, 0x07, 0x03, 0xFF, 0x81, 0xFF,
    0xC1, 0xC0, 0x70, 0xE0, 0x38, 0x60, 0x0C, 0x70, 0x07, 0x38, 0x01, 0xB8, 0x00, 0xE0, 0x0E, 0x03,
    0xE0, 0x0C, 0x03, 0x80, 0x60, 0x63, 0x0C, 0x60, 0xFC, 0x0F, 0x00, 0x00, 0x3C, 0x1F, 0xC7, 0xBC,
    0x41, 0xC0, 0x38, 0x03, 0x1F, 0xEF, 0xFF, 0xC1, 0xF0, 0x3C, 0x0F, 0xC3, 0xFF, 0xDB, 0xF3, 0x03,
    0x10, 0x03, 0xF8, 0x01, 0xBC, 0x00, 0x00, 0x00, 0x63, 0x00, 0x3B, 0x80, 0x0F, 0x80, 0x00, 0x00,
    0x01, 0xC0, 0x00, 0xE0, 0x00, 0xF8, 0x00, 0x7C, 0x00, 0x36, 0x00, 0x3B, 0x80, 0x1C, 0xC0, 0x0C,
    0x60, 0x0E, 0x38, 0x06, 0x0C, 0x07, 0x07, 0x03, 0xFF, 0x81, 0xFF, 0xC1, 0xC0, 0x70, 0xE0, 0x38,
    0x60, 0x0C, 0x70, 0x07, 0x38, 0x01, 0xB8, 0x00, 0xE0, 0x1C, 0xC7, 0xF0, 0xCE, 0x00, 0x03, 0x08,
    0x63, 0x07, 0xE0, 0x78, 0x00, 0x01, 0xE0, 0xFE, 0x3D, 0xE2, 0x0E, 0x01, 0xC0, 0x18, 0xFF, 0x7F,
    0xFE, 0x0F, 0x81, 0xE0, 0x7E, 0x1F, 0xFE, 0xDF, 0x98, 0x06, 0x30, 0x03, 0x18, 0x01, 0xFC, 0x00,
    0x7C, 0x00, 0x00, 0x00, 0x0E, 0x00, 0x07, 0x00, 0x07, 0xC0, 0x03, 0xE0, 0x01, 0xB0, 0x01, 0xDC,
    0x00, 0xE6, 0x00, 0x63, 0x00, 0x71, 0xC0, 0x30, 0x60, 0x38, 0x38, 0x1F, 0xFC, 0x0F, 0xFE, 0x0E,
    0x03, 0x87, 0x01, 0xC3, 0x00, 0x63, 0x80, 0x39, 0xC0, 0x0D, 0xC0, 0x07, 0x00, 0x00, 0x00, 0x00,
    0x00, 0x70, 0x00, 0x38, 0x00, 0x1C, 0x00, 0x30, 0x86, 0x30, 0x7E, 0x07, 0x80, 0x00, 0x1E, 0x0F,
    0xE3, 0xDE, 0x20, 0xE0, 0x1C, 0x01, 0x8F, 0xF7, 0xFF, 0xE0, 0xF8, 0x1E, 0x07, 0xE1, 0xFF, 0xED,
    0xF9, 0x80, 0x00, 0x00, 0x1C, 0x03, 0x80, 0x30, 0xFF, 0xFF, 0xFF, 0xFF, 0xFC, 0x00, 0xC0, 0x0C,
    0x00, 0xC0, 0x0C, 0x00, 0xFF, 0xEF, 0xFE, 0xFF, 0xEC, 0x00, 0xC0, 0x0C, 0x00, 0xC0, 0x0C, 0x00,
    0xC0, 0x0F, 0xFF, 0xFF, 0xF0, 0x00, 0x00, 0x00, 0x70, 0x07, 0x00, 0x70, 0x07, 0x03, 0xFC, 0x79,
    0xE7, 0x07, 0xE0, 0x7E, 0x03, 0xFF, 0xFF, 0xFF, 0xE0, 0x0E, 0x00, 0x60, 0x47, 0x07, 0x3F, 0xE1,
    0xFC, 0x00, 0x00, 0x00, 0x07, 0x00, 0x70, 0x07, 0x00, 0x1F, 0x00, 0xB0, 0x07, 0x00, 0x40, 0xFF,
    0xFF, 0xFF, 0xFF, 0xFC, 0x00, 0xC0, 0x0C, 0x00, 0xC0, 0x0C, 0x00, 0xFF, 0xEF, 0xFE, 0xFF, 0xEC,
    0x00, 0xC0, 0x0C, 0x00, 0xC0, 0x0C, 0x00, 0xC0, 0x0F, 0xFF, 0xFF, 0xF0, 0x0F, 0x00, 0xF8, 0x01,
    0x80, 0x70, 0x04, 0x00, 0x70, 0x3F, 0xC7, 0x9E, 0x70, 0x7E, 0x07, 0xE0, 0x3F, 0xFF, 0xFF, 0xFE,
    0x00, 0xE0, 0x06, 0x04, 0x70, 0x73, 0xFE, 0x1F, 0xC0, 0x1C, 0x83, 0xFC, 0x37, 0x80, 0x00, 0xFF,
    0xFF, 0xFF, 0xFF, 0xFC, 0x00, 0xC0, 0x0C, 0x00, 0xC0, 0x0C, 0x00, 0xFF, 0xEF, 0xFE, 0xFF, 0xEC,
    0x00, 0xC0, 0x0C, 0x00, 0xC0, 0x0C, 0x00, 0xC0, 0x0F, 0xFF, 0xFF, 0xF0, 0x0C, 0x41, 0xFC, 0x33,
    0x80, 0x00, 0x07, 0x03, 0xFC, 0x79, 0xE7, 0x07, 0xE0, 0x7E, 0x03, 0xFF, 0xFF, 0xFF, 0xE0, 0x0E,
    0x00, 0x60, 0x47, 0x07, 0x3F, 0xE1, 0xFC, 0x00, 0x20, 0x03, 0x00, 0xE0, 0x0C, 0x0E, 0x01, 0xF0,
    0x39, 0x81, 0x08, 0xFF, 0xFF, 0xFF, 0xFF, 0xFC, 0x00, 0xC0, 0x0C, 0x00, 0xC0, 0x0C, 0x00, 0xFF,
    0xEF, 0xFE, 0xFF, 0xEC, 0x00, 0xC0, 0x0C, 0x00, 0xC0, 0x0C, 0x00, 0xC0, 0x0F, 0xFF, 0xFF, 0xF0,
    0x00, 0x10, 0x01, 0xC0, 0x1C, 0x00, 0xC0, 0x6C, 0x07, 0x80, 0x7E, 0x03, 0x38, 0x10, 0x80, 0x38,
    0x0F, 0xF0, 0xF3, 0xC7, 0x07, 0x70, 0x3B, 0x80, 0xDF, 0xFE, 0xFF, 0xF7, 0x00, 0x38, 0x00, 0xC0,
    0x87, 0x07, 0x1F, 0xF0, 0x7F, 0x00, 0x02, 0x00, 0x70, 0x03, 0x80, 0x0C, 0x0E, 0x01, 0xF0, 0x39,
    0xC1, 0x08, 0xFF, 0xFF, 0xFF, 0xFF, 0xFC, 0x00, 0xC0, 0x0C, 0x00, 0xC0, 0x0C, 0x00, 0xFF, 0xEF,
    0xFE, 0xFF, 0xEC, 0x00, 0xC0, 0x0C, 0x00, 0xC0, 0x0C, 0x00, 0xC0, 0x0F, 0xFF, 0xFF, 0xF0, 0x00,
    0x80, 0x18, 0x01, 0xC0, 0x0E, 0x06, 0x60, 0xF2, 0x1F, 0x81, 0x9C, 0x10, 0x80, 0x70, 0x3F, 0xC7,
    0x9E, 0x70, 0x7E, 0x07, 0xE0, 0x3F, 0xFF, 0xFF, 0xFE, 0x00, 0xE0, 0x06, 0x04, 0x70, 0x73, 0xFE,
    0x1F, 0xC0, 0x00, 0x80, 0x3E, 0x02, 0x60, 0x0E, 0x0F, 0x01, 0xF0, 0x39, 0x81, 0x08, 0xFF, 0xFF,
    0xFF, 0xFF, 0xFC, 0x00, 0xC0, 0x0C, 0x00, 0xC0, 0x0C, 0x00, 0xFF, 0xEF, 0xFE, 0xFF, 0xEC, 0x00,
    0xC0, 0x0C, 0x00, 0xC0, 0x0C, 0x00, 0xC0, 0x0F, 0xFF, 0xFF, 0xF0, 0x01, 0xF0, 0x1F, 0x00, 0x30,
    0x66, 0x0F, 0x01, 0xF8, 0x19, 0xC1, 0x08, 0x07, 0x03, 0xFC, 0x79, 0xE7, 0x07, 0xE0, 0x7E, 0x03,
    0xFF, 0xFF, 0xFF, 0xE0, 0x0E, 0x00, 0x60, 0x47, 0x07, 0x3F, 0xE1, 0xFC, 0x08, 0x81, 0xFC, 0x37,
    0x80, 0x00, 0x0E, 0x01, 0xF0, 0x39, 0x81, 0x08, 0xFF, 0xFF, 0xFF, 0xFF, 0xFC, 0x00, 0xC0, 0x0C,
    0x00, 0xC0, 0x0C, 0x00, 0xFF, 0xEF, 0xFE, 0xFF, 0xEC, 0x00, 0xC0, 0x0C, 0x00, 0xC0, 0x0C, 0x00,
    0xC0, 0x0F, 0xFF, 0xFF, 0xF0, 0x1E, 0xC3, 0xFC, 0x11, 0x80, 0x60, 0x0F, 0x01, 0xF8, 0x19, 0xC1,
    0x08, 0x07, 0x03, 0xFC, 0x79, 0xE7, 0x07, 0xE0, 0x7E, 0x03, 0xFF, 0xFF, 0xFF, 0xE0, 0x0E, 0x00,
    0x60, 0x47, 0x07, 0x3F, 0xE1, 0xFC, 0x0F, 0x01, 0xF0, 0x39, 0x81, 0x08, 0xFF, 0xFF, 0xFF, 0xFF,
    0xFC, 0x00, 0xC0, 0x0C, 0x00, 0xC0, 0x0C, 0x00, 0xFF, 0xEF, 0xFE, 0xFF, 0xEC, 0x00, 0xC0, 0x0C,
    0x00, 0xC0, 0x0C, 0x00, 0xC0, 0x0F, 0xFF, 0xFF, 0xF0, 0x00, 0x00, 0x00, 0x70, 0x07, 0x00, 0x70,
    0x06, 0x00, 0xF0, 0x1F, 0x81, 0x9C, 0x10, 0x80, 0x70, 0x3F, 0xC7, 0x9E, 0x70, 0x7E, 0x07, 0xE0,
    0x3F, 0xFF, 0xFF, 0xFE, 0x00, 0xE0, 0x06, 0x04, 0x70, 0x73, 0xFE, 0x1F, 0xC0, 0x00, 0x00, 0x00,
    0x70, 0x07, 0x00, 0x70, 0xF4, 0xDC, 0x86, 0x31, 0x8C, 0x63, 0x18, 0xC6, 0x31, 0x8C, 0x63, 0x18,
    0xC6, 0x31, 0x80, 0xF9, 0xF1, 0xCE, 0x00, 0x03, 0x0C, 0x30, 0xC3, 0x0C, 0x30, 0xC3, 0x0C, 0x30,
    0xC3, 0x00, 0xDB, 0x6D, 0xB6, 0xDB, 0x6D, 0xB6, 0xDB, 0x01, 0xBE, 0xFF, 0x00, 0x36, 0xDB, 0x6D,
    0xB6, 0xDB, 0x00, 0x37, 0xC0, 0x03, 0xF0, 0x07, 0xFE, 0x07, 0xDF, 0x87, 0x01, 0xE7, 0x00, 0x73,
    0x80, 0x1D, 0x80, 0x0F, 0xC0, 0x03, 0xE0, 0x01, 0xF0, 0x00, 0xF8, 0x00, 0x7C, 0x00, 0x3E, 0x00,
    0x3B, 0x00, 0x1D, 0xC0, 0x0C, 0x70, 0x0E, 0x3C, 0x1E, 0x0F, 0xFE, 0x01, 0xFE, 0x00, 0x00, 0x00,
    0x00, 0x00, 0x0E, 0x00, 0x07, 0x00, 0x01, 0x80, 0x0F, 0x01, 0xFE, 0x1F, 0xF8, 0xE0, 0xEE, 0x07,
    0x70, 0x1B, 0x80, 0xDC, 0x07, 0xE0, 0x37, 0x01, 0x98, 0x1C, 0xE1, 0xE3, 0xFE, 0x0F, 0xE0, 0x00,
    0x00, 0x00, 0x07, 0x00, 0x38, 0x01, 0x80, 0x03, 0xE0, 0x00, 0xB0, 0x00, 0x38, 0x00, 0x10, 0x00,
    0x3F, 0x00, 0x7F, 0xE0, 0x7D, 0xF8, 0x70, 0x1E, 0x70, 0x07, 0x38, 0x01, 0xD8, 0x00, 0xFC, 0x00,
    0x3E, 0x00, 0x1F, 0x00, 0x0F, 0x80, 0x07, 0xC0, 0x03, 0xE0, 0x03, 0xB0, 0x01, 0xDC, 0x00, 0xC7,
    0x00, 0xE3, 0xC1, 0xE0, 0xFF, 0xE0, 0x1F, 0xE0, 0x0F, 0x00, 0x7C, 0x00, 0x60, 0x0E, 0x00, 0x00,
    0x07, 0x80, 0xFF, 0x0F, 0xFC, 0x70, 0x77, 0x03, 0xB8, 0x0D, 0xC0, 0x6E, 0x03, 0xF0, 0x1B, 0x80,
    0xCC, 0x0E, 0x70, 0xF1, 0xFF, 0x07, 0xF0, 0x00, 0x04, 0x00, 0x07, 0x00, 0x07, 0x00, 0x03, 0x00,
    0x1C, 0x00, 0x1F, 0x00, 0x1C, 0xC0, 0x04, 0x20, 0x03, 0xF0, 0x07, 0xFE, 0x07, 0xDF, 0x87, 0x01,
    0xE7, 0x00, 0x73, 0x80, 0x1D, 0x80, 0x0F, 0xC0, 0x03, 0xE0, 0x01, 0xF0, 0x00, 0xF8, 0x00, 0x7C,
    0x00, 0x3E, 0x00, 0x3B, 0x00, 0x1D, 0xC0, 0x0C, 0x70, 0x0E, 0x3C, 0x1E, 0x0F, 0xFE, 0x01, 0xFE,
    0x00, 0x00, 0x10, 0x01, 0xC0, 0x1C, 0x01, 0xC0, 0x74, 0x07, 0x80, 0x76, 0x03, 0x18, 0x10, 0x80,
    0x78, 0x0F, 0xF0, 0xFF, 0xC7, 0x07, 0x70, 0x3B, 0x80, 0xDC, 0x06, 0xE0, 0x3F, 0x01, 0xB8, 0x0C,
    0xC0, 0xE7, 0x0F, 0x1F, 0xF0, 0x7F, 0x00, 0x00, 0x40, 0x00, 0x70, 0x00, 0x1C, 0x00, 0x03, 0x00,
    0x1C, 0x00, 0x1F, 0x00, 0x1C, 0xC0, 0x04, 0x20, 0x03, 0xF0, 0x07, 0xFE, 0x07, 0xDF, 0x87, 0x01,
    0xE7, 0x00, 0x73, 0x80, 0x1D, 0x80, 0x0F, 0xC0, 0x03, 0xE0, 0x01, 0xF0, 0x00, 0xF8, 0x00, 0x7C,
    0x00, 0x3E, 0x00, 0x3B, 0x00, 0x1D, 0xC0, 0x0C, 0x70, 0x0E, 0x3C, 0x1E, 0x0F, 0xFE, 0x01, 0xFE,
    0x00, 0x00, 0x80, 0x0C, 0x00, 0x70, 0x01, 0xC0, 0x76, 0x07, 0x80, 0x76, 0x03, 0x18, 0x10, 0x80,
    0x78, 0x0F, 0xF0, 0xFF, 0xC7, 0x07, 0x70, 0x3B, 0x80, 0xDC, 0x06, 0xE0, 0x3F, 0x01, 0xB8, 0x0C,
    0xC0, 0xE7, 0x0F, 0x1F, 0xF0, 0x7F, 0x00, 0x00, 0x10, 0x00, 0x3E, 0x00, 0x13, 0x00, 0x03, 0x80,
    0x1E, 0x00, 0x1F, 0x00, 0x1C, 0xC0, 0x04, 0x20, 0x03, 0xF0, 0x07, 0xFE, 0x07, 0xDF, 0x87, 0x01,
    0xE7, 0x00, 0x73, 0x80, 0x1D, 0x80, 0x0F, 0xC0, 0x03, 0xE0, 0x01, 0xF0, 0x00, 0xF8, 0x00, 0x7C,
    0x00, 0x3E, 0x00, 0x3B, 0x00, 0x1D, 0xC0, 0x0C, 0x70, 0x0E, 0x3C, 0x1E, 0x0F, 0xFE, 0x01, 0xFE,
    0x00, 0x01, 0xF0, 0x0F, 0x80, 0x0C, 0x0C, 0xC0, 0xF0, 0x07, 0xC0, 0x67, 0x02, 0x10, 0x0F, 0x01,
    0xFE, 0x1F, 0xF8, 0xE0, 0xEE, 0x07, 0x70, 0x1B, 0x80, 0xDC, 0x07, 0xE0, 0x37, 0x01, 0x98, 0x1C,
    0xE1, 0xE3, 0xFE, 0x0F, 0xE0, 0x01, 0x10, 0x03, 0xFC, 0x01, 0xBC, 0x00, 0x00, 0x00, 0x1C, 0x00,
    0x1F, 0x00, 0x1C, 0xC0, 0x04, 0x20, 0x03, 0xF0, 0x07, 0xFE, 0x07, 0xDF, 0x87, 0x01, 0xE7, 0x00,
    0x73, 0x80, 0x1D, 0x80, 0x0F, 0xC0, 0x03, 0xE0, 0x01, 0xF0, 0x00, 0xF8, 0x00, 0x7C, 0x00, 0x3E,
    0x00, 0x3B, 0x00, 0x1D, 0xC0, 0x0C, 0x70, 0x0E, 0x3C, 0x1E, 0x0F, 0xFE, 0x01, 0xFE, 0x00, 0x1E,
    0xC0, 0xFE, 0x0C, 0x60, 0x0C, 0x00, 0xF0, 0x07, 0xC0, 0x67, 0x02, 0x10, 0x0F, 0x01, 0xFE, 0x1F,
    0xF8, 0xE0, 0xEE, 0x07, 0x70, 0x1B, 0x80, 0xDC, 0x07, 0xE0, 0x37, 0x01, 0x98, 0x1C, 0xE1, 0xE3,
    0xFE, 0x0F, 0xE0, 0x01, 0xE0, 0x01, 0xF0, 0x01, 0xCC, 0x00, 0x42, 0x00, 0x3F, 0x00, 0x7F, 0xE0,
    0x7D, 0xF8, 0x70, 0x1E, 0x70, 0x07, 0x38, 0x01, 0xD8, 0x00, 0xFC, 0x00, 0x3E, 0x00, 0x1F, 0x00,
    0x0F, 0x80, 0x07, 0xC0, 0x03, 0xE0, 0x03, 0xB0, 0x01, 0xDC, 0x00, 0xC7, 0x00, 0xE3, 0xC1, 0xE0,
    0xFF, 0xE0, 0x1F, 0xE0, 0x00, 0x00, 0x00, 0x00, 0x00, 0xE0, 0x00, 0x70, 0x00, 0x18, 0x00, 0x07,
    0x00, 0x78, 0x07, 0x60, 0x31, 0x81, 0x08, 0x07, 0x80, 0xFF, 0x0F, 0xFC, 0x70, 0x77, 0x03, 0xB8,
    0x0D, 0xC0, 0x6E, 0x03, 0xF0, 0x1B, 0x80, 0xCC, 0x0E, 0x70, 0xF1, 0xFF, 0x07, 0xF0, 0x00, 0x00,
    0x00, 0x03, 0x80, 0x1C, 0x00, 0xC0, 0x00, 0x40, 0x00, 0x78, 0x40, 0x38, 0xE0, 0x30, 0x30, 0x08,
    0x18, 0x1F, 0xFC, 0x3F, 0xFC, 0x3E, 0xFC, 0x38, 0x0F, 0x38, 0x03, 0x9C, 0x00, 0xEC, 0x00, 0x7E,
    0x00, 0x1F, 0x00, 0x0F, 0x80, 0x07, 0xC0, 0x03, 0xE0, 0x01, 0xF0, 0x01, 0xD8, 0x00, 0xEE, 0x00,
    0x63, 0x80, 0x71, 0xE0, 0xF0, 0x7F, 0xF0, 0x0F, 0xF0, 0x01, 0x00, 0x0E, 0x00, 0xE4, 0x0E, 0x70,
    0x61, 0x80, 0x0C, 0x3F, 0xE7, 0xFE, 0x7F, 0xE3, 0x83, 0xB8, 0x1D, 0xC0, 0x6E, 0x03, 0x70, 0x1F,
    0x80, 0xDC, 0x06, 0x60, 0x73, 0x87, 0x8F, 0xF8, 0x3F, 0x80, 0x01, 0x00, 0x01, 0xC0, 0x40, 0x70,
    0xE0, 0x1C, 0x30, 0x04, 0x18, 0x1F, 0xFC, 0x3F, 0xFC, 0x3E, 0xFC, 0x38, 0x0F, 0x38, 0x03, 0x9C,
    0x00, 0xEC, 0x00, 0x7E, 0x00, 0x1F, 0x00, 0x0F, 0x80, 0x07, 0xC0, 0x03, 0xE0, 0x01, 0xF0, 0x01,
    0xD8, 0x00, 0xEE, 0x00, 0x63, 0x80, 0x71, 0xE0, 0xF0, 0x7F, 0xF0, 0x0F, 0xF0, 0x08, 0x00, 0xE0,
    0x03, 0x04, 0x0C, 0x70, 0x31, 0x80, 0x0C, 0x3F, 0xE7, 0xFE, 0x7F, 0xE3, 0x83, 0xB8, 0x1D, 0xC0,
    0x6E, 0x03, 0x70, 0x1F, 0x80, 0xDC, 0x06, 0x60, 0x73, 0x87, 0x8F, 0xF8, 0x3F, 0x80, 0x03, 0xE0,
    0x80, 0xB1, 0xC0, 0x38, 0x60, 0x10, 0x30, 0x3F, 0xF8, 0x7F, 0xF8, 0x7D, 0xF8, 0x70, 0x1E, 0x70,
    0x07, 0x38, 0x01, 0xD8, 0x00, 0xFC, 0x00, 0x3E, 0x00, 0x1F, 0x00, 0x0F, 0x80, 0x07, 0xC0, 0x03,
    0xE0, 0x03, 0xB0, 0x01, 0xDC, 0x00, 0xC7, 0x00, 0xE3, 0xC1, 0xE0, 0xFF, 0xE0, 0x1F, 0xE0, 0x0F,
    0x00, 0x7C, 0x80, 0x6E, 0x0E, 0x30, 0x01, 0x87, 0xFC, 0xFF, 0xCF, 0xFC, 0x70, 0x77, 0x03, 0xB8,
    0x0D, 0xC0, 0x6E, 0x03, 0xF0, 0x1B, 0x80, 0xCC, 0x0E, 0x70, 0xF1, 0xFF, 0x07, 0xF0, 0x03, 0x98,
    0x83, 0xF9, 0xC1, 0xBC, 0x60, 0x00, 0x30, 0x3F, 0xF8, 0x7F, 0xF8, 0x7D, 0xF8, 0x70, 0x1E, 0x70,
    0x07, 0x38, 0x01, 0xD8, 0x00, 0xFC, 0x00, 0x3E, 0x00, 0x1F, 0x00, 0x0F, 0x80, 0x07, 0xC0, 0x03,
    0xE0, 0x03, 0xB0, 0x01, 0xDC, 0x00, 0xC7, 0x00, 0xE3, 0xC1, 0xE0, 0xFF, 0xE0, 0x1F, 0xE0, 0x1C,
    0xD0, 0xFF, 0xCC, 0xE6, 0x00, 0x30, 0xFF, 0x9F, 0xF9, 0xFF, 0x8E, 0x0E, 0xE0, 0x77, 0x01, 0xB8,
    0x0D, 0xC0, 0x7E, 0x03, 0x70, 0x19, 0x81, 0xCE, 0x1E, 0x3F, 0xE0, 0xFE, 0x00, 0x00, 0x00, 0x80,
    0x01, 0xC0, 0x00, 0x60, 0x00, 0x30, 0x3F, 0xF8, 0x7F, 0xF8, 0x7D, 0xF8, 0x70, 0x1E, 0x70, 0x07,
    0x38, 0x01, 0xD8, 0x00, 0xFC, 0x00, 0x3E, 0x00, 0x1F, 0x00, 0x0F, 0x80, 0x07, 0xC0, 0x03, 0xE0,
    0x03, 0xB0, 0x01, 0xDC, 0x00, 0xC7, 0x00, 0xE3, 0xC1, 0xE0, 0xFF, 0xE0, 0x1F, 0xE0, 0x00, 0x00,
    0x00, 0x00, 0x00, 0xE0, 0x00, 0x70, 0x00, 0x18, 0x00, 0x00, 0x10, 0x01, 0xC0, 0x06, 0x00, 0x30,
    0xFF, 0x9F, 0xF9, 0xFF, 0x8E, 0x0E, 0xE0, 0x77, 0x01, 0xB8, 0x0D, 0xC0, 0x7E, 0x03, 0x70, 0x19,
    0x81, 0xCE, 0x1E, 0x3F, 0xE0, 0xFE, 0x00, 0x00, 0x00, 0x00, 0x70, 0x03, 0x80, 0x18, 0x00, 0xC0,
    0x1F, 0x00, 0x7C, 0x01, 0xF0, 0x07, 0xC0, 0x1F, 0x00, 0x7C, 0x01, 0xF0, 0x07, 0xC0, 0x1F, 0x00,
    0x7C, 0x01, 0xF0, 0x07, 0xC0, 0x1F, 0x80, 0x7E, 0x01, 0xD8, 0x0E, 0x78, 0x78, 0xFF, 0xC1, 0xFE,
    0x00, 0x00, 0x00, 0x00, 0x0C, 0x00, 0x78, 0x00, 0xC0, 0xC0, 0x78, 0x0F, 0x01, 0xE0, 0x3C, 0x07,
    0x80, 0xF0, 0x1E, 0x03, 0xC0, 0x78, 0x1F, 0x87, 0xBF, 0xB7, 0xE6, 0x00, 0x00, 0x00, 0x70, 0x0E,
    0x01, 0xC0, 0x0F, 0x80, 0x17, 0x00, 0x38, 0x00, 0x80, 0xC0, 0x1F, 0x00, 0x7C, 0x01, 0xF0, 0x07,
    0xC0, 0x1F, 0x00, 0x7C, 0x01, 0xF0, 0x07, 0xC0, 0x1F, 0x00, 0x7C, 0x01, 0xF0, 0x07, 0xC0, 0x1F,
    0x80, 0x7E, 0x01, 0xD8, 0x0E, 0x78, 0x78, 0xFF, 0xC1, 0xFE, 0x00, 0x1E, 0x03, 0xE0, 0x0C, 0x03,
    0x00, 0x00, 0x00, 0x30, 0x1E, 0x03, 0xC0, 0x78, 0x0F, 0x01, 0xE0, 0x3C, 0x07, 0x80, 0xF0, 0x1E,
    0x07, 0xE1, 0xEF, 0xED, 0xF9, 0x80, 0x01, 0x00, 0x00, 0xE0, 0x80, 0xE0, 0xC0, 0xC0, 0x70, 0x20,
    0x3E, 0x00, 0xFB, 0x00, 0x79, 0x80, 0x38, 0xC0, 0x1C, 0x60, 0x0E, 0x30, 0x07, 0x18, 0x03, 0x8C,
    0x01, 0xC6, 0x00, 0xE3, 0x00, 0x71, 0x80, 0x38, 0xC0, 0x1C, 0x60, 0x0E, 0x38, 0x07, 0x1C, 0x03,
    0x86, 0x03, 0x83, 0xC3, 0xC0, 0xFF, 0xC0, 0x3F, 0xC0, 0x02, 0x00, 0x0E, 0x00, 0x70, 0x81, 0x86,
    0x0C, 0x1C, 0x00, 0x70, 0x03, 0xB0, 0x1E, 0xC0, 0x63, 0x01, 0x8C, 0x06, 0x30, 0x18, 0xC0, 0x63,
    0x01, 0x8C, 0x06, 0x30, 0x18, 0xC0, 0xE3, 0x87, 0x87, 0xF6, 0x1F, 0x98, 0x04, 0x00, 0x07, 0x00,
    0x81, 0xC0, 0xC0, 0x70, 0x70, 0x10, 0x3E, 0x00, 0xFB, 0x00, 0x79, 0x80, 0x38, 0xC0, 0x1C, 0x60,
    0x0E, 0x30, 0x07, 0x18, 0x03, 0x8C, 0x01, 0xC6, 0x00, 0xE3, 0x00, 0x71, 0x80, 0x38, 0xC0, 0x1C,
    0x60, 0x0E, 0x38, 0x07, 0x1C, 0x03, 0x86, 0x03, 0x83, 0xC3, 0xC0, 0xFF, 0xC0, 0x3F, 0xC0, 0x08,
    0x00, 0xE0, 0x01, 0xC0, 0x83, 0x06, 0x06, 0x1C, 0x00, 0x70, 0x03, 0xB0, 0x1E, 0xC0, 0x63, 0x01,
    0x8C, 0x06, 0x30, 0x18, 0xC0, 0x63, 0x01, 0x8C, 0x06, 0x30, 0x18, 0xC0, 0xE3, 0x87, 0x87, 0xF6,
    0x1F, 0x98, 0x0F, 0x81, 0x02, 0xE1, 0x80, 0xE0, 0xE0, 0x40, 0x7C, 0x01, 0xF6, 0x00, 0xF3, 0x00,
    0x71, 0x80, 0x38, 0xC0, 0x1C, 0x60, 0x0E, 0x30, 0x07, 0x18, 0x03, 0x8C, 0x01, 0xC6, 0x00, 0xE3,
    0x00, 0x71, 0x80, 0x38, 0xC0, 0x1C, 0x70, 0x0E, 0x38, 0x07, 0x0C, 0x07, 0x07, 0x87, 0x81, 0xFF,
    0x80, 0x7F, 0x80, 0x1E, 0x00, 0x7C, 0x20, 0x31, 0x81, 0x87, 0x00, 0x1C, 0x00, 0xEC, 0x07, 0xB0,
    0x18, 0xC0, 0x63, 0x01, 0x8C, 0x06, 0x30, 0x18, 0xC0, 0x63, 0x01, 0x8C, 0x06, 0x30, 0x38, 0xE1,
    0xE1, 0xFD, 0x87, 0xE6, 0x00, 0x0E, 0x41, 0x0F, 0xF1, 0x86, 0xF0, 0xE0, 0x00, 0x7C, 0x01, 0xF6,
    0x00, 0xF3, 0x00, 0x71, 0x80, 0x38, 0xC0, 0x1C, 0x60, 0x0E, 0x30, 0x07, 0x18, 0x03, 0x8C, 0x01,
    0xC6, 0x00, 0xE3, 0x00, 0x71, 0x80, 0x38, 0xC0, 0x1C, 0x70, 0x0E, 0x38, 0x07, 0x0C, 0x07, 0x07,
    0x87, 0x81, 0xFF, 0x80, 0x7F, 0x80, 0x1C, 0x88, 0xFE, 0x62, 0x71, 0xC0, 0x07, 0x00, 0x3B, 0x01,
    0xEC, 0x06, 0x30, 0x18, 0xC0, 0x63, 0x01, 0x8C, 0x06, 0x30, 0x18, 0xC0, 0x63, 0x01, 0x8C, 0x0E,
    0x38, 0x78, 0x7F, 0x61, 0xF9, 0x80, 0x00, 0x01, 0x00, 0x01, 0x80, 0x00, 0xE0, 0x00, 0x7C, 0x01,
    0xF6, 0x00, 0xF3, 0x00, 0x71, 0x80, 0x38, 0xC0, 0x1C, 0x60, 0x0E, 0x30, 0x07, 0x18, 0x03, 0x8C,
    0x01, 0xC6, 0x00, 0xE3, 0x00, 0x71, 0x80, 0x38, 0xC0, 0x1C, 0x70, 0x0E, 0x38, 0x07, 0x0C, 0x07,
    0x07, 0x87, 0x81, 0xFF, 0x80, 0x7F, 0x80, 0x00, 0x00, 0x00, 0x00, 0x00, 0x00, 0x00, 0xC0, 0x00,
    0xF0, 0x00, 0x30, 0x00, 0x00, 0x08, 0x00, 0x60, 0x01, 0xC0, 0x07, 0x00, 0x3B, 0x01, 0xEC, 0x06,
    0x30, 0x18, 0xC0, 0x63, 0x01, 0x8C, 0x06, 0x30, 0x18, 0xC0, 0x63, 0x01, 0x8C, 0x0E, 0x38, 0x78,
    0x7F, 0x61, 0xF9, 0x80, 0x00, 0x00, 0x00, 0x0E, 0x00, 0x38, 0x00, 0xE0, 0x00, 0x03, 0x00, 0x07,
    0x00, 0x03, 0x80, 0x01, 0xC0, 0x00, 0x80, 0xE0, 0x07, 0x70, 0x0E, 0x70, 0x0E, 0x38, 0x1C, 0x18,
    0x18, 0x1C, 0x38, 0x0C, 0x70, 0x0E, 0x70, 0x07, 0xE0, 0x07, 0xC0, 0x03, 0xC0, 0x01, 0x80, 0x01,
    0x80, 0x01, 0x80, 0x01, 0x80, 0x01, 0x80, 0x01, 0x80, 0x01, 0x80, 0x01, 0x80, 0x04, 0x00, 0xE0,
    0x03, 0x80, 0x0C, 0x00, 0x30, 0x00, 0x00, 0x00, 0x1C, 0x07, 0x60, 0x33, 0x83, 0x8C, 0x1C, 0x60,
    0xC3, 0x8E, 0x0C, 0x60, 0x73, 0x03, 0xB8, 0x0D, 0x80, 0x7C, 0x01, 0xC0, 0x0E, 0x00, 0x70, 0x03,
    0x00, 0x38, 0x01, 0x80, 0x1C, 0x00, 0xE0, 0x07, 0x70, 0x0E, 0x70, 0x0E, 0x38, 0x1C, 0x18, 0x18,
    0x1C, 0x38, 0x0C, 0x70, 0x0E, 0x70, 0x07, 0xE0, 0x07, 0xC0, 0x03, 0xC0, 0x01, 0x80, 0x01, 0x80,
    0x01, 0x80, 0x01, 0x80, 0x01, 0x80, 0x01, 0x80, 0x01, 0x80, 0x01, 0x80, 0x00, 0x00, 0x00, 0x00,
    0x00, 0x00, 0x01, 0x80, 0x03, 0xC0, 0x01, 0x80, 0xE0, 0x3B, 0x01, 0x9C, 0x1C, 0x60, 0xE3, 0x06,
    0x1C, 0x70, 0x63, 0x03, 0x98, 0x1D, 0xC0, 0x6C, 0x03, 0xE0, 0x0E, 0x00, 0x70, 0x03, 0x80, 0x18,
    0x01, 0xC6, 0x0C, 0x78, 0xE1, 0x80, 0x07, 0xC0, 0x02, 0xE0, 0x01, 0xC0, 0x01, 0x00, 0xE0, 0x07,
    0x70, 0x0E, 0x70, 0x0E, 0x38, 0x1C, 0x18, 0x18, 0x1C, 0x38, 0x0C, 0x70, 0x0E, 0x70, 0x07, 0xE0,
    0x07, 0xC0, 0x03, 0xC0, 0x01, 0x80, 0x01, 0x80, 0x01, 0x80, 0x01, 0x80, 0x01, 0x80, 0x01, 0x80,
    0x01, 0x80, 0x01, 0x80, 0x0F, 0x80, 0x7C, 0x00, 0x60, 0x07, 0x00, 0x00, 0x00, 0x03, 0x80, 0xEC,
    0x06, 0x70, 0x71, 0x83, 0x8C, 0x18, 0x71, 0xC1, 0x8C, 0x0E, 0x60, 0x77, 0x01, 0xB0, 0x0F, 0x80,
    0x38, 0x01, 0xC0, 0x0E, 0x00, 0x60, 0x07, 0x00, 0x30, 0x03, 0x80, 0x07, 0x20, 0x0F, 0xF0, 0x0D,
    0xE0, 0x00, 0x00, 0xE0, 0x07, 0x70, 0x0E, 0x70, 0x0E, 0x38, 0x1C, 0x18, 0x18, 0x1C, 0x38, 0x0C,
    0x70, 0x0E, 0x70, 0x07, 0xE0, 0x07, 0xC0, 0x03, 0xC0, 0x01, 0x80, 0x01, 0x80, 0x01, 0x80, 0x01,
    0x80, 0x01, 0x80, 0x01, 0x80, 0x01, 0x80, 0x01, 0x80, 0x0E, 0x60, 0xFE, 0x06, 0xF0, 0x00, 0x00,
    0x00, 0x70, 0x1D, 0x80, 0xCE, 0x0E, 0x30, 0x71, 0x83, 0x0E, 0x38, 0x31, 0x81, 0xCC, 0x0E, 0xE0,
    0x36, 0x01, 0xF0, 0x07, 0x00, 0x38, 0x01, 0xC0, 0x0C, 0x00, 0xE0, 0x06, 0x00, 0x70, 0x00, 0x00,
    0x00, 0x00, 0x00, 0x00, 0xFF, 0xFF, 0xC0, 0xFF, 0xFF, 0xFF, 0xC0, 0xFF, 0xFF, 0xFF, 0xFF, 0xFF,
    0xFF, 0xC0, 0xFF, 0xFF, 0xFF, 0xFF, 0xFF, 0xFF, 0xC0, 0xC3, 0xC3, 0xC3, 0xC3, 0xC3, 0xC3, 0xC3,
    0xC3, 0xC3, 0xC3, 0xC3, 0xC3, 0xC3, 0xC3, 0xC3, 0xC3, 0xC3, 0xC3, 0xC3, 0xC3, 0xC3, 0xC3, 0xC3,
    0x72, 0x6D, 0x80, 0xFD, 0xAD, 0x00, 0xFF, 0xB5, 0xA0, 0x6E, 0x29, 0xB7, 0xDF, 0x70, 0xEF, 0xB6,
    0x51, 0xCE, 0x60, 0xEF, 0xBE, 0xD9, 0x47, 0x29, 0x00, 0x18, 0x18, 0x18, 0x18, 0xFF, 0xFF, 0x18,
    0x18, 0x18, 0x18, 0x18, 0x18, 0x18, 0x18, 0x18, 0x18, 0x18, 0x18, 0x18, 0xFF, 0xFF, 0x18, 0x18,
    0x18, 0xFF, 0xFF, 0x18, 0x18, 0x18, 0x18, 0x7D, 0xFF, 0xFF, 0xFF, 0xFF, 0xDF, 0x00, 0xE0, 0x0F,
    0xC0, 0x1F, 0x80, 0x38, 0xE0, 0xE0, 0xFC, 0x1C, 0x1F, 0x83, 0x83, 0x80, 0x00, 0x00, 0x0C, 0x01,
    0xC0, 0x00, 0xFC, 0x06, 0x00, 0x07, 0x38, 0x38, 0x00, 0x18, 0x61, 0xC0, 0x00, 0xC1, 0x86, 0x00,
    0x03, 0x06, 0x38, 0x00, 0x06, 0x19, 0xC0, 0x00, 0x1F, 0xCE, 0x00, 0x00, 0x1E, 0x30, 0x00, 0x00,
    0x01, 0xC0, 0x00, 0x00, 0x0E, 0x10, 0x04, 0x00, 0x31, 0xF8, 0x7E, 0x01, 0xCE, 0x73, 0x9C, 0x0E,
    0x70, 0xDC, 0x30, 0x31, 0x83, 0x60, 0xC1, 0xC6, 0x0D, 0x83, 0x0E, 0x0C, 0x33, 0x0C, 0x70, 0x3F,
    0x8F, 0xE3, 0x80, 0x7C, 0x1F, 0x00, 0x0C, 0x01, 0xC0, 0x00, 0x00, 0x7E, 0x07, 0x00, 0x00, 0x01,
    0xCE, 0x0C, 0x00, 0x00, 0x03, 0x0C, 0x38, 0x00, 0x00, 0x0C, 0x18, 0xE0, 0x00, 0x00, 0x1C, 0x33,
    0x80, 0x00, 0x00, 0x18, 0x66, 0x00, 0x00, 0x00, 0x3F, 0x9C, 0x00, 0x00, 0x00, 0x1E, 0x70, 0x00,
    0x00, 0x00, 0x00, 0xC0, 0x00, 0x00, 0x00, 0x03, 0x88, 0x02, 0x00, 0x80, 0x0E, 0x7E, 0x1F, 0x87,
    0xE0, 0x19, 0xCE, 0x73, 0x9C, 0xE0, 0x73, 0x0C, 0xC3, 0x70, 0xC1, 0xCC, 0x1B, 0x06, 0xC1, 0x87,
    0x18, 0x36, 0x0D, 0x83, 0x0C, 0x18, 0x66, 0x19, 0x86, 0x38, 0x3F, 0x8F, 0xE3, 0xF8, 0xE0, 0x3E,
    0x0F, 0x83, 0xE0, 0x76, 0x6E, 0xCC, 0x80, 0x77, 0x67, 0x66, 0xE6, 0xC6, 0xCC, 0x8C, 0x77, 0x3B,
    0x39, 0x99, 0x8D, 0xCC, 0xEC, 0x66, 0x66, 0x32, 0x31, 0x80, 0xCE, 0x66, 0x62, 0x30, 0xCE, 0xE6,
    0x66, 0x67, 0x63, 0x23, 0x33, 0xCE, 0x67, 0x33, 0x99, 0x8C, 0xCE, 0x66, 0x33, 0x11, 0x88, 0xCC,
    0x60, 0x0E, 0x1C, 0x71, 0xC7, 0x1C, 0x38, 0x38, 0x70, 0x70, 0x70, 0x70, 0xE1, 0xC1, 0xC1, 0xC1,
    0xC1, 0xC3, 0x8E, 0x1C, 0x71, 0xC7, 0x00, 0x00, 0xE0, 0x0C, 0x1C, 0x19, 0xC3, 0x87, 0x1C, 0x01,
    0xC1, 0xC0, 0x70, 0x1C, 0x1C, 0x01, 0xC7, 0x00, 0x1D, 0xC0, 0xE1, 0xF0, 0xFC, 0x1C, 0x1F, 0x87,
    0xC3, 0x81, 0xDC, 0x00, 0x71, 0xC0, 0x1C, 0x1C, 0x07, 0x01, 0xC1, 0xC0, 0x1C, 0x70, 0xE1, 0xC4,
    0x1C, 0x10, 0xE1, 0xF8, 0x7E, 0x1F, 0x87, 0xE1, 0xF8, 0x7E, 0x1F, 0x87, 0xE1, 0xF8, 0x7E, 0x1F,
    0x87, 0xE1, 0xC0, 0x00, 0x00, 0x00, 0xE1, 0xF8, 0x7E, 0x1C, 0xFF, 0xFF, 0xFF, 0xFF, 0xFF, 0xFF,
    0xFF, 0xFF, 0xFF, 0xE0, 0xE0, 0x00, 0xEE, 0x00, 0x38, 0xF0, 0x1E, 0x07, 0xFF, 0x00, 0x1F, 0x00,
    0x00, 0x60, 0x00, 0x49, 0x00, 0x0D, 0x60, 0x01, 0xFC, 0x00, 0x0E, 0x00, 0x07, 0xF0, 0x00, 0x92,
    0x00, 0x03, 0x00, 0x00, 0x00, 0x00, 0x00, 0x00, 0x00, 0x00, 0x0C, 0x00, 0xC9, 0x20, 0x93, 0xAC,
    0x1A, 0xDF, 0x81, 0xF1, 0xE0, 0x3E, 0xFE, 0x0F, 0xF2, 0x41, 0x24, 0x60, 0x06, 0x00, 0xFF, 0xFF,
    0xC0, 0x00, 0x07, 0x00, 0x06, 0x00, 0x0E, 0x00, 0x1C, 0x00, 0x18, 0x00, 0x30, 0x00, 0x70, 0x00,
    0x60, 0x00, 0xC0, 0x01, 0xC0, 0x03, 0x80, 0x03, 0x00, 0x07, 0x00, 0x0E, 0x00, 0x0C, 0x00, 0x18,
    0x00, 0x38, 0x00, 0x30, 0x00, 0xE0, 0x00, 0x1F, 0x03, 0xE1, 0xFE, 0x1F, 0xEF, 0x3C, 0xF3, 0xF0,
    0x37, 0x07, 0x40, 0xC8, 0x0C, 0x03, 0x00, 0x70, 0x1C, 0x01, 0xC0, 0xE0, 0x0E, 0x07, 0x00, 0x70,
    0x18, 0x03, 0x80, 0xE0, 0x0C, 0x03, 0x00, 0x30, 0x0C, 0x00, 0xC0, 0x00, 0x00, 0x00, 0x00, 0x00,
    0x00, 0x00, 0x00, 0x0E, 0x01, 0xC0, 0x38, 0x07, 0x00, 0xE0, 0x1C, 0x00, 0x1F, 0x07, 0x7F, 0x87,
    0xF3, 0xC7, 0xC0, 0xC7, 0x40, 0xC7, 0x00, 0xC7, 0x01, 0xC7, 0x03, 0x87, 0x07, 0x06, 0x06, 0x06,
    0x0E, 0x06, 0x0C, 0x06, 0x0C, 0x06, 0x00, 0x00, 0x00, 0x00, 0x00, 0x00, 0x0E, 0x07, 0x0E, 0x07,
    0x0E, 0x07, 0xE1, 0xF1, 0xC7, 0xFB, 0x9C, 0x77, 0x70, 0x7E, 0x40, 0xFC, 0x01, 0xF8, 0x03, 0x70,
    0x0E, 0xE0, 0x39, 0xC0, 0xE3, 0x83, 0x87, 0x07, 0x0E, 0x0E, 0x00, 0x00, 0x00, 0x00, 0x00, 0x00,
    0xE0, 0xE1, 0xC1, 0xC3, 0x83, 0x80, 0x19, 0x27, 0x5B, 0xF7, 0xDF, 0xE4, 0x8C, 0x19, 0x27, 0x5F,
    0xF3, 0xDF, 0xE4, 0x8C, 0x00, 0x00, 0x00, 0xC9, 0x3A, 0xDF, 0x9E, 0xFF, 0x24, 0x60, 0x07, 0x01,
    0x39, 0x1C, 0x9C, 0x75, 0xC1, 0xFC, 0x7F, 0xDF, 0xFF, 0xF1, 0xF1, 0x1F, 0xC1, 0xD7, 0x1C, 0x9C,
    0x4E, 0x40, 0x70, 0x00, 0x00, 0x00, 0x00, 0x00, 0x00, 0x00, 0x00, 0x00, 0x00, 0x18, 0x7E, 0x7E,
    0xE7, 0xC3, 0xC3, 0xC3, 0xC3, 0xC3, 0xE7, 0x7E, 0x7E, 0x10, 0xF3, 0xFF, 0xFC, 0x0F, 0x07, 0x86,
    0xC3, 0x63, 0x31, 0x99, 0x8C, 0xFF, 0xFF, 0x81, 0x80, 0xC0, 0xFE, 0xFE, 0xC0, 0xC0, 0xFC, 0xFE,
    0x47, 0x03, 0x47, 0xEE, 0x7E, 0x10, 0x1C, 0x38, 0x30, 0x70, 0x7E, 0xFE, 0xC7, 0xC3, 0xC3, 0xEF,
    0x7E, 0x10, 0xFF, 0xFF, 0x07, 0x06, 0x0E, 0x0C, 0x1C, 0x18, 0x38, 0x30, 0x70, 0x10, 0x7E, 0xFE,
    0xC7, 0xC6, 0x7E, 0x7E, 0xE7, 0xC3, 0xC3, 0xEF, 0x7E, 0x10, 0x10, 0x7E, 0xFF, 0xC3, 0xC3, 0xC7,
    0xFF, 0x7E, 0x0E, 0x0C, 0x18, 0x38, 0x30, 0x60, 0xC7, 0xFF, 0xE6, 0x0C, 0x00, 0xFF, 0xFC, 0xFF,
    0xFC, 0xF1, 0xC7, 0x1C, 0x71, 0x38, 0x7E, 0xE6, 0xC7, 0xC3, 0xC3, 0xC3, 0xC3, 0xC3, 0xE7, 0x7E,
    0x3C, 0x1B, 0xFF, 0xB1, 0x8C, 0x63, 0x18, 0xC6, 0x30, 0x1C, 0x7E, 0xE7, 0x43, 0x03, 0x07, 0x0E,
    0x1C, 0x38, 0x30, 0x7F, 0x7F, 0xFE, 0xFE, 0x0E, 0x1C, 0x38, 0x7C, 0x3E, 0x06, 0x47, 0xC6, 0xFE,
    0x7C, 0x07, 0x07, 0x83, 0xC3, 0x61, 0xB1, 0x99, 0xCC, 0xC6, 0xFF, 0xFF, 0xC0, 0xC0, 0x60, 0xFE,
    0xFE, 0xC0, 0xC0, 0xC0, 0xFE, 0xFE, 0x07, 0x07, 0xC7, 0xFE, 0x7C, 0x1C, 0x18, 0x38, 0x70, 0x68,
    0xFE, 0xE7, 0xC3, 0xC3, 0xC7, 0xFE, 0x7C, 0xFF, 0xFF, 0x03, 0x06, 0x06, 0x0E, 0x0C, 0x1C, 0x18,
    0x38, 0x30, 0x70, 0x3C, 0x7E, 0xE6, 0xC7, 0xE6, 0x7C, 0x7E, 0xC7, 0xC3, 0xC7, 0xFF, 0x7E, 0x38,
    0x7E, 0xE7, 0xC3, 0xC3, 0xC7, 0xFE, 0x7E, 0x0C, 0x1C, 0x18, 0x38, 0x19, 0x8C, 0xE6, 0x33, 0x9C,
    0xC6, 0x31, 0x8C, 0x63, 0x1C, 0xE3, 0x18, 0xE3, 0x1C, 0x60, 0xC3, 0x18, 0xE3, 0x18, 0xE7, 0x18,
    0xC6, 0x31, 0x8C, 0x67, 0x39, 0x8C, 0xE6, 0x73, 0x00, 0x3F, 0xFC, 0xFF, 0xF3, 0xFF, 0xCE, 0x00,
    0x38, 0x00, 0xE0, 0x03, 0x80, 0x0E, 0x00, 0x3F, 0xF8, 0xFF, 0xE3, 0xFF, 0x8E, 0x00, 0x38, 0x03,
    0xFE, 0x0F, 0xF8, 0x3F, 0xE0, 0x38, 0x00, 0xE0, 0x03, 0x80, 0x00, 0x07, 0xC0, 0x7F, 0x87, 0xBC,
    0x70, 0x73, 0x81, 0x18, 0x00, 0xC0, 0x1F, 0xF0, 0xFF, 0x81, 0x80, 0x0C, 0x01, 0xFF, 0x0F, 0xF8,
    0x18, 0x00, 0xC0, 0x0E, 0x00, 0x60, 0x07, 0xFF, 0xFF, 0xFE, 0xFC, 0x00, 0x01, 0xFF, 0x00, 0x03,
    0xFF, 0x80, 0x06, 0x07, 0x00, 0x0C, 0x07, 0x00, 0x18, 0x0E, 0x1E, 0x30, 0x1C, 0xFE, 0x60, 0x39,
    0xCE, 0xC0, 0xE7, 0x0F, 0xFF, 0x8E, 0x03, 0xFE, 0x0E, 0x06, 0x38, 0x1F, 0x0C, 0x30, 0x1F, 0x98,
    0x70, 0x07, 0xB0, 0x70, 0x03, 0x60, 0xE1, 0x07, 0xC0, 0xE7, 0x0D, 0x80, 0xE7, 0xFB, 0x01, 0xE7,
    0xE0, 0x60, 0x38, 0x1D, 0xC1, 0xE0, 0x77, 0x07, 0x81, 0x8C, 0x1F, 0x06, 0x30, 0x6C, 0x38, 0xC1,
    0xB0, 0xE3, 0x8E, 0xC3, 0x8E, 0x33, 0x0C, 0xFF, 0xFF, 0xFF, 0xFF, 0xFF, 0xFF, 0xFF, 0xFF, 0xC7,
    0x71, 0x98, 0x1D, 0x86, 0x60, 0x36, 0x1D, 0x80, 0xD8, 0x36, 0x03, 0x60, 0xF8, 0x0F, 0x83, 0xC0,
    0x3C, 0x0F, 0x00, 0x70, 0x1C, 0x00, 0x00, 0x30, 0x00, 0xC0, 0x3F, 0xC0, 0xFF, 0x00, 0x30, 0x38,
    0xC3, 0xFB, 0x1F, 0xFC, 0x70, 0x73, 0x81, 0xCE, 0x03, 0x38, 0x0C, 0xE0, 0x33, 0x80, 0xCE, 0x03,
    0x18, 0x1C, 0x70, 0xF0, 0xFF, 0xC1, 0xFB, 0x00, 0x00, 0x00, 0x01, 0xFF, 0xE7, 0xFF, 0x80, 0x01,
    0xF0, 0x0F, 0xF8, 0x3E, 0xF8, 0x70, 0x71, 0xC0, 0x43, 0x00, 0x0E, 0x00, 0x3F, 0xFC, 0xFF, 0xF8,
    0x70, 0x00, 0xE0, 0x03, 0xFF, 0x8F, 0xFE, 0x03, 0x00, 0x07, 0x00, 0x0E, 0x03, 0x0E, 0x0E, 0x0F,
    0xF8, 0x0F, 0xE0, 0xFF, 0xFF, 0xFF, 0xFF, 0xFF, 0xF8, 0x1C, 0x00, 0x38, 0x00, 0x71, 0x00, 0xEC,
    0x01, 0xF8, 0x07, 0xC0, 0x3F, 0x00, 0x7E, 0xC1, 0x1F, 0x80, 0x7E, 0x03, 0xF0, 0x07, 0xE0, 0x09,
    0xC0, 0x03, 0x80, 0x07, 0x00, 0x0E, 0x00, 0x7E, 0x00, 0xFF, 0xC1, 0xFF, 0xC3, 0x81, 0xCF, 0xFF,
    0xFF, 0xFF, 0xDC, 0x07, 0x38, 0x0E, 0xFF, 0xFF, 0xFF, 0xFD, 0xC1, 0xE3, 0xFF, 0x87, 0xFE, 0x0E,
    0x00, 0x1C, 0x00, 0x38, 0x00, 0x70, 0x00, 0xE0, 0x01, 0xC0, 0x00, 0xFF, 0xFF, 0xFF, 0xFF, 0xFF,
    0xF8, 0x00, 0x00, 0x00, 0x00, 0x00, 0x3F, 0xFF, 0xFF, 0xFF, 0x03, 0x80, 0x07, 0x00, 0x0E, 0x00,
    0x1C, 0x00, 0x38, 0x00, 0x70, 0x00, 0xE0, 0x01, 0xC0, 0x03, 0x80, 0x07, 0x00, 0x0E, 0x00, 0xFF,
    0xFF, 0xFF, 0xFF, 0xFE, 0x03, 0x00, 0x1C, 0x7F, 0xFF, 0xFF, 0xE0, 0x18, 0x01, 0xC0, 0x3C, 0x3F,
    0xC1, 0xF8, 0x07, 0x00, 0x1C, 0x00, 0x70, 0x01, 0xC0, 0x07, 0x00, 0x1C, 0x00, 0x70, 0x1C, 0x00,
    0x70, 0x01, 0xC0, 0x07, 0x10, 0x1D, 0xC0, 0x7F, 0x03, 0xF0, 0x3F, 0x10, 0xFD, 0xC2, 0x7F, 0x01,
    0xF0, 0x3F, 0x03, 0xFC, 0x0E, 0x70, 0x71, 0xC1, 0xC7, 0x0E, 0x1D, 0xF0, 0x7F, 0x81, 0xF8, 0x00,
    0x3F, 0x00, 0xFF, 0xC3, 0xFF, 0x8E, 0x0F, 0x38, 0x1C, 0xE0, 0x33, 0x80, 0xCE, 0x03, 0x38, 0x1F,
    0xFF, 0xEF, 0xFF, 0x3F, 0xE0, 0x38, 0x00, 0xE0, 0x0F, 0xFC, 0x3F, 0xF0, 0x38, 0x00, 0xE0, 0x03,
    0x80, 0x00, 0x19, 0x80, 0xCC, 0x3F, 0xE1, 0xFF, 0xCF, 0xFF, 0x60, 0x3B, 0x00, 0xD8, 0x06, 0xC0,
    0x76, 0x03, 0xBF, 0xF9, 0xFF, 0xCF, 0xFF, 0x60, 0x1F, 0x00, 0xF8, 0x03, 0xC0, 0x3E, 0x01, 0xF0,
    0x3D, 0xFF, 0xEF, 0xFC, 0x0C, 0xC0, 0x66, 0x00, 0x07, 0x80, 0x00, 0x1C, 0x00, 0x00, 0x70, 0x00,
    0x01, 0xC0, 0x00, 0x07, 0xFF, 0xFF, 0xFF, 0xFF, 0xFF, 0xDF, 0xFF, 0xFF, 0x9C, 0x00, 0x00, 0x1C,
    0x00, 0x00, 0x1C, 0x00, 0x00, 0x1E, 0x00, 0x00, 0x04, 0x01, 0xC0, 0x7C, 0x1F, 0xC6, 0xED, 0x9C,
    0xE3, 0x8C, 0x71, 0x0E, 0x01, 0xC0, 0x38, 0x07, 0x00, 0xE0, 0x1C, 0x03, 0x80, 0x70, 0x0E, 0x01,
    0xC0, 0x38, 0x07, 0x00, 0xE0, 0x1C, 0x00, 0x00, 0x03, 0xC0, 0x00, 0x01, 0xC0, 0x00, 0x01, 0xC0,
    0x00, 0x01, 0xCF, 0xFF, 0xFF, 0xDF, 0xFF, 0xFF, 0xFF, 0xFF, 0xFF, 0x00, 0x00, 0x1C, 0x00, 0x00,
    0x70, 0x00, 0x01, 0xC0, 0x00, 0x0F, 0x00, 0x0E, 0x01, 0xC0, 0x38, 0x07, 0x00, 0xE0, 0x1C, 0x03,
    0x80, 0x70, 0x0E, 0x01, 0xC0, 0x38, 0x07, 0x00, 0xE0, 0x1C, 0x23, 0x8E, 0x73, 0xEE, 0xEF, 0xF8,
    0xFE, 0x0F, 0x80, 0xE0, 0x08, 0x00, 0xFF, 0x80, 0x7F, 0xE0, 0x3C, 0x00, 0x1F, 0x00, 0x0D, 0xC0,
    0x06, 0x70, 0x03, 0x1C, 0x01, 0x87, 0x00, 0xC1, 0xC0, 0x20, 0x70, 0x00, 0x1C, 0x00, 0x07, 0x00,
    0x01, 0xC0, 0x00, 0x70, 0x00, 0x1C, 0x00, 0x07, 0x00, 0x01, 0x00, 0x00, 0xFF, 0x80, 0xFF, 0xC0,
    0x01, 0xE0, 0x01, 0xF0, 0x01, 0xD8, 0x01, 0xCC, 0x01, 0xC6, 0x01, 0xC3, 0x01, 0xC1, 0x81, 0xC0,
    0x81, 0xC0, 0x01, 0xC0, 0x01, 0xC0, 0x01, 0xC0, 0x01, 0xC0, 0x01, 0xC0, 0x00, 0x40, 0x00, 0x00,
    0x40, 0x00, 0x70, 0x00, 0x1C, 0x00, 0x07, 0x00, 0x01, 0xC0, 0x00, 0x70, 0x00, 0x1C, 0x00, 0x07,
    0x02, 0x01, 0xC1, 0x80, 0x70, 0xC0, 0x1C, 0x60, 0x07, 0x30, 0x01, 0xD8, 0x00, 0x7C, 0x00, 0x1E,
    0x03, 0xFF, 0x00, 0x7F, 0x80, 0x00, 0x01, 0x00, 0x01, 0xC0, 0x01, 0xC0, 0x01, 0xC0, 0x01, 0xC0,
    0x01, 0xC0, 0x01, 0xC0, 0x81, 0xC0, 0xC1, 0xC0, 0x61, 0xC0, 0x31, 0xC0, 0x19, 0xC0, 0x0D, 0xC0,
    0x07, 0xC0, 0x03, 0xC0, 0x01, 0xFF, 0x80, 0xFF, 0x00, 0x00, 0x00, 0x03, 0x80, 0x00, 0x01, 0x80,
    0x00, 0x01, 0x80, 0x00, 0x01, 0x80, 0x00, 0x01, 0x9F, 0xFF, 0xFF, 0xFF, 0xFF, 0xFF, 0x00, 0x00,
    0x1C, 0x00, 0x80, 0x70, 0x0E, 0x01, 0xC0, 0x38, 0x07, 0x00, 0xE0, 0x1C, 0x03, 0x80, 0x00, 0x0F,
    0xFF, 0xFF, 0xFF, 0xFF, 0xFF, 0xBF, 0xFF, 0xFF, 0x38, 0x00, 0x00, 0x38, 0x00, 0x00, 0x38, 0x00,
    0x00, 0x3C, 0x00, 0x00, 0x04, 0x00, 0xE0, 0x07, 0x00, 0x38, 0x01, 0xC0, 0x0C, 0x04, 0x63, 0xFE,
    0x7F, 0xF7, 0x0F, 0xE0, 0x7E, 0x03, 0xE0, 0x3E, 0x03, 0xE0, 0x7E, 0x07, 0x70, 0xE3, 0xFC, 0x1F,
    0x80, 0x03, 0x80, 0x07, 0x00, 0x1E, 0x00, 0x3E, 0x00, 0xEC, 0x01, 0xDC, 0x03, 0x38, 0x0E, 0x30,
    0x1C, 0x70, 0x30, 0xE0, 0xE0, 0xC1, 0x81, 0xC7, 0x01, 0x8E, 0x03, 0x98, 0x07, 0x70, 0x06, 0xE0,
    0x0F, 0xFF, 0xFF, 0xFF, 0xF8, 0x0F, 0xF9, 0xFF, 0xDE, 0x00, 0xE0, 0x0E, 0x00, 0x60, 0x03, 0xFF,
    0xFF, 0xFF, 0xE0, 0x07, 0x00, 0x1C, 0x00, 0x7F, 0xF1, 0xFF, 0x80, 0x7C, 0xFF, 0xFF, 0xFF, 0xFF,
    0xFF, 0xF0, 0x07, 0xC0, 0x1F, 0x00, 0x7C, 0x01, 0xF0, 0x07, 0xC0, 0x1F, 0x00, 0x7C, 0x01, 0xF0,
    0x07, 0xC0, 0x1F, 0x00, 0x7C, 0x01, 0xF0, 0x07, 0xC0, 0x1F, 0x00, 0x7C, 0x01, 0xC0, 0xFF, 0xFF,
    0xFF, 0xFF, 0xFE, 0xE0, 0x03, 0xC0, 0x0F, 0x00, 0x3C, 0x00, 0xF0, 0x03, 0xC0, 0x0E, 0x00, 0x70,
    0x07, 0x00, 0xF0, 0x0F, 0x00, 0xF0, 0x0F, 0x00, 0xF0, 0x07, 0xFF, 0xFF, 0xFE, 0xFF, 0xFF, 0xFF,
    0x03, 0x81, 0x80, 0xC0, 0xE0, 0x60, 0x30, 0x38, 0x18, 0x0C, 0x0E, 0x07, 0x03, 0x03, 0x81, 0xC0,
    0xC0, 0xE0, 0x70, 0x30, 0x38, 0x00, 0x00, 0x0C, 0x00, 0x30, 0x01, 0xC0, 0x06, 0x00, 0x18, 0x00,
    0xE0, 0x03, 0x00, 0x1C, 0x00, 0x70, 0x01, 0x8E, 0x0E, 0x3C, 0x30, 0x30, 0xC0, 0xE7, 0x01, 0x98,
    0x07, 0x60, 0x0F, 0x80, 0x3C, 0x00, 0x70, 0x00, 0x1C, 0x07, 0x7E, 0x1F, 0x7F, 0xBF, 0xE1, 0xF0,
    0xE0, 0xE0, 0xE1, 0xF0, 0xF3, 0xF8, 0x7F, 0x1F, 0x3E, 0x0F, 0x1C, 0x07, 0x0F, 0xC3, 0xF1, 0xFE,
    0xFF, 0x70, 0xF8, 0x6E, 0x0E, 0x0F, 0xC3, 0xC1, 0xBC, 0xFE, 0x73, 0xF9, 0xFE, 0x3E, 0x0F, 0x80,
    0xE0, 0x00, 0x1C, 0x00, 0x03, 0x80, 0x00, 0x70, 0x00, 0x0E, 0x00, 0x01, 0xC0, 0x00, 0x38, 0x00,
    0x07, 0x00, 0x00, 0xE0, 0x00, 0x1C, 0x00, 0x03, 0x80, 0x00, 0x70, 0x00, 0x0E, 0x00, 0x01, 0xC0,
    0x00, 0x38, 0x00, 0x07, 0x00, 0x00, 0xE0, 0x00, 0x1F, 0xFF, 0xFF, 0xFF, 0xFF, 0x80, 0x00, 0x00,
    0x80, 0x00, 0x38, 0x00, 0x0E, 0x00, 0x03, 0x80, 0x00, 0xF0, 0x00, 0x3C, 0x00, 0x07, 0x00, 0x01,
    0xC0, 0x00, 0x70, 0x00, 0x1C, 0x00, 0x07, 0x00, 0x01, 0xC0, 0x00, 0x78, 0x00, 0x1E, 0x00, 0x03,
    0x80, 0x00, 0xE0, 0x00, 0x38, 0x00, 0x0F, 0xFF, 0xFF, 0xFF, 0xFF, 0x80, 0xFF, 0xFF, 0xFF, 0xFF,
    0xFF, 0xFF, 0xFF, 0x80, 0x03, 0x18, 0x39, 0xC1, 0x8E, 0x0C, 0x60, 0xE7, 0x07, 0x38, 0x31, 0x83,
    0x9C, 0x1C, 0xE0, 0xC6, 0x0E, 0x30, 0x73, 0x83, 0x18, 0x18, 0xC1, 0xCE, 0x0C, 0x60, 0x63, 0x07,
    0x38, 0x31, 0xC0, 0x01, 0xC0, 0x00, 0xE0, 0x00, 0xF8, 0x00, 0x7C, 0x00, 0x36, 0x00, 0x3B, 0x80,
    0x1C, 0xC0, 0x0C, 0x60, 0x0E, 0x38, 0x06, 0x0C, 0x07, 0x07, 0x03, 0x83, 0x81, 0x80, 0xC1, 0xC0,
    0x70, 0xE0, 0x38, 0x60, 0x0C, 0x70, 0x07, 0x38, 0x01, 0xB8, 0x00, 0xE0, 0xE0, 0x03, 0xB0, 0x01,
    0x9C, 0x01, 0xCE, 0x00, 0xE3, 0x00, 0x61, 0xC0, 0x70, 0x60, 0x38, 0x38, 0x18, 0x1C, 0x1C, 0x06,
    0x0C, 0x03, 0x8E, 0x01, 0xC7, 0x00, 0x63, 0x00, 0x3B, 0x80, 0x0D, 0xC0, 0x07, 0xC0, 0x03, 0xE0,
    0x00, 0xE0, 0x00, 0x70, 0x00, 0x0F, 0xC0, 0xFF, 0x87, 0xDF, 0x1C, 0x0E, 0xE0, 0x1B, 0x80, 0x7C,
    0x01, 0xF0, 0x07, 0xC0, 0x1F, 0x00, 0x7C, 0x01, 0xF0, 0x07, 0xC0, 0x1F, 0x00, 0x7C, 0x01, 0xF0,
    0x07, 0xC0, 0x1F, 0x00, 0x7C, 0x01, 0xC0, 0xC0, 0x1F, 0x00, 0x7C, 0x01, 0xF0, 0x07, 0xC0, 0x1F,
    0x00, 0x7C, 0x01, 0xF0, 0x07, 0xC0, 0x1F, 0x00, 0x7C, 0x01, 0xF0, 0x07, 0xC0, 0x1F, 0x80, 0x7E,
    0x01, 0xD8, 0x0E, 0x78, 0x78, 0xFF, 0xC1, 0xFE, 0x00, 0x07, 0xC3, 0xF0, 0xE0, 0x30, 0x0C, 0x03,
    0x00, 0xC0, 0x30, 0x0C, 0x03, 0x00, 0xC0, 0x30, 0x0C, 0x03, 0x00, 0xC0, 0x30, 0x0C, 0x03, 0x00,
    0xC0, 0x30, 0x0C, 0x03, 0x01, 0xC3, 0xF0, 0xF8, 0x18, 0x00, 0x03, 0xE0, 0x7E, 0x07, 0x00, 0x60,
    0x06, 0x00, 0x60, 0x06, 0x01, 0xF8, 0x7F, 0xCE, 0x6E, 0xE6, 0x6C, 0x67, 0xC6, 0x3C, 0x63, 0xC6,
    0x7E, 0x66, 0x7F, 0xE3, 0xFC, 0x0F, 0x00, 0x60, 0x06, 0x00, 0x60, 0x0E, 0x07, 0xE0, 0x7C, 0x03,
    0x00, 0x07, 0x00, 0x1C, 0x00, 0x70, 0x00, 0x00, 0x00, 0x00, 0x00, 0x00, 0x00, 0x00, 0x00, 0x00,
    0x00, 0x00, 0x00, 0x00, 0x38, 0x07, 0xE0, 0x1F, 0x80, 0x70, 0xE0, 0x1F, 0x80, 0x7E, 0x01, 0xC0,
    0x00, 0x00, 0x00, 0x00, 0x00, 0x00, 0x00, 0x00, 0x00, 0x00, 0x00, 0x00, 0x00, 0x01, 0xC0, 0x07,
    0x00, 0x1C, 0x00, 0xFF, 0x80, 0x00, 0x00, 0x7F, 0xC0, 0xE0, 0x1F, 0x80, 0x7E, 0x01, 0xC0, 0x00,
    0x00, 0x00, 0x00, 0x00, 0x00, 0x00, 0x00, 0x00, 0x00, 0x00, 0x00, 0x00, 0x38, 0x07, 0xE0, 0x1F,
    0x80, 0x70, 0x3C, 0x6F, 0xFF, 0x1F, 0x20, 0xC0, 0xC1, 0x8C, 0x7E, 0xEF, 0xE7, 0xC6, 0x78, 0x70,
    0x7C, 0x6F, 0xFE, 0xC7, 0xC0, 0x00, 0x3C, 0x27, 0xFF, 0xE7, 0xE4, 0x18, 0xC1, 0xCC, 0x7E, 0xEE,
    0xE7, 0xC6, 0x38, 0x70, 0x00, 0x00, 0x0F, 0xFF, 0xFF, 0xF0, 0x00, 0x00, 0x0F, 0xFF, 0xFF, 0xF0,
    0x30, 0x03, 0x00, 0x30, 0x00, 0x00, 0x00, 0x0F, 0xFF, 0xFF, 0xF0, 0x00, 0x00, 0x00, 0x00, 0xFF,
    0xFF, 0xFF, 0xFF, 0xF0, 0x00, 0x00, 0x00, 0x1C, 0x01, 0xC0, 0x00, 0xE0, 0x0C, 0x01, 0x80, 0x18,
    0xFF, 0xFF, 0xFF, 0x06, 0x00, 0x60, 0x0C, 0x0F, 0xFF, 0xFF, 0xFF, 0xFF, 0x30, 0x03, 0x00, 0x70,
    0x06, 0x00, 0xFF, 0xFF, 0xFF, 0x00, 0x00, 0x00, 0x00, 0x00, 0x00, 0xFF, 0xFF, 0xFF, 0x00, 0x00,
    0x00, 0x00, 0x0F, 0xFF, 0xFF, 0xFF, 0xFF, 0x00, 0x30, 0x0F, 0x07, 0xF3, 0xF8, 0xFC, 0x0E, 0x00,
    0xFC, 0x03, 0xF8, 0x07, 0xFC, 0x0F, 0xF8, 0x37, 0xE0, 0x0F, 0xC0, 0x3F, 0x00, 0x70, 0x80, 0x0F,
    0x00, 0xFC, 0x01, 0xF8, 0x03, 0xF0, 0x07, 0x03, 0xF1, 0xF8, 0xFE, 0x0F, 0x03, 0x81, 0xF0, 0xFC,
    0x7F, 0x0F, 0x80, 0xC0, 0x00, 0x00, 0x30, 0x0F, 0x07, 0xF3, 0xF8, 0xFC, 0x0E, 0x00, 0xFC, 0x03,
    0xF8, 0x07, 0xF0, 0x0F, 0xFF, 0xFF, 0xFF, 0xFF, 0xF0, 0x00, 0x00, 0x0F, 0xFF, 0xFF, 0xF0, 0x80,
    0x0F, 0x00, 0xFC, 0x01, 0xF8, 0x03, 0xF0, 0x07, 0x03, 0xF1, 0xF8, 0xFE, 0x0F, 0x00, 0xFF, 0xFF,
    0xFF, 0xFF, 0xF0, 0x00, 0x00, 0x0F, 0xFF, 0xFF, 0xF0, 0x00, 0xC0, 0x19, 0x01, 0xB0, 0x1F, 0x03,
    0xE0, 0xF8, 0x3E, 0x0F, 0xE0, 0xE6, 0x0F, 0x60, 0x7C, 0x01, 0xF0, 0x0F, 0xC1, 0x9F, 0x18, 0x73,
    0x81, 0x81, 0x8C, 0x18, 0xF3, 0x07, 0xF0, 0x1F, 0x00, 0x78, 0x07, 0xE0, 0x6F, 0x0D, 0xF0, 0xFC,
    0x1F, 0x03, 0xC0, 0xF8, 0x0F, 0x80, 0xB0, 0x03, 0x00, 0x01, 0xFF, 0x00, 0x0F, 0x9F, 0x80, 0x38,
    0x03, 0x80, 0xC0, 0x01, 0x83, 0x00, 0x01, 0x8C, 0x07, 0x01, 0x98, 0x0E, 0x03, 0x60, 0x1C, 0x03,
    0xC0, 0x38, 0x07, 0x80, 0x70, 0x0F, 0x0F, 0xFE, 0x1E, 0x1F, 0xFC, 0x3C, 0x03, 0x80, 0x78, 0x07,
    0x00, 0xF0, 0x0E, 0x01, 0xB0, 0x1C, 0x06, 0x60, 0x38, 0x0C, 0x60, 0x00, 0x38, 0xE0, 0x00, 0xE0,
    0xE0, 0x03, 0x80, 0xF0, 0x1E, 0x00, 0x7F, 0xF0, 0x00, 0x3F, 0x80, 0x00, 0x01, 0xFF, 0x00, 0x0F,
    0x9F, 0x80, 0x38, 0x03, 0x80, 0xC0, 0x01, 0x83, 0x00, 0x01, 0x8C, 0x00, 0x01, 0x98, 0x00, 0x03,
    0x60, 0x00, 0x03, 0xC0, 0x00, 0x07, 0x80, 0x20, 0x0F, 0x00, 0xE0, 0x1E, 0x01, 0xC0, 0x3C, 0x03,
    0x80, 0x78, 0x00, 0x00, 0xF0, 0x00, 0x01, 0xB0, 0x00, 0x06, 0x60, 0x00, 0x0C, 0x60, 0x00, 0x38,
    0xE0, 0x00, 0xE0, 0xE0, 0x03, 0x80, 0xF0, 0x1E, 0x00, 0x7F, 0xF0, 0x00, 0x3F, 0x80, 0x00, 0x00,
    0xE0, 0x00, 0x1C, 0x00, 0x03, 0x80, 0x00, 0x70, 0x00, 0x0E, 0x00, 0x01, 0xC0, 0x00, 0x38, 0x00,
    0x07, 0x00, 0x00, 0xE0, 0x00, 0x1C, 0x00, 0x03, 0x80, 0x00, 0x70, 0x00, 0x0E, 0x00, 0x01, 0xC0,
    0x00, 0x38, 0x00, 0x07, 0x00, 0x00, 0xE0, 0x1F, 0xFF, 0xFF, 0xFF, 0xFF, 0x80, 0x00, 0x00, 0x20,
    0x00, 0x04, 0x00, 0x01, 0x80, 0x00, 0x70, 0x00, 0x1E, 0x00, 0x07, 0xC0, 0x01, 0xD8, 0x00, 0x73,
    0x00, 0x1C, 0x60, 0x07, 0x0C, 0x01, 0xC1, 0x80, 0x70, 0x30, 0x1C, 0x06, 0x07, 0x00, 0xC1, 0xC0,
    0x18, 0x70, 0x03, 0x1C, 0x00, 0x67, 0x00, 0x0D, 0xFF, 0xFF, 0xFF, 0xFF, 0xF0,
};

static const EpdGlyph misans_latin_12_mediumGlyphs[] = {
    { 1, 1, 240, 0, 1, 1, 0 }, // U+0001
    { 1, 1, 116, 0, 1, 1, 1 }, // U+000A
    { 1, 1, 0, 0, 1, 1, 2 }, // U+000D
    { 1, 1, 116, 0, 1, 1, 3 }, // U+0020
    { 3, 19, 110, 2, 19, 8, 4 }, // !
    { 7, 6, 143, 1, 21, 6, 12 }, // "
    { 15, 19, 286, 1, 19, 36, 18 }, // #
    { 13, 23, 234, 1, 21, 38, 54 }, // $
    { 21, 19, 334, 0, 19, 50, 92 }, // %
    { 17, 19, 290, 1, 19, 41, 142 }, // &
    { 3, 6, 79, 1, 21, 3, 183 }, // '
    { 5, 23, 128, 2, 21, 15, 186 }, // (
    { 5, 23, 128, 1, 21, 15, 201 }, // )
    { 7, 8, 179, 2, 19, 7, 216 }, // *
    { 12, 12, 247, 2, 15, 18, 223 }, // +
    { 3, 7, 106, 2, 3, 3, 241 }, // ,
    { 9, 2, 184, 1, 11, 3, 244 }, // -
    { 3, 3, 101, 2, 3, 2, 247 }, // .
    { 8, 19, 164, 1, 19, 19, 249 }, // /
    { 14, 19, 256, 1, 19, 34, 268 }, // 0
    { 7, 19, 168, 1, 19, 17, 302 }, // 1
    { 12, 19, 230, 1, 19, 29, 319 }, // 2
    { 13, 19, 240, 1, 19, 31, 348 }, // 3
    { 13, 19, 240, 1, 19, 31, 379 }, // 4
    { 13, 19, 240, 1, 19, 31, 410 }, // 5
    { 13, 19, 240, 1, 19, 31, 441 }, // 6
    { 11, 19, 214, 1, 19, 27, 472 }, // 7
    { 13, 19, 255, 1, 19, 31, 499 }, // 8
    { 13, 19, 244, 1, 19, 31, 530 }, // 9
    { 3, 13, 101, 2, 13, 5, 561 }, // :
    { 3, 17, 106, 2, 13, 7, 566 }, // ;
    { 12, 15, 247, 2, 17, 23, 573 }, // <
    { 12, 8, 247, 2, 13, 12, 596 }, // =
    { 12, 15, 247, 2, 17, 23, 608 }, // >
    { 10, 19, 200, 1, 19, 24, 631 }, // ?
    { 19, 19, 334, 1, 19, 46, 655 }, // @
    { 17, 19, 273, 0, 19, 41, 701 }, // A
    { 14, 19, 268, 2, 19, 34, 742 }, // B
    { 16, 19, 280, 1, 19, 38, 776 }, // C
    { 16, 19, 300, 2, 19, 38, 814 }, // D
    { 12, 19, 238, 2, 19, 29, 852 }, // E
    { 11, 19, 227, 2, 19, 27, 881 }, // F
    { 16, 19, 296, 1, 19, 38, 908 }, // G
    { 14, 19, 294, 2, 19, 34, 946 }, // H
    { 2, 19, 102, 2, 19, 5, 980 }, // I
    { 10, 19, 196, 0, 19, 24, 985 }, // J
    { 14, 19, 263, 2, 19, 34, 1009 }, // K
    { 12, 19, 229, 2, 19, 29, 1043 }, // L
    { 18, 19, 357, 2, 19, 43, 1072 }, // M
    { 15, 19, 298, 2, 19, 36, 1115 }, // N
    { 17, 19, 313, 1, 19, 41, 1151 }, // O
    { 13, 19, 254, 2, 19, 31, 1192 }, // P
    { 17, 21, 315, 1, 19, 45, 1223 }, // Q
    { 14, 19, 258, 2, 19, 34, 1268 }, // R
    { 13, 19, 242, 1, 19, 31, 1302 }, // S
    { 14, 19, 245, 1, 19, 34, 1333 }, // T
    { 14, 19, 286, 2, 19, 34, 1367 }, // U
    { 17, 19, 274, 0, 19, 41, 1401 }, // V
    { 24, 19, 398, 0, 19, 57, 1442 }, // W
    { 16, 19, 264, 0, 19, 38, 1499 }, // X
    { 16, 19, 254, 0, 19, 38, 1537 }, // Y
    { 13, 19, 243, 1, 19, 31, 1575 }, // Z
    { 6, 23, 142, 3, 21, 18, 1606 }, // [
    { 9, 19, 140, 0, 19, 22, 1624 }, // <backslash>
    { 6, 23, 142, 0, 21, 18, 1646 }, // ]
    { 10, 6, 181, 1, 20, 8, 1664 }, // ^
    { 12, 2, 184, 0, -2, 3, 1672 }, // _
    { 4, 5, 108, 1, 20, 3, 1675 }, // `
    { 11, 14, 219, 1, 14, 20, 1678 }, // a
    { 12, 19, 241, 2, 19, 29, 1698 }, // b
    { 12, 14, 214, 1, 14, 21, 1727 }, // c
    { 12, 19, 242, 1, 19, 29, 1748 }, // d
    { 12, 14, 225, 1, 14, 21, 1777 }, // e
    { 9, 19, 141, 0, 19, 22, 1798 }, // f
    { 12, 20, 240, 1, 14, 30, 1820 }, // g
    { 11, 19, 236, 2, 19, 27, 1850 }, // h
    { 3, 19, 102, 2, 19, 8, 1877 }, // i
    { 6, 25, 102, -1, 19, 19, 1885 }, // j
    { 11, 19, 209, 2, 19, 27, 1904 }, // k
    { 4, 19, 104, 2, 19, 10, 1931 }, // l
    { 19, 14, 357, 2, 14, 34, 1941 }, // m
    { 11, 14, 236, 2, 14, 20, 1975 }, // n
    { 13, 14, 232, 1, 14, 23, 1995 }, // o
    { 12, 19, 241, 2, 14, 29, 2018 }, // p
    { 12, 19, 242, 1, 14, 29, 2047 }, // q
    { 7, 14, 156, 2, 14, 13, 2076 }, // r
    { 10, 14, 192, 1, 14, 18, 2089 }, // s
    { 9, 18, 148, 0, 18, 21, 2107 }, // t
    { 11, 13, 236, 2, 13, 18, 2128 }, // u
    { 13, 13, 208, 0, 13, 22, 2146 }, // v
    { 20, 13, 323, 0, 13, 33, 2168 }, // w
    { 13, 13, 202, 0, 13, 22, 2201 }, // x
    { 13, 18, 211, 0, 13, 30, 2223 }, // y
    { 10, 13, 193, 1, 13, 17, 2253 }, // z
    { 7, 23, 144, 1, 21, 21, 2270 }, // {
    { 2, 23, 92, 2, 21, 6, 2291 }, // |
    { 7, 23, 144, 1, 21, 21, 2297 }, // }
    { 11, 4, 216, 1, 11, 6, 2318 }, // ~
    { 1, 1, 0, 0, 1, 1, 2324 }, // U+007F
    { 1, 1, 116, 0, 1, 1, 2325 }, // U+00A0
    { 3, 19, 110, 2, 14, 8, 2326 }, // U+00A1
    { 11, 18, 237, 2, 16, 25, 2334 }, // U+00A2
    { 13, 19, 240, 1, 19, 31, 2359 }, // U+00A3
    { 16, 16, 262, 0, 17, 32, 2390 }, // U+00A4
    { 14, 19, 234, 0, 19, 34, 2422 }, // U+00A5
    { 2, 23, 92, 2, 21, 6, 2456 }, // U+00A6
    { 15, 25, 272, 1, 19, 47, 2462 }, // U+00A7
    { 8, 3, 165, 1, 18, 3, 2509 }, // U+00A8
    { 20, 19, 355, 1, 19, 48, 2512 }, // U+00A9
    { 7, 9, 136, 1, 21, 8, 2560 }, // U+00AA
    { 13, 12, 267, 2, 13, 20, 2568 }, // U+00AB
    { 11, 7, 240, 2, 13, 10, 2588 }, // U+00AC
    { 9, 2, 184, 1, 11, 3, 2598 }, // U+00AD
    { 12, 12, 228, 1, 19, 18, 2601 }, // U+00AE
    { 6, 3, 135, 1, 18, 3, 2619 }, // U+00AF
    { 8, 8, 166, 1, 19, 8, 2622 }, // U+00B0
    { 13, 15, 240, 1, 17, 25, 2630 }, // U+00B1
    { 8, 12, 144, 0, 23, 12, 2655 }, // U+00B2
    { 8, 12, 148, 1, 22, 12, 2667 }, // U+00B3
    { 4, 5, 108, 2, 20, 3, 2679 }, // U+00B4
    { 11, 18, 235, 2, 13, 25, 2682 }, // U+00B5
    { 15, 23, 282, 1, 17, 44, 2707 }, // U+00B6
    { 3, 3, 200, 5, 11, 2, 2751 }, // U+00B7
    { 5, 7, 118, 1, 1, 5, 2753 }, // U+00B8
    { 5, 11, 103, 0, 22, 7, 2758 }, // U+00B9
    { 8, 9, 148, 1, 21, 9, 2765 }, // U+00BA
    { 13, 12, 267, 2, 13, 20, 2774 }, // U+00BB
    { 20, 19, 331, 0, 19, 48, 2794 }, // U+00BC
    { 22, 19, 356, 0, 19, 53, 2842 }, // U+00BD
    { 22, 19, 368, 1, 19, 53, 2895 }, // U+00BE
    { 11, 20, 200, 1, 14, 28, 2948 }, // U+00BF
    { 17, 24, 273, 0, 24, 51, 2976 }, // U+00C0
    { 17, 24, 273, 0, 24, 51, 3027 }, // U+00C1
    { 17, 23, 273, 0, 23, 49, 3078 }, // U+00C2
    { 17, 23, 273, 0, 23, 49, 3127 }, // U+00C3
    { 17, 23, 273, 0, 23, 49, 3176 }, // U+00C4
    { 17, 25, 273, 0, 25, 54, 3225 }, // U+00C5
    { 24, 19, 398, 0, 19, 57, 3279 }, // U+00C6
    { 16, 25, 280, 1, 19, 50, 3336 }, // U+00C7
    { 12, 24, 238, 2, 24, 36, 3386 }, // U+00C8
    { 12, 24, 238, 2, 24, 36, 3422 }, // U+00C9
    { 12, 23, 238, 2, 23, 35, 3458 }, // U+00CA
    { 12, 23, 238, 2, 23, 35, 3493 }, // U+00CB
    { 5, 24, 101, 0, 24, 15, 3528 }, // U+00CC
    { 5, 24, 101, 1, 24, 15, 3543 }, // U+00CD
    { 7, 23, 101, 0, 23, 21, 3558 }, // U+00CE
    { 8, 23, 101, -1, 23, 23, 3579 }, // U+00CF
    { 18, 19, 313, 0, 19, 43, 3602 }, // U+00D0
    { 15, 23, 298, 2, 23, 44, 3645 }, // U+00D1
    { 17, 24, 313, 1, 24, 51, 3689 }, // U+00D2
    { 17, 24, 313, 1, 24, 51, 3740 }, // U+00D3
    { 17, 23, 313, 1, 23, 49, 3791 }, // U+00D4
    { 17, 23, 313, 1, 23, 49, 3840 }, // U+00D5
    { 17, 23, 313, 1, 23, 49, 3889 }, // U+00D6
    { 12, 12, 247, 2, 15, 18, 3938 }, // U+00D7
    { 18, 23, 313, 1, 21, 52, 3956 }, // U+00D8
    { 14, 24, 286, 2, 24, 42, 4008 }, // U+00D9
    { 14, 24, 286, 2, 24, 42, 4050 }, // U+00DA
    { 14, 23, 286, 2, 23, 41, 4092 }, // U+00DB
    { 14, 23, 286, 2, 23, 41, 4133 }, // U+00DC
    { 16, 24, 254, 0, 24, 48, 4174 }, // U+00DD
    { 13, 19, 254, 2, 19, 31, 4222 }, // U+00DE
    { 12, 19, 237, 2, 19, 29, 4253 }, // U+00DF
    { 11, 20, 219, 1, 20, 28, 4282 }, // U+00E0
    { 11, 20, 219, 1, 20, 28, 4310 }, // U+00E1
    { 11, 19, 219, 1, 19, 27, 4338 }, // U+00E2
    { 11, 18, 219, 1, 18, 25, 4365 }, // U+00E3
    { 11, 18, 219, 1, 18, 25, 4390 }, // U+00E4
    { 11, 20, 219, 1, 20, 28, 4415 }, // U+00E5
    { 20, 14, 360, 1, 14, 35, 4443 }, // U+00E6
    { 12, 20, 214, 1, 14, 30, 4478 }, // U+00E7
    { 12, 20, 225, 1, 20, 30, 4508 }, // U+00E8
    { 12, 20, 225, 1, 20, 30, 4538 }, // U+00E9
    { 12, 19, 225, 1, 19, 29, 4568 }, // U+00EA
    { 12, 18, 225, 1, 18, 27, 4597 }, // U+00EB
    { 4, 20, 94, 0, 20, 10, 4624 }, // U+00EC
    { 4, 20, 94, 2, 20, 10, 4634 }, // U+00ED
    { 8, 19, 98, -1, 19, 19, 4644 }, // U+00EE
    { 8, 18, 98, -1, 18, 18, 4663 }, // U+00EF
    { 12, 19, 227, 1, 19, 29, 4681 }, // U+00F0
    { 11, 18, 236, 2, 18, 25, 4710 }, // U+00F1
    { 13, 20, 232, 1, 20, 33, 4735 }, // U+00F2
    { 13, 20, 232, 1, 20, 33, 4768 }, // U+00F3
    { 13, 19, 232, 1, 19, 31, 4801 }, // U+00F4
    { 13, 18, 232, 1, 18, 30, 4832 }, // U+00F5
    { 13, 18, 232, 1, 18, 30, 4862 }, // U+00F6
    { 12, 12, 247, 2, 15, 18, 4892 }, // U+00F7
    { 14, 17, 233, 0, 15, 30, 4910 }, // U+00F8
    { 11, 20, 236, 2, 20, 28, 4940 }, // U+00F9
    { 11, 20, 236, 2, 20, 28, 4968 }, // U+00FA
    { 11, 19, 236, 2, 19, 27, 4996 }, // U+00FB
    { 11, 18, 236, 2, 18, 25, 5023 }, // U+00FC
    { 13, 25, 211, 0, 20, 41, 5048 }, // U+00FD
    { 12, 24, 241, 2, 19, 36, 5089 }, // U+00FE
    { 13, 23, 211, 0, 18, 38, 5125 }, // U+00FF
    { 17, 22, 273, 0, 22, 47, 5163 }, // U+0100
    { 11, 17, 219, 1, 17, 24, 5210 }, // U+0101
    { 17, 24, 273, 0, 24, 51, 5234 }, // U+0102
    { 11, 19, 219, 1, 19, 27, 5285 }, // U+0103
    { 18, 25, 273, 0, 19, 57, 5312 }, // U+0104
    { 12, 20, 220, 1, 14, 30, 5369 }, // U+0105
    { 16, 24, 280, 1, 24, 48, 5399 }, // U+0106
    { 12, 20, 214, 1, 20, 30, 5447 }, // U+0107
    { 16, 23, 280, 1, 23, 46, 5477 }, // U+0108
    { 12, 19, 214, 1, 19, 29, 5523 }, // U+0109
    { 16, 23, 280, 1, 23, 46, 5552 }, // U+010A
    { 12, 18, 214, 1, 18, 27, 5598 }, // U+010B
    { 16, 24, 280, 1, 24, 48, 5625 }, // U+010C
    { 12, 19, 214, 1, 19, 29, 5673 }, // U+010D
    { 16, 24, 300, 2, 24, 48, 5702 }, // U+010E
    { 17, 19, 251, 1, 19, 41, 5750 }, // U+010F
    { 18, 19, 313, 0, 19, 43, 5791 }, // U+0110
    { 14, 19, 244, 1, 19, 34, 5834 }, // U+0111
    { 12, 22, 238, 2, 22, 33, 5868 }, // U+0112
    { 12, 17, 225, 1, 17, 26, 5901 }, // U+0113
    { 12, 24, 238, 2, 24, 36, 5927 }, // U+0114
    { 12, 19, 225, 1, 19, 29, 5963 }, // U+0115
    { 12, 23, 238, 2, 23, 35, 5992 }, // U+0116
    { 12, 18, 225, 1, 18, 27, 6027 }, // U+0117
    { 13, 25, 238, 2, 19, 41, 6054 }, // U+0118
    { 12, 20, 225, 1, 14, 30, 6095 }, // U+0119
    { 12, 24, 238, 2, 24, 36, 6125 }, // U+011A
    { 12, 19, 225, 1, 19, 29, 6161 }, // U+011B
    { 16, 23, 296, 1, 23, 46, 6190 }, // U+011C
    { 12, 25, 240, 1, 19, 38, 6236 }, // U+011D
    { 16, 23, 296, 1, 23, 46, 6274 }, // U+011E
    { 12, 25, 240, 1, 19, 38, 6320 }, // U+011F
    { 16, 23, 296, 1, 23, 46, 6358 }, // U+0120
    { 12, 24, 240, 1, 18, 36, 6404 }, // U+0121
    { 16, 26, 296, 1, 19, 52, 6440 }, // U+0122
    { 12, 27, 240, 1, 21, 41, 6492 }, // U+0123
    { 14, 23, 294, 2, 23, 41, 6533 }, // U+0124
    { 14, 24, 236, -1, 24, 42, 6574 }, // U+0125
    { 19, 19, 302, 0, 19, 46, 6616 }, // U+0126
    { 13, 19, 238, 0, 19, 31, 6662 }, // U+0127
    { 8, 23, 101, -1, 23, 23, 6693 }, // U+0128
    { 8, 18, 103, -1, 18, 18, 6716 }, // U+0129
    { 7, 22, 101, 0, 22, 20, 6734 }, // U+012A
    { 6, 18, 97, 0, 18, 14, 6754 }, // U+012B
    { 7, 24, 101, 0, 24, 21, 6768 }, // U+012C
    { 7, 19, 96, 0, 19, 17, 6789 }, // U+012D
    { 5, 25, 101, 0, 19, 16, 6806 }, // U+012E
    { 5, 25, 103, 0, 19, 16, 6822 }, // U+012F
    { 3, 23, 101, 2, 23, 9, 6838 }, // U+0130
    { 2, 13, 93, 2, 13, 4, 6847 }, // U+0131
    { 15, 19, 301, 2, 19, 36, 6851 }, // U+0132
    { 9, 25, 205, 2, 19, 29, 6887 }, // U+0133
    { 12, 23, 199, 1, 23, 35, 6916 }, // U+0134
    { 8, 25, 98, -1, 19, 25, 6951 }, // U+0135
    { 14, 26, 263, 2, 19, 46, 6976 }, // U+0136
    { 11, 26, 209, 2, 19, 36, 7022 }, // U+0137
    { 11, 14, 209, 2, 14, 20, 7058 }, // U+0138
    { 13, 24, 229, 1, 24, 39, 7078 }, // U+0139
    { 4, 25, 105, 2, 25, 13, 7117 }, // U+013A
    { 12, 26, 229, 2, 19, 39, 7130 }, // U+013B
    { 4, 26, 104, 2, 19, 13, 7169 }, // U+013C
    { 12, 19, 229, 2, 19, 29, 7182 }, // U+013D
    { 7, 19, 117, 2, 19, 17, 7211 }, // U+013E
    { 12, 19, 229, 2, 19, 29, 7228 }, // U+013F
    { 7, 19, 148, 2, 19, 17, 7257 }, // U+0140
    { 14, 19, 238, 0, 19, 34, 7274 }, // U+0141
    { 6, 19, 114, 0, 19, 15, 7308 }, // U+0142
    { 15, 24, 298, 2, 24, 45, 7323 }, // U+0143
    { 11, 20, 236, 2, 20, 28, 7368 }, // U+0144
    { 15, 26, 298, 2, 19, 49, 7396 }, // U+0145
    { 11, 21, 236, 2, 14, 29, 7445 }, // U+0146
    { 15, 24, 298, 2, 24, 45, 7474 }, // U+0147
    { 11, 19, 236, 2, 19, 27, 7519 }, // U+0148
    { 16, 19, 266, -1, 19, 38, 7546 }, // U+0149
    { 15, 25, 298, 2, 19, 47, 7584 }, // U+014A
    { 11, 20, 236, 2, 14, 28, 7631 }, // U+014B
    { 17, 22, 313, 1, 22, 47, 7659 }, // U+014C
    { 13, 18, 232, 1, 18, 30, 7706 }, // U+014D
    { 17, 24, 313, 1, 24, 51, 7736 }, // U+014E
    { 13, 19, 232, 1, 19, 31, 7787 }, // U+014F
    { 17, 24, 313, 1, 24, 51, 7818 }, // U+0150
    { 13, 20, 232, 1, 20, 33, 7869 }, // U+0151
    { 26, 19, 451, 1, 19, 62, 7902 }, // U+0152
    { 22, 14, 386, 1, 14, 39, 7964 }, // U+0153
    { 14, 24, 258, 2, 24, 42, 8003 }, // U+0154
    { 7, 20, 156, 2, 20, 18, 8045 }, // U+0155
    { 14, 26, 258, 2, 19, 46, 8063 }, // U+0156
    { 8, 21, 155, 1, 14, 21, 8109 }, // U+0157
    { 14, 24, 258, 2, 24, 42, 8130 }, // U+0158
    { 7, 19, 156, 2, 19, 17, 8172 }, // U+0159
    { 13, 24, 242, 1, 24, 39, 8189 }, // U+015A
    { 10, 20, 192, 1, 20, 25, 8228 }, // U+015B
    { 13, 23, 242, 1, 23, 38, 8253 }, // U+015C
    { 10, 19, 192, 1, 19, 24, 8291 }, // U+015D
    { 13, 25, 242, 1, 19, 41, 8315 }, // U+015E
    { 10, 20, 192, 1, 14, 25, 8356 }, // U+015F
    { 13, 24, 242, 1, 24, 39, 8381 }, // U+0160
    { 10, 19, 192, 1, 19, 24, 8420 }, // U+0161
    { 14, 25, 245, 1, 19, 44, 8444 }, // U+0162
    { 9, 24, 149, 0, 18, 27, 8488 }, // U+0163
    { 14, 24, 245, 1, 24, 42, 8515 }, // U+0164
    { 10, 19, 148, 0, 19, 24, 8557 }, // U+0165
    { 14, 19, 245, 1, 19, 34, 8581 }, // U+0166
    { 8, 18, 152, 1, 18, 18, 8615 }, // U+0167
    { 14, 23, 286, 2, 23, 41, 8633 }, // U+0168
    { 11, 18, 236, 2, 18, 25, 8674 }, // U+0169
    { 14, 22, 286, 2, 22, 39, 8699 }, // U+016A
    { 11, 18, 236, 2, 18, 25, 8738 }, // U+016B
    { 14, 24, 286, 2, 24, 42, 8763 }, // U+016C
    { 11, 19, 236, 2, 19, 27, 8805 }, // U+016D
    { 14, 25, 286, 2, 25, 44, 8832 }, // U+016E
    { 11, 20, 236, 2, 20, 28, 8876 }, // U+016F
    { 14, 24, 285, 2, 24, 42, 8904 }, // U+0170
    { 11, 20, 237, 2, 20, 28, 8946 }, // U+0171
    { 14, 25, 286, 2, 19, 44, 8974 }, // U+0172
    { 12, 19, 236, 2, 13, 29, 9018 }, // U+0173
    { 24, 23, 398, 0, 23, 69, 9047 }, // U+0174
    { 20, 19, 323, 0, 19, 48, 9116 }, // U+0175
    { 16, 23, 254, 0, 23, 46, 9164 }, // U+0176
    { 13, 24, 211, 0, 19, 39, 9210 }, // U+0177
    { 16, 23, 254, 0, 23, 46, 9249 }, // U+0178
    { 13, 24, 243, 1, 24, 39, 9295 }, // U+0179
    { 10, 20, 193, 1, 20, 25, 9334 }, // U+017A
    { 13, 23, 243, 1, 23, 38, 9359 }, // U+017B
    { 10, 18, 193, 1, 18, 23, 9397 }, // U+017C
    { 13, 24, 243, 1, 24, 39, 9420 }, // U+017D
    { 10, 19, 193, 1, 19, 24, 9459 }, // U+017E
    { 6, 19, 106, 2, 19, 15, 9483 }, // U+017F
    { 17, 23, 314, 1, 23, 49, 9498 }, // U+01A0
    { 13, 18, 232, 1, 18, 30, 9547 }, // U+01A1
    { 17, 23, 294, 2, 23, 49, 9577 }, // U+01AF
    { 14, 18, 247, 2, 18, 32, 9626 }, // U+01B0
    { 17, 24, 273, 0, 24, 51, 9658 }, // U+01CD
    { 11, 19, 219, 1, 19, 27, 9709 }, // U+01CE
    { 7, 24, 101, 0, 24, 21, 9736 }, // U+01CF
    { 8, 19, 96, -1, 19, 19, 9757 }, // U+01D0
    { 17, 24, 313, 1, 24, 51, 9776 }, // U+01D1
    { 13, 19, 232, 1, 19, 31, 9827 }, // U+01D2
    { 14, 24, 286, 2, 24, 42, 9858 }, // U+01D3
    { 11, 19, 236, 2, 19, 27, 9900 }, // U+01D4
    { 14, 26, 286, 2, 26, 46, 9927 }, // U+01D5
    { 11, 21, 236, 2, 21, 29, 9973 }, // U+01D6
    { 14, 27, 286, 2, 27, 48, 10002 }, // U+01D7
    { 11, 24, 236, 2, 24, 33, 10050 }, // U+01D8
    { 14, 27, 286, 2, 27, 48, 10083 }, // U+01D9
    { 11, 23, 236, 2, 23, 32, 10131 }, // U+01DA
    { 14, 27, 286, 2, 27, 48, 10163 }, // U+01DB
    { 11, 24, 236, 2, 24, 33, 10211 }, // U+01DC
    { 18, 19, 307, 1, 19, 43, 10244 }, // U+01E4
    { 15, 20, 253, 1, 14, 38, 10287 }, // U+01E5
    { 16, 24, 296, 1, 24, 48, 10325 }, // U+01E6
    { 12, 25, 240, 1, 19, 38, 10373 }, // U+01E7
    { 14, 24, 263, 2, 24, 42, 10411 }, // U+01E8
    { 14, 24, 209, -1, 24, 42, 10453 }, // U+01E9
    { 13, 24, 223, 0, 24, 39, 10495 }, // U+01EE
    { 12, 25, 196, 0, 19, 38, 10534 }, // U+01EF
    { 8, 25, 98, -1, 19, 25, 10572 }, // U+01F0
    { 11, 20, 236, 2, 20, 28, 10597 }, // U+01F9
    { 17, 28, 272, 0, 28, 60, 10625 }, // U+01FA
    { 11, 26, 219, 1, 26, 36, 10685 }, // U+01FB
    { 24, 24, 398, 0, 24, 72, 10721 }, // U+01FC
    { 20, 20, 360, 1, 20, 50, 10793 }, // U+01FD
    { 18, 26, 313, 1, 24, 59, 10843 }, // U+01FE
    { 14, 22, 233, 0, 20, 39, 10902 }, // U+01FF
    { 13, 26, 242, 1, 19, 43, 10941 }, // U+0218
    { 10, 21, 192, 1, 14, 27, 10984 }, // U+0219
    { 14, 26, 245, 1, 19, 46, 11011 }, // U+021A
    { 9, 25, 148, 0, 18, 29, 11057 }, // U+021B
    { 14, 24, 294, 2, 24, 42, 11086 }, // U+021E
    { 14, 24, 236, -1, 24, 42, 11128 }, // U+021F
    { 4, 5, 0, -6, 20, 3, 11170 }, // U+0300
    { 4, 5, 0, -5, 20, 3, 11173 }, // U+0301
    { 7, 5, 0, -8, 19, 5, 11176 }, // U+0302
    { 8, 3, 0, -9, 18, 3, 11181 }, // U+0303
    { 6, 3, 0, -7, 18, 3, 11184 }, // U+0304
    { 13, 1, 0, -14, 22, 2, 11187 }, // U+0305
    { 7, 4, 0, -8, 19, 4, 11189 }, // U+0306
    { 3, 3, 0, -4, 18, 2, 11193 }, // U+0307
    { 8, 3, 0, -9, 18, 3, 11195 }, // U+0308
    { 6, 4, 0, -7, 23, 3, 11198 }, // U+0309
    { 5, 5, 0, -6, 20, 4, 11201 }, // U+030A
    { 8, 5, 0, -9, 20, 5, 11205 }, // U+030B
    { 7, 4, 0, -8, 19, 4, 11210 }, // U+030C
    { 9, 5, 0, -10, 20, 6, 11214 }, // U+030F
    { 3, 6, 0, -4, 21, 3, 11220 }, // U+0312
    { 5, 5, 0, -6, -2, 4, 11223 }, // U+0318
    { 5, 5, 0, -6, -2, 4, 11227 }, // U+0319
    { 6, 5, 0, -7, 24, 4, 11231 }, // U+031A
    { 3, 5, 0, -4, -2, 2, 11235 }, // U+031C
    { 5, 5, 0, -6, -2, 4, 11237 }, // U+031D
    { 5, 5, 0, -6, -2, 4, 11241 }, // U+031E
    { 5, 5, 0, -6, -2, 4, 11245 }, // U+031F
    { 5, 1, 0, -6, -4, 1, 11249 }, // U+0320
    { 3, 3, 0, -5, -3, 2, 11250 }, // U+0323
    { 8, 3, 0, -9, -3, 3, 11252 }, // U+0324
    { 5, 5, 0, -6, -2, 4, 11255 }, // U+0325
    { 3, 6, 0, -4, -1, 3, 11259 }, // U+0326
    { 4, 7, 0, -6, 1, 4, 11262 }, // U+0327
    { 5, 6, 0, -6, 0, 4, 11266 }, // U+0328
    { 2, 5, 0, -4, -2, 2, 11270 }, // U+0329
    { 8, 4, 0, -9, -2, 4, 11272 }, // U+032A
    { 7, 4, 0, -8, -2, 4, 11276 }, // U+032C
    { 8, 4, 0, -9, -2, 4, 11280 }, // U+0330
    { 13, 1, 0, -14, -4, 2, 11284 }, // U+0332
    { 8, 3, 0, -9, 10, 3, 11286 }, // U+0334
    { 3, 5, 0, -4, -2, 2, 11289 }, // U+0339
    { 8, 4, 0, -9, -2, 4, 11291 }, // U+033A
    { 6, 5, 0, -7, -2, 4, 11295 }, // U+033B
    { 9, 3, 0, -10, -2, 4, 11299 }, // U+033C
    { 6, 6, 0, -7, 21, 5, 11303 }, // U+033D
    { 8, 4, 0, -9, 19, 4, 11308 }, // U+0346
    { 13, 4, 0, -14, -2, 7, 11312 }, // U+0347
    { 6, 5, 0, -8, -2, 4, 11319 }, // U+0348
    { 5, 5, 0, -6, -2, 4, 11323 }, // U+0349
    { 8, 5, 0, -9, 19, 5, 11327 }, // U+034A
    { 8, 8, 0, -9, 22, 8, 11332 }, // U+034B
    { 8, 5, 0, -9, 20, 5, 11340 }, // U+034C
    { 7, 4, 0, -8, -2, 4, 11345 }, // U+034D
    { 4, 5, 0, -5, -2, 3, 11349 }, // U+034E
    { 19, 5, 0, -19, -1, 12, 11352 }, // U+035C
    { 19, 5, 0, -19, 20, 12, 11364 }, // U+0361
    { 14, 4, 0, -15, -2, 7, 11376 }, // U+0362
    { 12, 24, 238, 2, 24, 36, 11383 }, // U+0400
    { 12, 23, 238, 2, 23, 35, 11419 }, // U+0401
    { 19, 19, 331, 1, 19, 46, 11454 }, // U+0402
    { 11, 24, 214, 2, 24, 33, 11500 }, // U+0403
    { 16, 19, 280, 1, 19, 38, 11533 }, // U+0404
    { 13, 19, 242, 1, 19, 31, 11571 }, // U+0405
    { 2, 19, 102, 2, 19, 5, 11602 }, // U+0406
    { 9, 23, 111, -1, 23, 26, 11607 }, // U+0407
    { 10, 19, 196, 0, 19, 24, 11633 }, // U+0408
    { 27, 19, 445, 0, 19, 65, 11657 }, // U+0409
    { 25, 19, 445, 2, 19, 60, 11722 }, // U+040A
    { 19, 19, 341, 1, 19, 46, 11782 }, // U+040B
    { 15, 24, 266, 2, 24, 45, 11828 }, // U+040C
    { 15, 24, 297, 2, 24, 45, 11873 }, // U+040D
    { 15, 24, 250, 0, 24, 45, 11918 }, // U+040E
    { 14, 23, 282, 2, 19, 41, 11963 }, // U+040F
    { 17, 19, 274, 0, 19, 41, 12004 }, // U+0410
    { 13, 19, 260, 2, 19, 31, 12045 }, // U+0411
    { 14, 19, 268, 2, 19, 34, 12076 }, // U+0412
    { 11, 19, 214, 2, 19, 27, 12110 }, // U+0413
    { 19, 23, 305, 0, 19, 55, 12137 }, // U+0414
    { 12, 19, 238, 2, 19, 29, 12192 }, // U+0415
    { 27, 19, 428, 0, 19, 65, 12221 }, // U+0416
    { 13, 19, 238, 1, 19, 31, 12286 }, // U+0417
    { 15, 19, 298, 2, 19, 36, 12317 }, // U+0418
    { 15, 24, 297, 2, 24, 45, 12353 }, // U+0419
    { 15, 19, 265, 2, 19, 36, 12398 }, // U+041A
    { 16, 19, 294, 0, 19, 38, 12434 }, // U+041B
    { 18, 19, 357, 2, 19, 43, 12472 }, // U+041C
    { 14, 19, 294, 2, 19, 34, 12515 }, // U+041D
    { 17, 19, 313, 1, 19, 41, 12549 }, // U+041E
    { 14, 19, 282, 2, 19, 34, 12590 }, // U+041F
    { 13, 19, 254, 2, 19, 31, 12624 }, // U+0420
    { 16, 19, 285, 1, 19, 38, 12655 }, // U+0421
    { 14, 19, 245, 1, 19, 34, 12693 }, // U+0422
    { 15, 19, 250, 0, 19, 36, 12727 }, // U+0423
    { 19, 19, 338, 1, 19, 46, 12763 }, // U+0424
    { 16, 19, 264, 0, 19, 38, 12809 }, // U+0425
    { 16, 23, 294, 2, 19, 46, 12847 }, // U+0426
    { 13, 19, 276, 2, 19, 31, 12893 }, // U+0427
    { 22, 19, 421, 2, 19, 53, 12924 }, // U+0428
    { 25, 23, 438, 2, 19, 72, 12977 }, // U+0429
    { 18, 19, 285, -1, 19, 43, 13049 }, // U+042A
    { 18, 19, 347, 2, 19, 43, 13092 }, // U+042B
    { 13, 19, 254, 2, 19, 31, 13135 }, // U+042C
    { 15, 19, 280, 1, 19, 36, 13166 }, // U+042D
    { 23, 19, 418, 2, 19, 55, 13202 }, // U+042E
    { 14, 19, 258, 0, 19, 34, 13257 }, // U+042F
    { 11, 14, 219, 1, 14, 20, 13291 }, // U+0430
    { 13, 20, 234, 1, 20, 33, 13311 }, // U+0431
    { 11, 13, 220, 2, 13, 18, 13344 }, // U+0432
    { 9, 13, 182, 2, 13, 15, 13362 }, // U+0433
    { 15, 17, 248, 0, 13, 32, 13377 }, // U+0434
    { 12, 14, 225, 1, 14, 21, 13409 }, // U+0435
    { 20, 13, 320, 0, 13, 33, 13430 }, // U+0436
    { 11, 14, 198, 0, 14, 20, 13463 }, // U+0437
    { 11, 13, 237, 2, 13, 18, 13483 }, // U+0438
    { 11, 19, 239, 2, 19, 27, 13501 }, // U+0439
    { 11, 13, 214, 2, 13, 18, 13528 }, // U+043A
    { 12, 13, 238, 1, 13, 20, 13546 }, // U+043B
    { 14, 13, 281, 2, 13, 23, 13566 }, // U+043C
    { 11, 13, 236, 2, 13, 18, 13589 }, // U+043D
    { 13, 14, 232, 1, 14, 23, 13607 }, // U+043E
    { 11, 13, 236, 2, 13, 18, 13630 }, // U+043F
    { 12, 19, 241, 2, 14, 29, 13648 }, // U+0440
    { 12, 14, 214, 1, 14, 21, 13677 }, // U+0441
    { 10, 13, 193, 1, 13, 17, 13698 }, // U+0442
    { 13, 18, 211, 0, 13, 30, 13715 }, // U+0443
    { 16, 24, 286, 1, 19, 48, 13745 }, // U+0444
    { 13, 13, 202, 0, 13, 22, 13793 }, // U+0445
    { 13, 17, 249, 2, 13, 28, 13815 }, // U+0446
    { 11, 13, 224, 1, 13, 18, 13843 }, // U+0447
    { 18, 13, 341, 2, 13, 30, 13861 }, // U+0448
    { 20, 17, 354, 2, 13, 43, 13891 }, // U+0449
    { 14, 13, 244, 0, 13, 23, 13934 }, // U+044A
    { 15, 13, 305, 2, 13, 25, 13957 }, // U+044B
    { 11, 13, 218, 2, 13, 18, 13982 }, // U+044C
    { 11, 14, 214, 1, 14, 20, 14000 }, // U+044D
    { 18, 14, 328, 2, 14, 32, 14020 }, // U+044E
    { 11, 13, 213, 1, 13, 18, 14052 }, // U+044F
    { 12, 20, 225, 1, 20, 30, 14070 }, // U+0450
    { 12, 18, 225, 1, 18, 27, 14100 }, // U+0451
    { 13, 25, 238, 0, 19, 41, 14127 }, // U+0452
    { 9, 20, 182, 2, 20, 23, 14168 }, // U+0453
    { 11, 14, 214, 1, 14, 20, 14191 }, // U+0454
    { 10, 14, 192, 1, 14, 18, 14211 }, // U+0455
    { 3, 19, 102, 2, 19, 8, 14229 }, // U+0456
    { 8, 18, 101, -1, 18, 18, 14237 }, // U+0457
    { 6, 25, 102, -1, 19, 19, 14255 }, // U+0458
    { 21, 13, 363, 1, 13, 35, 14274 }, // U+0459
    { 20, 13, 362, 2, 13, 33, 14309 }, // U+045A
    { 13, 19, 240, 0, 19, 31, 14342 }, // U+045B
    { 11, 20, 216, 2, 20, 28, 14373 }, // U+045C
    { 11, 20, 239, 2, 20, 28, 14401 }, // U+045D
    { 13, 24, 215, 0, 19, 39, 14429 }, // U+045E
    { 11, 17, 236, 2, 13, 24, 14468 }, // U+045F
    { 17, 19, 293, 0, 19, 41, 14492 }, // U+0462
    { 15, 19, 247, 0, 19, 36, 14533 }, // U+0463
    { 19, 19, 341, 1, 19, 46, 14569 }, // U+046A
    { 15, 13, 270, 1, 13, 25, 14615 }, // U+046B
    { 17, 19, 313, 1, 19, 41, 14640 }, // U+0472
    { 13, 14, 232, 1, 14, 23, 14681 }, // U+0473
    { 19, 19, 314, 0, 19, 46, 14704 }, // U+0474
    { 15, 14, 242, 0, 14, 27, 14750 }, // U+0475
    { 11, 22, 218, 2, 22, 31, 14777 }, // U+0490
    { 9, 16, 182, 2, 16, 18, 14808 }, // U+0491
    { 14, 19, 230, 0, 19, 34, 14826 }, // U+0492
    { 11, 13, 198, 1, 13, 18, 14860 }, // U+0493
    { 21, 17, 336, 0, 13, 45, 14878 }, // U+0497
    { 15, 23, 274, 2, 19, 44, 14923 }, // U+049A
    { 12, 17, 226, 2, 13, 26, 14967 }, // U+049B
    { 15, 19, 278, 2, 19, 36, 14993 }, // U+049C
    { 12, 13, 227, 2, 13, 20, 15029 }, // U+049D
    { 17, 23, 306, 2, 19, 49, 15049 }, // U+04A2
    { 13, 17, 248, 2, 13, 28, 15098 }, // U+04A3
    { 16, 19, 254, 0, 19, 38, 15126 }, // U+04AE
    { 13, 18, 208, 0, 13, 30, 15164 }, // U+04AF
    { 16, 19, 259, 0, 19, 38, 15194 }, // U+04B0
    { 13, 18, 212, 0, 13, 30, 15232 }, // U+04B1
    { 17, 23, 279, 0, 19, 49, 15262 }, // U+04B2
    { 14, 17, 221, 0, 13, 30, 15311 }, // U+04B3
    { 16, 23, 288, 2, 19, 46, 15341 }, // U+04B6
    { 13, 17, 236, 1, 13, 28, 15387 }, // U+04B7
    { 13, 19, 276, 2, 19, 31, 15415 }, // U+04B8
    { 11, 13, 224, 1, 13, 18, 15446 }, // U+04B9
    { 13, 19, 267, 2, 19, 31, 15464 }, // U+04BA
    { 11, 19, 236, 2, 19, 27, 15495 }, // U+04BB
    { 13, 17, 248, 2, 13, 28, 15522 }, // U+04CA
    { 16, 19, 286, 1, 19, 38, 15550 }, // U+04D8
    { 12, 14, 225, 1, 14, 21, 15588 }, // U+04D9
    { 15, 22, 298, 2, 22, 42, 15609 }, // U+04E2
    { 11, 18, 237, 2, 18, 25, 15651 }, // U+04E3
    { 17, 19, 313, 1, 19, 41, 15676 }, // U+04E8
    { 13, 14, 232, 1, 14, 23, 15717 }, // U+04E9
    { 15, 22, 250, 0, 22, 42, 15740 }, // U+04EE
    { 13, 23, 211, 0, 18, 38, 15782 }, // U+04EF
    { 17, 24, 273, 0, 19, 51, 15820 }, // U+1EA0
    { 11, 19, 219, 1, 14, 27, 15871 }, // U+1EA1
    { 17, 23, 273, 0, 23, 49, 15898 }, // U+1EA2
    { 11, 19, 219, 1, 19, 27, 15947 }, // U+1EA3
    { 17, 27, 273, 0, 27, 58, 15974 }, // U+1EA4
    { 12, 23, 218, 1, 23, 35, 16032 }, // U+1EA5
    { 17, 27, 273, 0, 27, 58, 16067 }, // U+1EA6
    { 11, 23, 218, 1, 23, 32, 16125 }, // U+1EA7
    { 17, 27, 273, 0, 27, 58, 16157 }, // U+1EA8
    { 12, 22, 219, 1, 22, 33, 16215 }, // U+1EA9
    { 17, 27, 273, 0, 27, 58, 16248 }, // U+1EAA
    { 11, 22, 219, 1, 22, 31, 16306 }, // U+1EAB
    { 17, 28, 273, 0, 23, 60, 16337 }, // U+1EAC
    { 11, 24, 219, 1, 19, 33, 16397 }, // U+1EAD
    { 17, 27, 273, 0, 27, 58, 16430 }, // U+1EAE
    { 11, 24, 219, 1, 24, 33, 16488 }, // U+1EAF
    { 17, 27, 273, 0, 27, 58, 16521 }, // U+1EB0
    { 11, 24, 219, 1, 24, 33, 16579 }, // U+1EB1
    { 17, 27, 273, 0, 27, 58, 16612 }, // U+1EB2
    { 11, 24, 219, 1, 24, 33, 16670 }, // U+1EB3
    { 17, 27, 273, 0, 27, 58, 16703 }, // U+1EB4
    { 11, 23, 219, 1, 23, 32, 16761 }, // U+1EB5
    { 17, 29, 273, 0, 24, 62, 16793 }, // U+1EB6
    { 11, 24, 219, 1, 19, 33, 16855 }, // U+1EB7
    { 12, 24, 238, 2, 19, 36, 16888 }, // U+1EB8
    { 12, 19, 225, 1, 14, 29, 16924 }, // U+1EB9
    { 12, 23, 238, 2, 23, 35, 16953 }, // U+1EBA
    { 12, 19, 225, 1, 19, 29, 16988 }, // U+1EBB
    { 12, 23, 238, 2, 23, 35, 17017 }, // U+1EBC
    { 12, 18, 225, 1, 18, 27, 17052 }, // U+1EBD
    { 12, 27, 243, 2, 27, 41, 17079 }, // U+1EBE
    { 13, 23, 226, 1, 23, 38, 17120 }, // U+1EBF
    { 12, 27, 238, 2, 27, 41, 17158 }, // U+1EC0
    { 12, 23, 225, 1, 23, 35, 17199 }, // U+1EC1
    { 12, 27, 240, 2, 27, 41, 17234 }, // U+1EC2
    { 12, 22, 223, 1, 22, 33, 17275 }, // U+1EC3
    { 12, 27, 238, 2, 27, 41, 17308 }, // U+1EC4
    { 12, 22, 225, 1, 22, 33, 17349 }, // U+1EC5
    { 12, 28, 238, 2, 23, 42, 17382 }, // U+1EC6
    { 12, 24, 225, 1, 19, 36, 17424 }, // U+1EC7
    { 5, 23, 101, 1, 23, 15, 17460 }, // U+1EC8
    { 6, 19, 96, 0, 19, 15, 17475 }, // U+1EC9
    { 3, 24, 101, 2, 19, 9, 17490 }, // U+1ECA
    { 3, 25, 102, 2, 19, 10, 17499 }, // U+1ECB
    { 17, 24, 313, 1, 19, 51, 17509 }, // U+1ECC
    { 13, 19, 232, 1, 14, 31, 17560 }, // U+1ECD
    { 17, 23, 313, 1, 23, 49, 17591 }, // U+1ECE
    { 13, 19, 232, 1, 19, 31, 17640 }, // U+1ECF
    { 17, 27, 313, 1, 27, 58, 17671 }, // U+1ED0
    { 13, 23, 232, 1, 23, 38, 17729 }, // U+1ED1
    { 17, 27, 313, 1, 27, 58, 17767 }, // U+1ED2
    { 13, 23, 232, 1, 23, 38, 17825 }, // U+1ED3
    { 17, 27, 313, 1, 27, 58, 17863 }, // U+1ED4
    { 13, 22, 234, 1, 22, 36, 17921 }, // U+1ED5
    { 17, 27, 313, 1, 27, 58, 17957 }, // U+1ED6
    { 13, 22, 234, 1, 22, 36, 18015 }, // U+1ED7
    { 17, 28, 313, 1, 23, 60, 18051 }, // U+1ED8
    { 13, 24, 232, 1, 19, 39, 18111 }, // U+1ED9
    { 17, 24, 314, 1, 24, 51, 18150 }, // U+1EDA
    { 13, 20, 232, 1, 20, 33, 18201 }, // U+1EDB
    { 17, 24, 314, 1, 24, 51, 18234 }, // U+1EDC
    { 13, 20, 232, 1, 20, 33, 18285 }, // U+1EDD
    { 17, 23, 314, 1, 23, 49, 18318 }, // U+1EDE
    { 13, 19, 232, 1, 19, 31, 18367 }, // U+1EDF
    { 17, 23, 314, 1, 23, 49, 18398 }, // U+1EE0
    { 13, 18, 232, 1, 18, 30, 18447 }, // U+1EE1
    { 17, 28, 314, 1, 23, 60, 18477 }, // U+1EE2
    { 13, 23, 232, 1, 18, 38, 18537 }, // U+1EE3
    { 14, 24, 286, 2, 19, 42, 18575 }, // U+1EE4
    { 11, 18, 236, 2, 13, 25, 18617 }, // U+1EE5
    { 14, 23, 286, 2, 23, 41, 18642 }, // U+1EE6
    { 11, 19, 236, 2, 19, 27, 18683 }, // U+1EE7
    { 17, 24, 294, 2, 24, 51, 18710 }, // U+1EE8
    { 14, 20, 247, 2, 20, 35, 18761 }, // U+1EE9
    { 17, 24, 294, 2, 24, 51, 18796 }, // U+1EEA
    { 14, 20, 247, 2, 20, 35, 18847 }, // U+1EEB
    { 17, 23, 294, 2, 23, 49, 18882 }, // U+1EEC
    { 14, 19, 247, 2, 19, 34, 18931 }, // U+1EED
    { 17, 23, 294, 2, 23, 49, 18965 }, // U+1EEE
    { 14, 18, 247, 2, 18, 32, 19014 }, // U+1EEF
    { 17, 29, 294, 2, 23, 62, 19046 }, // U+1EF0
    { 14, 23, 247, 2, 18, 41, 19108 }, // U+1EF1
    { 16, 24, 254, 0, 24, 48, 19149 }, // U+1EF2
    { 13, 25, 211, 0, 20, 41, 19197 }, // U+1EF3
    { 16, 25, 254, 0, 19, 50, 19238 }, // U+1EF4
    { 13, 18, 212, 0, 13, 30, 19288 }, // U+1EF5
    { 16, 23, 254, 0, 23, 46, 19318 }, // U+1EF6
    { 13, 24, 211, 0, 19, 39, 19364 }, // U+1EF7
    { 16, 23, 254, 0, 23, 46, 19403 }, // U+1EF8
    { 13, 23, 211, 0, 18, 38, 19449 }, // U+1EF9
    { 1, 1, 133, 0, 1, 1, 19487 }, // U+2004
    { 1, 1, 100, 0, 1, 1, 19488 }, // U+2005
    { 1, 1, 67, 0, 1, 1, 19489 }, // U+2006
    { 1, 1, 80, 0, 1, 1, 19490 }, // U+2009
    { 1, 1, 57, 0, 1, 1, 19491 }, // U+200A
    { 9, 2, 184, 1, 11, 3, 19492 }, // U+2010
    { 13, 2, 200, 0, 11, 4, 19495 }, // U+2013
    { 25, 2, 400, 0, 11, 7, 19499 }, // U+2014
    { 25, 2, 400, 0, 11, 7, 19506 }, // U+2015
    { 8, 23, 186, 2, 21, 23, 19513 }, // U+2016
    { 3, 6, 100, 2, 21, 3, 19536 }, // U+2018
    { 3, 6, 100, 2, 21, 3, 19539 }, // U+2019
    { 3, 7, 100, 2, 3, 3, 19542 }, // U+201A
    { 6, 6, 158, 2, 21, 5, 19545 }, // U+201C
    { 6, 6, 158, 2, 21, 5, 19550 }, // U+201D
    { 6, 7, 158, 2, 3, 6, 19555 }, // U+201E
    { 8, 15, 166, 1, 19, 15, 19561 }, // U+2020
    { 8, 15, 166, 1, 19, 15, 19576 }, // U+2021
    { 7, 7, 400, 9, 13, 7, 19591 }, // U+2022
    { 15, 3, 400, 5, 3, 6, 19598 }, // U+2025
    { 19, 3, 400, 3, 3, 8, 19604 }, // U+2026
    { 1, 1, 240, 0, 1, 1, 19612 }, // U+2028
    { 1, 1, 240, 0, 1, 1, 19613 }, // U+2029
    { 30, 19, 489, 0, 19, 72, 19614 }, // U+2030
    { 39, 19, 634, 0, 19, 93, 19686 }, // U+2031
    { 4, 7, 119, 2, 21, 4, 19779 }, // U+2032
    { 8, 7, 191, 2, 21, 7, 19783 }, // U+2033
    { 13, 7, 263, 2, 21, 12, 19790 }, // U+2034
    { 4, 7, 119, 2, 21, 4, 19802 }, // U+2035
    { 8, 7, 191, 2, 21, 7, 19806 }, // U+2036
    { 13, 7, 263, 2, 21, 12, 19813 }, // U+2037
    { 7, 12, 175, 2, 13, 11, 19825 }, // U+2039
    { 7, 12, 175, 2, 13, 11, 19836 }, // U+203A
    { 19, 18, 400, 3, 19, 43, 19847 }, // U+203B
    { 10, 19, 223, 2, 19, 24, 19890 }, // U+203C
    { 25, 3, 400, 0, 19, 10, 19914 }, // U+203E
    { 19, 5, 305, 0, -1, 12, 19924 }, // U+203F
    { 19, 19, 370, 2, 19, 46, 19936 }, // U+2042
    { 9, 2, 400, 8, 11, 3, 19982 }, // U+2043
    { 16, 19, 109, -5, 19, 38, 19985 }, // U+2044
    { 22, 19, 385, 1, 19, 53, 20023 }, // U+2047
    { 16, 19, 299, 1, 19, 38, 20076 }, // U+2048
    { 15, 19, 286, 2, 19, 36, 20114 }, // U+2049
    { 7, 8, 179, 2, 8, 7, 20150 }, // U+204E
    { 7, 19, 179, 2, 19, 17, 20157 }, // U+2051
    { 13, 13, 240, 1, 16, 22, 20174 }, // U+2055
    { 1, 1, 240, 0, 1, 1, 20196 }, // U+2060
    { 1, 1, 240, 0, 1, 1, 20197 }, // U+2061
    { 1, 1, 240, 0, 1, 1, 20198 }, // U+2062
    { 1, 1, 240, 0, 1, 1, 20199 }, // U+2063
    { 1, 1, 240, 0, 1, 1, 20200 }, // U+2064
    { 1, 1, 240, 0, 1, 1, 20201 }, // U+2066
    { 1, 1, 240, 0, 1, 1, 20202 }, // U+2067
    { 1, 1, 240, 0, 1, 1, 20203 }, // U+2068
    { 1, 1, 240, 0, 1, 1, 20204 }, // U+2069
    { 8, 13, 158, 1, 23, 13, 20205 }, // U+2070
    { 2, 11, 61, 1, 25, 3, 20218 }, // U+2071
    { 9, 11, 155, 0, 22, 13, 20221 }, // U+2074
    { 8, 12, 150, 1, 22, 12, 20234 }, // U+2075
    { 8, 12, 154, 1, 22, 12, 20246 }, // U+2076
    { 8, 11, 138, 0, 22, 11, 20258 }, // U+2077
    { 8, 13, 153, 1, 23, 13, 20269 }, // U+2078
    { 8, 12, 154, 1, 23, 12, 20282 }, // U+2079
    { 7, 7, 135, 1, 22, 7, 20294 }, // U+207A
    { 7, 2, 135, 1, 19, 2, 20301 }, // U+207B
    { 6, 8, 130, 1, 22, 6, 20303 }, // U+207F
    { 8, 12, 158, 1, 12, 12, 20309 }, // U+2080
    { 5, 12, 103, 0, 12, 8, 20321 }, // U+2081
    { 8, 12, 144, 0, 12, 12, 20329 }, // U+2082
    { 8, 12, 148, 1, 12, 12, 20341 }, // U+2083
    { 9, 12, 155, 0, 12, 14, 20353 }, // U+2084
    { 8, 12, 150, 1, 12, 12, 20367 }, // U+2085
    { 8, 12, 154, 1, 12, 12, 20379 }, // U+2086
    { 8, 12, 138, 0, 12, 12, 20391 }, // U+2087
    { 8, 12, 153, 1, 12, 12, 20403 }, // U+2088
    { 8, 12, 154, 1, 12, 12, 20415 }, // U+2089
    { 5, 23, 128, 2, 21, 15, 20427 }, // U+208D
    { 5, 23, 128, 1, 21, 15, 20442 }, // U+208E
    { 14, 19, 240, 0, 19, 34, 20457 }, // U+20A3
    { 13, 19, 240, 1, 19, 31, 20491 }, // U+20A4
    { 23, 19, 405, 2, 19, 55, 20522 }, // U+20A8
    { 22, 19, 363, 0, 19, 53, 20577 }, // U+20A9
    { 14, 23, 244, 1, 19, 41, 20630 }, // U+20AB
    { 15, 19, 256, 0, 19, 36, 20671 }, // U+20AC
    { 15, 19, 240, 0, 19, 36, 20707 }, // U+20AE
    { 15, 19, 240, 0, 19, 36, 20743 }, // U+20B1
    { 15, 19, 240, 0, 19, 36, 20779 }, // U+20B8
    { 13, 19, 240, 1, 19, 31, 20815 }, // U+20B9
    { 14, 19, 240, 0, 19, 34, 20846 }, // U+20BA
    { 14, 19, 240, 0, 19, 34, 20880 }, // U+20BD
    { 13, 23, 260, 2, 21, 38, 20914 }, // U+20BF
    { 23, 11, 400, 1, 15, 32, 20952 }, // U+2190
    { 11, 22, 400, 7, 20, 31, 20984 }, // U+2191
    { 23, 11, 400, 1, 15, 32, 21015 }, // U+2192
    { 11, 22, 400, 7, 20, 31, 21047 }, // U+2193
    { 17, 17, 400, 4, 17, 37, 21078 }, // U+2196
    { 17, 17, 400, 4, 17, 37, 21115 }, // U+2197
    { 17, 17, 400, 4, 17, 37, 21152 }, // U+2198
    { 17, 17, 400, 4, 17, 37, 21189 }, // U+2199
    { 23, 20, 400, 1, 20, 58, 21226 }, // U+21C4
    { 12, 19, 227, 1, 19, 29, 21284 }, // U+2202
    { 15, 19, 266, 1, 19, 36, 21313 }, // U+2206
    { 13, 14, 247, 1, 16, 23, 21349 }, // U+2208
    { 14, 19, 281, 2, 19, 34, 21372 }, // U+220F
    { 13, 19, 241, 1, 19, 31, 21406 }, // U+2211
    { 12, 2, 247, 2, 10, 3, 21437 }, // U+2212
    { 9, 19, 247, 4, 19, 22, 21440 }, // U+2215
    { 14, 19, 247, 1, 19, 34, 21462 }, // U+221A
    { 16, 9, 283, 1, 14, 18, 21496 }, // U+221D
    { 19, 9, 329, 1, 14, 22, 21514 }, // U+221E
    { 19, 19, 400, 3, 19, 46, 21536 }, // U+221F
    { 19, 19, 400, 3, 19, 46, 21582 }, // U+2220
    { 3, 19, 241, 6, 19, 8, 21628 }, // U+2223
    { 13, 19, 247, 2, 19, 31, 21636 }, // U+2225
    { 17, 19, 274, 0, 19, 41, 21667 }, // U+2227
    { 17, 19, 274, 0, 19, 41, 21708 }, // U+2228
    { 14, 19, 286, 2, 19, 34, 21749 }, // U+2229
    { 14, 19, 285, 2, 19, 34, 21783 }, // U+222A
    { 10, 26, 247, 3, 22, 33, 21817 }, // U+222B
    { 12, 26, 247, 2, 22, 39, 21850 }, // U+222E
    { 14, 14, 247, 1, 16, 25, 21889 }, // U+2234
    { 14, 14, 247, 1, 16, 25, 21914 }, // U+2235
    { 3, 14, 247, 6, 16, 6, 21939 }, // U+2236
    { 14, 14, 247, 1, 16, 25, 21945 }, // U+2237
    { 11, 4, 247, 2, 11, 6, 21970 }, // U+223C
    { 12, 5, 247, 2, 12, 8, 21976 }, // U+223D
    { 12, 8, 247, 2, 13, 12, 21984 }, // U+2248
    { 12, 13, 247, 2, 16, 20, 21996 }, // U+224C
    { 12, 17, 247, 2, 18, 26, 22016 }, // U+2252
    { 12, 16, 247, 2, 17, 24, 22042 }, // U+2260
    { 12, 14, 247, 2, 16, 21, 22066 }, // U+2261
    { 12, 15, 247, 2, 17, 23, 22087 }, // U+2264
    { 12, 15, 247, 2, 17, 23, 22110 }, // U+2265
    { 12, 17, 247, 2, 18, 26, 22133 }, // U+2266
    { 12, 17, 247, 2, 18, 26, 22159 }, // U+2267
    { 12, 16, 247, 2, 18, 24, 22185 }, // U+226E
    { 12, 16, 247, 2, 17, 24, 22209 }, // U+226F
    { 23, 23, 400, 1, 21, 67, 22233 }, // U+2295
    { 23, 23, 400, 1, 21, 67, 22300 }, // U+2299
    { 19, 19, 400, 3, 19, 46, 22367 }, // U+22A5
    { 19, 20, 400, 3, 20, 48, 22413 }, // U+22BF
};

static const EpdUnicodeInterval misans_latin_12_mediumIntervals[] = {
    { 0x1, 0x1, 0x0 },
    { 0xA, 0xA, 0x1 },
    { 0xD, 0xD, 0x2 },
    { 0x20, 0x7F, 0x3 },
    { 0xA0, 0x17F, 0x63 },
    { 0x1A0, 0x1A1, 0x143 },
    { 0x1AF, 0x1B0, 0x145 },
    { 0x1CD, 0x1DC, 0x147 },
    { 0x1E4, 0x1E9, 0x157 },
    { 0x1EE, 0x1F0, 0x15D },
    { 0x1F9, 0x1FF, 0x160 },
    { 0x218, 0x21B, 0x167 },
    { 0x21E, 0x21F, 0x16B },
    { 0x300, 0x30C, 0x16D },
    { 0x30F, 0x30F, 0x17A },
    { 0x312, 0x312, 0x17B },
    { 0x318, 0x31A, 0x17C },
    { 0x31C, 0x320, 0x17F },
    { 0x323, 0x32A, 0x184 },
    { 0x32C, 0x32C, 0x18C },
    { 0x330, 0x330, 0x18D },
    { 0x332, 0x332, 0x18E },
    { 0x334, 0x334, 0x18F },
    { 0x339, 0x33D, 0x190 },
    { 0x346, 0x34E, 0x195 },
    { 0x35C, 0x35C, 0x19E },
    { 0x361, 0x362, 0x19F },
    { 0x400, 0x45F, 0x1A1 },
    { 0x462, 0x463, 0x201 },
    { 0x46A, 0x46B, 0x203 },
    { 0x472, 0x475, 0x205 },
    { 0x490, 0x493, 0x209 },
    { 0x497, 0x497, 0x20D },
    { 0x49A, 0x49D, 0x20E },
    { 0x4A2, 0x4A3, 0x212 },
    { 0x4AE, 0x4B3, 0x214 },
    { 0x4B6, 0x4BB, 0x21A },
    { 0x4CA, 0x4CA, 0x220 },
    { 0x4D8, 0x4D9, 0x221 },
    { 0x4E2, 0x4E3, 0x223 },
    { 0x4E8, 0x4E9, 0x225 },
    { 0x4EE, 0x4EF, 0x227 },
    { 0x1EA0, 0x1EF9, 0x229 },
    { 0x2004, 0x2006, 0x283 },
    { 0x2009, 0x200A, 0x286 },
    { 0x2010, 0x2010, 0x288 },
    { 0x2013, 0x2016, 0x289 },
    { 0x2018, 0x201A, 0x28D },
    { 0x201C, 0x201E, 0x290 },
    { 0x2020, 0x2022, 0x293 },
    { 0x2025, 0x2026, 0x296 },
    { 0x2028, 0x2029, 0x298 },
    { 0x2030, 0x2037, 0x29A },
    { 0x2039, 0x203C, 0x2A2 },
    { 0x203E, 0x203F, 0x2A6 },
    { 0x2042, 0x2044, 0x2A8 },
    { 0x2047, 0x2049, 0x2AB },
    { 0x204E, 0x204E, 0x2AE },
    { 0x2051, 0x2051, 0x2AF },
    { 0x2055, 0x2055, 0x2B0 },
    { 0x2060, 0x2064, 0x2B1 },
    { 0x2066, 0x2069, 0x2B6 },
    { 0x2070, 0x2071, 0x2BA },
    { 0x2074, 0x207B, 0x2BC },
    { 0x207F, 0x2089, 0x2C4 },
    { 0x208D, 0x208E, 0x2CF },
    { 0x20A3, 0x20A4, 0x2D1 },
    { 0x20A8, 0x20A9, 0x2D3 },
    { 0x20AB, 0x20AC, 0x2D5 },
    { 0x20AE, 0x20AE, 0x2D7 },
    { 0x20B1, 0x20B1, 0x2D8 },
    { 0x20B8, 0x20BA, 0x2D9 },
    { 0x20BD, 0x20BD, 0x2DC },
    { 0x20BF, 0x20BF, 0x2DD },
    { 0x2190, 0x2193, 0x2DE },
    { 0x2196, 0x2199, 0x2E2 },
    { 0x21C4, 0x21C4, 0x2E6 },
    { 0x2202, 0x2202, 0x2E7 },
    { 0x2206, 0x2206, 0x2E8 },
    { 0x2208, 0x2208, 0x2E9 },
    { 0x220F, 0x220F, 0x2EA },
    { 0x2211, 0x2212, 0x2EB },
    { 0x2215, 0x2215, 0x2ED },
    { 0x221A, 0x221A, 0x2EE },
    { 0x221D, 0x2220, 0x2EF },
    { 0x2223, 0x2223, 0x2F3 },
    { 0x2225, 0x2225, 0x2F4 },
    { 0x2227, 0x222B, 0x2F5 },
    { 0x222E, 0x222E, 0x2FA },
    { 0x2234, 0x2237, 0x2FB },
    { 0x223C, 0x223D, 0x2FF },
    { 0x2248, 0x2248, 0x301 },
    { 0x224C, 0x224C, 0x302 },
    { 0x2252, 0x2252, 0x303 },
    { 0x2260, 0x2261, 0x304 },
    { 0x2264, 0x2267, 0x306 },
    { 0x226E, 0x226F, 0x30A },
    { 0x2295, 0x2295, 0x30C },
    { 0x2299, 0x2299, 0x30D },
    { 0x22A5, 0x22A5, 0x30E },
    { 0x22BF, 0x22BF, 0x30F },
};

static const uint16_t misans_latin_12_mediumKernLeftCodepoints[] = {
    0x0022, 0x0026, 0x0027, 0x0028, 0x002C, 0x002D, 0x002E, 0x002F, 0x0030, 0x0032, 0x0033, 0x0034,
    0x0035, 0x0036, 0x0037, 0x0038, 0x0039, 0x003F, 0x0040, 0x0041, 0x0042, 0x0043, 0x0044, 0x0045,
    0x0046, 0x0047, 0x0048, 0x0049, 0x004A, 0x004B, 0x004C, 0x004D, 0x004E, 0x004F, 0x0050, 0x0051,
    0x0052, 0x0053, 0x0054, 0x0055, 0x0056, 0x0057, 0x0058, 0x0059, 0x005A, 0x005B, 0x005F, 0x0061,
    0x0062, 0x0063, 0x0064, 0x0065, 0x0066, 0x0067, 0x0068, 0x0069, 0x006A, 0x006B, 0x006C, 0x006D,
    0x006E, 0x006F, 0x0070, 0x0071, 0x0072, 0x0073, 0x0074, 0x0075, 0x0076, 0x0077, 0x0078, 0x0079,
    0x007A, 0x007B, 0x00AB, 0x00B2, 0x00B3, 0x00BF, 0x00C0, 0x00C1, 0x00C2, 0x00C3, 0x00C4, 0x00C5,
    0x00C6, 0x00C7, 0x00C8, 0x00C9, 0x00CA, 0x00CB, 0x00CC, 0x00CD, 0x00CE, 0x00CF, 0x00D0, 0x00D1,
    0x00D2, 0x00D3, 0x00D4, 0x00D5, 0x00D6, 0x00D8, 0x00D9, 0x00DA, 0x00DB, 0x00DC, 0x00DD, 0x00DE,
    0x00DF, 0x00E0, 0x00E1, 0x00E2, 0x00E3, 0x00E4, 0x00E5, 0x00E6, 0x00E7, 0x00E8, 0x00E9, 0x00EA,
    0x00EB, 0x00EC, 0x00ED, 0x00EE, 0x00EF, 0x00F0, 0x00F1, 0x00F2, 0x00F3, 0x00F4, 0x00F5, 0x00F6,
    0x00F8, 0x00F9, 0x00FA, 0x00FB, 0x00FC, 0x00FD, 0x00FE, 0x00FF, 0x0100, 0x0101, 0x0102, 0x0103,
    0x0104, 0x0105, 0x0106, 0x0107, 0x0108, 0x0109, 0x010A, 0x010B, 0x010C, 0x010D, 0x010E, 0x010F,
    0x0110, 0x0111, 0x0112, 0x0113, 0x0114, 0x0115, 0x0116, 0x0117, 0x0118, 0x0119, 0x011A, 0x011B,
    0x011C, 0x011D, 0x011E, 0x011F, 0x0120, 0x0121, 0x0122, 0x0123, 0x0124, 0x0125, 0x0126, 0x0127,
    0x0128, 0x0129, 0x012A, 0x012B, 0x012C, 0x012D, 0x012E, 0x0130, 0x0131, 0x0132, 0x0134, 0x0135,
    0x0136, 0x0137, 0x0138, 0x0139, 0x013B, 0x013C, 0x013D, 0x013E, 0x013F, 0x0141, 0x0142, 0x0143,
    0x0144, 0x0145, 0x0146, 0x0147, 0x0148, 0x0149, 0x014A, 0x014B, 0x014C, 0x014D, 0x014E, 0x014F,
    0x0150, 0x0151, 0x0152, 0x0153, 0x0154, 0x0155, 0x0156, 0x0157, 0x0158, 0x0159, 0x015A, 0x015B,
    0x015C, 0x015D, 0x015E, 0x015F, 0x0160, 0x0161, 0x0162, 0x0163, 0x0164, 0x0165, 0x0166, 0x0167,
    0x0168, 0x0169, 0x016A, 0x016B, 0x016C, 0x016D, 0x016E, 0x016F, 0x0170, 0x0171, 0x0172, 0x0173,
    0x0174, 0x0175, 0x0176, 0x0177, 0x0178, 0x0179, 0x017A, 0x017B, 0x017C, 0x017D, 0x017E, 0x017F,
    0x01A0, 0x01A1, 0x01AF, 0x01B0, 0x01CD, 0x01CE, 0x01CF, 0x01D0, 0x01D1, 0x01D2, 0x01D3, 0x01D4,
    0x01D5, 0x01D6, 0x01D7, 0x01D8, 0x01D9, 0x01DA, 0x01DB, 0x01DC, 0x01E4, 0x01E5, 0x01E6, 0x01E7,
    0x01E8, 0x01E9, 0x01EE, 0x01EF, 0x01F0, 0x01F9, 0x01FA, 0x01FB, 0x01FC, 0x01FD, 0x01FE, 0x01FF,
    0x0218, 0x0219, 0x021A, 0x021B, 0x021E, 0x021F, 0x0400, 0x0401, 0x0402, 0x0403, 0x0404, 0x0405,
    0x0406, 0x0407, 0x0408, 0x0409, 0x040A, 0x040B, 0x040C, 0x040D, 0x040E, 0x040F, 0x0410, 0x0411,
    0x0412, 0x0413, 0x0414, 0x0415, 0x0416, 0x0417, 0x0418, 0x0419, 0x041A, 0x041B, 0x041C, 0x041D,
    0x041E, 0x041F, 0x0420, 0x0421, 0x0422, 0x0423, 0x0424, 0x0425, 0x0426, 0x0427, 0x0428, 0x0429,
    0x042A, 0x042B, 0x042C, 0x042D, 0x042E, 0x042F, 0x0430, 0x0431, 0x0432, 0x0433, 0x0434, 0x0435,
    0x0436, 0x0437, 0x0438, 0x0439, 0x043A, 0x043B, 0x043C, 0x043D, 0x043E, 0x043F, 0x0440, 0x0441,
    0x0442, 0x0443, 0x0444, 0x0445, 0x0446, 0x0447, 0x0448, 0x0449, 0x044A, 0x044B, 0x044C, 0x044D,
    0x044E, 0x044F, 0x0450, 0x0451, 0x0452, 0x0453, 0x0454, 0x0455, 0x0456, 0x0457, 0x0458, 0x0459,
    0x045A, 0x045B, 0x045C, 0x045D, 0x045E, 0x045F, 0x0462, 0x0463, 0x046A, 0x046B, 0x0472, 0x0473,
    0x0474, 0x0475, 0x0490, 0x0491, 0x0492, 0x0493, 0x0497, 0x049A, 0x049B, 0x049C, 0x049D, 0x04A2,
    0x04A3, 0x04AE, 0x04AF, 0x04B0, 0x04B2, 0x04B3, 0x04B6, 0x04B7, 0x04B8, 0x04B9, 0x04BA, 0x04BB,
    0x04CA, 0x04D8, 0x04D9, 0x04E2, 0x04E3, 0x04E8, 0x04E9, 0x04EE, 0x04EF, 0x1EA0, 0x1EA1, 0x1EA2,
    0x1EA3, 0x1EA4, 0x1EA5, 0x1EA6, 0x1EA7, 0x1EA8, 0x1EA9, 0x1EAA, 0x1EAB, 0x1EAC, 0x1EAD, 0x1EAE,
    0x1EAF, 0x1EB0, 0x1EB1, 0x1EB2, 0x1EB3, 0x1EB4, 0x1EB5, 0x1EB6, 0x1EB7, 0x1EB8, 0x1EB9, 0x1EBA,
    0x1EBB, 0x1EBC, 0x1EBD, 0x1EBE, 0x1EBF, 0x1EC0, 0x1EC1, 0x1EC2, 0x1EC3, 0x1EC4, 0x1EC5, 0x1EC6,
    0x1EC7, 0x1EC8, 0x1EC9, 0x1ECA, 0x1ECB, 0x1ECC, 0x1ECD, 0x1ECE, 0x1ECF, 0x1ED0, 0x1ED1, 0x1ED2,
    0x1ED3, 0x1ED4, 0x1ED5, 0x1ED6, 0x1ED7, 0x1ED8, 0x1ED9, 0x1EDA, 0x1EDB, 0x1EDC, 0x1EDD, 0x1EDE,
    0x1EDF, 0x1EE0, 0x1EE1, 0x1EE2, 0x1EE3, 0x1EE4, 0x1EE5, 0x1EE6, 0x1EE7, 0x1EE8, 0x1EE9, 0x1EEA,
    0x1EEB, 0x1EEC, 0x1EED, 0x1EEE, 0x1EEF, 0x1EF0, 0x1EF1, 0x1EF2, 0x1EF3, 0x1EF4, 0x1EF5, 0x1EF6,
    0x1EF7, 0x1EF8, 0x1EF9, 0x2013, 0x2014, 0x2018, 0x2019, 0x201C, 0x201D, 0x2044, 0x2070, 0x2074,
    0x2075, 0x2076, 0x2077, 0x2078, 0x2079, 0x2080, 0x20A8,
};

static const uint8_t misans_latin_12_mediumKernLeftClassIds[] = {
      1,   2,   1,   3,   4,   5,   4,   6,   7,   8,   9,  10,  11,  12,  13,  14,
     15,  16,  17,  18,  19,  20,  21,  22,  23,  24,  25,  25,  26,  27,  28,  25,
     25,  21,  29,  30,  31,  32,  33,  34,  35,  36,  37,  38,  39,  40,  41,  42,
     43,  44,  45,  43,  46,  47,  42,  48,  48,  49,  50,  42,  42,  43,  43,  47,
     51,  52,  53,  54,  55,  56,  57,  55,  58,  40,  59,  60,  61,  62,  18,  18,
     18,  18,  18,  18,  22,  20,  22,  22,  22,  22,  25,  25,  25,  25,  21,  25,
     21,  21,  21,  21,  21,  21,  34,  34,  34,  34,  38,  63,  64,  42,  42,  65,
     65,  65,  65,  43,  44,  43,  66,  66,  66,  48,  67,  67,  67,  68,  69,  43,
     70,  70,  70,  70,  71,  54,  54,  54,  54,  72,  43,  72,  18,  65,  18,  65,
     18,  73,  20,  74,  20,  74,  20,  44,  20,  74,  21,  75,  21,  76,  22,  66,
     22,  66,  22,  66,  22,  43,  22,  66,  24,  77,  24,  77,  24,  47,  24,  47,
     25,  42,  78,  42,  25,  67,  25,  67,  25,  67,  25,  25,  79,  26,  26,  80,
     27,  49,  49,  28,  28,  50,  28,  75,  28,  28,  81,  25,  69,  25,  42,  25,
     69,  42,  25,  47,  21,  70,  21,  70,  21,  70,  22,  82,  31,  83,  31,  51,
     31,  83,  32,  84,  32,  84,  32,  52,  32,  84,  33,  53,  33,  85,  86,  53,
     34,  54,  34,  54,  34,  54,  34,  54,  34,  54,  34,  87,  36,  56,  38,  72,
     38,  39,  88,  39,  88,  39,  88,  89,  90,  91,  92,  93,  18,  65,  25,  67,
     21,  70,  34,  54,  34,  54,  34,  54,  34,  54,  34,  54,  94,  77,  24,  77,
     27,  49,  95,  96,  80,  69,  18,  65,  22,  43,  21,  71,  32,  52,  33,  53,
     25,  42,  22,  22,  97,  98,  20,  32,  25,  25,  26,  99,  99,  42,  27,  25,
    100,  25,  18, 101,  19,  98, 102,  22,  27,  19,  25,  25,  27,  25,  25,  25,
     21,  25,  29,  20,  33, 100, 103,  37, 102,  25,  25, 102,  99,  25,  99,  21,
     21,  25,  42, 104, 105, 106, 107,  43, 108, 109,  54,  54, 110,  54,  54,  54,
     43,  54,  43,  44, 111,  55,  43,  57, 107,  54,  54, 107, 112,  54, 112,  43,
     43,  54,  43,  66,  42, 106,  44,  52,  48,  67,  48, 112, 112,  42, 110,  54,
     55,  54,  99, 112, 113, 114,  21,  43, 115, 116,  98, 106,  23, 106, 117,  27,
    117,  27, 118, 102, 107,  38,  55, 119,  27,  57, 102, 107,  25,  54, 120,  42,
    107,  21,  43,  25,  54,  21,  43, 100,  55,  18,  42,  18,  42,  18, 121,  18,
    121,  18, 121,  18,  65,  18,  65,  18,  65,  18,  65,  18,  65,  18,  65,  18,
     65,  22,  43,  22,  66,  22,  66,  22, 122,  22, 122,  22, 122,  22,  66,  22,
     66,  25,  67,  25,  48,  21,  43,  21,  70,  21, 123,  21, 123,  21, 123,  21,
     70,  21,  70,  90,  91,  90,  91,  90,  91,  90,  91,  90,  91,  34,  54,  34,
     54,  92,  93,  92,  93,  92,  93,  92,  93,  92,  93,  38,  72,  38,  55,  38,
     72,  38,  72,   5,   5, 124, 125, 124, 125, 126, 127, 128, 129, 130, 131, 132,
    133, 127,  52,
};

static const uint16_t misans_latin_12_mediumKernRightCodepoints[] = {
    0x0022, 0x0026, 0x0027, 0x0029, 0x002C, 0x002D, 0x002E, 0x002F, 0x0030, 0x0031, 0x0032, 0x0033,
    0x0034, 0x0035, 0x0036, 0x0037, 0x0038, 0x0039, 0x003F, 0x0040, 0x0041, 0x0042, 0x0043, 0x0044,
    0x0045, 0x0046, 0x0047, 0x0048, 0x0049, 0x004A, 0x004B, 0x004C, 0x004D, 0x004E, 0x004F, 0x0050,
    0x0051, 0x0052, 0x0053, 0x0054, 0x0055, 0x0056, 0x0057, 0x0058, 0x0059, 0x005A, 0x005C, 0x005D,
    0x005F, 0x0061, 0x0062, 0x0063, 0x0064, 0x0065, 0x0066, 0x0067, 0x0068, 0x0069, 0x006A, 0x006B,
    0x006C, 0x006D, 0x006E, 0x006F, 0x0070, 0x0071, 0x0072, 0x0073, 0x0074, 0x0075, 0x0076, 0x0077,
    0x0078, 0x0079, 0x007A, 0x007D, 0x00B2, 0x00B3, 0x00B9, 0x00BB, 0x00C0, 0x00C1, 0x00C2, 0x00C3,
    0x00C4, 0x00C5, 0x00C6, 0x00C7, 0x00C8, 0x00C9, 0x00CA, 0x00CB, 0x00CC, 0x00CD, 0x00CE, 0x00CF,
    0x00D0, 0x00D1, 0x00D2, 0x00D3, 0x00D4, 0x00D5, 0x00D6, 0x00D8, 0x00D9, 0x00DA, 0x00DB, 0x00DC,
    0x00DD, 0x00DE, 0x00DF, 0x00E0, 0x00E1, 0x00E2, 0x00E3, 0x00E4, 0x00E5, 0x00E6, 0x00E7, 0x00E8,
    0x00E9, 0x00EA, 0x00EB, 0x00EC, 0x00ED, 0x00EE, 0x00EF, 0x00F0, 0x00F1, 0x00F2, 0x00F3, 0x00F4,
    0x00F5, 0x00F6, 0x00F8, 0x00F9, 0x00FA, 0x00FB, 0x00FC, 0x00FD, 0x00FE, 0x00FF, 0x0100, 0x0101,
    0x0102, 0x0103, 0x0104, 0x0105, 0x0106, 0x0107, 0x0108, 0x0109, 0x010A, 0x010B, 0x010C, 0x010D,
    0x010E, 0x010F, 0x0111, 0x0112, 0x0113, 0x0114, 0x0115, 0x0116, 0x0117, 0x0118, 0x0119, 0x011A,
    0x011B, 0x011C, 0x011D, 0x011E, 0x011F, 0x0120, 0x0121, 0x0122, 0x0123, 0x0124, 0x0125, 0x0126,
    0x0127, 0x0128, 0x0129, 0x012A, 0x012B, 0x012C, 0x012D, 0x012E, 0x0130, 0x0131, 0x0132, 0x0133,
    0x0134, 0x0135, 0x0136, 0x0137, 0x0138, 0x0139, 0x013B, 0x013C, 0x013D, 0x013E, 0x013F, 0x0140,
    0x0141, 0x0142, 0x0143, 0x0144, 0x0145, 0x0146, 0x0147, 0x0148, 0x0149, 0x014A, 0x014B, 0x014C,
    0x014D, 0x014E, 0x014F, 0x0150, 0x0151, 0x0152, 0x0153, 0x0154, 0x0155, 0x0156, 0x0157, 0x0158,
    0x0159, 0x015A, 0x015B, 0x015C, 0x015D, 0x015E, 0x015F, 0x0160, 0x0161, 0x0162, 0x0163, 0x0164,
    0x0165, 0x0166, 0x0167, 0x0168, 0x0169, 0x016A, 0x016B, 0x016C, 0x016D, 0x016E, 0x016F, 0x0170,
    0x0171, 0x0172, 0x0173, 0x0174, 0x0175, 0x0176, 0x0177, 0x0178, 0x0179, 0x017A, 0x017B, 0x017C,
    0x017D, 0x017E, 0x017F, 0x01A0, 0x01A1, 0x01AF, 0x01B0, 0x01CD, 0x01CE, 0x01CF, 0x01D0, 0x01D1,
    0x01D2, 0x01D3, 0x01D4, 0x01D5, 0x01D6, 0x01D7, 0x01D8, 0x01D9, 0x01DA, 0x01DB, 0x01DC, 0x01E4,
    0x01E5, 0x01E6, 0x01E7, 0x01E8, 0x01E9, 0x01EE, 0x01EF, 0x01F0, 0x01F9, 0x01FA, 0x01FB, 0x01FC,
    0x01FD, 0x01FE, 0x01FF, 0x0218, 0x0219, 0x021A, 0x021B, 0x021E, 0x021F, 0x0400, 0x0401, 0x0402,
    0x0403, 0x0404, 0x0405, 0x0406, 0x0407, 0x0408, 0x0409, 0x040A, 0x040B, 0x040C, 0x040D, 0x040E,
    0x040F, 0x0410, 0x0412, 0x0413, 0x0414, 0x0415, 0x0416, 0x0417, 0x0418, 0x0419, 0x041A, 0x041B,
    0x041C, 0x041D, 0x041E, 0x041F, 0x0420, 0x0421, 0x0422, 0x0423, 0x0424, 0x0425, 0x0426, 0x0427,
    0x0428, 0x0429, 0x042A, 0x042B, 0x042C, 0x042D, 0x042E, 0x042F, 0x0430, 0x0431, 0x0432, 0x0433,
    0x0434, 0x0435, 0x0436, 0x0437, 0x0438, 0x0439, 0x043A, 0x043B, 0x043C, 0x043D, 0x043E, 0x043F,
    0x0440, 0x0441, 0x0442, 0x0443, 0x0444, 0x0445, 0x0446, 0x0447, 0x0448, 0x0449, 0x044A, 0x044B,
    0x044C, 0x044D, 0x044E, 0x044F, 0x0450, 0x0451, 0x0452, 0x0453, 0x0454, 0x0455, 0x0456, 0x0457,
    0x0458, 0x0459, 0x045A, 0x045B, 0x045C, 0x045D, 0x045E, 0x045F, 0x0462, 0x0463, 0x046A, 0x046B,
    0x0472, 0x0473, 0x0474, 0x0475, 0x0490, 0x0491, 0x0492, 0x0493, 0x0497, 0x049A, 0x049B, 0x049C,
    0x049D, 0x04A3, 0x04AE, 0x04AF, 0x04B0, 0x04B1, 0x04B2, 0x04B3, 0x04B6, 0x04B7, 0x04B8, 0x04B9,
    0x04BA, 0x04BB, 0x04CA, 0x04D9, 0x04E2, 0x04E3, 0x04E8, 0x04E9, 0x04EE, 0x04EF, 0x1EA0, 0x1EA1,
    0x1EA2, 0x1EA3, 0x1EA4, 0x1EA5, 0x1EA6, 0x1EA7, 0x1EA8, 0x1EA9, 0x1EAA, 0x1EAB, 0x1EAC, 0x1EAD,
    0x1EAE, 0x1EAF, 0x1EB0, 0x1EB1, 0x1EB2, 0x1EB3, 0x1EB4, 0x1EB5, 0x1EB6, 0x1EB7, 0x1EB8, 0x1EB9,
    0x1EBA, 0x1EBB, 0x1EBC, 0x1EBD, 0x1EBE, 0x1EBF, 0x1EC0, 0x1EC1, 0x1EC2, 0x1EC3, 0x1EC4, 0x1EC5,
    0x1EC6, 0x1EC7, 0x1EC8, 0x1EC9, 0x1ECA, 0x1ECB, 0x1ECC, 0x1ECD, 0x1ECE, 0x1ECF, 0x1ED0, 0x1ED1,
    0x1ED2, 0x1ED3, 0x1ED4, 0x1ED5, 0x1ED6, 0x1ED7, 0x1ED8, 0x1ED9, 0x1EDA, 0x1EDB, 0x1EDC, 0x1EDD,
    0x1EDE, 0x1EDF, 0x1EE0, 0x1EE1, 0x1EE2, 0x1EE3, 0x1EE4, 0x1EE5, 0x1EE6, 0x1EE7, 0x1EE8, 0x1EE9,
    0x1EEA, 0x1EEB, 0x1EEC, 0x1EED, 0x1EEE, 0x1EEF, 0x1EF0, 0x1EF1, 0x1EF2, 0x1EF3, 0x1EF4, 0x1EF5,
    0x1EF6, 0x1EF7, 0x1EF8, 0x1EF9, 0x2013, 0x2014, 0x2018, 0x2019, 0x201A, 0x201C, 0x201D, 0x201E,
    0x2044, 0x2070, 0x2074, 0x2075, 0x2076, 0x2077, 0x2078, 0x2079, 0x207A, 0x207B, 0x2080, 0x208E,
};

static const uint8_t misans_latin_12_mediumKernRightClassIds[] = {
      1,   2,   1,   3,   4,   5,   4,   6,   7,   8,   9,  10,  11,  12,  13,  14,
     15,  16,  17,  18,  19,  20,  21,  20,  20,  20,  21,  20,  20,  22,  20,  20,
     20,  20,  21,  20,  21,  20,  23,  24,  25,  26,  27,  28,  29,  30,  31,  32,
     33,  34,  35,  36,  36,  36,  37,  38,  35,  39,  40,  35,  41,  42,  42,  36,
     42,  36,  42,  43,  44,  45,  46,  47,  48,  46,  49,  50,  51,  52,  53,  54,
     19,  19,  19,  19,  19,  19,  55,  21,  20,  20,  20,  20,  20,  20,  20,  20,
     20,  20,  21,  21,  21,  21,  21,  21,  25,  25,  25,  25,  29,  20,  35,  56,
     34,  56,  56,  56,  56,  34,  36,  57,  57,  57,  57,  58,  39,  58,  58,  59,
     60,  61,  61,  61,  61,  61,  62,  45,  45,  45,  45,  63,  35,  63,  19,  56,
     19,  56,  19,  34,  21,  64,  21,  64,  21,  36,  21,  64,  20,  36,  36,  20,
     57,  20,  57,  20,  57,  20,  36,  20,  57,  21,  65,  21,  65,  21,  38,  21,
     38,  20,  66,  67,  68,  20,  58,  20,  58,  20,  58,  20,  20,  69,  20,  39,
     22,  70,  20,  35,  42,  20,  20,  41,  20,  41,  20,  41,  20,  71,  20,  42,
     20,  42,  20,  60,  72,  20,  42,  21,  61,  21,  61,  21,  36,  21,  36,  20,
     73,  20,  74,  20,  73,  23,  75,  23,  75,  23,  43,  23,  75,  24,  44,  24,
     44,  76,  44,  25,  45,  25,  45,  25,  45,  25,  45,  25,  45,  25,  45,  27,
     47,  29,  63,  29,  30,  49,  30,  77,  30,  77,  35,  21,  36,  25,  45,  19,
     56,  20,  58,  21,  61,  25,  45,  25,  45,  25,  45,  25,  45,  25,  45,  21,
     38,  21,  65,  20,  78,  79,  33,  70,  60,  19,  56,  55,  34,  21,  62,  23,
     43,  24,  44,  20,  78,  20,  20,  24,  20,  21,  23,  20,  20,  22,  80,  20,
     24,  20,  20,  81,  20,  19,  20,  20,  82,  20,  83,  84,  20,  20,  20,  80,
     20,  20,  21,  20,  20,  21,  24,  81,  85,  28,  20,  86,  20,  20,  87,  20,
     20,  88,  20,  89,  34,  90,  42,  42,  91,  36,  92,  93,  42,  42,  42,  94,
     42,  42,  36,  42,  42,  36,  95,  46,  36,  48,  42,  96,  42,  42,  97,  42,
     42,  98,  42,  99,  57,  57, 100,  42,  36,  43,  39,  58,  39,  94,  42, 100,
     42,  42,  46,  42, 101, 102, 103, 104,  21,  36,  26,  46,  20,  42, 105, 106,
     92,  20,  42,  20,  42,  42,  29,  46, 107, 108,  28,  48,  86,  96,  86,  96,
     20,  35,  42, 109,  20,  42,  21,  36,  81,  46,  19,  34,  19,  34,  19,  56,
     19,  56,  19,  56,  19,  56,  19,  56,  19,  56,  19,  56,  19,  56,  19,  56,
     19,  56,  20,  36,  20,  57,  20,  57,  20,  57,  20,  57,  20,  57,  20,  57,
     20,  57,  20,  58,  20,  39,  21,  36,  21,  61,  21,  61,  21,  61,  21,  61,
     21,  61,  21,  61,  21,  36,  21,  36,  21,  36,  21,  36,  21,  36,  25,  45,
     25,  45,  25,  45,  25,  45,  25,  45,  25,  45,  25,  45,  29,  63,  29,  46,
     29,  63,  29,  63,   5,   5, 110, 111, 112, 110, 111, 112, 113, 114, 115, 116,
    117, 118, 119, 120, 121, 122, 114,   3,
};

static const uint16_t misans_latin_12_mediumKernRowOffsets[] = {
        0,    14,    37,    38,    62,    77,    80,    90,    97,   104,   113,   119,   134,   158,   168,   183,
      197,   200,   238,   258,   285,   314,   321,   364,   381,   383,   389,   438,   468,   504,   513,   528,
      537,   601,   607,   663,   698,   746,   811,   829,   831,   833,   854,   893,   923,   924,   951,   958,
      960,   988,   999,  1029,  1043,  1054,  1069,  1106,  1125,  1151,  1175,  1181,  1182,  1184,  1193,  1204,
     1207,  1215,  1231,  1271,  1276,  1281,  1297,  1304,  1316,  1330,  1342,  1381,  1382,  1388,  1389,  1393,
     1401,  1402,  1429,  1442,  1448,  1460,  1482,  1488,  1499,  1506,  1511,  1518,  1532,  1550,  1551,  1555,
     1557,  1566,  1598,  1612,  1645,  1653,  1668,  1686,  1705,  1713,  1730,  1744,  1756,  1766,  1775,  1795,
     1813,  1816,  1817,  1843,  1846,  1857,  1858,  1887,  1890,  1895,  1906,  1918,  1931,  1949,  1956,  1960,
     1963,  1965,  1968,  1973,  1975,  1979,
};

static const uint8_t misans_latin_12_mediumKernSparseCols[] = {
     10,  12,  13,  18,  20,  21,  23,  33,  35,  42,  43,  54,  57,  65,   7,   9,
     10,  12,  13,  15,  20,  21,  22,  23,  24,  25,  26,  27,  28,  33,  35,  36,
     40,  43,  45,  46,  47,  39,   6,   7,   9,  10,  11,  12,  13,  14,  15,  20,
     23,  24,  25,  26,  27,  28,  35,  36,  39,  40,  43,  44,  45,  46,   8,   9,
     13,  18,  21,  23,  25,  26,  27,  28,  29,  33,  36,  47,  48,  10,  12,  57,
      3,   8,   9,  13,  18,  21,  23,  25,  26,  28,   4,   6,   9,  10,  12,  25,
     28,   3,   8,  15,  16,  27,  28,  57,   0,   7,   9,  13,  15,  16,  23,  25,
     28,   3,   7,  13,  16,  25,  27,   0,   3,   7,  13,  15,  16,  23,  25,  27,
     28,  45,  47,  48, 109, 110,   0,   1,   3,   4,   5,   6,  10,  12,  13,  14,
     16,  18,  21,  33,  35,  36,  37,  41,  42,  44,  47,  48,  54,  61,   3,  13,
     15,  16,  23,  25,  28,  47, 109, 110,   1,   3,   5,  10,  12,  14,  18,  21,
     25,  27,  28,  33,  35,  36,  43,   9,  10,  11,  12,  13,  14,  18,  20,  21,
     27,  28,  33,  35,  42,  18,  27,  54,   0,   1,   4,   6,   7,  15,  16,  20,
     23,  24,  25,  26,  28,  35,  36,  37,  40,  43,  44,  45,  46,  56,  60,  62,
     63,  75,  80,  81,  84,  85,  86,  89,  94,  95,  96, 106, 109, 110,   0,   3,
     16,  18,  21,  23,  25,  26,  27,  28,  29,  47,  48,  76,  80,  81,  82,  90,
     93, 110,   4,  18,  20,  23,  27,  28,  29,  33,  35,  37,  45,  46,  47,  54,
     55,  56,  57,  60,  61,  62,  80,  82,  84,  88,  94,  96, 106,   0,   3,  16,
     18,  21,  23,  25,  26,  27,  28,  29,  48,  54,  57,  75,  76,  78,  79,  80,
     81,  82,  83,  86,  90,  91,  93, 102, 106, 110,   1,  45,  46,  57,  62,  96,
    110,   0,   1,   3,  10,  12,  18,  21,  22,  27,  33,  35,  37,  41,  42,  44,
     45,  46,  47,  48,  53,  54,  55,  56,  57,  60,  61,  62,  63,  64,  74,  76,
     81,  89,  90,  91,  92,  93,  94,  95,  96,  97,  98, 110,   3,  16,  18,  23,
     25,  26,  27,  28,  29,  42,  45,  46,  47,  54,  62,  74,  75,  57, 110,   3,
     21,  27,  54,  57,  81,   1,   3,   4,   6,   7,  10,  15,  16,  20,  21,  22,
     24,  33,  35,  36,  37,  40,  41,  42,  43,  44,  45,  46,  55,  56,  57,  58,
     60,  61,  62,  63,  64,  74,  83,  84,  85,  87,  89,  90,  91,  92,  94,  95,
     96,  97, 101, 105, 108, 110,   0,   3,   4,   7,  13,  15,  16,  20,  23,  24,
     25,  26,  28,  33,  35,  36,  37,  43,  44,  45,  46,  55,  56,  60,  62,  63,
     64,  75, 109, 110,   1,   3,   8,  10,  18,  21,  23,  25,  26,  27,  28,  29,
     33,  35,  36,  37,  42,  43,  45,  46,  54,  55,  56,  57,  60,  61,  62,  63,
     64,  74,  79,  80,  81,  82,  96,  98,  18,  21,  23,  25,  26,  27,  28,  29,
    110,   1,  21,  23,  25,  26,  28,  33,  35,  37,  44,  55,  56,  57,  60,  63,
     23,  25,  27,  28,  46,  47,  54,  57, 106,   0,   1,   3,   4,   6,  10,  12,
     14,  18,  20,  21,  22,  25,  27,  33,  34,  35,  36,  37,  41,  42,  43,  44,
     45,  46,  47,  48,  53,  54,  55,  56,  57,  58,  59,  60,  61,  62,  63,  64,
     68,  69,  71,  72,  73,  74,  76,  79,  81,  84,  86,  88,  89,  90,  91,  92,
     93,  94,  95,  96,  97,  98,  99, 108, 110,   3,  18,  21,  27,  29,  57,   1,
      3,   4,   6,   8,  10,  11,  12,  14,  18,  20,  21,  22,  33,  34,  35,  36,
     37,  41,  42,  43,  44,  45,  46,  47,  48,  53,  54,  55,  56,  57,  58,  59,
     60,  61,  62,  63,  64,  68,  69,  71,  72,  74,  76,  79,  81,  84,  88,  91,
     92,  93,  95,  98, 101, 104, 105,   1,   3,   4,   6,  10,  18,  20,  21,  33,
     35,  36,  37,  41,  42,  44,  45,  46,  47,  48,  54,  55,  56,  57,  58,  59,
     60,  61,  63,  64,  68,  69,  71,  72,  74,  76,   1,   3,   4,   7,   9,  10,
     11,  12,  15,  16,  17,  20,  21,  22,  23,  24,  33,  35,  36,  37,  40,  41,
     42,  43,  44,  45,  46,  55,  56,  57,  58,  59,  60,  62,  63,  64,  69,  71,
     74,  84,  89,  90,  94,  95,  96,  97, 101, 109,   1,   3,   4,   6,   7,   8,
      9,  10,  12,  14,  15,  17,  18,  20,  21,  22,  33,  34,  35,  36,  37,  41,
     42,  43,  44,  45,  46,  47,  48,  53,  54,  55,  56,  57,  58,  59,  60,  61,
     62,  63,  64,  68,  69,  71,  72,  73,  74,  76,  79,  81,  83,  84,  87,  88,
     89,  90,  91,  92,  93,  94,  95,  96,  97,  98, 103,   1,   4,  10,  20,  24,
     35,  43,  44,  45,  46,  56,  57,  60,  63,  69,  71,  84,  94,  39,  57,  35,
     39,   0,   7,  13,  15,  16,  22,  23,  25,  26,  27,  28,  75,  80,  82,  85,
     91,  95,  96, 106, 109, 110,   0,   3,  13,  15,  16,  18,  21,  22,  23,  25,
     26,  27,  28,  29,  32,  45,  46,  47,  48,  62,  75,  76,  79,  80,  81,  82,
     85,  86,  90,  91,  92,  93,  96,  97, 100, 101, 106, 109, 110,   0,  16,  18,
     22,  23,  25,  26,  27,  28,  33,  35,  38,  40,  45,  47,  55,  56,  60,  62,
     63,  75,  80,  82,  86,  90,  91,  94,  97,  98, 106,  57,   0,   1,   3,   4,
     10,  13,  15,  18,  21,  22,  25,  26,  31,  33,  35,  37,  42,  43,  54,  55,
     56,  57,  60,  63,  64, 109, 110,  23,  25,  26,  28,  39,  75,  80,  39,  57,
      0,   1,   3,   4,  10,  12,  14,  15,  16,  20,  23,  24,  25,  26,  28,  33,
     35,  37,  40,  42,  43,  44,  55,  56,  60,  63,  74,  75,   1,   3,   4,  16,
     23,  28,  33,  40,  55,  57,  94,   1,   3,   8,   9,  10,  12,  15,  18,  21,
     23,  25,  26,  27,  28,  29,  33,  35,  37,  42,  44,  45,  46,  54,  55,  56,
     58,  60,  62,  63,  64,   0,   7,  13,  16,  23,  25,  26,  27,  28,  45,  47,
     80,  82, 106,  10,  15,  22,  23,  25,  26,  28,  35,  36,  57,  60,  13,  16,
     23,  25,  26,  27,  28,  39,  69,  75,  80,  86, 100, 106, 109,   1,   3,  10,
     12,  18,  21,  23,  25,  26,  27,  28,  29,  33,  35,  37,  42,  45,  54,  55,
     56,  58,  60,  62,  63,  64,  74,  75,  79,  80,  81,  82,  88,  90,  92,  93,
     96, 106,   1,   3,  18,  21,  23,  25,  26,  27,  28,  29,  33,  35,  42,  46,
     54,  55,  60,  74,  80,   1,   4,  10,  12,  13,  14,  23,  25,  26,  28,  33,
     35,  40,  42,  44,  55,  56,  60,  63,  74,  80,  81,  84,  85,  95, 106,   1,
      4,  10,  12,  13,  15,  20,  23,  25,  26,  28,  33,  35,  37,  42,  44,  55,
     56,  60,  63,  64,  74,  75,  80,  23,  25,  26,  28,  80, 106, 114, 112, 117,
     23,  25,  28,  35,  39,  43,  44,  45,  46,   3,  18,  21,  23,  25,  26,  27,
     28,  29,  54, 111,  23,  25,  28,  22,  23,  25,  26,  27,  28,  45,  75,  18,
     21,  22,  23,  25,  26,  27,  28,  29,  45,  47,  48,  75,  80,  82, 106,   0,
      9,  19,  20,  22,  23,  24,  25,  26,  27,  28,  29,  30,  31,  34,  38,  39,
     40,  49,  54,  57,  65,  66,  67,  69,  70,  71,  75,  77,  78,  80,  82,  83,
     85,  86,  99, 100, 106, 109, 110,  23,  25,  26,  27,  28,  23,  25,  26,  27,
     28,  18,  21,  22,  23,  25,  26,  27,  28,  29,  45,  46,  47,  48,  75,  80,
    106,  18,  23,  25,  26,  27,  28,  75,  18,  23,  25,  27,  28,  29,  33,  35,
     37,  42,  45,  62,   0,  13,  15,  16,  23,  25,  26,  28,  45,  46,  75,  80,
    106, 109,  22,  23,  25,  26,  27,  28,  33,  38,  40,  45,  47,  75,   0,   2,
     16,  19,  20,  22,  23,  24,  25,  26,  27,  28,  29,  30,  31,  34,  36,  40,
     49,  50,  51,  52,  57,  65,  74,  75,  76,  77, 109, 110, 113, 114, 115, 116,
    117, 118, 119, 120, 121,  57,  23,  25,  26,  28,  39,  75,  57,  23,  25,  26,
     28,  23,  25,  26,  27,  28,  29,  57,  69,  57,   3,  13,  16,  18,  21,  23,
     25,  26,  27,  28,  45,  46,  47,  75,  79,  80,  82,  85,  86,  90,  91,  93,
     94,  96, 106, 109, 110,  18,  23,  25,  26,  28,  29,  33,  35,  37,  44,  45,
     46,  57,  23,  25,  26,  27,  28,  47,   0,  19,  23,  25,  26,  27,  28,  29,
     36,  57,  65,  77,  18,  20,  33,  35,  37,  41,  44,  45,  55,  56,  57,  60,
     61,  63,  64,  71,  92,  93,  95,  97,  98, 108,  23,  25,  26,  27,  28,  75,
     20,  23,  25,  26,  28,  33,  35,  37,  42,  44,  60,  33,  35,  36,  40,  43,
     57,  75,  18,  21,  26,  28,  57,  18,  21,  23,  25,  26,  28,  57,  18,  20,
     21,  22,  23,  25,  26,  27,  28,  29,  35,  41,  57,  75,  18,  19,  22,  23,
     25,  26,  28,  33,  35,  36,  37,  42,  43,  45,  46,  47,  48,  57,  75,  23,
     25,  26,  57,  35,  75,   0,  25,  28,  45,  91,  94,  96, 100, 106,  18,  20,
     33,  35,  41,  42,  44,  45,  47,  53,  56,  57,  58,  60,  79,  81,  84,  86,
     88,  90,  91,  92,  93,  94,  95,  96,  97,  98, 101, 105, 107, 108,  18,  23,
     25,  28,  80,  81,  82,  85,  86,  90,  94,  96,  97, 106,  18,  20,  33,  35,
     37,  41,  42,  45,  47,  53,  56,  57,  60,  79,  81,  83,  84,  86,  87,  88,
     89,  90,  91,  92,  93,  94,  95,  96,  97,  98, 101, 105, 108,  27,  28,  80,
     86,  90,  93,  94,  96,  20,  23,  25,  28,  47,  80,  81,  84,  85,  86,  90,
     94,  95,  96, 106,  18,  23,  25,  27,  28,  29,  47,  79,  80,  81,  82,  83,
     86,  87,  90,  91,  93, 106,  18,  23,  27,  28,  45,  47,  79,  80,  81,  82,
     85,  87,  88,  90,  93,  94,  96, 100, 106,  23,  25,  28,  75,  80,  86,  96,
    106,  18,  21,  23,  27,  28,  33,  35,  57,  80,  81,  82,  90,  93,  98, 102,
    105, 106,  20,  23,  25,  28,  75,  80,  81,  84,  85,  90,  94,  95,  96, 106,
     20,  23,  25,  28,  35,  80,  83,  84,  85,  97, 106, 108,  23,  25,  27,  28,
     45,  75,  80,  85,  91, 106,  23,  28,  33,  35,  75,  80,  95,  97, 106,  18,
     21,  23,  27,  28,  33,  35,  45,  57,  79,  80,  81,  82,  86,  90,  93,  96,
     98, 102, 106,  23,  25,  27,  28,  45,  75,  80,  82,  84,  85,  86,  91,  94,
     95,  96,  98, 100, 106,  20,  94,  96,  28,   4,  18,  33,  34,  35,  41,  45,
     47,  56,  57,  60,  79,  81,  84,  88,  90,  91,  92,  93,  94,  95,  96,  97,
     98, 101, 105,  35,  75,  98,  23,  33,  35,  45,  75,  80,  91,  92,  95, 101,
    105,  75,  18,  20,  22,  33,  35,  41,  42,  45,  47,  53,  56,  57,  60,  79,
     81,  84,  87,  88,  89,  90,  91,  92,  93,  94,  95,  96,  97,  98, 105,  23,
     25,  86,  23,  25,  26,  27,  28,  18,  21,  23,  25,  26,  27,  28,  45,  47,
     48,  75,  18,  23,  25,  26,  27,  28,  45,  47,  48,  75,  80, 106,   6,  10,
     12,  14,  15,  18,  20,  21,  33,  35,  41,  54,  57,   6,  10,  12,  14,  15,
     18,  20,  21,  22,  24,  27,  33,  35,  36,  37,  41,  54,  57,   7,  52, 113,
    114, 116, 117, 119,  51, 112, 114, 117,  52, 117, 119, 112, 117,  52, 117, 119,
    112, 113, 114, 116, 118, 117, 119, 112, 114, 116, 117,
};

static const int8_t misans_latin_12_mediumKernSparseValues[] = {
     -36,  -24,    8,  -37,   -8,  -55,    8,   -9,  -16,   -9,    8,  -43,   16,   13,  -24,  -17,
      -9,  -14,  -31,  -20,   -4,  -12,   -9,  -40,  -12,  -40,  -25,   -3,  -43,   -8,   -4,   -2,
      -8,  -14,  -17,  -12,   -2,   16,  -13,  -37,  -11,  -16,   -8,   -8,  -12,   -4,  -40,  -16,
     -44,  -14,  -52,  -34,    4,  -48,   -8,  -14,    6,   -4,  -26,  -14,  -32,  -22,   -8,  -12,
     -11,  -18,  -44,  -32,  -17,  -11,  -33,  -27,  -20,  -11,    9,   -9,   -4,  -28,  -20,   10,
     -13,  -11,   -7,   -7,  -11,  -11,  -14,  -11,   -7,  -21,   -3,   -6,  -10,  -13,   -8,   -5,
     -10,   -7,   -8,   -4,  -10,   -4,   -8,    3,   -5,  -10,   -8,   -8,   -8,  -13,  -11,  -15,
     -16,   -8,  -11,   -7,  -16,   -9,  -12,  -29,   -8,  -24,  -12,   -4,  -25,  -39,  -30,   -8,
     -42,  -15,  -11,   -8,  -37,  -28,    8,  -31,  -55,   -8,  -35,  -11,  -29,  -28,    3,  -12,
       4,  -40,  -44,  -33,  -32,  -10,  -28,  -17,  -23,  -15,  -15,  -15,  -68,  -31,   -4,   -8,
      -9,   -8,  -10,   -8,  -16,   -8,  -15,   -8,  -24,  -43,  -20,  -13,  -11,   -8,  -28,  -34,
      -4,  -18,   -9,  -16,  -11,    4,    2,  -10,  -22,   -7,  -14,    4,   -8,  -25,   -3,  -36,
     -12,   -1,  -13,  -16,   -4,  -16,  -17,  -26,  -37,   -4,  -18,  -11,  -25,  -29,  -31,  -14,
     -34,   -8,  -32,  -25,  -34,   -1,   -4,   -1,   -2,  -12,   -8,  -14,  -13,   -6,   -6,  -13,
      -1,  -24,  -28,    4,  -20,  -36,  -24,   -8,  -17,  -13,  -16,  -31,  -51,  -44,  -12,   -7,
      -9,   -4,   -4,  -10,  -14,   -4,   -9,  -13,   -2,   -2,   -3,   -3,  -12,   -9,  -20,   -1,
      -9,   -4,  -17,   -8,   -8,   -2,   -9,  -14,   -4,   -5,   -9,   -8,   -4,   -8,   -4,  -18,
      -5,   -9,   19,   -9,   -6,   -4,   -8,  -10,  -25,   -8,  -14,  -12,  -10,   -8,  -19,  -10,
     -14,  -20,  -14,  -13,   -6,  -16,  -17,  -10,   -5,  -26,    8,  -12,   -5,   -8,  -16,  -12,
     -18,  -20,   -8,   -4,  -16,   -8,  -12,   -6,  -13,   -8,   -7,   -4,   -2,   17,   -4,    4,
       9,    7,  -10,  -28,  -10,  -12,  -22,  -36,   -2,   -4,  -19,  -14,  -12,  -11,   -7,   -8,
      -4,   -4,   -8,   -4,  -32,  -50,  -19,  -14,   22,  -13,  -12,   -4,  -14,  -12,   -7,   -4,
     -35,  -16,  -55,  -30,  -34,  -48,  -22,  -22,  -24,  -34,  -34,    9,  -15,  -10,   -9,  -12,
     -12,   -4,   -8,  -18,   -2,   -4,   -4,   -6,   -8,  -15,   -4,   -4,  -12,   13,    3,   -7,
     -12,   -6,  -18,   12,  -11,  -15,    7,  -37,  -19,  -13,  -11,  -20,  -14,   -9,   -8,   -7,
      -2,   -6,  -13,  -10,  -10,   -5,   -4,   -4,  -10,  -12,   -7,  -20,  -11,  -13,   10,  -12,
     -13,   -7,   -6,  -13,  -10,   -4,  -12,  -24,  -16,  -16,  -16,    4,    7,    2,  -24,  -23,
     -18,   -7,  -28,  -14,  -17,    3,  -37,   10,  -36,  -30,  -10,  -46,  -37,   -8,  -53,  -10,
     -42,  -32,  -62,   -5,   -6,   -8,   -6,  -17,   -8,  -26,  -20,   -5,   -6,   -6,  -26,   -6,
      -6,  -54,  -48,  -39,  -16,  -40,   -4,  -12,  -26,  -41,   -8,  -10,   -4,  -13,  -13,   -8,
     -11,  -10,    8,  -10,   -4,    8,    4,   10,  -58,  -11,  -10,   19,  -10,  -10,    4,  -10,
     -10,   -4,  -32,   -4,  -32,  -24,    4,   -5,   -8,  -16,  -12,   -9,   -9,  -14,  -16,   -4,
      -8,   -6,  -12,   -8,   -1,   -2,   -8,   -4,   -2,   -2,   -2,   -4,   -2,   12,   -2,   -2,
      -4,   -5,   -4,   -9,   -2,   -2,  -11,   12,   -5,    8,  -27,  -43,  -32,  -14,  -40,  -31,
     -10,  -34,  -12,  -38,   -6,   -8,   -8,  -45,  -26,  -50,  -16,  -48,  -38,  -43,  -10,  -30,
     -34,  -37,  -39,  -34,  -43,  -59,  -25,  -38,   22,  -37,  -23,  -31,  -50,  -21,  -36,  -34,
     -18,   16,   26,  -15,  -28,  -24,  -22,  -34,  -33,  -28,   16,   -9,  -23,  -47,  -36,  -39,
     -49,  -31,  -38,  -27,  -38,  -42,   -6,  -46,   12,  -14,   -8,  -14,   -4,   -2,   12,  -28,
     -52,  -17,  -11,   -8,  -26,   -8,  -21,   -8,  -32,  -13,  -39,   -5,  -32,  -20,  -31,   -7,
     -29,  -20,  -26,   -4,  -18,  -12,  -12,  -16,  -13,  -28,  -59,  -20,  -30,   20,  -28,   -9,
     -23,  -31,   -8,  -28,  -21,  -18,   12,   19,   -8,  -16,   -5,  -38,  -40,  -24,   -8,  -23,
     -20,  -37,  -12,  -24,   -8,  -20,  -26,  -15,  -34,  -11,   -7,  -21,  -23,   -6,  -36,  -26,
     -22,   -5,  -22,  -16,  -19,  -18,   -4,   -8,  -12,   -9,  -50,  -20,  -22,   23,  -24,   -5,
     -16,  -22,  -22,  -16,  -10,   12,   19,   -8,   -8,   -4,  -12,    4,  -33,   -8,   -4,   -8,
     -10,   -9,  -19,   -8,   -9,  -16,   -4,   -4,  -10,   -4,   -8,  -12,   -9,  -12,   -3,   -1,
      -9,  -10,  -13,  -14,  -17,   -8,  -12,    9,  -16,   -1,  -12,   -9,  -12,  -11,    8,   14,
      -9,  -38,  -16,   16,  -25,  -28,  -14,   -8,  -24,  -12,  -32,  -48,  -27,  -21,   -1,   -8,
      -4,  -42,  -36,  -16,   -8,  -17,  -34,  -17,  -43,  -10,  -38,  -20,  -43,  -16,  -42,  -31,
     -37,  -13,  -28,  -18,  -20,  -22,  -25,  -41,  -60,  -26,  -36,   21,  -38,  -20,  -31,  -43,
     -12,  -40,  -29,  -29,   12,   22,  -20,  -17,  -25,  -16,  -41,  -42,  -12,  -32,  -14,  -16,
     -16,  -52,  -28,  -36,  -55,  -21,  -29,  -24,  -36,  -40,  -36,  -16,  -20,  -16,  -12,   -4,
      -6,   -6,   -8,   -5,   -8,   -6,   24,   -6,   -6,   12,   21,  -20,  -13,   16,    4,  -22,
      29,  -12,  -12,  -15,   -7,  -19,   -6,  -46,  -33,  -24,   -8,  -33,  -26,  -19,   -9,  -28,
     -11,   -5,   -9,  -25,  -26,  -16,  -16,   -8,  -21,  -10,  -28,   -7,   -4,   -4,  -47,  -30,
     -22,  -14,  -38,   -4,   -1,   -2,   -4,   -6,   -2,   -2,  -23,   -2,  -15,  -34,   -4,  -24,
     -19,  -28,  -13,  -16,   -4,   -7,   -4,   -9,  -23,  -13,  -19,  -19,  -19,   -6,  -11,   -6,
      -4,  -42,  -23,  -18,  -12,  -44,   -6,   -4,   -4,   -2,   -4,   -8,   -6,   -4,   -4,   -4,
      -4,  -22,  -28,  -14,  -20,   -7,   -9,   -8,   -4,   -5,  -26,    2,   12,   -8,  -27,    6,
     -16,    9,    7,  -18,  -26,    2,    5,    6,    5,   -8,   -6,   -6,   -4,    2,  -23,   -8,
      -6,   25,   -7,   -6,   -6,   10,   20,  -35,  -30,  -21,  -24,    9,  -18,  -16,    6,    6,
      -8,   -6,    4,  -11,  -12,  -10,  -11,   -4,   -7,   -5,  -38,   -5,  -20,  -10,  -23,   -4,
      -5,   -1,   -2,   -5,   -1,   -1,   -4,   -5,   -6,   -5,   -5,  -20,   -3,    8,   -6,   -9,
     -19,  -20,    2,   -4,    2,    3,   -4,  -19,  -43,   -7,  -19,  -20,  -10,    5,  -22,  -20,
     -32,  -15,   -8,  -17,  -14,   -5,  -10,   -6,   -6,   -1,   -4,    2,    4,  -31,  -10,   -6,
     -11,   -6,    2,   -6,   -6,  -13,  -12,  -11,  -14,  -41,  -24,  -18,  -11,  -32,   -1,   -6,
     -22,   -5,  -17,   -4,    5,    4,  -12,   -8,   -4,  -17,   -3,    2,   14,   -3,  -10,  -11,
     -33,  -20,  -14,   -4,  -28,    4,    6,   -8,  -26,  -18,  -10,  -26,  -11,  -16,  -32,  -12,
     -13,  -18,  -36,  -44,  -12,   -4,  -18,  -18,   -8,  -10,   -2,   -2,   -4,    2,  -27,  -10,
      -2,   -8,   -4,    2,   -3,   -2,   -4,  -10,  -20,  -15,  -26,  -28,    6,  -22,   -2,  -22,
      12,  -22,   -9,  -32,  -15,  -28,  -37,  -12,   -8,  -20,  -19,   -8,   -8,   -4,   -2,    2,
     -23,   -8,   -4,   -2,  -19,   -5,   -9,  -14,  -11,  -10,   -8,  -39,  -16,  -12,  -22,   -6,
      -6,   -4,   -4,   -2,   -6,   -6,   -6,   -6,   -4,  -21,   11,  -10,   -8,   -2,  -21,  -12,
      -6,  -14,   -8,   -8,   -2,   -6,  -33,  -17,  -11,  -25,   -1,   -5,   -4,   -4,   -2,   -1,
      -5,   -6,   -5,   -4,   -4,  -15,  -20,  -43,  -29,   -2,  -41,  -27,  -32,   -6,   -8,   -3,
     -28,  -28,  -29,  -28,   11,  -24,  -24,  -24,  -24,  -24,  -22,  -32,  -30,  -14,  -12,  -20,
     -26,  -16,  -34,  -24,  -38,  -24,  -28,   -6,  -34,  -20,  -19,   -8,  -26,   -6,  -18,   -7,
      -4,   -4,  -35,  -28,  -20,  -12,  -32,   -4,   -2,   -6,   -2,  -22,  -24,  -12,  -12,   16,
      16,    6,    4,   11,   22,   12,   20,   23,    9,   19,   24,   28,    4,    2,    6,    8,
      10,    4,  -16,   41,    2,   21,   20,   29,    9,   28,   17,    2,   12,   18,    9,   16,
      12,   45,   34,   25,   14,   16,   16,  -24,  -16,  -12,  -17,  -28,  -31,  -16,  -13,   -8,
     -28,   -7,   -4,   -4,  -31,  -23,  -17,  -14,  -30,   -4,   -4,   -4,   -8,   -3,  -15,  -32,
     -16,   -7,  -42,  -19,   -8,  -12,  -31,  -14,  -17,  -21,   -8,  -12,  -12,   -7,  -10,   -2,
      -2,   -4,    2,    2,  -16,  -19,   -6,  -20,  -43,  -30,  -24,  -38,   -5,   -5,  -16,  -31,
     -26,  -16,   -4,  -20,  -20,  -12,  -12,  -28,   -6,   -4,   -2,   -4,  -12,  -15,   34,   31,
      31,   26,   10,   14,   41,   26,   40,   43,   34,   43,   41,   50,   32,   23,   22,   23,
      32,   46,   46,   58,   56,   28,    7,   36,    8,   28,   34,   34,   50,   44,   58,   45,
      46,   58,   60,   43,   57,   28,  -35,  -20,  -16,  -24,    9,  -18,   21,  -18,  -18,  -10,
     -22,   16,   12,   12,    8,   12,   12,   29,   11,    9,   -5,  -19,  -21,   -7,   -4,  -40,
     -26,  -17,  -16,  -34,   -4,   -2,   -7,  -15,   -5,  -32,  -17,  -15,  -24,  -11,  -12,   -5,
      -6,   -4,  -19,   -8,   -7,  -19,    7,    7,    7,    6,    7,  -10,   -6,   -6,   -8,    2,
       4,   12,  -24,  -16,   -8,   -9,  -24,   -6,   11,    5,   14,   11,   11,    2,   11,    6,
       2,   24,   11,   10,  -24,  -12,  -23,  -23,  -18,  -12,  -15,  -10,  -18,  -22,   17,  -15,
     -15,  -15,  -18,   22,  -14,  -35,  -15,  -18,  -20,  -22,  -29,  -16,  -16,   -8,  -24,  -15,
      -6,  -22,   -8,   -4,  -16,   -1,   -5,   -4,   -4,   -2,   -5,   -4,   -2,    6,   20,    8,
      44,   23,  -15,  -21,    4,   -7,    6,   -7,  -15,    2,    1,    1,   -9,   23,  -20,  -10,
     -26,   -4,   14,   16,   17,   10,   14,   11,   -9,   -6,   19,   11,  -17,    4,    3,    2,
       8,    8,   12,  -10,   -7,    8,   -7,   -4,    9,   12,   12,    4,    6,   29,  -15,  -15,
      -8,   -7,    1,   -1,  -23,  -36,  -30,  -40,   -4,  -11,  -16,  -12,  -30,  -14,  -40,  -13,
     -40,  -47,  -37,  -50,  -45,  -28,  -40,  -36,  -39,   29,  -45,  -22,  -40,  -37,  -36,   16,
      -9,  -59,  -43,  -44,  -54,  -33,  -24,  -32,  -54,  -39,  -23,  -48,  -40,  -48,   -4,  -50,
     -36,  -42,  -25,  -10,  -22,  -19,  -32,  -11,  -16,   -9,   -6,  -20,  -45,  -20,  -40,  -40,
     -40,  -30,  -33,  -15,  -21,  -30,  -28,   21,  -33,  -40,  -44,   -4,  -25,   12,  -12,  -16,
     -22,  -61,  -25,  -37,  -52,  -14,  -25,  -18,  -34,  -39,  -16,  -43,  -38,   -9,  -27,  -21,
     -13,   -8,   -8,  -20,  -10,   -2,   -6,   -7,  -10,   14,   -2,   16,   -8,  -15,   -4,   13,
      -7,   -8,   -7,   -8,  -20,  -28,  -24,  -30,  -32,  -17,  -10,  -28,  -24,  -34,  -47,  -16,
     -10,  -12,  -27,  -13,  -21,  -20,   -8,  -15,  -13,  -12,   -4,   -7,   -4,   -6,   -5,   -8,
     -16,   -7,   -7,   -7,   -8,   -8,   -4,  -12,   -8,  -36,  -24,  -36,  -20,  -25,  -16,   -4,
     -24,  -32,  -48,  -33,  -23,  -17,  -18,  -12,   12,  -13,  -32,  -26,  -38,  -32,  -12,  -28,
     -13,  -24,   -1,  -40,  -19,  -34,  -18,  -28,   13,   -6,  -20,    5,  -13,   -8,   -4,  -26,
      -8,  -46,  -23,  -28,  -16,  -16,  -10,  -13,  -18,   -9,  -27,  -12,  -39,  -32,   -4,  -44,
      -3,  -22,  -14,  -18,  -12,  -17,  -45,  -10,   -6,  -12,  -24,  -20,   -4,   -8,  -36,  -19,
     -45,  -31,  -19,  -18,  -12,   -6,   12,    4,  -20,  -15,  -29,  -33,  -21,  -31,  -26,    8,
      -7,  -16,  -16,  -57,  -40,   -8,  -54,  -16,  -45,  -42,  -10,   -9,  -30,  -25,   -9,  -30,
     -17,  -24,   -8,  -36,  -28,   -6,  -16,  -16,  -36,  -44,  -66,  -60,  -28,  -55,  -38,  -20,
     -32,  -39,   24,  -40,  -50,  -57,  -40,  -16,  -66,  -47,  -48,  -60,  -29,  -31,  -30,  -48,
     -46,  -27,  -48,  -17,  -23,   -9,  -29,    2,  -10,   -3,  -24,  -30,   10,   12,   -8,   -7,
      -5,  -23,  -31,  -13,   -6,  -28,  -19,  -13,  -14,  -22,  -21,  -32,  -12,   13,  -16,  -36,
     -34,  -20,  -10,   -9,  -16,  -40,  -27,  -19,  -44,  -16,  -20,  -21,  -17,  -24,  -16,  -36,
     -36,  -32,  -16,   -9,   -8,   -4,  -10,   -7,   -4,  -16,  -13,   -9,   -8,  -18,   -2,   -6,
      -2,   -9,   -7,  -18,  -10,   -7,   -7,  -20,   -2,   -6,   -2,   -1,  -20,  -16,   -6,  -36,
     -33,  -11,   -4,  -49,   -9,  -61,  -16,  -28,   -8,  -80,   16,  -22,  -52,  -47,  -23,  -16,
     -42,  -26,  -80,  -15,  -11,   -8,  -28,  -34,  -16,  -35,  -21,  -80,   16,   47,    8,  -12,
     -36,  -32,    8,   -7,   -4,  -12,   -2,   -2,   -6,   -6,   -9,   -8,   -6,  -15,  -14,  -10,
     -32,   -3,  -19,  -15,   -4,   -5,   -4,  -24,  -10,   -4,   -3,
};

static const EpdFontData misans_latin_12_medium = {
    misans_latin_12_mediumBitmaps,
    misans_latin_12_mediumGlyphs,
    misans_latin_12_mediumIntervals,
    101,
    33,
    27,
    -8,
    false,
    nullptr,
    0,
    nullptr,
    nullptr,  // kernLeftClasses: built-in fonts use the split arrays below
    nullptr,  // kernRightClasses
    misans_latin_12_mediumKernLeftCodepoints,
    misans_latin_12_mediumKernLeftClassIds,
    misans_latin_12_mediumKernRightCodepoints,
    misans_latin_12_mediumKernRightClassIds,
    nullptr,  // kernMatrix: built-in fonts use the sparse form below
    misans_latin_12_mediumKernRowOffsets,
    misans_latin_12_mediumKernSparseCols,
    misans_latin_12_mediumKernSparseValues,
    547,
    552,
    133,
    122,
    nullptr,
    0,
};
