/**
 * generated by fontconvert.py
 * name: misans_latin_10_medium
 * size: 10
 * mode: 1-bit mono
 * Command used: fontconvert.py misans_latin_10_medium 10 ../builtinFonts/source/MiSans/MiSans-Medium.ttf --mono
 */
#pragma once
#include "EpdFontData.h"

static const uint8_t misans_latin_10_mediumBitmaps[15624] = {
    0x00, 0x00, 0x00, 0x00, 0xFF, 0xFF, 0xFC, 0x0F, 0xDF, 0x6D, 0xB6, 0xCB, 0x20, 0x0C, 0x60, 0x63,
    0x03, 0x18, 0x18, 0xC0, 0x84, 0x3F, 0xFC, 0x63, 0x03, 0x18, 0x18, 0xC0, 0x84, 0x3F, 0xFD, 0xFF,
    0xE3, 0x18, 0x18, 0xC0, 0x84, 0x0C, 0x60, 0x0C, 0x01, 0x80, 0x78, 0x3F, 0xC6, 0xDD, 0x99, 0xB3,
    0x06, 0x60, 0xEC, 0x0F, 0x80, 0x7E, 0x07, 0xE0, 0xCC, 0x18, 0xD3, 0x1E, 0x66, 0x7F, 0xC7, 0xF0,
    0x30, 0x06, 0x00, 0x08, 0x06, 0x3F, 0x07, 0x19, 0x83, 0x18, 0x63, 0x0C, 0x33, 0x82, 0x11, 0x81,
    0xF9, 0x80, 0x31, 0x80, 0x01, 0xC0, 0x00, 0xCF, 0x80, 0xCE, 0xE0, 0xC6, 0x30, 0x62, 0x18, 0x61,
    0x8C, 0x60, 0xEE, 0x70, 0x3C, 0x0F, 0x00, 0x7E, 0x03, 0x9C, 0x0C, 0x30, 0x30, 0xC0, 0xC7, 0x01,
    0xB8, 0x07, 0xC0, 0x3E, 0x01, 0xDC, 0x6C, 0x3B, 0x30, 0x7C, 0xC0, 0xE3, 0x83, 0x87, 0x3F, 0x0F,
    0xC7, 0xFF, 0xF0, 0x32, 0x66, 0xCC, 0xCC, 0xCC, 0xCC, 0xCC, 0xCC, 0x66, 0x30, 0xCC, 0x66, 0x63,
    0x33, 0x33, 0x33, 0x33, 0x36, 0x66, 0xC0, 0x10, 0xA7, 0xD9, 0xCF, 0xEA, 0x84, 0x00, 0x18, 0x0C,
    0x06, 0x03, 0x0F, 0xFF, 0xFC, 0x60, 0x30, 0x18, 0x0C, 0x00, 0x6C, 0x9C, 0xFF, 0xFF, 0xFC, 0x06,
    0x18, 0x30, 0x61, 0x83, 0x06, 0x1C, 0x30, 0x60, 0xC3, 0x06, 0x0C, 0x30, 0x60, 0x0E, 0x07, 0xF0,
    0xC7, 0x30, 0x66, 0x0F, 0xC0, 0xF0, 0x1E, 0x03, 0xC0, 0x78, 0x0F, 0x81, 0xB0, 0x36, 0x0E, 0xE1,
    0x8F, 0xF0, 0xFC, 0x09, 0xFF, 0xB9, 0x8C, 0x63, 0x18, 0xC6, 0x31, 0x8C, 0x63, 0x1E, 0x1F, 0xCE,
    0x3B, 0x06, 0x01, 0xC0, 0x70, 0x18, 0x0E, 0x07, 0x01, 0x80, 0xC0, 0x60, 0x30, 0x18, 0x0F, 0xFF,
    0xFF, 0xFF, 0xFF, 0xF0, 0x18, 0x0C, 0x06, 0x03, 0x01, 0x80, 0xFC, 0x1B, 0x80, 0x30, 0x0C, 0x03,
    0x40, 0xF8, 0x37, 0xF8, 0xFC, 0x03, 0x80, 0xF0, 0x1E, 0x06, 0xC0, 0xD8, 0x33, 0x0E, 0x61, 0x8C,
    0x61, 0x8C, 0x33, 0x06, 0x7F, 0xFF, 0xFE, 0x03, 0x00, 0x60, 0x0C, 0x7F, 0xDF, 0xF6, 0x01, 0x80,
    0x60, 0x18, 0x06, 0x61, 0xFE, 0x73, 0xC8, 0x30, 0x0C, 0x03, 0x40, 0xF8, 0x37, 0xF8, 0xFC, 0x07,
    0x00, 0xC0, 0x30, 0x0E, 0x01, 0x80, 0x70, 0x0F, 0xC3, 0xFC, 0x71, 0xDC, 0x1B, 0x03, 0xE0, 0x3C,
    0x0F, 0xC1, 0x9F, 0xF1, 0xF8, 0xFF, 0xFF, 0xC0, 0x60, 0x70, 0x30, 0x18, 0x18, 0x0C, 0x0C, 0x06,
    0x07, 0x03, 0x03, 0x81, 0x80, 0xC0, 0xC0, 0x0F, 0x07, 0xF1, 0xC7, 0x30, 0x66, 0x0C, 0xC1, 0x8C,
    0x70, 0xFC, 0x3F, 0x8C, 0x1B, 0x81, 0xE0, 0x3E, 0x06, 0xC1, 0xDF, 0xF1, 0xFC, 0x1E, 0x07, 0xF1,
    0xC7, 0x70, 0x6C, 0x0F, 0x81, 0xF0, 0x3F, 0x06, 0x7F, 0xC7, 0xF0, 0x0E, 0x01, 0x80, 0x70, 0x0C,
    0x03, 0x00, 0xE0, 0xFC, 0x00, 0x00, 0x1F, 0x80, 0x6C, 0x00, 0x00, 0x0D, 0x93, 0x80, 0x00, 0x80,
    0xC1, 0xE3, 0xC7, 0x87, 0x03, 0x01, 0xE0, 0x3C, 0x07, 0x80, 0xE0, 0x10, 0xFF, 0xFF, 0xC0, 0x00,
    0x00, 0x07, 0xFF, 0xFE, 0x80, 0x60, 0x3C, 0x07, 0x80, 0xF0, 0x1C, 0x06, 0x0F, 0x1E, 0x3C, 0x38,
    0x10, 0x00, 0x1E, 0x0F, 0xE7, 0x1B, 0x87, 0x01, 0xC0, 0x60, 0x38, 0x1C, 0x0E, 0x03, 0x00, 0xC0,
    0x00, 0x00, 0x00, 0x00, 0xC0, 0x30, 0x03, 0xC0, 0x1F, 0xF8, 0x38, 0x1C, 0x60, 0x0E, 0x63, 0x86,
    0xC7, 0xF2, 0xCC, 0x73, 0x8C, 0x33, 0x8C, 0x33, 0x8C, 0x32, 0xCE, 0xF6, 0xC7, 0x9C, 0x60, 0x00,
    0x70, 0x00, 0x3C, 0x30, 0x0F, 0xF8, 0x03, 0x00, 0x0E, 0x00, 0x78, 0x01, 0xE0, 0x06, 0xC0, 0x33,
    0x00, 0xCC, 0x07, 0x18, 0x18, 0x60, 0x7F, 0xC3, 0xFF, 0x0C, 0x0C, 0x30, 0x39, 0x80, 0x66, 0x01,
    0xB8, 0x03, 0xFC, 0x1F, 0xF3, 0x0F, 0x60, 0x6C, 0x0D, 0x81, 0xB0, 0x77, 0xF8, 0xFF, 0xD8, 0x1B,
    0x01, 0xE0, 0x3C, 0x07, 0x81, 0xFF, 0xF7, 0xFC, 0x07, 0x80, 0xFF, 0x0E, 0x1C, 0xE0, 0x36, 0x00,
    0x70, 0x03, 0x00, 0x18, 0x00, 0xC0, 0x06, 0x00, 0x30, 0x00, 0xC0, 0x06, 0x01, 0x18, 0x1C, 0xFF,
    0xC1, 0xFC, 0xF8, 0x07, 0xFC, 0x30, 0xF9, 0x80, 0xCC, 0x07, 0x60, 0x1B, 0x00, 0xD8, 0x07, 0xC0,
    0x3E, 0x01, 0xF0, 0x0D, 0x80, 0x6C, 0x07, 0x60, 0x73, 0xFF, 0x1F, 0xE0, 0xFF, 0xBF, 0xEC, 0x03,
    0x00, 0xC0, 0x30, 0x0C, 0x03, 0xFE, 0xFF, 0xB0, 0x0C, 0x03, 0x00, 0xC0, 0x30, 0x0F, 0xFF, 0xFF,
    0xFF, 0xFF, 0xF0, 0x18, 0x0C, 0x06, 0x03, 0x01, 0xFF, 0xFF, 0xE0, 0x30, 0x18, 0x0C, 0x06, 0x03,
    0x01, 0x80, 0x07, 0x80, 0xFF, 0x0E, 0x1C, 0xE0, 0x76, 0x00, 0x70, 0x03, 0x00, 0x18, 0x00, 0xC1,
    0xFE, 0x00, 0xF0, 0x07, 0xC0, 0x36, 0x01, 0xB8, 0x1C, 0xFF, 0xC1, 0xFC, 0xC0, 0x3C, 0x03, 0xC0,
    0x3C, 0x03, 0xC0, 0x3C, 0x03, 0xC0, 0x3F, 0xFF, 0xFF, 0xFC, 0x03, 0xC0, 0x3C, 0x03, 0xC0, 0x3C,
    0x03, 0xC0, 0x3C, 0x03, 0xFF, 0xFF, 0xFF, 0xFF, 0x03, 0x81, 0xC0, 0xE0, 0x70, 0x38, 0x1C, 0x0E,
    0x07, 0x03, 0x81, 0xC0, 0xE0, 0x74, 0x3F, 0x19, 0xFC, 0x7C, 0xC0, 0x6C, 0x0C, 0xC1, 0x8C, 0x30,
    0xC6, 0x0C, 0xC0, 0xDC, 0x0F, 0xC0, 0xFC, 0x0E, 0x60, 0xC7, 0x0C, 0x30, 0xC1, 0x8C, 0x1C, 0xC0,
    0xEC, 0x07, 0xC0, 0x30, 0x0C, 0x03, 0x00, 0xC0, 0x30, 0x0C, 0x03, 0x00, 0xC0, 0x30, 0x0C, 0x03,
    0x00, 0xC0, 0x30, 0x0F, 0xFF, 0xFF, 0xC0, 0x07, 0x80, 0x1F, 0x80, 0x3F, 0x80, 0xFF, 0x03, 0xFF,
    0x06, 0xF6, 0x1D, 0xE6, 0x33, 0xCE, 0xC7, 0x8F, 0x8F, 0x0E, 0x1E, 0x18, 0x3C, 0x00, 0x78, 0x00,
    0xF0, 0x01, 0xE0, 0x03, 0xC0, 0x3C, 0x03, 0xE0, 0x3F, 0x03, 0xF0, 0x3D, 0x83, 0xDC, 0x3C, 0xC3,
    0xC6, 0x3C, 0x73, 0xC3, 0x3C, 0x1B, 0xC1, 0xFC, 0x0F, 0xC0, 0x7C, 0x07, 0x07, 0x80, 0x7F, 0x83,
    0x87, 0x1C, 0x06, 0x60, 0x1F, 0x80, 0x3C, 0x00, 0xF0, 0x03, 0xC0, 0x0F, 0x00, 0x3C, 0x00, 0xF8,
    0x03, 0x60, 0x19, 0xC0, 0xE3, 0xFF, 0x03, 0xF8, 0xF8, 0x1F, 0xF3, 0x1F, 0x60, 0x6C, 0x0F, 0x81,
    0xF0, 0x36, 0x06, 0xFF, 0xDF, 0xF3, 0x00, 0x60, 0x0C, 0x01, 0x80, 0x30, 0x06, 0x00, 0x07, 0x80,
    0x7F, 0x83, 0x87, 0x1C, 0x06, 0x60, 0x1F, 0x80, 0x3C, 0x00, 0xF0, 0x03, 0xC0, 0x0F, 0x00, 0x3C,
    0x00, 0xF8, 0x13, 0x60, 0xF9, 0xC1, 0xE3, 0xFF, 0x03, 0xFE, 0x00, 0x1C, 0x00, 0x20, 0xF8, 0x1F,
    0xF3, 0x1F, 0x60, 0x6C, 0x0D, 0x81, 0xB0, 0x36, 0x1E, 0xFF, 0x9F, 0xC3, 0x1C, 0x61, 0x8C, 0x19,
    0x83, 0x30, 0x36, 0x07, 0x1F, 0x0F, 0xF1, 0xC7, 0xE0, 0x2C, 0x01, 0x80, 0x38, 0x03, 0xE0, 0x1F,
    0x80, 0x78, 0x03, 0x80, 0x34, 0x07, 0xC1, 0xDF, 0xF1, 0xFC, 0xFF, 0xFF, 0xFF, 0x06, 0x00, 0x60,
    0x06, 0x00, 0x60, 0x06, 0x00, 0x60, 0x06, 0x00, 0x60, 0x06, 0x00, 0x60, 0x06, 0x00, 0x60, 0x06,
    0x00, 0x60, 0xC0, 0x78, 0x0F, 0x01, 0xE0, 0x3C, 0x07, 0x80, 0xF0, 0x1E, 0x03, 0xC0, 0x78, 0x0F,
    0x01, 0xE0, 0x3C, 0x07, 0xC1, 0xDF, 0xF1, 0xFC, 0xE0, 0x0D, 0x80, 0x76, 0x01, 0x9C, 0x06, 0x30,
    0x38, 0xC0, 0xC1, 0x83, 0x06, 0x18, 0x18, 0x60, 0x31, 0x80, 0xCC, 0x03, 0xB0, 0x07, 0xC0, 0x1E,
    0x00, 0x78, 0x00, 0xC0, 0xC0, 0x60, 0x36, 0x07, 0x03, 0x60, 0x70, 0x36, 0x0F, 0x07, 0x70, 0xD8,
    0x63, 0x0D, 0x86, 0x30, 0x98, 0x63, 0x18, 0x8C, 0x19, 0x8C, 0xC1, 0x98, 0xCC, 0x1B, 0x0C, 0xC1,
    0xB0, 0x78, 0x0F, 0x07, 0x80, 0xE0, 0x78, 0x0E, 0x03, 0x00, 0xE0, 0x30, 0x60, 0x1B, 0x81, 0x8E,
    0x1C, 0x30, 0xC1, 0xCC, 0x06, 0xE0, 0x1E, 0x00, 0xE0, 0x07, 0x00, 0x3C, 0x03, 0x70, 0x39, 0x81,
    0x86, 0x18, 0x39, 0xC0, 0xDC, 0x07, 0xE0, 0x1B, 0x01, 0xDC, 0x0C, 0x60, 0xC3, 0x8E, 0x0C, 0x60,
    0x37, 0x01, 0xB0, 0x07, 0x00, 0x38, 0x00, 0xC0, 0x06, 0x00, 0x30, 0x01, 0x80, 0x0C, 0x00, 0x60,
    0xFF, 0xFF, 0xFC, 0x03, 0x00, 0xE0, 0x18, 0x06, 0x01, 0xC0, 0x70, 0x0C, 0x03, 0x80, 0xE0, 0x18,
    0x07, 0x01, 0xC0, 0x3F, 0xFF, 0xFF, 0xFF, 0xF1, 0x8C, 0x63, 0x18, 0xC6, 0x31, 0x8C, 0x63, 0x18,
    0xC7, 0xFE, 0xC1, 0xC1, 0x83, 0x06, 0x06, 0x0C, 0x18, 0x18, 0x30, 0x60, 0x60, 0xC1, 0x81, 0x83,
    0xFF, 0xC6, 0x31, 0x8C, 0x63, 0x18, 0xC6, 0x31, 0x8C, 0x63, 0x1F, 0xFE, 0x0C, 0x0E, 0x0D, 0x86,
    0x66, 0x37, 0x0C, 0xFF, 0xC0, 0xE6, 0x31, 0x7F, 0x71, 0x90, 0x60, 0x31, 0xFB, 0xFF, 0x87, 0x83,
    0xC3, 0xF3, 0xDF, 0x60, 0xC0, 0x18, 0x03, 0x00, 0x60, 0x0C, 0x01, 0xBF, 0x3E, 0xF7, 0x06, 0xE0,
    0xF8, 0x0F, 0x01, 0xE0, 0x3E, 0x0D, 0xC1, 0xBF, 0xE6, 0xFC, 0x3F, 0x39, 0xF8, 0x78, 0x0C, 0x06,
    0x03, 0x01, 0x80, 0x61, 0xBF, 0xCF, 0xC0, 0x00, 0xC0, 0x30, 0x0C, 0x03, 0x00, 0xCF, 0xB7, 0xBF,
    0x87, 0xC0, 0xF0, 0x3C, 0x0F, 0x03, 0xC0, 0xD8, 0x77, 0xFC, 0xFB, 0x3F, 0x1C, 0xEE, 0x1F, 0x03,
    0xFF, 0xFF, 0xFC, 0x03, 0x00, 0xE0, 0x9E, 0xF3, 0xF0, 0x0E, 0x3C, 0xE1, 0x83, 0x1F, 0xFF, 0x98,
    0x30, 0x60, 0xC1, 0x83, 0x06, 0x0C, 0x18, 0x3E, 0xDE, 0xFE, 0x1F, 0x03, 0xC0, 0xF0, 0x3C, 0x0F,
    0x03, 0x61, 0xDF, 0xF3, 0xEC, 0x03, 0x40, 0xF8, 0x67, 0xF8, 0x78, 0xC0, 0x30, 0x0C, 0x03, 0x00,
    0xC0, 0x37, 0xEF, 0x3B, 0x87, 0xE0, 0xF0, 0x3C, 0x0F, 0x03, 0xC0, 0xF0, 0x3C, 0x0F, 0x03, 0x7D,
    0x00, 0xDB, 0x6D, 0xB6, 0xDB, 0x19, 0xC4, 0x00, 0x0C, 0x63, 0x18, 0xC6, 0x31, 0x8C, 0x63, 0x18,
    0xCF, 0xEE, 0x00, 0xC0, 0x30, 0x0C, 0x03, 0x00, 0xC0, 0x70, 0xEC, 0x73, 0x38, 0xDC, 0x37, 0x0F,
    0xC3, 0xB8, 0xC7, 0x30, 0xCC, 0x3B, 0x07, 0xCC, 0xCC, 0xCC, 0xCC, 0xCC, 0xCC, 0xCC, 0xF7, 0xDF,
    0x3E, 0xF3, 0xE7, 0xE1, 0xC3, 0xE1, 0x83, 0xC1, 0x83, 0xC1, 0x83, 0xC1, 0x83, 0xC1, 0x83, 0xC1,
    0x83, 0xC1, 0x83, 0xC1, 0x83, 0xDF, 0xBC, 0xEE, 0x1F, 0x83, 0xC0, 0xF0, 0x3C, 0x0F, 0x03, 0xC0,
    0xF0, 0x3C, 0x0C, 0x3F, 0x1C, 0xEE, 0x1F, 0x03, 0xC0, 0xF0, 0x3C, 0x0F, 0x03, 0xE1, 0xDF, 0xE3,
    0xF0, 0xDF, 0x9F, 0x7B, 0x83, 0x70, 0x6C, 0x07, 0x80, 0xF0, 0x1F, 0x06, 0xE0, 0xDF, 0xF3, 0x7E,
    0x60, 0x0C, 0x01, 0x80, 0x30, 0x00, 0x3E, 0xDF, 0xFE, 0x1F, 0x03, 0xC0, 0xF0, 0x3C, 0x0F, 0x03,
    0x61, 0xDF, 0xF3, 0xEC, 0x03, 0x00, 0xC0, 0x30, 0x0C, 0xCF, 0xBF, 0xC7, 0x0C, 0x18, 0x30, 0x60,
    0xC1, 0x83, 0x00, 0x7E, 0xE7, 0xC2, 0xC0, 0xF0, 0x3E, 0x07, 0x03, 0xC3, 0xF7, 0x7E, 0x30, 0x60,
    0xC1, 0x8F, 0xFF, 0xCC, 0x18, 0x30, 0x60, 0xC1, 0x83, 0x07, 0xC7, 0x80, 0xC0, 0xF0, 0x3C, 0x0F,
    0x03, 0xC0, 0xF0, 0x3C, 0x0F, 0x83, 0x61, 0xDF, 0xF3, 0xEC, 0xC0, 0xEC, 0x19, 0x83, 0x38, 0xC3,
    0x18, 0x63, 0x06, 0xC0, 0xD8, 0x1A, 0x01, 0xC0, 0x38, 0x00, 0xC1, 0xC3, 0xB0, 0xE1, 0x98, 0x70,
    0xCC, 0x6C, 0x63, 0x36, 0x61, 0x93, 0x30, 0xD8, 0x98, 0x2C, 0x78, 0x1E, 0x3C, 0x0E, 0x0E, 0x03,
    0x06, 0x00, 0xE0, 0xCC, 0x63, 0xB0, 0x6C, 0x0E, 0x03, 0x81, 0xE0, 0x6C, 0x33, 0x9C, 0x6E, 0x0C,
    0xE0, 0xEC, 0x19, 0x83, 0x38, 0xE3, 0x18, 0x63, 0x06, 0xC0, 0xD8, 0x1B, 0x01, 0xC0, 0x38, 0x06,
    0x00, 0xC0, 0x38, 0x06, 0x00, 0xFF, 0xFF, 0x06, 0x0E, 0x1C, 0x18, 0x30, 0x70, 0xE0, 0xFF, 0xFF,
    0x02, 0x1C, 0x70, 0xC1, 0x83, 0x06, 0x0C, 0x31, 0xE3, 0xC1, 0xC1, 0x83, 0x06, 0x0C, 0x18, 0x3C,
    0x38, 0xFF, 0xFF, 0xFF, 0xFF, 0xFC, 0x81, 0xE0, 0xC0, 0xC1, 0x83, 0x06, 0x0C, 0x18, 0x1C, 0x38,
    0xC1, 0x83, 0x06, 0x0C, 0x31, 0xE3, 0x80, 0x79, 0xFF, 0xD1, 0xC0, 0x00, 0x00, 0xF0, 0x3F, 0xFF,
    0xFC, 0x06, 0x01, 0x83, 0xF9, 0xFF, 0x66, 0x99, 0x8C, 0x63, 0x18, 0xC6, 0x19, 0x86, 0x68, 0xFF,
    0x1F, 0x81, 0x80, 0x60, 0x0F, 0x03, 0xF8, 0xE7, 0x18, 0x36, 0x00, 0xC0, 0x18, 0x03, 0x00, 0xFF,
    0x0C, 0x01, 0x80, 0x30, 0x06, 0x00, 0xC0, 0x3F, 0xFF, 0xFF, 0x40, 0x1F, 0x7D, 0xCF, 0xFC, 0x70,
    0xC3, 0x03, 0x18, 0x18, 0xC0, 0xC6, 0x06, 0x38, 0x71, 0xFF, 0x1F, 0xFD, 0xC0, 0x34, 0x00, 0x80,
    0xE0, 0x36, 0x06, 0x70, 0xE3, 0x0C, 0x19, 0xC1, 0x98, 0x0F, 0x00, 0x70, 0x3F, 0xE3, 0xFE, 0x06,
    0x03, 0xFE, 0x3F, 0xE0, 0x60, 0x06, 0x00, 0x60, 0xFF, 0xFF, 0x03, 0xFF, 0xFC, 0x07, 0x81, 0xFE,
    0x30, 0x77, 0x02, 0x70, 0x03, 0x00, 0x3E, 0x07, 0xFC, 0xE0, 0xEC, 0x03, 0xC0, 0x3E, 0x03, 0x7C,
    0x61, 0xFC, 0x03, 0xC0, 0x0E, 0x00, 0x64, 0x06, 0xF0, 0xE7, 0xFC, 0x0F, 0x00, 0xCD, 0x9D, 0x10,
    0x07, 0xF0, 0x0C, 0x0C, 0x08, 0x01, 0x8C, 0x78, 0x44, 0x7F, 0x14, 0x71, 0x0A, 0x30, 0x05, 0x18,
    0x02, 0x8C, 0x01, 0xC6, 0x00, 0xA3, 0x08, 0x48, 0xFE, 0x24, 0x3E, 0x21, 0x00, 0x30, 0x60, 0x30,
    0x1F, 0xE0, 0x39, 0xF0, 0x4F, 0x7F, 0x17, 0xCC, 0x0E, 0xF1, 0x8C, 0x31, 0x87, 0x30, 0xE7, 0x07,
    0x38, 0x39, 0x81, 0x8C, 0x0E, 0xF0, 0xFF, 0xC0, 0x30, 0x0C, 0x03, 0x00, 0xC0, 0xFF, 0xFF, 0x3F,
    0x10, 0x29, 0xEA, 0x49, 0x9E, 0x67, 0x19, 0x65, 0x4A, 0x61, 0x87, 0x80, 0xFF, 0xC0, 0x38, 0xFA,
    0x1C, 0x38, 0x78, 0x9E, 0x00, 0x0C, 0x01, 0x80, 0x30, 0x06, 0x0F, 0xFF, 0xFF, 0xC3, 0x00, 0x60,
    0x0C, 0x00, 0x00, 0x00, 0x7F, 0xFF, 0xFE, 0x38, 0xFB, 0x18, 0x30, 0xC3, 0x86, 0x18, 0x7F, 0xFC,
    0x7E, 0xFC, 0x30, 0xC3, 0xC3, 0xC1, 0xA3, 0xE6, 0xF8, 0x37, 0xE4, 0xC0, 0xF0, 0x3C, 0x0F, 0x03,
    0xC0, 0xF0, 0x3C, 0x0F, 0x83, 0xE1, 0xFC, 0xFD, 0xEF, 0x00, 0xC0, 0x30, 0x0C, 0x00, 0x1F, 0xF7,
    0xFF, 0x61, 0x3C, 0x13, 0xC1, 0x3C, 0x13, 0x61, 0x37, 0xF3, 0x1F, 0x30, 0x13, 0x01, 0x30, 0x13,
    0x01, 0x30, 0x13, 0x01, 0x30, 0x13, 0x01, 0x30, 0x13, 0x01, 0x30, 0xF0, 0xCC, 0xEB, 0xFE, 0x17,
    0xFB, 0x33, 0x33, 0x33, 0x73, 0xFC, 0xE1, 0x87, 0x3F, 0x8C, 0xF7, 0x03, 0x18, 0x19, 0xC0, 0xCE,
    0x0E, 0x71, 0xCE, 0x19, 0xC3, 0x18, 0xE7, 0x00, 0x30, 0x0E, 0x78, 0x06, 0x3C, 0x06, 0x06, 0x06,
    0x03, 0x03, 0x01, 0x83, 0x00, 0xC3, 0x1C, 0x61, 0x8E, 0x31, 0x8F, 0x19, 0x8D, 0x81, 0xC6, 0xC0,
    0xC6, 0x60, 0xC3, 0x30, 0xC1, 0xFC, 0x60, 0x0C, 0x60, 0x06, 0x30, 0x0E, 0x3C, 0x03, 0x0F, 0x01,
    0x80, 0xC0, 0xC0, 0x30, 0x30, 0x0C, 0x18, 0x03, 0x0C, 0x70, 0xC3, 0x3E, 0x31, 0x98, 0xCC, 0xC0,
    0x30, 0x70, 0x18, 0x18, 0x0E, 0x0C, 0x03, 0x06, 0x01, 0x81, 0x80, 0xFC, 0xC0, 0x3F, 0x7E, 0x03,
    0x8F, 0xC0, 0x60, 0x30, 0x18, 0x0C, 0x06, 0x03, 0xC0, 0xC0, 0x4C, 0x30, 0x01, 0x8C, 0x76, 0x33,
    0x9E, 0x7E, 0x63, 0xC7, 0x98, 0xD8, 0x06, 0x1B, 0x00, 0xC6, 0x60, 0x30, 0xCC, 0x0C, 0x3F, 0xC1,
    0x80, 0x30, 0xE0, 0x06, 0x18, 0x0C, 0x00, 0x00, 0x00, 0x00, 0xC0, 0x60, 0x30, 0x30, 0x30, 0x30,
    0x18, 0x0C, 0x1F, 0x39, 0xF8, 0x30, 0x02, 0x00, 0x1C, 0x00, 0x38, 0x00, 0x40, 0x03, 0x00, 0x0E,
    0x00, 0x78, 0x01, 0xE0, 0x06, 0xC0, 0x33, 0x00, 0xCC, 0x07, 0x18, 0x18, 0x60, 0x7F, 0xC3, 0xFF,
    0x0C, 0x0C, 0x30, 0x39, 0x80, 0x66, 0x01, 0xB8, 0x03, 0x01, 0x00, 0x06, 0x00, 0x30, 0x00, 0x80,
    0x03, 0x00, 0x0E, 0x00, 0x78, 0x01, 0xE0, 0x06, 0xC0, 0x33, 0x00, 0xCC, 0x07, 0x18, 0x18, 0x60,
    0x7F, 0xC3, 0xFF, 0x0C, 0x0C, 0x30, 0x39, 0x80, 0x66, 0x01, 0xB8, 0x03, 0x07, 0x80, 0x3F, 0x00,
    0x44, 0x00, 0xC0, 0x03, 0x80, 0x1E, 0x00, 0x78, 0x01, 0xB0, 0x0C, 0xC0, 0x33, 0x01, 0xC6, 0x06,
    0x18, 0x1F, 0xF0, 0xFF, 0xC3, 0x03, 0x0C, 0x0E, 0x60, 0x19, 0x80, 0x6E, 0x00, 0xC0, 0x06, 0x40,
    0x3F, 0x00, 0x88, 0x00, 0xC0, 0x03, 0x80, 0x1E, 0x00, 0x78, 0x01, 0xB0, 0x0C, 0xC0, 0x33, 0x01,
    0xC6, 0x06, 0x18, 0x1F, 0xF0, 0xFF, 0xC3, 0x03, 0x0C, 0x0E, 0x60, 0x19, 0x80, 0x6E, 0x00, 0xC0,
    0x0C, 0xC0, 0x33, 0x80, 0x84, 0x00, 0xC0, 0x03, 0x80, 0x1E, 0x00, 0x78, 0x01, 0xB0, 0x0C, 0xC0,
    0x33, 0x01, 0xC6, 0x06, 0x18, 0x1F, 0xF0, 0xFF, 0xC3, 0x03, 0x0C, 0x0E, 0x60, 0x19, 0x80, 0x6E,
    0x00, 0xC0, 0x01, 0x00, 0x1E, 0x00, 0x48, 0x01, 0x20, 0x03, 0x00, 0x0C, 0x00, 0x38, 0x01, 0xE0,
    0x07, 0x80, 0x1B, 0x00, 0xCC, 0x03, 0x30, 0x1C, 0x60, 0x61, 0x81, 0xFF, 0x0F, 0xFC, 0x30, 0x30,
    0xC0, 0xE6, 0x01, 0x98, 0x06, 0xE0, 0x0C, 0x00, 0x7F, 0xF0, 0x07, 0xFF, 0x00, 0xD8, 0x00, 0x1D,
    0x80, 0x01, 0x98, 0x00, 0x39, 0x80, 0x03, 0x18, 0x00, 0x61, 0xFE, 0x0E, 0x1F, 0xE0, 0xFF, 0x80,
    0x1F, 0xF8, 0x03, 0x81, 0x80, 0x30, 0x18, 0x07, 0x01, 0x80, 0x60, 0x1F, 0xFC, 0x01, 0xFF, 0x07,
    0x80, 0xFF, 0x0E, 0x1C, 0xE0, 0x36, 0x00, 0x70, 0x03, 0x00, 0x18, 0x00, 0xC0, 0x06, 0x00, 0x30,
    0x00, 0xC0, 0x06, 0x01, 0x18, 0x1C, 0xFF, 0xC1, 0xFC, 0x03, 0x00, 0x1C, 0x00, 0xB0, 0x07, 0x00,
    0x30, 0x00, 0x10, 0x0E, 0x00, 0xC0, 0x10, 0xFF, 0xBF, 0xEC, 0x03, 0x00, 0xC0, 0x30, 0x0C, 0x03,
    0xFE, 0xFF, 0xB0, 0x0C, 0x03, 0x00, 0xC0, 0x30, 0x0F, 0xFF, 0xFF, 0x04, 0x03, 0x81, 0xC0, 0x40,
    0xFF, 0xBF, 0xEC, 0x03, 0x00, 0xC0, 0x30, 0x0C, 0x03, 0xFE, 0xFF, 0xB0, 0x0C, 0x03, 0x00, 0xC0,
    0x30, 0x0F, 0xFF, 0xFF, 0x1C, 0x0D, 0x82, 0x33, 0xFE, 0xFF, 0xB0, 0x0C, 0x03, 0x00, 0xC0, 0x30,
    0x0F, 0xFB, 0xFE, 0xC0, 0x30, 0x0C, 0x03, 0x00, 0xC0, 0x3F, 0xFF, 0xFC, 0x63, 0x1D, 0xC2, 0x23,
    0xFE, 0xFF, 0xB0, 0x0C, 0x03, 0x00, 0xC0, 0x30, 0x0F, 0xFB, 0xFE, 0xC0, 0x30, 0x0C, 0x03, 0x00,
    0xC0, 0x3F, 0xFF, 0xFC, 0x4E, 0x31, 0x33, 0x33, 0x33, 0x33, 0x33, 0x33, 0x33, 0x33, 0x27, 0xE4,
    0x66, 0x66, 0x66, 0x66, 0x66, 0x66, 0x66, 0x66, 0x73, 0x68, 0xCC, 0x30, 0xC3, 0x0C, 0x30, 0xC3,
    0x0C, 0x30, 0xC3, 0x0C, 0x30, 0xC3, 0x00, 0xE7, 0xCD, 0x10, 0xC1, 0x83, 0x06, 0x0C, 0x18, 0x30,
    0x60, 0xC1, 0x83, 0x06, 0x0C, 0x18, 0x30, 0x60, 0x3F, 0x00, 0x7F, 0xE0, 0xC1, 0xE1, 0x80, 0xE3,
    0x00, 0xE6, 0x00, 0xCC, 0x01, 0xFF, 0x83, 0xFF, 0x06, 0x60, 0x0C, 0xC0, 0x19, 0x80, 0x73, 0x00,
    0xC6, 0x07, 0x8F, 0xFE, 0x1F, 0xF0, 0x1C, 0x81, 0xF8, 0x33, 0x0C, 0x03, 0xC0, 0x3E, 0x03, 0xF0,
    0x3F, 0x03, 0xD8, 0x3D, 0xC3, 0xCC, 0x3C, 0x63, 0xC7, 0x3C, 0x33, 0xC1, 0xBC, 0x1F, 0xC0, 0xFC,
    0x07, 0xC0, 0x70, 0x02, 0x00, 0x1C, 0x00, 0x38, 0x00, 0x40, 0x07, 0x80, 0x7F, 0x83, 0x87, 0x1C,
    0x06, 0x60, 0x1F, 0x80, 0x3C, 0x00, 0xF0, 0x03, 0xC0, 0x0F, 0x00, 0x3C, 0x00, 0xF8, 0x03, 0x60,
    0x19, 0xC0, 0xE3, 0xFF, 0x03, 0xF8, 0x01, 0x00, 0x06, 0x00, 0x30, 0x00, 0x80, 0x07, 0x80, 0x7F,
    0x83, 0x87, 0x1C, 0x06, 0x60, 0x1F, 0x80, 0x3C, 0x00, 0xF0, 0x03, 0xC0, 0x0F, 0x00, 0x3C, 0x00,
    0xF8, 0x03, 0x60, 0x19, 0xC0, 0xE3, 0xFF, 0x03, 0xF8, 0x03, 0x80, 0x1F, 0x00, 0xC4, 0x01, 0xE0,
    0x1F, 0xE0, 0xE1, 0xC7, 0x01, 0x98, 0x07, 0xE0, 0x0F, 0x00, 0x3C, 0x00, 0xF0, 0x03, 0xC0, 0x0F,
    0x00, 0x3E, 0x00, 0xD8, 0x06, 0x70, 0x38, 0xFF, 0xC0, 0xFE, 0x00, 0x06, 0x40, 0x3F, 0x00, 0x88,
    0x01, 0xE0, 0x1F, 0xE0, 0xE1, 0xC7, 0x01, 0x98, 0x07, 0xE0, 0x0F, 0x00, 0x3C, 0x00, 0xF0, 0x03,
    0xC0, 0x0F, 0x00, 0x3E, 0x00, 0xD8, 0x06, 0x70, 0x38, 0xFF, 0xC0, 0xFE, 0x00, 0x0C, 0xC0, 0x33,
    0x80, 0x84, 0x01, 0xE0, 0x1F, 0xE0, 0xE1, 0xC7, 0x01, 0x98, 0x07, 0xE0, 0x0F, 0x00, 0x3C, 0x00,
    0xF0, 0x03, 0xC0, 0x0F, 0x00, 0x3E, 0x00, 0xD8, 0x06, 0x70, 0x38, 0xFF, 0xC0, 0xFE, 0x00, 0x81,
    0x60, 0xF8, 0xEE, 0xE3, 0xE0, 0xE0, 0xF8, 0xEE, 0xE3, 0xE0, 0xC0, 0x00, 0x03, 0x03, 0xC6, 0x0F,
    0xFE, 0x1C, 0x3C, 0x38, 0x1C, 0x30, 0x3E, 0x70, 0x66, 0x60, 0xE6, 0x60, 0xC6, 0x61, 0x86, 0x63,
    0x06, 0x67, 0x06, 0x36, 0x06, 0x3C, 0x0C, 0x38, 0x1C, 0x3F, 0xF8, 0x37, 0xF0, 0xE0, 0x00, 0x40,
    0x00, 0x08, 0x03, 0x80, 0x38, 0x02, 0x0C, 0x07, 0x80, 0xF0, 0x1E, 0x03, 0xC0, 0x78, 0x0F, 0x01,
    0xE0, 0x3C, 0x07, 0x80, 0xF0, 0x1E, 0x03, 0xC0, 0x7C, 0x1D, 0xFF, 0x1F, 0xC0, 0x02, 0x00, 0xE0,
    0x30, 0x04, 0x0C, 0x07, 0x80, 0xF0, 0x1E, 0x03, 0xC0, 0x78, 0x0F, 0x01, 0xE0, 0x3C, 0x07, 0x80,
    0xF0, 0x1E, 0x03, 0xC0, 0x7C, 0x1D, 0xFF, 0x1F, 0xC0, 0x0E, 0x03, 0x60, 0xC4, 0x60, 0x3C, 0x07,
    0x80, 0xF0, 0x1E, 0x03, 0xC0, 0x78, 0x0F, 0x01, 0xE0, 0x3C, 0x07, 0x80, 0xF0, 0x1E, 0x03, 0xE0,
    0xEF, 0xF8, 0xFE, 0x00, 0x31, 0x87, 0x70, 0x44, 0x60, 0x3C, 0x07, 0x80, 0xF0, 0x1E, 0x03, 0xC0,
    0x78, 0x0F, 0x01, 0xE0, 0x3C, 0x07, 0x80, 0xF0, 0x1E, 0x03, 0xE0, 0xEF, 0xF8, 0xFE, 0x00, 0x01,
    0x00, 0x1C, 0x01, 0xC0, 0x04, 0x0E, 0x01, 0xB0, 0x1D, 0xC0, 0xC6, 0x0C, 0x38, 0xE0, 0xC6, 0x03,
    0x70, 0x1B, 0x00, 0x70, 0x03, 0x80, 0x0C, 0x00, 0x60, 0x03, 0x00, 0x18, 0x00, 0xC0, 0x06, 0x00,
    0xC0, 0x18, 0x03, 0x00, 0x7F, 0x0F, 0xF9, 0x83, 0xB0, 0x36, 0x07, 0xC0, 0xF8, 0x1B, 0x07, 0x7F,
    0xCF, 0xF1, 0x80, 0x30, 0x06, 0x00, 0x1E, 0x07, 0xE1, 0x8E, 0x30, 0xCC, 0x19, 0x83, 0x30, 0x66,
    0x78, 0xCF, 0x98, 0x1B, 0x03, 0xE0, 0x3C, 0x07, 0x81, 0xB3, 0xF6, 0x7C, 0x30, 0x1C, 0x07, 0x01,
    0x00, 0x03, 0xFB, 0x8C, 0x83, 0x01, 0x8F, 0xDF, 0xFC, 0x3C, 0x1E, 0x1F, 0x9E, 0xFB, 0x06, 0x07,
    0x03, 0x03, 0x00, 0x03, 0xFB, 0x8C, 0x83, 0x01, 0x8F, 0xDF, 0xFC, 0x3C, 0x1E, 0x1F, 0x9E, 0xFB,
    0x0C, 0x0E, 0x0D, 0x84, 0x60, 0x03, 0xFB, 0x8C, 0x83, 0x01, 0x8F, 0xDF, 0xFC, 0x3C, 0x1E, 0x1F,
    0x9E, 0xFB, 0x39, 0x1F, 0x99, 0x80, 0x07, 0xF7, 0x19, 0x06, 0x03, 0x1F, 0xBF, 0xF8, 0x78, 0x3C,
    0x3F, 0x3D, 0xF6, 0x73, 0x3B, 0x88, 0x80, 0x07, 0xF7, 0x19, 0x06, 0x03, 0x1F, 0xBF, 0xF8, 0x78,
    0x3C, 0x3F, 0x3D, 0xF6, 0x08, 0x0E, 0x0C, 0x82, 0xC1, 0xC0, 0x41, 0xFD, 0xC6, 0x41, 0x80, 0xC7,
    0xEF, 0xFE, 0x1E, 0x0F, 0x0F, 0xCF, 0x7D, 0x80, 0x7E, 0x7E, 0x71, 0xF3, 0x90, 0x70, 0xE0, 0x30,
    0x31, 0xFF, 0xFB, 0xFF, 0xFF, 0x86, 0x01, 0x83, 0x00, 0xC3, 0xC1, 0x77, 0xFB, 0xDF, 0x9F, 0x80,
    0x3F, 0x39, 0xF8, 0x78, 0x0C, 0x06, 0x03, 0x01, 0x80, 0xE1, 0xBF, 0xCF, 0xC1, 0x80, 0xE0, 0x58,
    0x38, 0x18, 0x10, 0x0E, 0x00, 0xC0, 0x10, 0x00, 0x0F, 0xC7, 0x3B, 0x87, 0xC0, 0xFF, 0xFF, 0xFF,
    0x00, 0xC0, 0x38, 0x27, 0xBC, 0xFC, 0x02, 0x01, 0xC0, 0xC0, 0x20, 0x00, 0x0F, 0xC7, 0x3B, 0x87,
    0xC0, 0xFF, 0xFF, 0xFF, 0x00, 0xC0, 0x38, 0x27, 0xBC, 0xFC, 0x0C, 0x07, 0x81, 0xE0, 0xCC, 0x00,
    0x0F, 0xC7, 0x3B, 0x87, 0xC0, 0xFF, 0xFF, 0xFF, 0x00, 0xC0, 0x38, 0x27, 0xBC, 0xFC, 0x33, 0x0C,
    0xC2, 0x30, 0x00, 0x3F, 0x1C, 0xEE, 0x1F, 0x03, 0xFF, 0xFF, 0xFC, 0x03, 0x00, 0xE0, 0x9E, 0xF3,
    0xF0, 0xCE, 0x72, 0x06, 0x66, 0x66, 0x66, 0x66, 0x66, 0x37, 0xE4, 0x0C, 0xCC, 0xCC, 0xCC, 0xCC,
    0xCC, 0x31, 0xCD, 0xA3, 0x00, 0xC3, 0x0C, 0x30, 0xC3, 0x0C, 0x30, 0xC3, 0x0C, 0xE7, 0xDD, 0x10,
    0x01, 0x83, 0x06, 0x0C, 0x18, 0x30, 0x60, 0xC1, 0x83, 0x06, 0x00, 0x08, 0x07, 0x60, 0xF9, 0xFC,
    0x33, 0x00, 0x63, 0xF9, 0xCF, 0xE1, 0xF0, 0x3C, 0x0F, 0x03, 0xC0, 0xF8, 0x67, 0xF8, 0xFC, 0x19,
    0x0F, 0xC2, 0x20, 0x00, 0xDF, 0xBC, 0xEE, 0x1F, 0x83, 0xC0, 0xF0, 0x3C, 0x0F, 0x03, 0xC0, 0xF0,
    0x3C, 0x0C, 0x38, 0x06, 0x00, 0xC0, 0x10, 0x00, 0x0F, 0xC7, 0x3B, 0x87, 0xC0, 0xF0, 0x3C, 0x0F,
    0x03, 0xC0, 0xF8, 0x77, 0xF8, 0xFC, 0x03, 0x01, 0x80, 0xC0, 0x20, 0x00, 0x0F, 0xC7, 0x3B, 0x87,
    0xC0, 0xF0, 0x3C, 0x0F, 0x03, 0xC0, 0xF8, 0x77, 0xF8, 0xFC, 0x0C, 0x07, 0x81, 0xB0, 0xC4, 0x00,
    0x0F, 0xC7, 0x3B, 0x87, 0xC0, 0xF0, 0x3C, 0x0F, 0x03, 0xC0, 0xF8, 0x77, 0xF8, 0xFC, 0x19, 0x0F,
    0xC2, 0x60, 0x00, 0x3F, 0x1C, 0xEE, 0x1F, 0x03, 0xC0, 0xF0, 0x3C, 0x0F, 0x03, 0xE1, 0xDF, 0xE3,
    0xF0, 0x33, 0x0C, 0xC2, 0x10, 0x00, 0x3F, 0x1C, 0xEE, 0x1F, 0x03, 0xC0, 0xF0, 0x3C, 0x0F, 0x03,
    0xE1, 0xDF, 0xE3, 0xF0, 0x1C, 0x0E, 0x00, 0x00, 0x0F, 0xFF, 0xFC, 0x00, 0x00, 0x1C, 0x0E, 0x00,
    0x00, 0x20, 0x03, 0x1F, 0xE3, 0x9C, 0x71, 0xE6, 0x3E, 0x63, 0x66, 0x66, 0x6C, 0x67, 0xC6, 0x78,
    0xE3, 0xFC, 0x7F, 0x8E, 0x00, 0x38, 0x06, 0x00, 0xC0, 0x10, 0x00, 0x30, 0x3C, 0x0F, 0x03, 0xC0,
    0xF0, 0x3C, 0x0F, 0x03, 0xE0, 0xD8, 0x77, 0xFC, 0xFB, 0x03, 0x01, 0x80, 0xC0, 0x10, 0x00, 0x30,
    0x3C, 0x0F, 0x03, 0xC0, 0xF0, 0x3C, 0x0F, 0x03, 0xE0, 0xD8, 0x77, 0xFC, 0xFB, 0x0C, 0x07, 0x81,
    0xB0, 0xC4, 0x00, 0x30, 0x3C, 0x0F, 0x03, 0xC0, 0xF0, 0x3C, 0x0F, 0x03, 0xE0, 0xD8, 0x77, 0xFC,
    0xFB, 0x33, 0x0C, 0xE1, 0x10, 0x00, 0xC0, 0xF0, 0x3C, 0x0F, 0x03, 0xC0, 0xF0, 0x3C, 0x0F, 0x83,
    0x61, 0xDF, 0xF3, 0xEC, 0x03, 0x00, 0xE0, 0x38, 0x02, 0x00, 0x01, 0xC1, 0xD8, 0x33, 0x06, 0x71,
    0xC6, 0x30, 0xC6, 0x0D, 0x81, 0xB0, 0x36, 0x03, 0x80, 0x70, 0x0C, 0x01, 0x80, 0x70, 0x0C, 0x00,
    0xC0, 0x18, 0x03, 0x00, 0x60, 0x0C, 0x01, 0xBF, 0x3E, 0xF7, 0x06, 0xE0, 0xD8, 0x0F, 0x01, 0xE0,
    0x3E, 0x0D, 0xC1, 0xBF, 0xE6, 0xFC, 0xC0, 0x18, 0x03, 0x00, 0x60, 0x00, 0x31, 0x87, 0x70, 0x44,
    0x00, 0x0E, 0x0E, 0xC1, 0x98, 0x33, 0x8E, 0x31, 0x86, 0x30, 0x6C, 0x0D, 0x81, 0xB0, 0x1C, 0x03,
    0x80, 0x60, 0x0C, 0x03, 0x80, 0x60, 0x00, 0x0F, 0xC0, 0x00, 0x00, 0x30, 0x00, 0xE0, 0x07, 0x80,
    0x1E, 0x00, 0x6C, 0x03, 0x30, 0x0C, 0xC0, 0x71, 0x81, 0x86, 0x07, 0xFC, 0x3F, 0xF0, 0xC0, 0xC3,
    0x03, 0x98, 0x06, 0x60, 0x1B, 0x80, 0x30, 0x3E, 0x1F, 0x00, 0x00, 0x07, 0xF7, 0x19, 0x06, 0x03,
    0x1F, 0xBF, 0xF8, 0x78, 0x3C, 0x3F, 0x3D, 0xF6, 0x0C, 0x40, 0x33, 0x00, 0x78, 0x00, 0x00, 0x03,
    0x00, 0x0E, 0x00, 0x78, 0x01, 0xE0, 0x06, 0xC0, 0x33, 0x00, 0xCC, 0x07, 0x18, 0x18, 0x60, 0x7F,
    0xC3, 0xFF, 0x0C, 0x0C, 0x30, 0x39, 0x80, 0x66, 0x01, 0xB8, 0x03, 0x22, 0x11, 0x0F, 0x81, 0x80,
    0x03, 0xFB, 0x8C, 0x83, 0x01, 0x8F, 0xDF, 0xFC, 0x3C, 0x1E, 0x1F, 0x9E, 0xFB, 0x03, 0x00, 0x07,
    0x00, 0x1E, 0x00, 0x3C, 0x00, 0x6C, 0x01, 0x98, 0x03, 0x30, 0x0E, 0x30, 0x18, 0x60, 0x3F, 0xE0,
    0xFF, 0xC1, 0x81, 0x83, 0x03, 0x8C, 0x03, 0x18, 0x06, 0x70, 0x06, 0x00, 0x18, 0x00, 0x20, 0x00,
    0xC0, 0x00, 0xF0, 0x00, 0xE0, 0x3F, 0x18, 0xE2, 0x18, 0x06, 0x1F, 0x9F, 0xEE, 0x1B, 0x06, 0xC3,
    0xB9, 0xE7, 0xD8, 0x0C, 0x03, 0x00, 0xC0, 0x3C, 0x07, 0x00, 0x80, 0x0E, 0x00, 0xC0, 0x04, 0x00,
    0x78, 0x0F, 0xF0, 0xE1, 0xCE, 0x03, 0x60, 0x07, 0x00, 0x30, 0x01, 0x80, 0x0C, 0x00, 0x60, 0x03,
    0x00, 0x0C, 0x00, 0x60, 0x11, 0x81, 0xCF, 0xFC, 0x1F, 0xC0, 0x03, 0x03, 0x03, 0x01, 0x00, 0x01,
    0xF9, 0xCF, 0xC3, 0xC0, 0x60, 0x30, 0x18, 0x0C, 0x03, 0x0D, 0xFE, 0x7E, 0x03, 0x80, 0x3E, 0x03,
    0x10, 0x0F, 0x01, 0xFE, 0x1C, 0x39, 0xC0, 0x6C, 0x00, 0xE0, 0x06, 0x00, 0x30, 0x01, 0x80, 0x0C,
    0x00, 0x60, 0x01, 0x80, 0x0C, 0x02, 0x30, 0x39, 0xFF, 0x83, 0xF8, 0x0C, 0x0F, 0x06, 0xC6, 0x20,
    0x01, 0xF9, 0xCF, 0xC3, 0xC0, 0x60, 0x30, 0x18, 0x0C, 0x03, 0x0D, 0xFE, 0x7E, 0x03, 0x00, 0x1C,
    0x00, 0x40, 0x0F, 0x01, 0xFE, 0x1C, 0x39, 0xC0, 0x6C, 0x00, 0xE0, 0x06, 0x00, 0x30, 0x01, 0x80,
    0x0C, 0x00, 0x60, 0x01, 0x80, 0x0C, 0x02, 0x30, 0x39, 0xFF, 0x83, 0xF8, 0x0C, 0x06, 0x00, 0x00,
    0x03, 0xF3, 0x9F, 0x87, 0x80, 0xC0, 0x60, 0x30, 0x18, 0x06, 0x1B, 0xFC, 0xFC, 0x04, 0x40, 0x76,
    0x01, 0xE0, 0x06, 0x00, 0x78, 0x0F, 0xF0, 0xE1, 0xCE, 0x03, 0x60, 0x07, 0x00, 0x30, 0x01, 0x80,
    0x0C, 0x00, 0x60, 0x03, 0x00, 0x0C, 0x00, 0x60, 0x11, 0x81, 0xCF, 0xFC, 0x1F, 0xC0, 0x31, 0x0D,
    0x87, 0x81, 0x80, 0x01, 0xF9, 0xCF, 0xC3, 0xC0, 0x60, 0x30, 0x18, 0x0C, 0x03, 0x0D, 0xFE, 0x7E,
    0x22, 0x01, 0x98, 0x07, 0x80, 0x18, 0x0F, 0x80, 0x7F, 0xC3, 0x0F, 0x98, 0x0C, 0xC0, 0x76, 0x01,
    0xB0, 0x0D, 0x80, 0x7C, 0x03, 0xE0, 0x1F, 0x00, 0xD8, 0x06, 0xC0, 0x76, 0x07, 0x3F, 0xF1, 0xFE,
    0x00, 0x00, 0xCC, 0x03, 0x30, 0x0C, 0x80, 0x36, 0x00, 0xC0, 0xFB, 0x07, 0xBC, 0x38, 0x70, 0xC0,
    0xC3, 0x03, 0x0C, 0x0C, 0x30, 0x30, 0xC0, 0xC1, 0x87, 0x07, 0xFC, 0x0F, 0xB0, 0x3F, 0x00, 0x7F,
    0xE0, 0xC1, 0xE1, 0x80, 0xE3, 0x00, 0xE6, 0x00, 0xCC, 0x01, 0xFF, 0x83, 0xFF, 0x06, 0x60, 0x0C,
    0xC0, 0x19, 0x80, 0x73, 0x00, 0xC6, 0x07, 0x8F, 0xFE, 0x1F, 0xF0, 0x00, 0xC0, 0x0C, 0x07, 0xF0,
    0x7F, 0x00, 0xC3, 0xEC, 0x7F, 0xCE, 0x1C, 0xC0, 0xCC, 0x0C, 0xC0, 0xCC, 0x0C, 0xC0, 0xC6, 0x1C,
    0x7F, 0xC3, 0xEC, 0x3E, 0x00, 0x0F, 0xFB, 0xFE, 0xC0, 0x30, 0x0C, 0x03, 0x00, 0xC0, 0x3F, 0xEF,
    0xFB, 0x00, 0xC0, 0x30, 0x0C, 0x03, 0x00, 0xFF, 0xFF, 0xF0, 0x3F, 0x0F, 0xC0, 0x00, 0x00, 0x3F,
    0x1C, 0xEE, 0x1F, 0x03, 0xFF, 0xFF, 0xFC, 0x03, 0x00, 0xE0, 0x9E, 0xF3, 0xF0, 0x22, 0x08, 0x83,
    0xE0, 0x00, 0xFF, 0xBF, 0xEC, 0x03, 0x00, 0xC0, 0x30, 0x0C, 0x03, 0xFE, 0xFF, 0xB0, 0x0C, 0x03,
    0x00, 0xC0, 0x30, 0x0F, 0xFF, 0xFF, 0x23, 0x0C, 0xC1, 0xE0, 0x30, 0x00, 0x0F, 0xC7, 0x3B, 0x87,
    0xC0, 0xFF, 0xFF, 0xFF, 0x00, 0xC0, 0x38, 0x27, 0xBC, 0xFC, 0x1C, 0x07, 0x00, 0x83, 0xFE, 0xFF,
    0xB0, 0x0C, 0x03, 0x00, 0xC0, 0x30, 0x0F, 0xFB, 0xFE, 0xC0, 0x30, 0x0C, 0x03, 0x00, 0xC0, 0x3F,
    0xFF, 0xFC, 0x0C, 0x03, 0x00, 0x00, 0x00, 0x3F, 0x1C, 0xEE, 0x1F, 0x03, 0xFF, 0xFF, 0xFC, 0x03,
    0x00, 0xE0, 0x9E, 0xF3, 0xF0, 0xFF, 0xBF, 0xEC, 0x03, 0x00, 0xC0, 0x30, 0x0C, 0x03, 0xFE, 0xFF,
    0xB0, 0x0C, 0x03, 0x00, 0xC0, 0x30, 0x0F, 0xFF, 0xFF, 0x01, 0x80, 0xC0, 0x30, 0x0F, 0x01, 0xC0,
    0x3F, 0x1C, 0xEE, 0x1F, 0x03, 0xFF, 0xFF, 0xFC, 0x03, 0x00, 0xE0, 0x9E, 0xF3, 0xF0, 0x30, 0x0C,
    0x02, 0x00, 0xF0, 0x1C, 0x22, 0x0D, 0xC1, 0xC0, 0x00, 0xFF, 0xBF, 0xEC, 0x03, 0x00, 0xC0, 0x30,
    0x0C, 0x03, 0xFE, 0xFF, 0xB0, 0x0C, 0x03, 0x00, 0xC0, 0x30, 0x0F, 0xFF, 0xFF, 0x21, 0x0C, 0x81,
    0xE0, 0x30, 0x00, 0x0F, 0xC7, 0x3B, 0x87, 0xC0, 0xFF, 0xFF, 0xFF, 0x00, 0xC0, 0x38, 0x27, 0xBC,
    0xFC, 0x03, 0x80, 0x3E, 0x03, 0x10, 0x0F, 0x01, 0xFE, 0x1C, 0x39, 0xC0, 0xEC, 0x00, 0xE0, 0x06,
    0x00, 0x30, 0x01, 0x83, 0xFC, 0x01, 0xE0, 0x0F, 0x80, 0x6C, 0x03, 0x70, 0x39, 0xFF, 0x83, 0xF8,
    0x0C, 0x07, 0x81, 0xE0, 0x8C, 0x00, 0x0F, 0xB7, 0xBF, 0x87, 0xC0, 0xF0, 0x3C, 0x0F, 0x03, 0xC0,
    0xD8, 0x77, 0xFC, 0xFB, 0x00, 0xD0, 0x3E, 0x19, 0xFE, 0x1E, 0x00, 0x0C, 0x40, 0x66, 0x01, 0xE0,
    0x06, 0x00, 0x78, 0x0F, 0xF0, 0xE1, 0xCE, 0x07, 0x60, 0x07, 0x00, 0x30, 0x01, 0x80, 0x0C, 0x1F,
    0xE0, 0x0F, 0x00, 0x7C, 0x03, 0x60, 0x1B, 0x81, 0xCF, 0xFC, 0x1F, 0xC0, 0x23, 0x0C, 0xC1, 0xE0,
    0x30, 0x00, 0x0F, 0xB7, 0xBF, 0x87, 0xC0, 0xF0, 0x3C, 0x0F, 0x03, 0xC0, 0xD8, 0x77, 0xFC, 0xFB,
    0x00, 0xD0, 0x3E, 0x19, 0xFE, 0x1E, 0x00, 0x03, 0x00, 0x18, 0x00, 0xC0, 0x0F, 0x01, 0xFE, 0x1C,
    0x39, 0xC0, 0xEC, 0x00, 0xE0, 0x06, 0x00, 0x30, 0x01, 0x83, 0xFC, 0x01, 0xE0, 0x0F, 0x80, 0x6C,
    0x03, 0x70, 0x39, 0xFF, 0x83, 0xF8, 0x0C, 0x03, 0x00, 0x00, 0x00, 0x3E, 0xDE, 0xFE, 0x1F, 0x03,
    0xC0, 0xF0, 0x3C, 0x0F, 0x03, 0x61, 0xDF, 0xF3, 0xEC, 0x03, 0x40, 0xF8, 0x67, 0xF8, 0x78, 0x07,
    0x80, 0xFF, 0x0E, 0x1C, 0xE0, 0x76, 0x00, 0x70, 0x03, 0x00, 0x18, 0x00, 0xC1, 0xFE, 0x00, 0xF0,
    0x07, 0xC0, 0x36, 0x01, 0xB8, 0x1C, 0xFF, 0xC1, 0xFC, 0x00, 0x00, 0x18, 0x00, 0xC0, 0x02, 0x00,
    0x10, 0x01, 0x00, 0x04, 0x02, 0x00, 0xC0, 0x30, 0x00, 0x00, 0x03, 0xED, 0xEF, 0xE1, 0xF0, 0x3C,
    0x0F, 0x03, 0xC0, 0xF0, 0x36, 0x1D, 0xFF, 0x3E, 0xC0, 0x34, 0x0F, 0x86, 0x7F, 0x87, 0x80, 0x0E,
    0x01, 0xB0, 0x11, 0x8C, 0x03, 0xC0, 0x3C, 0x03, 0xC0, 0x3C, 0x03, 0xC0, 0x3C, 0x03, 0xFF, 0xFF,
    0xFF, 0xC0, 0x3C, 0x03, 0xC0, 0x3C, 0x03, 0xC0, 0x3C, 0x03, 0xC0, 0x30, 0x38, 0x07, 0x80, 0xEC,
    0x04, 0x40, 0x30, 0x03, 0x00, 0x30, 0x03, 0x00, 0x30, 0x03, 0x7E, 0x3C, 0xE3, 0x87, 0x38, 0x33,
    0x03, 0x30, 0x33, 0x03, 0x30, 0x33, 0x03, 0x30, 0x33, 0x03, 0x30, 0x0C, 0x30, 0x0C, 0x30, 0x0C,
    0xFF, 0xFF, 0xFF, 0xFF, 0x30, 0x0C, 0x30, 0x0C, 0x3F, 0xFC, 0x3F, 0xFC, 0x30, 0x0C, 0x30, 0x0C,
    0x30, 0x0C, 0x30, 0x0C, 0x30, 0x0C, 0x30, 0x0C, 0x30, 0x0C, 0x30, 0x06, 0x03, 0xF8, 0x7F, 0x03,
    0x00, 0x7F, 0x8F, 0x71, 0x87, 0x30, 0x66, 0x0C, 0xC1, 0x98, 0x33, 0x06, 0x60, 0xCC, 0x19, 0x83,
    0x77, 0xF9, 0x20, 0xC1, 0x83, 0x06, 0x0C, 0x18, 0x30, 0x60, 0xC1, 0x83, 0x06, 0x0C, 0x18, 0x30,
    0x60, 0x72, 0xFF, 0x30, 0x01, 0x83, 0x06, 0x0C, 0x18, 0x30, 0x60, 0xC1, 0x83, 0x06, 0x00, 0xF8,
    0x0C, 0x63, 0x18, 0xC6, 0x31, 0x8C, 0x63, 0x18, 0xC6, 0x31, 0x80, 0xFF, 0xC0, 0x03, 0x18, 0xC6,
    0x31, 0x8C, 0x63, 0x18, 0xC0, 0x8F, 0x2F, 0x80, 0x30, 0xC3, 0x0C, 0x30, 0xC3, 0x0C, 0x30, 0xC3,
    0x0C, 0x30, 0xC3, 0x0C, 0x8C, 0x7E, 0x40, 0x18, 0xC6, 0x31, 0x8C, 0x63, 0x18, 0xC6, 0x33, 0x33,
    0x33, 0x33, 0x33, 0x33, 0x33, 0x33, 0x6C, 0xCF, 0x70, 0x37, 0x20, 0x03, 0x33, 0x33, 0x33, 0x33,
    0x33, 0x6C, 0xCF, 0x70, 0x7D, 0x36, 0xDB, 0x6D, 0xB6, 0xDB, 0x6D, 0x80, 0xFF, 0xFF, 0xFC, 0xC0,
    0x3C, 0x03, 0xC0, 0x3C, 0x03, 0xC0, 0x3C, 0x03, 0xC0, 0x3C, 0x03, 0xC0, 0x3C, 0x03, 0xC0, 0x3C,
    0x03, 0xC4, 0x3C, 0xC3, 0xCF, 0xFC, 0x7E, 0x63, 0xE3, 0x43, 0x00, 0x00, 0x63, 0x63, 0x63, 0x63,
    0x63, 0x63, 0x63, 0x63, 0x63, 0x63, 0x63, 0x03, 0x03, 0x07, 0x1E, 0x1C, 0x03, 0x80, 0xF8, 0x11,
    0x80, 0xC0, 0x18, 0x03, 0x00, 0x60, 0x0C, 0x01, 0x80, 0x30, 0x06, 0x00, 0xC0, 0x18, 0x03, 0x00,
    0x61, 0x0C, 0xE3, 0x8F, 0xE0, 0xF8, 0x00, 0x18, 0x71, 0xB2, 0x30, 0x03, 0x06, 0x0C, 0x18, 0x30,
    0x60, 0xC1, 0x83, 0x06, 0x0C, 0x18, 0x30, 0xE7, 0x8E, 0x00, 0xC0, 0x6C, 0x0C, 0xC1, 0x8C, 0x30,
    0xC6, 0x0C, 0xC0, 0xDC, 0x0F, 0xC0, 0xFC, 0x0E, 0x60, 0xC7, 0x0C, 0x30, 0xC1, 0x8C, 0x1C, 0xC0,
    0xEC, 0x07, 0x00, 0x00, 0xC0, 0x0C, 0x00, 0x40, 0x04, 0x00, 0x80, 0xC0, 0x30, 0x0C, 0x03, 0x00,
    0xC0, 0x70, 0xEC, 0x73, 0x38, 0xDC, 0x37, 0x0F, 0xC3, 0xB8, 0xC7, 0x30, 0xCC, 0x3B, 0x07, 0x00,
    0x03, 0x01, 0xC0, 0x10, 0x08, 0x02, 0x00, 0xC3, 0xB1, 0xCC, 0xE3, 0x70, 0xF8, 0x3C, 0x0D, 0x83,
    0x30, 0xC6, 0x30, 0xCC, 0x1C, 0x20, 0x0E, 0x03, 0x80, 0x20, 0x06, 0x00, 0xC0, 0x18, 0x03, 0x00,
    0x60, 0x0C, 0x01, 0x80, 0x30, 0x06, 0x00, 0xC0, 0x18, 0x03, 0x00, 0x60, 0x0C, 0x01, 0xFF, 0xBF,
    0xF0, 0x23, 0x6C, 0x0C, 0xCC, 0xCC, 0xCC, 0xCC, 0xCC, 0xCC, 0xCF, 0x70, 0xC0, 0x30, 0x0C, 0x03,
    0x00, 0xC0, 0x30, 0x0C, 0x03, 0x00, 0xC0, 0x30, 0x0C, 0x03, 0x00, 0xC0, 0x30, 0x0F, 0xFF, 0xFF,
    0x00, 0x03, 0x01, 0xC0, 0x10, 0x08, 0x02, 0x00, 0xCC, 0xCC, 0xCC, 0xCC, 0xCC, 0xCC, 0xCC, 0xF7,
    0x06, 0x72, 0x24, 0xCC, 0x36, 0x0D, 0x83, 0x60, 0xC0, 0x30, 0x0C, 0x03, 0x00, 0xC0, 0x30, 0x0C,
    0x03, 0x00, 0xC0, 0x30, 0x0F, 0xFF, 0xFF, 0xCF, 0x3C, 0xF2, 0xC3, 0x0C, 0x30, 0xC3, 0x0C, 0x30,
    0xC3, 0x0F, 0x1C, 0xC0, 0x30, 0x0C, 0x03, 0x00, 0xC0, 0x30, 0x0C, 0xE3, 0x38, 0xC0, 0x30, 0x0C,
    0x03, 0x00, 0xC0, 0x30, 0x0F, 0xFF, 0xFF, 0xC1, 0x83, 0x06, 0x0C, 0x18, 0x30, 0x67, 0xCD, 0x83,
    0x06, 0x0C, 0x18, 0x3C, 0x38, 0x30, 0x03, 0x00, 0x30, 0x03, 0x00, 0x30, 0x03, 0x10, 0x3F, 0x07,
    0xE0, 0xF0, 0x0B, 0x00, 0x30, 0x03, 0x00, 0x30, 0x03, 0x00, 0x3F, 0xF3, 0xFF, 0x31, 0x8C, 0x63,
    0x1C, 0xFF, 0xF1, 0x8C, 0x63, 0x18, 0xE7, 0x02, 0x00, 0x70, 0x0E, 0x00, 0x40, 0xC0, 0x3C, 0x03,
    0xE0, 0x3F, 0x03, 0xF0, 0x3D, 0x83, 0xDC, 0x3C, 0xC3, 0xC6, 0x3C, 0x73, 0xC3, 0x3C, 0x1B, 0xC1,
    0xFC, 0x0F, 0xC0, 0x7C, 0x07, 0x03, 0x01, 0x80, 0xC0, 0x20, 0x00, 0x37, 0xEF, 0x3B, 0x87, 0xE0,
    0xF0, 0x3C, 0x0F, 0x03, 0xC0, 0xF0, 0x3C, 0x0F, 0x03, 0xC0, 0x3C, 0x03, 0xE0, 0x3F, 0x03, 0xF0,
    0x3D, 0x83, 0xDC, 0x3C, 0xC3, 0xC6, 0x3C, 0x73, 0xC3, 0x3C, 0x1B, 0xC1, 0xFC, 0x0F, 0xC0, 0x7C,
    0x07, 0x00, 0x00, 0x60, 0x0E, 0x00, 0x20, 0x04, 0x00, 0x40, 0xDF, 0xBC, 0xEE, 0x1F, 0x83, 0xC0,
    0xF0, 0x3C, 0x0F, 0x03, 0xC0, 0xF0, 0x3C, 0x0C, 0x00, 0x0C, 0x03, 0x00, 0x40, 0x10, 0x08, 0x00,
    0x11, 0x01, 0xB8, 0x0E, 0x00, 0x00, 0xC0, 0x3C, 0x03, 0xE0, 0x3F, 0x03, 0xF0, 0x3D, 0x83, 0xDC,
    0x3C, 0xC3, 0xC6, 0x3C, 0x73, 0xC3, 0x3C, 0x1B, 0xC1, 0xFC, 0x0F, 0xC0, 0x7C, 0x07, 0x31, 0x06,
    0xC1, 0xE0, 0x30, 0x00, 0x37, 0xEF, 0x3B, 0x87, 0xE0, 0xF0, 0x3C, 0x0F, 0x03, 0xC0, 0xF0, 0x3C,
    0x0F, 0x03, 0x60, 0x03, 0x00, 0x18, 0x00, 0x40, 0x04, 0x00, 0x46, 0xF8, 0x3C, 0xE1, 0xC3, 0x0C,
    0x18, 0x60, 0xC3, 0x06, 0x18, 0x30, 0xC1, 0x86, 0x0C, 0x30, 0x61, 0x83, 0xC0, 0x3C, 0x03, 0xE0,
    0x3F, 0x03, 0xF0, 0x3D, 0x83, 0xDC, 0x3C, 0xC3, 0xC6, 0x3C, 0x73, 0xC3, 0x3C, 0x1B, 0xC1, 0xFC,
    0x0F, 0xC0, 0x7C, 0x07, 0x00, 0x30, 0x03, 0x00, 0x30, 0x1F, 0x01, 0xE0, 0xDF, 0xBC, 0xEE, 0x1F,
    0x83, 0xC0, 0xF0, 0x3C, 0x0F, 0x03, 0xC0, 0xF0, 0x3C, 0x0C, 0x03, 0x00, 0xC0, 0x30, 0x7C, 0x1E,
    0x0F, 0xC0, 0x00, 0x00, 0x78, 0x07, 0xF8, 0x38, 0x71, 0xC0, 0x66, 0x01, 0xF8, 0x03, 0xC0, 0x0F,
    0x00, 0x3C, 0x00, 0xF0, 0x03, 0xC0, 0x0F, 0x80, 0x36, 0x01, 0x9C, 0x0E, 0x3F, 0xF0, 0x3F, 0x80,
    0x3F, 0x0F, 0xC0, 0x00, 0x00, 0x3F, 0x1C, 0xEE, 0x1F, 0x03, 0xC0, 0xF0, 0x3C, 0x0F, 0x03, 0xE1,
    0xDF, 0xE3, 0xF0, 0x0C, 0x40, 0x33, 0x00, 0x78, 0x00, 0x00, 0x07, 0x80, 0x7F, 0x83, 0x87, 0x1C,
    0x06, 0x60, 0x1F, 0x80, 0x3C, 0x00, 0xF0, 0x03, 0xC0, 0x0F, 0x00, 0x3C, 0x00, 0xF8, 0x03, 0x60,
    0x19, 0xC0, 0xE3, 0xFF, 0x03, 0xF8, 0x31, 0x0C, 0xC1, 0xE0, 0x30, 0x00, 0x0F, 0xC7, 0x3B, 0x87,
    0xC0, 0xF0, 0x3C, 0x0F, 0x03, 0xC0, 0xF8, 0x77, 0xF8, 0xFC, 0x03, 0x60, 0x1B, 0x00, 0x4C, 0x03,
    0x20, 0x07, 0x80, 0x7F, 0x83, 0x87, 0x1C, 0x06, 0x60, 0x1F, 0x80, 0x3C, 0x00, 0xF0, 0x03, 0xC0,
    0x0F, 0x00, 0x3C, 0x00, 0xF8, 0x03, 0x60, 0x19, 0xC0, 0xE3, 0xFF, 0x03, 0xF8, 0x0D, 0x86, 0xC1,
    0x30, 0xC8, 0x00, 0x0F, 0xC7, 0x3B, 0x87, 0xC0, 0xF0, 0x3C, 0x0F, 0x03, 0xC0, 0xF8, 0x77, 0xF8,
    0xFC, 0x07, 0x8F, 0xF8, 0x7F, 0xBF, 0xE3, 0x87, 0xC0, 0x1C, 0x07, 0x00, 0x60, 0x1C, 0x03, 0x80,
    0x30, 0x0C, 0x00, 0xC0, 0x30, 0x03, 0xFE, 0xC0, 0x0F, 0xFB, 0x00, 0x30, 0x0C, 0x00, 0xC0, 0x38,
    0x03, 0x00, 0x60, 0x1C, 0x01, 0xC0, 0xF0, 0x03, 0xFE, 0xFF, 0xC7, 0xF3, 0xFF, 0x3F, 0x1F, 0x9C,
    0xEC, 0x6E, 0x1E, 0x0F, 0x03, 0x83, 0xC0, 0xFF, 0xF0, 0x3F, 0xFC, 0x0C, 0x03, 0x03, 0x80, 0xE1,
    0xE0, 0x9F, 0xEE, 0xF3, 0xF1, 0xF8, 0x08, 0x01, 0x80, 0x60, 0x08, 0x0F, 0x81, 0xFF, 0x31, 0xF6,
    0x06, 0xC0, 0xD8, 0x1B, 0x03, 0x61, 0xEF, 0xF9, 0xFC, 0x31, 0xC6, 0x18, 0xC1, 0x98, 0x33, 0x03,
    0x60, 0x70, 0x0C, 0x38, 0xE0, 0x80, 0x19, 0xF7, 0xF8, 0xE1, 0x83, 0x06, 0x0C, 0x18, 0x30, 0x60,
    0xF8, 0x1F, 0xF3, 0x1F, 0x60, 0x6C, 0x0D, 0x81, 0xB0, 0x36, 0x1E, 0xFF, 0x9F, 0xC3, 0x1C, 0x61,
    0x8C, 0x19, 0x83, 0x30, 0x36, 0x07, 0x00, 0x03, 0x00, 0x70, 0x02, 0x00, 0x80, 0x20, 0x00, 0xCF,
    0xBF, 0x87, 0x0C, 0x18, 0x30, 0x60, 0xC1, 0x83, 0x00, 0x0C, 0x1C, 0x10, 0x20, 0x80, 0x22, 0x0E,
    0xC0, 0xF0, 0x0C, 0x0F, 0x81, 0xFF, 0x31, 0xF6, 0x06, 0xC0, 0xD8, 0x1B, 0x03, 0x61, 0xEF, 0xF9,
    0xFC, 0x31, 0xC6, 0x18, 0xC1, 0x98, 0x33, 0x03, 0x60, 0x70, 0x46, 0xD8, 0xE0, 0xC0, 0x19, 0xF7,
    0xF8, 0xE1, 0x83, 0x06, 0x0C, 0x18, 0x30, 0x60, 0x02, 0x00, 0xE0, 0x30, 0x04, 0x01, 0xF0, 0xFF,
    0x1C, 0x7E, 0x02, 0xC0, 0x18, 0x03, 0x80, 0x3E, 0x01, 0xF8, 0x07, 0x80, 0x38, 0x03, 0x40, 0x7C,
    0x1D, 0xFF, 0x1F, 0xC0, 0x04, 0x0E, 0x18, 0x10, 0x00, 0x7E, 0xE7, 0xC2, 0xC0, 0xF0, 0x3E, 0x07,
    0x03, 0xC3, 0xF7, 0x7E, 0x0E, 0x03, 0x60, 0xC6, 0x0F, 0x87, 0xF8, 0xE3, 0xF0, 0x16, 0x00, 0xC0,
    0x1C, 0x01, 0xF0, 0x0F, 0xC0, 0x3C, 0x01, 0xC0, 0x1A, 0x03, 0xE0, 0xEF, 0xF8, 0xFE, 0x00, 0x18,
    0x3C, 0x3C, 0x66, 0x00, 0x7E, 0xE7, 0xC2, 0xC0, 0xF0, 0x3E, 0x07, 0x03, 0xC3, 0xF7, 0x7E, 0x1F,
    0x0F, 0xF1, 0xC7, 0xE0, 0x2C, 0x01, 0x80, 0x38, 0x03, 0xE0, 0x1F, 0x80, 0x78, 0x03, 0x80, 0x34,
    0x07, 0xC1, 0xDF, 0xF1, 0xFC, 0x0C, 0x01, 0xC0, 0x3C, 0x01, 0x80, 0xE0, 0x7E, 0xE7, 0xC2, 0xC0,
    0xF0, 0x3E, 0x07, 0x03, 0xC3, 0xF7, 0x7E, 0x18, 0x1C, 0x16, 0x1E, 0x1C, 0x11, 0x07, 0x70, 0x38,
    0x00, 0x01, 0xF0, 0xFF, 0x1C, 0x7E, 0x02, 0xC0, 0x18, 0x03, 0x80, 0x3E, 0x01, 0xF8, 0x07, 0x80,
    0x38, 0x03, 0x40, 0x7C, 0x1D, 0xFF, 0x1F, 0xC0, 0x42, 0x64, 0x3C, 0x18, 0x00, 0x7E, 0xE7, 0xC2,
    0xC0, 0xF0, 0x3E, 0x07, 0x03, 0xC3, 0xF7, 0x7E, 0xFF, 0xFF, 0xFF, 0x06, 0x00, 0x60, 0x06, 0x00,
    0x60, 0x06, 0x00, 0x60, 0x06, 0x00, 0x60, 0x06, 0x00, 0x60, 0x06, 0x00, 0x60, 0x06, 0x00, 0x60,
    0x02, 0x00, 0x70, 0x05, 0x80, 0x78, 0x07, 0x00, 0x30, 0x60, 0xC1, 0x8F, 0xFF, 0xCC, 0x18, 0x30,
    0x60, 0xC1, 0x83, 0x07, 0xC7, 0x84, 0x1E, 0x14, 0x78, 0x60, 0x08, 0x81, 0xD8, 0x07, 0x00, 0x00,
    0xFF, 0xFF, 0xFF, 0x06, 0x00, 0x60, 0x06, 0x00, 0x60, 0x06, 0x00, 0x60, 0x06, 0x00, 0x60, 0x06,
    0x00, 0x60, 0x06, 0x00, 0x60, 0x06, 0x00, 0x60, 0x03, 0x33, 0x32, 0x36, 0x30, 0xFE, 0xFE, 0x30,
    0x30, 0x30, 0x30, 0x30, 0x30, 0x30, 0x3E, 0x1E, 0xFF, 0xFF, 0xFF, 0x06, 0x00, 0x60, 0x06, 0x00,
    0x60, 0x06, 0x03, 0xFE, 0x3F, 0xE0, 0x60, 0x06, 0x00, 0x60, 0x06, 0x00, 0x60, 0x06, 0x00, 0x60,
    0x30, 0x60, 0xC1, 0x8F, 0xFF, 0xCC, 0x18, 0xFF, 0xFC, 0xC1, 0x83, 0x07, 0xC7, 0x80, 0x1D, 0x87,
    0xE0, 0x48, 0x60, 0x3C, 0x07, 0x80, 0xF0, 0x1E, 0x03, 0xC0, 0x78, 0x0F, 0x01, 0xE0, 0x3C, 0x07,
    0x80, 0xF0, 0x1E, 0x03, 0xE0, 0xEF, 0xF8, 0xFE, 0x00, 0x19, 0x8F, 0xC1, 0x20, 0x00, 0xC0, 0xF0,
    0x3C, 0x0F, 0x03, 0xC0, 0xF0, 0x3C, 0x0F, 0x83, 0x61, 0xDF, 0xF3, 0xEC, 0x1F, 0x00, 0x03, 0x01,
    0xE0, 0x3C, 0x07, 0x80, 0xF0, 0x1E, 0x03, 0xC0, 0x78, 0x0F, 0x01, 0xE0, 0x3C, 0x07, 0x80, 0xF0,
    0x1F, 0x07, 0x7F, 0xC7, 0xF0, 0x1F, 0x07, 0xC0, 0x00, 0x00, 0xC0, 0xF0, 0x3C, 0x0F, 0x03, 0xC0,
    0xF0, 0x3C, 0x0F, 0x83, 0x61, 0xDF, 0xF3, 0xEC, 0x11, 0x02, 0x20, 0x7C, 0x00, 0x0C, 0x07, 0x80,
    0xF0, 0x1E, 0x03, 0xC0, 0x78, 0x0F, 0x01, 0xE0, 0x3C, 0x07, 0x80, 0xF0, 0x1E, 0x03, 0xC0, 0x7C,
    0x1D, 0xFF, 0x1F, 0xC0, 0x31, 0x0C, 0xC1, 0xE0, 0x30, 0x00, 0x30, 0x3C, 0x0F, 0x03, 0xC0, 0xF0,
    0x3C, 0x0F, 0x03, 0xE0, 0xD8, 0x77, 0xFC, 0xFB, 0x04, 0x01, 0xC0, 0x4C, 0x0D, 0x00, 0xE1, 0x80,
    0xF0, 0x1E, 0x03, 0xC0, 0x78, 0x0F, 0x01, 0xE0, 0x3C, 0x07, 0x80, 0xF0, 0x1E, 0x03, 0xC0, 0x78,
    0x0F, 0x83, 0xBF, 0xE3, 0xF8, 0x04, 0x07, 0x81, 0x20, 0x68, 0x0C, 0x00, 0x0C, 0x0F, 0x03, 0xC0,
    0xF0, 0x3C, 0x0F, 0x03, 0xC0, 0xF8, 0x36, 0x1D, 0xFF, 0x3E, 0xC0, 0x0D, 0x83, 0x30, 0x6C, 0x08,
    0x8C, 0x07, 0x80, 0xF0, 0x1E, 0x03, 0xC0, 0x78, 0x0F, 0x01, 0xE0, 0x3C, 0x07, 0x80, 0xF0, 0x1E,
    0x03, 0xC0, 0x7C, 0x1D, 0xFF, 0x1F, 0xC0, 0x0D, 0x86, 0x61, 0xB0, 0xC8, 0x00, 0x30, 0x3C, 0x0F,
    0x03, 0xC0, 0xF0, 0x3C, 0x0F, 0x03, 0xE0, 0xD8, 0x77, 0xFC, 0xFB, 0xC0, 0x78, 0x0F, 0x01, 0xE0,
    0x3C, 0x07, 0x80, 0xF0, 0x1E, 0x03, 0xC0, 0x78, 0x0F, 0x01, 0xE0, 0x3C, 0x07, 0xC1, 0xDF, 0xF1,
    0xFC, 0x06, 0x01, 0x80, 0x30, 0x07, 0x80, 0x70, 0xC0, 0xD8, 0x1B, 0x03, 0x60, 0x6C, 0x0D, 0x81,
    0xB0, 0x37, 0x06, 0x61, 0xCF, 0xF8, 0xFB, 0x00, 0xC0, 0x10, 0x06, 0x00, 0x78, 0x07, 0x00, 0x70,
    0x00, 0x0D, 0x80, 0x01, 0x88, 0x0C, 0x06, 0x03, 0x60, 0x70, 0x36, 0x07, 0x03, 0x60, 0xF0, 0x77,
    0x0D, 0x86, 0x30, 0xD8, 0x63, 0x09, 0x86, 0x31, 0x88, 0xC1, 0x98, 0xCC, 0x19, 0x8C, 0xC1, 0xB0,
    0xCC, 0x1B, 0x07, 0x80, 0xF0, 0x78, 0x0E, 0x07, 0x80, 0xE0, 0x30, 0x0E, 0x03, 0x00, 0x01, 0x80,
    0x00, 0xE0, 0x00, 0xD8, 0x00, 0xC4, 0x00, 0x00, 0x06, 0x0E, 0x1D, 0x87, 0x0C, 0xC3, 0x86, 0x63,
    0x63, 0x19, 0xB3, 0x0C, 0x99, 0x86, 0xC4, 0xC1, 0x63, 0xC0, 0xF1, 0xE0, 0x70, 0x70, 0x18, 0x30,
    0x07, 0x00, 0x6C, 0x02, 0x31, 0xC0, 0x36, 0x03, 0xB8, 0x18, 0xC1, 0x87, 0x1C, 0x18, 0xC0, 0x6E,
    0x03, 0x60, 0x0E, 0x00, 0x70, 0x01, 0x80, 0x0C, 0x00, 0x60, 0x03, 0x00, 0x18, 0x00, 0xC0, 0x0C,
    0x01, 0xC0, 0x6C, 0x18, 0xC0, 0x01, 0xC1, 0xD8, 0x33, 0x06, 0x71, 0xC6, 0x30, 0xC6, 0x0D, 0x81,
    0xB0, 0x36, 0x03, 0x80, 0x70, 0x0C, 0x01, 0x80, 0x70, 0x0C, 0x00, 0x1C, 0xC0, 0xE6, 0x02, 0x21,
    0xC0, 0x36, 0x03, 0xB8, 0x18, 0xC1, 0x87, 0x1C, 0x18, 0xC0, 0x6E, 0x03, 0x60, 0x0E, 0x00, 0x70,
    0x01, 0x80, 0x0C, 0x00, 0x60, 0x03, 0x00, 0x18, 0x00, 0xC0, 0x02, 0x00, 0xE0, 0x30, 0x04, 0x0F,
    0xFF, 0xFF, 0xC0, 0x30, 0x0E, 0x01, 0x80, 0x60, 0x1C, 0x07, 0x00, 0xC0, 0x38, 0x0E, 0x01, 0x80,
    0x70, 0x1C, 0x03, 0xFF, 0xFF, 0xF0, 0x06, 0x0C, 0x18, 0x10, 0x00, 0xFF, 0xFF, 0x06, 0x0E, 0x1C,
    0x18, 0x30, 0x70, 0xE0, 0xFF, 0xFF, 0x0C, 0x01, 0xC0, 0x10, 0x7F, 0xFF, 0xFE, 0x01, 0x80, 0x70,
    0x0C, 0x03, 0x00, 0xE0, 0x38, 0x06, 0x01, 0xC0, 0x70, 0x0C, 0x03, 0x80, 0xE0, 0x1F, 0xFF, 0xFF,
    0x80, 0x18, 0x18, 0x00, 0x00, 0xFF, 0xFF, 0x06, 0x0E, 0x1C, 0x18, 0x30, 0x70, 0xE0, 0xFF, 0xFF,
    0x11, 0x07, 0x60, 0x38, 0x00, 0x0F, 0xFF, 0xFF, 0xC0, 0x30, 0x0E, 0x01, 0x80, 0x60, 0x1C, 0x07,
    0x00, 0xC0, 0x38, 0x0E, 0x01, 0x80, 0x70, 0x1C, 0x03, 0xFF, 0xFF, 0xF0, 0x62, 0x36, 0x3C, 0x18,
    0x00, 0xFF, 0xFF, 0x06, 0x0E, 0x1C, 0x18, 0x30, 0x70, 0xE0, 0xFF, 0xFF, 0x3D, 0xF6, 0x30, 0xC3,
    0x0C, 0x30, 0xC3, 0x0C, 0x30, 0xC3, 0x0C, 0x30, 0x00, 0x04, 0x00, 0x30, 0x00, 0xC1, 0xFF, 0x1F,
    0xF8, 0xE1, 0xC7, 0x01, 0x98, 0x07, 0xE0, 0x0F, 0x00, 0x3C, 0x00, 0xF0, 0x03, 0xC0, 0x0F, 0x00,
    0x3E, 0x00, 0xD8, 0x06, 0x70, 0x38, 0xFF, 0xC0, 0xFE, 0x00, 0x00, 0x40, 0x1C, 0x01, 0x80, 0x73,
    0xFC, 0xE7, 0x38, 0x76, 0x06, 0xC0, 0xD8, 0x1B, 0x03, 0x60, 0x6E, 0x1C, 0xFF, 0x0F, 0xC0, 0x00,
    0x08, 0x00, 0x60, 0x00, 0xF0, 0x1E, 0xC0, 0x73, 0x01, 0x8C, 0x06, 0x30, 0x18, 0xC0, 0x63, 0x01,
    0x8C, 0x06, 0x30, 0x18, 0xC0, 0x63, 0x01, 0x8C, 0x06, 0x30, 0x18, 0xE0, 0xE1, 0xFF, 0x03, 0xF8,
    0x00, 0x00, 0x10, 0x03, 0x00, 0x30, 0x03, 0xC0, 0xEC, 0x0C, 0xC0, 0xCC, 0x0C, 0xC0, 0xCC, 0x0C,
    0xC0, 0xCE, 0x0C, 0x61, 0xC7, 0xFC, 0x3E, 0xC0, 0x04, 0x40, 0x3B, 0x00, 0x78, 0x00, 0x00, 0x03,
    0x00, 0x0E, 0x00, 0x78, 0x01, 0xE0, 0x06, 0xC0, 0x33, 0x00, 0xCC, 0x07, 0x18, 0x18, 0x60, 0x7F,
    0xC3, 0xFF, 0x0C, 0x0C, 0x30, 0x39, 0x80, 0x66, 0x01, 0xB8, 0x03, 0x23, 0x1B, 0x07, 0x01, 0x80,
    0x03, 0xFB, 0x8C, 0x83, 0x01, 0x8F, 0xDF, 0xFC, 0x3C, 0x1E, 0x1F, 0x9E, 0xFB, 0x8B, 0x77, 0x00,
    0x30, 0xC3, 0x0C, 0x30, 0xC3, 0x0C, 0x30, 0xC3, 0x0C, 0x30, 0xC3, 0x0C, 0xC6, 0xD8, 0xE0, 0x80,
    0x07, 0x0E, 0x1C, 0x38, 0x70, 0xE1, 0xC3, 0x87, 0x0E, 0x1C, 0x04, 0x40, 0x3B, 0x00, 0x78, 0x00,
    0x00, 0x07, 0x80, 0x7F, 0x83, 0x87, 0x1C, 0x06, 0x60, 0x1F, 0x80, 0x3C, 0x00, 0xF0, 0x03, 0xC0,
    0x0F, 0x00, 0x3C, 0x00, 0xF8, 0x03, 0x60, 0x19, 0xC0, 0xE3, 0xFF, 0x03, 0xF8, 0x31, 0x07, 0x81,
    0xE0, 0x30, 0x00, 0x0F, 0xC7, 0x3B, 0x87, 0xC0, 0xF0, 0x3C, 0x0F, 0x03, 0xC0, 0xF8, 0x77, 0xF8,
    0xFC, 0x11, 0x07, 0x60, 0x38, 0x00, 0x0C, 0x07, 0x80, 0xF0, 0x1E, 0x03, 0xC0, 0x78, 0x0F, 0x01,
    0xE0, 0x3C, 0x07, 0x80, 0xF0, 0x1E, 0x03, 0xC0, 0x7C, 0x1D, 0xFF, 0x1F, 0xC0, 0x31, 0x06, 0xC1,
    0xE0, 0x30, 0x00, 0x30, 0x3C, 0x0F, 0x03, 0xC0, 0xF0, 0x3C, 0x0F, 0x03, 0xE0, 0xD8, 0x77, 0xFC,
    0xFB, 0x1F, 0x00, 0x00, 0xC6, 0x1D, 0xC1, 0x11, 0x80, 0xF0, 0x1E, 0x03, 0xC0, 0x78, 0x0F, 0x01,
    0xE0, 0x3C, 0x07, 0x80, 0xF0, 0x1E, 0x03, 0xC0, 0x78, 0x0F, 0x83, 0xBF, 0xE3, 0xF8, 0x1F, 0x07,
    0xC0, 0x00, 0xCC, 0x33, 0x84, 0x40, 0x03, 0x03, 0xC0, 0xF0, 0x3C, 0x0F, 0x03, 0xC0, 0xF0, 0x3E,
    0x0D, 0x87, 0x7F, 0xCF, 0xB0, 0x02, 0x00, 0xE0, 0x38, 0x04, 0x03, 0x18, 0x77, 0x04, 0x46, 0x03,
    0xC0, 0x78, 0x0F, 0x01, 0xE0, 0x3C, 0x07, 0x80, 0xF0, 0x1E, 0x03, 0xC0, 0x78, 0x0F, 0x01, 0xE0,
    0x3E, 0x0E, 0xFF, 0x8F, 0xE0, 0x02, 0x00, 0xC0, 0x60, 0x30, 0x04, 0x0C, 0xC3, 0x38, 0x44, 0x00,
    0x30, 0x3C, 0x0F, 0x03, 0xC0, 0xF0, 0x3C, 0x0F, 0x03, 0xE0, 0xD8, 0x77, 0xFC, 0xFB, 0x11, 0x07,
    0x60, 0x38, 0x06, 0x03, 0x18, 0x77, 0x04, 0x46, 0x03, 0xC0, 0x78, 0x0F, 0x01, 0xE0, 0x3C, 0x07,
    0x80, 0xF0, 0x1E, 0x03, 0xC0, 0x78, 0x0F, 0x01, 0xE0, 0x3E, 0x0E, 0xFF, 0x8F, 0xE0, 0x33, 0x07,
    0x80, 0xE0, 0x00, 0x33, 0x0C, 0xE1, 0x10, 0x00, 0xC0, 0xF0, 0x3C, 0x0F, 0x03, 0xC0, 0xF0, 0x3C,
    0x0F, 0x83, 0x61, 0xDF, 0xF3, 0xEC, 0x08, 0x03, 0x80, 0x38, 0x03, 0x03, 0x18, 0x77, 0x04, 0x46,
    0x03, 0xC0, 0x78, 0x0F, 0x01, 0xE0, 0x3C, 0x07, 0x80, 0xF0, 0x1E, 0x03, 0xC0, 0x78, 0x0F, 0x01,
    0xE0, 0x3E, 0x0E, 0xFF, 0x8F, 0xE0, 0x08, 0x0E, 0x01, 0xC0, 0x30, 0x04, 0x0C, 0xC3, 0x38, 0x44,
    0x00, 0x30, 0x3C, 0x0F, 0x03, 0xC0, 0xF0, 0x3C, 0x0F, 0x03, 0xE0, 0xD8, 0x77, 0xFC, 0xFB, 0x07,
    0x80, 0x3F, 0xC0, 0xE1, 0xC3, 0x81, 0xC6, 0x00, 0x1C, 0x00, 0x30, 0x00, 0x60, 0x00, 0xC1, 0xF9,
    0x80, 0x33, 0x01, 0xFF, 0x03, 0xF6, 0x01, 0x8E, 0x07, 0x0F, 0xFC, 0x07, 0xF0, 0x3E, 0xC7, 0x3C,
    0xE1, 0xCC, 0x0C, 0xC7, 0xFC, 0x7F, 0xC0, 0xCC, 0x0C, 0x61, 0xC7, 0xFC, 0x3E, 0xC0, 0x0C, 0x40,
    0xCE, 0x18, 0x7F, 0x81, 0xE0, 0x04, 0x40, 0x76, 0x01, 0xE0, 0x06, 0x00, 0x78, 0x0F, 0xF0, 0xE1,
    0xCE, 0x07, 0x60, 0x07, 0x00, 0x30, 0x01, 0x80, 0x0C, 0x1F, 0xE0, 0x0F, 0x00, 0x7C, 0x03, 0x60,
    0x1B, 0x81, 0xCF, 0xFC, 0x1F, 0xC0, 0x23, 0x0D, 0x81, 0xE0, 0x30, 0x00, 0x0F, 0xB7, 0xBF, 0x87,
    0xC0, 0xF0, 0x3C, 0x0F, 0x03, 0xC0, 0xD8, 0x77, 0xFC, 0xFB, 0x00, 0xD0, 0x3E, 0x19, 0xFE, 0x1E,
    0x00, 0x22, 0x03, 0xF0, 0x1E, 0x00, 0x00, 0xC0, 0x6C, 0x0C, 0xC1, 0x8C, 0x30, 0xC6, 0x0C, 0xC0,
    0xDC, 0x0F, 0xC0, 0xFC, 0x0E, 0x60, 0xC7, 0x0C, 0x30, 0xC1, 0x8C, 0x1C, 0xC0, 0xEC, 0x07, 0x44,
    0x0E, 0xC0, 0x38, 0x00, 0x00, 0x30, 0x03, 0x00, 0x30, 0x03, 0x00, 0x30, 0x13, 0x0E, 0x31, 0xC3,
    0x38, 0x37, 0x03, 0x70, 0x3F, 0x03, 0xB8, 0x31, 0xC3, 0x0C, 0x30, 0xE3, 0x07, 0x11, 0x07, 0x60,
    0x38, 0x00, 0x07, 0xFC, 0xFF, 0x80, 0x70, 0x1C, 0x07, 0x01, 0xC0, 0x70, 0x0F, 0xC0, 0xBC, 0x01,
    0x80, 0x18, 0x03, 0x40, 0x7C, 0x19, 0xFF, 0x1F, 0xC0, 0x23, 0x0D, 0x81, 0xC0, 0x20, 0x00, 0x3F,
    0xEF, 0xF8, 0x0C, 0x06, 0x03, 0x01, 0x80, 0xF8, 0x1F, 0x80, 0x60, 0x1C, 0x03, 0x00, 0xF0, 0x6E,
    0x39, 0xFC, 0x1C, 0x00, 0x46, 0xD8, 0xE0, 0xC0, 0x03, 0x06, 0x0C, 0x18, 0x30, 0x60, 0xC1, 0x83,
    0x06, 0x0C, 0x18, 0x30, 0xE7, 0x8E, 0x00, 0x38, 0x06, 0x00, 0xC0, 0x10, 0x00, 0x37, 0xEF, 0x3B,
    0x87, 0xE0, 0xF0, 0x3C, 0x0F, 0x03, 0xC0, 0xF0, 0x3C, 0x0F, 0x03, 0x01, 0x00, 0x06, 0x00, 0x70,
    0x00, 0x80, 0x03, 0x00, 0x12, 0x00, 0x48, 0x01, 0xE0, 0x07, 0x80, 0x1E, 0x00, 0x78, 0x03, 0x30,
    0x0C, 0xC0, 0x33, 0x81, 0x86, 0x06, 0x18, 0x1F, 0xF0, 0xFF, 0xC3, 0x03, 0x1C, 0x0E, 0x60, 0x19,
    0x80, 0x6E, 0x00, 0xC0, 0x06, 0x07, 0x03, 0x03, 0x00, 0x80, 0xE0, 0xC8, 0x2C, 0x1C, 0x04, 0x1F,
    0xDC, 0x64, 0x18, 0x0C, 0x7E, 0xFF, 0xE1, 0xE0, 0xF0, 0xFC, 0xF7, 0xD8, 0x00, 0x04, 0x00, 0x00,
    0xE0, 0x00, 0x1C, 0x00, 0x00, 0x80, 0x00, 0x7F, 0xF0, 0x07, 0xFF, 0x00, 0xD8, 0x00, 0x1D, 0x80,
    0x01, 0x98, 0x00, 0x39, 0x80, 0x03, 0x18, 0x00, 0x61, 0xFE, 0x0E, 0x1F, 0xE0, 0xFF, 0x80, 0x1F,
    0xF8, 0x03, 0x81, 0x80, 0x30, 0x18, 0x07, 0x01, 0x80, 0x60, 0x1F, 0xFC, 0x01, 0xFF, 0x00, 0x60,
    0x00, 0x70, 0x00, 0x70, 0x00, 0x10, 0x00, 0x00, 0x03, 0xF3, 0xF3, 0x8F, 0x9C, 0x83, 0x87, 0x01,
    0x81, 0x8F, 0xFF, 0xDF, 0xFF, 0xFC, 0x30, 0x0C, 0x18, 0x06, 0x1E, 0x0B, 0xBF, 0xDE, 0xFC, 0xFC,
    0x00, 0x40, 0x00, 0xC0, 0x01, 0x80, 0x01, 0x03, 0x03, 0xC6, 0x0F, 0xFE, 0x1C, 0x3C, 0x38, 0x1C,
    0x30, 0x3E, 0x70, 0x66, 0x60, 0xE6, 0x60, 0xC6, 0x61, 0x86, 0x63, 0x06, 0x67, 0x06, 0x36, 0x06,
    0x3C, 0x0C, 0x38, 0x1C, 0x3F, 0xF8, 0x37, 0xF0, 0xE0, 0x00, 0x40, 0x00, 0x03, 0x00, 0x70, 0x0E,
    0x00, 0x42, 0x00, 0x31, 0xFE, 0x39, 0xC7, 0x1E, 0x63, 0xE6, 0x36, 0x66, 0x66, 0xC6, 0x7C, 0x67,
    0x8E, 0x3F, 0xC7, 0xF8, 0xE0, 0x00, 0x1F, 0x0F, 0xF1, 0xC7, 0xE0, 0x2C, 0x01, 0x80, 0x38, 0x03,
    0xE0, 0x1F, 0x80, 0x78, 0x03, 0x80, 0x34, 0x07, 0xC1, 0xDF, 0xF1, 0xFC, 0x00, 0x00, 0x80, 0x38,
    0x03, 0x00, 0x40, 0x10, 0x00, 0x7E, 0xE7, 0xC2, 0xC0, 0xF0, 0x3E, 0x07, 0x03, 0xC3, 0xF7, 0x7E,
    0x00, 0x1C, 0x1C, 0x04, 0x18, 0x08, 0xFF, 0xFF, 0xFF, 0x06, 0x00, 0x60, 0x06, 0x00, 0x60, 0x06,
    0x00, 0x60, 0x06, 0x00, 0x60, 0x06, 0x00, 0x60, 0x06, 0x00, 0x60, 0x06, 0x00, 0x60, 0x00, 0x00,
    0x60, 0x07, 0x00, 0x10, 0x02, 0x00, 0x40, 0x30, 0x60, 0xC1, 0x8F, 0xFF, 0xCC, 0x18, 0x30, 0x60,
    0xC1, 0x83, 0x07, 0xC7, 0x80, 0x0C, 0x18, 0x10, 0x60, 0x80, 0x11, 0x01, 0xB8, 0x0E, 0x00, 0x00,
    0xC0, 0x3C, 0x03, 0xC0, 0x3C, 0x03, 0xC0, 0x3C, 0x03, 0xC0, 0x3F, 0xFF, 0xFF, 0xFC, 0x03, 0xC0,
    0x3C, 0x03, 0xC0, 0x3C, 0x03, 0xC0, 0x3C, 0x03, 0x44, 0x0E, 0xC0, 0x38, 0x00, 0x00, 0x30, 0x03,
    0x00, 0x30, 0x03, 0x00, 0x30, 0x03, 0x7E, 0x3C, 0xE3, 0x87, 0x38, 0x33, 0x03, 0x30, 0x33, 0x03,
    0x30, 0x33, 0x03, 0x30, 0x33, 0x03, 0xCE, 0x72, 0x76, 0xC8, 0x31, 0xE6, 0xF1, 0xE7, 0xF9, 0x80,
    0xFF, 0xC0, 0xFF, 0xFF, 0xFC, 0xC5, 0x37, 0xCC, 0xF0, 0x67, 0xCD, 0x10, 0x4F, 0x36, 0x6F, 0x9B,
    0x60, 0x36, 0xD9, 0x36, 0x40, 0xC5, 0xB7, 0x8C, 0xCC, 0x6E, 0x37, 0x22, 0xEF, 0x11, 0xF1, 0x10,
    0x88, 0xF8, 0x80, 0xFF, 0xC2, 0x10, 0x7A, 0x40, 0x66, 0x66, 0xF0, 0xFF, 0x66, 0x60, 0x66, 0xF6,
    0x60, 0xF0, 0xDF, 0x00, 0x47, 0xCD, 0x18, 0x4F, 0x99, 0x60, 0xF6, 0x80, 0xCC, 0xEB, 0xEC, 0x6C,
    0xCF, 0x70, 0xF8, 0xFE, 0x18, 0x40, 0x47, 0x37, 0x8C, 0x67, 0xF9, 0x80, 0xFF, 0xE0, 0x47, 0xF9,
    0x80, 0xB5, 0x80, 0x87, 0xFF, 0xC0, 0xFF, 0xF3, 0x9F, 0x80, 0x22, 0x7F, 0xC9, 0x08, 0xDB, 0x9D,
    0xB4, 0x80, 0xFF, 0xF8, 0x61, 0xFF, 0xFF, 0xFC, 0x00, 0x7F, 0xF0, 0x99, 0x99, 0x90, 0xFF, 0x11,
    0x10, 0x13, 0xDF, 0xDA, 0x30, 0x0F, 0xEE, 0x00, 0xC0, 0x66, 0xE0, 0x3F, 0x88, 0x4B, 0xF4, 0x80,
    0x27, 0xA2, 0x20, 0xC0, 0x03, 0x70, 0x0E, 0x1F, 0xF8, 0x07, 0xE0, 0x1F, 0xF8, 0x38, 0x0C, 0x60,
    0x06, 0xC0, 0x03, 0x00, 0x2F, 0xFF, 0x00, 0x20, 0x10, 0x0E, 0x00, 0xC0, 0x10, 0xFF, 0xBF, 0xEC,
    0x03, 0x00, 0xC0, 0x30, 0x0C, 0x03, 0xFE, 0xFF, 0xB0, 0x0C, 0x03, 0x00, 0xC0, 0x30, 0x0F, 0xFF,
    0xFF, 0x63, 0x1D, 0xC2, 0x23, 0xFE, 0xFF, 0xB0, 0x0C, 0x03, 0x00, 0xC0, 0x30, 0x0F, 0xFB, 0xFE,
    0xC0, 0x30, 0x0C, 0x03, 0x00, 0xC0, 0x3F, 0xFF, 0xFC, 0xFF, 0xF0, 0xFF, 0xF0, 0x06, 0x00, 0x06,
    0x00, 0x06, 0x00, 0x06, 0x00, 0x06, 0x7C, 0x06, 0xFE, 0x07, 0x87, 0x07, 0x03, 0x07, 0x03, 0x06,
    0x03, 0x06, 0x03, 0x06, 0x07, 0x06, 0x1E, 0x06, 0x1C, 0x04, 0x07, 0x06, 0x02, 0x0F, 0xFF, 0xFF,
    0x01, 0x80, 0xC0, 0x60, 0x30, 0x18, 0x0C, 0x06, 0x03, 0x01, 0x80, 0xC0, 0x60, 0x30, 0x18, 0x00,
    0x07, 0x80, 0xFF, 0x0E, 0x1C, 0xE0, 0x76, 0x00, 0x70, 0x03, 0x00, 0x1F, 0xF8, 0xFF, 0xC6, 0x00,
    0x30, 0x00, 0xC0, 0x06, 0x01, 0x38, 0x1C, 0xFF, 0xC1, 0xFC, 0x1F, 0x0F, 0xF1, 0xC7, 0xE0, 0x2C,
    0x01, 0x80, 0x38, 0x03, 0xE0, 0x1F, 0x80, 0x78, 0x03, 0x80, 0x34, 0x07, 0xC1, 0xDF, 0xF1, 0xFC,
    0xFF, 0xFF, 0xFF, 0xFF, 0x67, 0xCD, 0x08, 0xC1, 0x83, 0x06, 0x0C, 0x18, 0x30, 0x60, 0xC1, 0x83,
    0x06, 0x0C, 0x18, 0x30, 0x60, 0x03, 0x81, 0xC0, 0xE0, 0x70, 0x38, 0x1C, 0x0E, 0x07, 0x03, 0x81,
    0xC0, 0xE0, 0x74, 0x3F, 0x19, 0xFC, 0x7C, 0x0F, 0xFC, 0x00, 0x1F, 0xF8, 0x00, 0x30, 0x30, 0x00,
    0x60, 0x60, 0x00, 0xC0, 0xC0, 0x01, 0x81, 0x80, 0x03, 0x03, 0xF0, 0x0E, 0x07, 0xFC, 0x18, 0x0C,
    0x3C, 0x30, 0x18, 0x18, 0x60, 0x30, 0x38, 0xC0, 0x60, 0x71, 0x80, 0xC0, 0xC7, 0x01, 0x83, 0xBC,
    0x03, 0xFE, 0x70, 0x07, 0xF8, 0xC0, 0x30, 0x06, 0x01, 0x80, 0x30, 0x0C, 0x01, 0x80, 0x60, 0x0C,
    0x03, 0x00, 0x60, 0x18, 0x03, 0x00, 0xC0, 0x1F, 0xFF, 0xF8, 0xFF, 0xFF, 0xF6, 0x01, 0x83, 0xB0,
    0x0C, 0x0D, 0x80, 0x60, 0x7C, 0x03, 0x03, 0x60, 0x18, 0x3B, 0x00, 0xFF, 0x98, 0x07, 0xF8, 0xFF,
    0xF0, 0xFF, 0xF0, 0x06, 0x00, 0x06, 0x00, 0x06, 0x00, 0x06, 0x00, 0x06, 0x7C, 0x06, 0xFE, 0x07,
    0x87, 0x07, 0x03, 0x07, 0x03, 0x06, 0x03, 0x06, 0x03, 0x06, 0x03, 0x06, 0x03, 0x06, 0x03, 0x04,
    0x00, 0x60, 0x1C, 0x00, 0x80, 0xC0, 0xEC, 0x1C, 0xC3, 0x8C, 0x70, 0xCE, 0x0D, 0xC0, 0xF8, 0x0F,
    0x00, 0xF0, 0x0D, 0x80, 0xDC, 0x0C, 0xE0, 0xC7, 0x0C, 0x38, 0xC1, 0xCC, 0x0F, 0x08, 0x01, 0xC0,
    0x06, 0x00, 0x20, 0xC0, 0x3C, 0x07, 0xC0, 0xFC, 0x0F, 0xC1, 0xFC, 0x3B, 0xC3, 0x3C, 0x63, 0xCE,
    0x3C, 0xC3, 0xD8, 0x3F, 0x83, 0xF0, 0x3E, 0x03, 0xE0, 0x3C, 0x03, 0x08, 0x80, 0x44, 0x03, 0xE0,
    0x00, 0x0E, 0x01, 0xB0, 0x19, 0x80, 0xC6, 0x0C, 0x30, 0x60, 0xC6, 0x06, 0x30, 0x1B, 0x80, 0xD8,
    0x03, 0xC0, 0x1C, 0x00, 0xE0, 0x06, 0x00, 0x70, 0x03, 0x00, 0x38, 0x00, 0xC0, 0x78, 0x0F, 0x01,
    0xE0, 0x3C, 0x07, 0x80, 0xF0, 0x1E, 0x03, 0xC0, 0x78, 0x0F, 0x01, 0xE0, 0x3C, 0x07, 0x80, 0xFF,
    0xFF, 0xFF, 0x0C, 0x01, 0x80, 0x10, 0x00, 0x03, 0x00, 0x0E, 0x00, 0x78, 0x01, 0xE0, 0x06, 0xC0,
    0x33, 0x00, 0xCC, 0x07, 0x18, 0x18, 0x60, 0x7F, 0xC3, 0xFF, 0x0C, 0x0C, 0x30, 0x39, 0x80, 0x66,
    0x01, 0xB8, 0x03, 0xFF, 0x9F, 0xF3, 0x00, 0x60, 0x0C, 0x01, 0x80, 0x30, 0x07, 0xF8, 0xFF, 0xD8,
    0x3B, 0x03, 0xE0, 0x7C, 0x0D, 0x83, 0xBF, 0xE7, 0xF8, 0xFC, 0x1F, 0xF3, 0x0F, 0x60, 0x6C, 0x0D,
    0x81, 0xB0, 0x77, 0xF8, 0xFF, 0xD8, 0x1B, 0x01, 0xE0, 0x3C, 0x07, 0x81, 0xFF, 0xF7, 0xFC, 0xFF,
    0xFF, 0xF0, 0x18, 0x0C, 0x06, 0x03, 0x01, 0x80, 0xC0, 0x60, 0x30, 0x18, 0x0C, 0x06, 0x03, 0x01,
    0x80, 0x0F, 0xFC, 0x0F, 0xFC, 0x0C, 0x0C, 0x0C, 0x0C, 0x0C, 0x0C, 0x0C, 0x0C, 0x0C, 0x0C, 0x0C,
    0x0C, 0x0C, 0x0C, 0x0C, 0x0C, 0x1C, 0x0C, 0x18, 0x0C, 0x18, 0x0C, 0x38, 0x0C, 0xFF, 0xFF, 0xFF,
    0xFF, 0xC0, 0x03, 0xC0, 0x03, 0xC0, 0x02, 0xFF, 0xBF, 0xEC, 0x03, 0x00, 0xC0, 0x30, 0x0C, 0x03,
    0xFE, 0xFF, 0xB0, 0x0C, 0x03, 0x00, 0xC0, 0x30, 0x0F, 0xFF, 0xFF, 0x60, 0x30, 0x1C, 0xC0, 0xC0,
    0xE1, 0x83, 0x07, 0x03, 0x0C, 0x38, 0x06, 0x31, 0xC0, 0x0C, 0xCE, 0x00, 0x1B, 0x70, 0x00, 0x3F,
    0x80, 0x01, 0xFE, 0x00, 0x0E, 0xDC, 0x00, 0x73, 0x38, 0x03, 0x8C, 0x70, 0x0C, 0x30, 0xE0, 0x60,
    0xC1, 0xC3, 0x03, 0x03, 0xB8, 0x0C, 0x07, 0x1E, 0x0F, 0xF3, 0x87, 0x60, 0x60, 0x0C, 0x01, 0x80,
    0x70, 0xFC, 0x1F, 0x80, 0x38, 0x03, 0x00, 0x74, 0x0F, 0x81, 0xBF, 0xF1, 0xFC, 0xC0, 0x3C, 0x07,
    0xC0, 0xFC, 0x0F, 0xC1, 0xFC, 0x3B, 0xC3, 0x3C, 0x63, 0xCE, 0x3C, 0xC3, 0xD8, 0x3F, 0x83, 0xF0,
    0x3E, 0x03, 0xE0, 0x3C, 0x03, 0x11, 0x81, 0x90, 0x1F, 0x00, 0x00, 0xC0, 0x3C, 0x07, 0xC0, 0xFC,
    0x0F, 0xC1, 0xFC, 0x3B, 0xC3, 0x3C, 0x63, 0xCE, 0x3C, 0xC3, 0xD8, 0x3F, 0x83, 0xF0, 0x3E, 0x03,
    0xE0, 0x3C, 0x03, 0xC0, 0xEC, 0x1C, 0xC3, 0x8C, 0x70, 0xCE, 0x0D, 0xC0, 0xF8, 0x0F, 0x00, 0xF0,
    0x0D, 0x80, 0xCC, 0x0C, 0xE0, 0xC7, 0x0C, 0x38, 0xC1, 0xCC, 0x0F, 0x0F, 0xFC, 0x3F, 0xF0, 0xC0,
    0xC3, 0x03, 0x0C, 0x0C, 0x30, 0x30, 0xC0, 0xC7, 0x03, 0x18, 0x0C, 0x60, 0x31, 0x80, 0xC6, 0x03,
    0x18, 0x0C, 0xE0, 0x3F, 0x00, 0xF8, 0x03, 0xC0, 0x07, 0x80, 0x1F, 0x80, 0x3F, 0x80, 0xFF, 0x03,
    0xFF, 0x06, 0xF6, 0x1D, 0xE6, 0x33, 0xCE, 0xC7, 0x8F, 0x8F, 0x0E, 0x1E, 0x18, 0x3C, 0x00, 0x78,
    0x00, 0xF0, 0x01, 0xE0, 0x03, 0xC0, 0x3C, 0x03, 0xC0, 0x3C, 0x03, 0xC0, 0x3C, 0x03, 0xC0, 0x3F,
    0xFF, 0xFF, 0xFC, 0x03, 0xC0, 0x3C, 0x03, 0xC0, 0x3C, 0x03, 0xC0, 0x3C, 0x03, 0x07, 0x80, 0x7F,
    0x83, 0x87, 0x1C, 0x06, 0x60, 0x1F, 0x80, 0x3C, 0x00, 0xF0, 0x03, 0xC0, 0x0F, 0x00, 0x3C, 0x00,
    0xF8, 0x03, 0x60, 0x19, 0xC0, 0xE3, 0xFF, 0x03, 0xF8, 0xFF, 0xFF, 0xFF, 0x01, 0xE0, 0x3C, 0x07,
    0x80, 0xF0, 0x1E, 0x03, 0xC0, 0x78, 0x0F, 0x01, 0xE0, 0x3C, 0x07, 0x80, 0xF0, 0x1E, 0x03, 0xF8,
    0x1F, 0xF3, 0x1F, 0x60, 0x6C, 0x0F, 0x81, 0xF0, 0x36, 0x06, 0xFF, 0xDF, 0xF3, 0x00, 0x60, 0x0C,
    0x01, 0x80, 0x30, 0x06, 0x00, 0x07, 0x80, 0xFF, 0x0F, 0x1E, 0xE0, 0x26, 0x00, 0x70, 0x03, 0x00,
    0x18, 0x00, 0xC0, 0x06, 0x00, 0x38, 0x00, 0xC0, 0x07, 0x01, 0x1C, 0x1C, 0xFF, 0xC1, 0xFC, 0xFF,
    0xFF, 0xFF, 0x06, 0x00, 0x60, 0x06, 0x00, 0x60, 0x06, 0x00, 0x60, 0x06, 0x00, 0x60, 0x06, 0x00,
    0x60, 0x06, 0x00, 0x60, 0x06, 0x00, 0x60, 0xE0, 0x1B, 0x01, 0x98, 0x0C, 0x60, 0xC3, 0x06, 0x0C,
    0x60, 0x63, 0x01, 0xB8, 0x0D, 0x80, 0x3C, 0x01, 0xC0, 0x0E, 0x00, 0x60, 0x07, 0x00, 0x30, 0x03,
    0x80, 0x01, 0x80, 0x01, 0x80, 0x07, 0xC0, 0x1F, 0xF8, 0x7D, 0xBC, 0x61, 0x8E, 0xE1, 0x86, 0xC1,
    0x87, 0xC1, 0x87, 0xC1, 0x86, 0xE1, 0x86, 0x71, 0x9E, 0x3F, 0xFC, 0x0F, 0xF0, 0x01, 0x80, 0x01,
    0x80, 0x60, 0x1B, 0x81, 0x8E, 0x1C, 0x30, 0xC1, 0xCC, 0x06, 0xE0, 0x1E, 0x00, 0xE0, 0x07, 0x00,
    0x3C, 0x03, 0x70, 0x39, 0x81, 0x86, 0x18, 0x39, 0xC0, 0xDC, 0x07, 0xC0, 0x66, 0x03, 0x30, 0x19,
    0x80, 0xCC, 0x06, 0x60, 0x33, 0x01, 0x98, 0x0C, 0xC0, 0x66, 0x03, 0x30, 0x19, 0x80, 0xCC, 0x06,
    0x60, 0x33, 0xFF, 0xFF, 0xFF, 0x00, 0x18, 0x00, 0xC0, 0x06, 0xC0, 0x3C, 0x03, 0xC0, 0x3C, 0x03,
    0xC0, 0x3C, 0x03, 0xC0, 0x3E, 0x07, 0x60, 0x77, 0x1B, 0x3F, 0xB0, 0xE3, 0x00, 0x30, 0x03, 0x00,
    0x30, 0x03, 0xC0, 0xC0, 0xF0, 0x30, 0x3C, 0x0C, 0x0F, 0x03, 0x03, 0xC0, 0xC0, 0xF0, 0x30, 0x3C,
    0x0C, 0x0F, 0x03, 0x03, 0xC0, 0xC0, 0xF0, 0x30, 0x3C, 0x0C, 0x0F, 0x03, 0x03, 0xC0, 0xC0, 0xF0,
    0x30, 0x3F, 0xFF, 0xFF, 0xFF, 0xFF, 0xC0, 0xC0, 0xC6, 0x06, 0x06, 0x30, 0x30, 0x31, 0x81, 0x81,
    0x8C, 0x0C, 0x0C, 0x60, 0x60, 0x63, 0x03, 0x03, 0x18, 0x18, 0x18, 0xC0, 0xC0, 0xC6, 0x06, 0x06,
    0x30, 0x30, 0x31, 0x81, 0x81, 0x8C, 0x0C, 0x0C, 0x60, 0x60, 0x63, 0xFF, 0xFF, 0xFF, 0xFF, 0xFF,
    0x00, 0x00, 0x10, 0x00, 0x00, 0x80, 0x00, 0x04, 0xF8, 0x03, 0xE0, 0x01, 0x80, 0x06, 0x00, 0x18,
    0x00, 0x60, 0x01, 0xFC, 0x07, 0xFE, 0x18, 0x3C, 0x60, 0x31, 0x80, 0xC6, 0x03, 0x18, 0x0C, 0x60,
    0x71, 0xFF, 0x87, 0xFC, 0xC0, 0x0F, 0x00, 0x3C, 0x00, 0xF0, 0x03, 0xC0, 0x0F, 0x00, 0x3F, 0xC0,
    0xFF, 0xE3, 0xC3, 0xCF, 0x03, 0x3C, 0x0E, 0xF0, 0x3B, 0xC0, 0xCF, 0x07, 0x3F, 0xF8, 0xFF, 0xC3,
    0xC0, 0x18, 0x03, 0x00, 0x60, 0x0C, 0x01, 0x80, 0x3F, 0x07, 0xFC, 0xC3, 0xD8, 0x1B, 0x03, 0xE0,
    0x7C, 0x0D, 0x83, 0xBF, 0xE7, 0xF8, 0x1F, 0x03, 0xFE, 0x3C, 0x79, 0x80, 0xC0, 0x03, 0x00, 0x18,
    0x00, 0xC3, 0xFF, 0x1F, 0xF8, 0x01, 0x80, 0x0C, 0x00, 0x64, 0x07, 0x70, 0x71, 0xFF, 0x07, 0xF0,
    0xC0, 0x7C, 0x18, 0x3F, 0xE3, 0x0F, 0x1E, 0x61, 0x80, 0xEC, 0x70, 0x0D, 0x8C, 0x01, 0xB1, 0x80,
    0x3F, 0xF0, 0x03, 0xFE, 0x00, 0x78, 0xC0, 0x0F, 0x18, 0x03, 0xE3, 0x00, 0x6C, 0x70, 0x1D, 0x87,
    0x07, 0x30, 0x7F, 0xE6, 0x07, 0xF0, 0x03, 0xF1, 0xFF, 0x3C, 0x37, 0x03, 0x60, 0x36, 0x03, 0x70,
    0x33, 0x83, 0x3F, 0xF0, 0xFF, 0x0C, 0x31, 0xC3, 0x18, 0x33, 0x03, 0x70, 0x3E, 0x03, 0x7F, 0x71,
    0x90, 0x60, 0x31, 0xFB, 0xFF, 0x87, 0x83, 0xC3, 0xF3, 0xDF, 0x60, 0x03, 0xC7, 0xE3, 0x81, 0x80,
    0xC0, 0x33, 0x8F, 0xFB, 0x87, 0xE0, 0xF0, 0x3C, 0x0F, 0x03, 0xC0, 0xD8, 0x77, 0xF8, 0xFC, 0xFF,
    0x3F, 0xEC, 0x1B, 0x06, 0xFF, 0xBF, 0xEC, 0x1B, 0x03, 0xC1, 0xFF, 0xEF, 0xF0, 0xFF, 0xFF, 0xC0,
    0xC0, 0xC0, 0xC0, 0xC0, 0xC0, 0xC0, 0xC0, 0xC0, 0x0F, 0xE0, 0x7F, 0x03, 0x18, 0x30, 0xC1, 0x86,
    0x0C, 0x30, 0x61, 0x83, 0x0C, 0x38, 0x67, 0xFF, 0xFF, 0xFF, 0x80, 0x3C, 0x01, 0xE0, 0x08, 0x3F,
    0x1C, 0xEE, 0x1F, 0x03, 0xFF, 0xFF, 0xFC, 0x03, 0x00, 0xE0, 0x9E, 0xF3, 0xF0, 0xF1, 0x87, 0x18,
    0xC7, 0x06, 0x67, 0x01, 0xB7, 0x00, 0x7B, 0x00, 0x3F, 0x80, 0x3E, 0xE0, 0x3B, 0x38, 0x39, 0x8C,
    0x38, 0xC3, 0x38, 0x61, 0xE0, 0x3F, 0x1C, 0xE4, 0x18, 0x06, 0x1F, 0x07, 0xC0, 0x38, 0x07, 0x41,
    0xFF, 0xE3, 0xF0, 0xC1, 0xF0, 0xFC, 0x3F, 0x1B, 0xC6, 0xF3, 0x3D, 0xCF, 0x63, 0xF0, 0xFC, 0x3E,
    0x0C, 0x31, 0x04, 0xC1, 0xF0, 0x10, 0x00, 0x30, 0x7C, 0x1F, 0x0F, 0xC6, 0xF1, 0xBC, 0xCF, 0x33,
    0xD8, 0xFC, 0x3F, 0x0F, 0x83, 0xC3, 0xF0, 0xCC, 0x63, 0x30, 0xD8, 0x3E, 0x0D, 0xC3, 0x38, 0xC7,
    0x30, 0xEC, 0x1C, 0x1F, 0xE3, 0xFC, 0x61, 0x8C, 0x31, 0x86, 0x30, 0xC6, 0x18, 0xC3, 0x30, 0x7E,
    0x0F, 0x81, 0x80, 0xE0, 0x7F, 0x07, 0xF0, 0xFD, 0x8F, 0xD9, 0xBC, 0xDB, 0xCD, 0x3C, 0x73, 0xC7,
    0x3C, 0x03, 0xC0, 0x30, 0xC0, 0xF0, 0x3C, 0x0F, 0x03, 0xFF, 0xFF, 0xFC, 0x0F, 0x03, 0xC0, 0xF0,
    0x3C, 0x0C, 0x3F, 0x1C, 0xEE, 0x1F, 0x03, 0xC0, 0xF0, 0x3C, 0x0F, 0x03, 0xE1, 0xDF, 0xE3, 0xF0,
    0xFF, 0xFF, 0xFC, 0x0F, 0x03, 0xC0, 0xF0, 0x3C, 0x0F, 0x03, 0xC0, 0xF0, 0x3C, 0x0C, 0xDF, 0x9F,
    0x7B, 0x83, 0x70, 0x6C, 0x07, 0x80, 0xF0, 0x1F, 0x06, 0xE0, 0xDF, 0xF3, 0x7E, 0x60, 0x0C, 0x01,
    0x80, 0x30, 0x00, 0x3F, 0x39, 0xF8, 0x78, 0x0C, 0x06, 0x03, 0x01, 0x80, 0x61, 0xBF, 0xCF, 0xC0,
    0xFF, 0xFF, 0xF0, 0xC0, 0x30, 0x0C, 0x03, 0x00, 0xC0, 0x30, 0x0C, 0x03, 0x00, 0xC0, 0xE0, 0xEC,
    0x19, 0x83, 0x38, 0xE3, 0x18, 0x63, 0x06, 0xC0, 0xD8, 0x1B, 0x01, 0xC0, 0x38, 0x06, 0x00, 0xC0,
    0x38, 0x06, 0x00, 0x06, 0x00, 0x30, 0x01, 0x80, 0x0C, 0x00, 0x60, 0x1F, 0xE1, 0xFB, 0xCC, 0xC6,
    0xC6, 0x1E, 0x30, 0xF1, 0x87, 0x8C, 0x3C, 0x61, 0xB3, 0x19, 0xFF, 0xC3, 0xF8, 0x06, 0x00, 0x30,
    0x01, 0x80, 0x0C, 0x00, 0xE0, 0xCC, 0x63, 0xB0, 0x6C, 0x0E, 0x03, 0x81, 0xE0, 0x6C, 0x33, 0x9C,
    0x6E, 0x0C, 0xC0, 0xCC, 0x0C, 0xC0, 0xCC, 0x0C, 0xC0, 0xCC, 0x0C, 0xC0, 0xCC, 0x0C, 0xC0, 0xCF,
    0xFF, 0xFF, 0xF0, 0x03, 0x00, 0x30, 0x03, 0xC1, 0xE0, 0xF0, 0x78, 0x3C, 0x1F, 0x1D, 0xFE, 0x7B,
    0x01, 0x80, 0xC0, 0x60, 0xC1, 0x87, 0x83, 0x0F, 0x06, 0x1E, 0x0C, 0x3C, 0x18, 0x78, 0x30, 0xF0,
    0x61, 0xE0, 0xC3, 0xC1, 0x87, 0xFF, 0xFF, 0xFF, 0xF8, 0xC1, 0x86, 0x60, 0xC3, 0x30, 0x61, 0x98,
    0x30, 0xCC, 0x18, 0x66, 0x0C, 0x33, 0x06, 0x19, 0x83, 0x0C, 0xC1, 0x86, 0x7F, 0xFF, 0xFF, 0xFF,
    0xE0, 0x00, 0x30, 0x00, 0x18, 0x00, 0x0C, 0xF8, 0x0F, 0x80, 0x18, 0x01, 0x80, 0x1F, 0xE1, 0x87,
    0x18, 0x31, 0x83, 0x18, 0x31, 0xFE, 0x1F, 0xC0, 0xC0, 0x1E, 0x00, 0xF0, 0x07, 0x80, 0x3F, 0xF1,
    0xE1, 0xCF, 0x03, 0x78, 0x1B, 0xC1, 0xDF, 0xFC, 0xFF, 0xC6, 0xC0, 0x30, 0x0C, 0x03, 0x00, 0xFF,
    0x30, 0xEC, 0x0F, 0x03, 0xC1, 0xFF, 0xEF, 0xF0, 0x7E, 0x73, 0x90, 0xE0, 0x30, 0x19, 0xFC, 0x06,
    0x03, 0xC3, 0xFF, 0x9F, 0x80, 0xC1, 0xF9, 0x87, 0x3B, 0x1C, 0x3E, 0x30, 0x3F, 0xE0, 0x7F, 0xC0,
    0xF1, 0x81, 0xE3, 0x03, 0xC7, 0x0F, 0x87, 0xFB, 0x07, 0xE0, 0x3F, 0xDF, 0xF6, 0x0D, 0x83, 0x60,
    0xCF, 0xF1, 0xFC, 0x63, 0x30, 0xDC, 0x3E, 0x0C, 0x10, 0x0E, 0x00, 0xC0, 0x10, 0x00, 0x0F, 0xC7,
    0x3B, 0x87, 0xC0, 0xFF, 0xFF, 0xFF, 0x00, 0xC0, 0x38, 0x27, 0xBC, 0xFC, 0x33, 0x0C, 0xC2, 0x30,
    0x00, 0x3F, 0x1C, 0xEE, 0x1F, 0x03, 0xFF, 0xFF, 0xFC, 0x03, 0x00, 0xE0, 0x9E, 0xF3, 0xF0, 0x30,
    0x06, 0x03, 0xF8, 0x7F, 0x03, 0x00, 0x7F, 0x8F, 0x71, 0x87, 0x30, 0x66, 0x0C, 0xC1, 0x98, 0x33,
    0x06, 0x60, 0xCC, 0x19, 0x83, 0x00, 0x60, 0x0C, 0x03, 0x81, 0xE0, 0x38, 0x06, 0x0C, 0x18, 0x10,
    0x00, 0xFF, 0xFF, 0xC0, 0xC0, 0xC0, 0xC0, 0xC0, 0xC0, 0xC0, 0xC0, 0xC0, 0x3F, 0x39, 0xF8, 0x58,
    0x0C, 0x07, 0xF3, 0x01, 0x80, 0x61, 0xBF, 0xCF, 0xC0, 0x7E, 0xE7, 0xC2, 0xC0, 0xF0, 0x3E, 0x07,
    0x03, 0xC3, 0xF7, 0x7E, 0x7D, 0x00, 0xDB, 0x6D, 0xB6, 0xDB, 0xE7, 0xDD, 0x10, 0x01, 0x83, 0x06,
    0x0C, 0x18, 0x30, 0x60, 0xC1, 0x83, 0x06, 0x00, 0x19, 0xC4, 0x00, 0x0C, 0x63, 0x18, 0xC6, 0x31,
    0x8C, 0x63, 0x18, 0xCF, 0xEE, 0x00, 0x1F, 0xE0, 0x07, 0xF8, 0x01, 0x86, 0x00, 0x61, 0x80, 0x18,
    0x7F, 0x86, 0x18, 0x71, 0x86, 0x0C, 0x61, 0x83, 0x30, 0x60, 0xFC, 0x1F, 0xFE, 0x07, 0xF8, 0xC0,
    0xC0, 0x60, 0x60, 0x30, 0x30, 0x18, 0x18, 0x0F, 0xFF, 0xE7, 0xFF, 0xFF, 0x03, 0x07, 0x81, 0x83,
    0xC0, 0xC1, 0xE0, 0x7F, 0xF0, 0x3F, 0xC0, 0x30, 0x06, 0x03, 0xF8, 0x7F, 0x03, 0x00, 0x6F, 0x8F,
    0x79, 0x83, 0x30, 0x66, 0x0C, 0xC1, 0x98, 0x33, 0x06, 0x60, 0xCC, 0x19, 0x83, 0x07, 0x01, 0x80,
    0xC0, 0x20, 0x00, 0x70, 0x6C, 0x33, 0x18, 0xCC, 0x36, 0x0F, 0x83, 0x70, 0xCE, 0x31, 0xCC, 0x3B,
    0x07, 0x18, 0x07, 0x00, 0xE0, 0x10, 0x00, 0x30, 0x7C, 0x1F, 0x0F, 0xC6, 0xF1, 0xBC, 0xCF, 0x33,
    0xD8, 0xFC, 0x3F, 0x0F, 0x83, 0x11, 0x83, 0x20, 0x7C, 0x02, 0x00, 0x01, 0xC0, 0xD8, 0x33, 0x06,
    0x31, 0xC6, 0x30, 0xC6, 0x0D, 0x81, 0xB0, 0x3E, 0x03, 0x80, 0x70, 0x0C, 0x01, 0x80, 0x70, 0x0C,
    0x00, 0xC0, 0xF0, 0x3C, 0x0F, 0x03, 0xC0, 0xF0, 0x3C, 0x0F, 0x03, 0xC0, 0xFF, 0xFF, 0xFC, 0x30,
    0x0C, 0x03, 0x00, 0x1C, 0x00, 0x70, 0x01, 0xC0, 0x3F, 0xF8, 0xFF, 0xE0, 0x70, 0x01, 0xC0, 0x07,
    0xF8, 0x1F, 0xF8, 0x70, 0x71, 0xC0, 0xC7, 0x03, 0x1C, 0x0C, 0x70, 0x71, 0xFF, 0x87, 0xFC, 0x18,
    0x01, 0x80, 0x18, 0x01, 0x80, 0x18, 0x0F, 0xF8, 0xFF, 0x81, 0x80, 0x18, 0x01, 0xFE, 0x18, 0xF1,
    0x83, 0x18, 0x31, 0x83, 0x1F, 0xF1, 0xFE, 0x3F, 0xFC, 0x3F, 0xFC, 0x18, 0x38, 0x0C, 0x30, 0x0E,
    0x70, 0x06, 0x60, 0x07, 0xC0, 0x1F, 0xF0, 0x3F, 0xFC, 0x71, 0x8E, 0xE1, 0x86, 0xC1, 0x83, 0xC1,
    0x83, 0xC1, 0x83, 0xC1, 0x83, 0xC1, 0x83, 0x7F, 0xE3, 0xFC, 0x19, 0x81, 0xD8, 0x1F, 0x87, 0xFE,
    0xE6, 0x7C, 0x63, 0xC6, 0x3C, 0x63, 0xC6, 0x30, 0x07, 0x80, 0x7F, 0x83, 0x87, 0x1C, 0x06, 0x60,
    0x1F, 0x80, 0x3C, 0x00, 0xFF, 0xC7, 0xFF, 0xFF, 0x01, 0x3C, 0x00, 0xF8, 0x03, 0x60, 0x19, 0xC0,
    0xE3, 0xFF, 0x03, 0xF8, 0x3F, 0x1C, 0xEE, 0x1F, 0x03, 0xF9, 0xFF, 0xFC, 0x2F, 0x03, 0xE1, 0xDC,
    0xE3, 0xF0, 0xE0, 0x06, 0x60, 0x0F, 0x60, 0x1D, 0x70, 0x18, 0x30, 0x38, 0x30, 0x30, 0x18, 0x30,
    0x18, 0x60, 0x18, 0x60, 0x0C, 0x60, 0x0C, 0xC0, 0x0E, 0xC0, 0x07, 0xC0, 0x07, 0x80, 0x07, 0x80,
    0x03, 0x00, 0xC0, 0x7B, 0x07, 0x98, 0x30, 0xE3, 0x03, 0x18, 0x18, 0xC0, 0x6C, 0x03, 0x60, 0x1A,
    0x00, 0x70, 0x03, 0x80, 0x01, 0x80, 0xFF, 0xFF, 0xFC, 0x06, 0x03, 0x01, 0x80, 0xC0, 0x60, 0x30,
    0x18, 0x0C, 0x06, 0x03, 0x01, 0x80, 0xC0, 0x60, 0x00, 0x03, 0x03, 0x03, 0xFF, 0xFF, 0xC0, 0xC0,
    0xC0, 0xC0, 0xC0, 0xC0, 0xC0, 0xC0, 0xC0, 0x1F, 0xF1, 0xFF, 0x18, 0x01, 0x80, 0x18, 0x01, 0x80,
    0x18, 0x0F, 0xF0, 0xFF, 0x01, 0x80, 0x18, 0x01, 0x80, 0x18, 0x01, 0x80, 0x18, 0x01, 0x80, 0x3F,
    0xCF, 0xF3, 0x00, 0xC0, 0x30, 0x3F, 0x83, 0x00, 0xC0, 0x30, 0x0C, 0x03, 0x00, 0x71, 0x87, 0x0E,
    0x63, 0x81, 0x99, 0xC0, 0x36, 0xE0, 0x07, 0xB0, 0x01, 0xFC, 0x00, 0xFB, 0x80, 0x76, 0x70, 0x39,
    0x8C, 0x1C, 0x61, 0xFE, 0x18, 0x38, 0x00, 0x06, 0x00, 0x00, 0x80, 0x00, 0x20, 0xC0, 0xEC, 0x1C,
    0xC3, 0x8C, 0x70, 0xCE, 0x0D, 0xC0, 0xF8, 0x0F, 0x00, 0xF0, 0x0D, 0x80, 0xDC, 0x0C, 0xE0, 0xC7,
    0x0C, 0x38, 0xC1, 0xFC, 0x0F, 0x00, 0x30, 0x03, 0x00, 0x30, 0xC3, 0xD8, 0x63, 0x18, 0x66, 0x0D,
    0x81, 0xF0, 0x37, 0x06, 0x70, 0xC7, 0x18, 0x7F, 0x07, 0x80, 0x30, 0x06, 0x00, 0xC0, 0xC0, 0x3C,
    0x06, 0xC0, 0xEC, 0x0C, 0xD9, 0x8D, 0xB8, 0xDB, 0x0F, 0xE0, 0xFF, 0x0D, 0xB0, 0xDB, 0x8D, 0x98,
    0xD8, 0xCC, 0x0E, 0xC0, 0x6C, 0x03, 0xC0, 0xD8, 0x33, 0x6E, 0x6D, 0x8F, 0xE1, 0xFC, 0x37, 0xC6,
    0xD8, 0xD9, 0x98, 0x3B, 0x03, 0x80, 0xC0, 0x33, 0x00, 0xCC, 0x03, 0x30, 0x0C, 0xC0, 0x33, 0x00,
    0xCC, 0x03, 0x3F, 0xFC, 0xFF, 0xF3, 0x00, 0xCC, 0x03, 0x30, 0x0C, 0xC0, 0x33, 0x00, 0xCC, 0x03,
    0xF0, 0x0F, 0x00, 0x0C, 0x00, 0x30, 0x00, 0x80, 0xC0, 0xCC, 0x0C, 0xC0, 0xCC, 0x0C, 0xFF, 0xCF,
    0xFC, 0xC0, 0xCC, 0x0C, 0xC0, 0xCC, 0x0F, 0xC0, 0xF0, 0x03, 0x00, 0x30, 0x02, 0xE0, 0x1B, 0x01,
    0xDC, 0x0C, 0x60, 0xC3, 0x8E, 0x0C, 0x60, 0x37, 0x01, 0xB0, 0x07, 0x00, 0x38, 0x00, 0xC0, 0x06,
    0x00, 0x30, 0x01, 0x80, 0x0C, 0x00, 0x60, 0xC0, 0xEC, 0x19, 0x83, 0x38, 0xC3, 0x18, 0x63, 0x06,
    0xC0, 0xD8, 0x1A, 0x01, 0xC0, 0x38, 0x06, 0x00, 0xC0, 0x18, 0x03, 0x00, 0xE0, 0x1B, 0x01, 0xDC,
    0x0C, 0x60, 0xC1, 0x8E, 0x0E, 0x60, 0x37, 0x00, 0xF0, 0x3F, 0xE1, 0xFF, 0x00, 0xC0, 0x06, 0x00,
    0x30, 0x01, 0x80, 0x0C, 0x00, 0x60, 0xE0, 0xEC, 0x19, 0x83, 0x18, 0xC3, 0x18, 0x37, 0x06, 0xC0,
    0xD8, 0x0E, 0x0F, 0xF9, 0xFF, 0x07, 0x00, 0xE0, 0x1C, 0x03, 0x80, 0x60, 0x19, 0xC0, 0xC3, 0x87,
    0x06, 0x18, 0x1C, 0xC0, 0x37, 0x00, 0x78, 0x01, 0xC0, 0x07, 0x00, 0x1E, 0x00, 0xDC, 0x07, 0x30,
    0x18, 0x60, 0xC1, 0xC7, 0x03, 0xF8, 0x0F, 0x00, 0x0C, 0x00, 0x30, 0x00, 0x40, 0xE0, 0xC3, 0x18,
    0x3B, 0x01, 0xB0, 0x0E, 0x00, 0xE0, 0x1E, 0x01, 0xB0, 0x33, 0x87, 0x1F, 0xE0, 0xF0, 0x03, 0x00,
    0x20, 0x02, 0xC0, 0x33, 0x00, 0xCC, 0x03, 0x30, 0x0C, 0xC0, 0x33, 0x00, 0xCC, 0x03, 0x38, 0x1C,
    0x60, 0x71, 0xC6, 0xC3, 0xFB, 0x03, 0x8C, 0x00, 0x30, 0x00, 0xC0, 0x03, 0xC0, 0x0F, 0x00, 0x0C,
    0x00, 0x30, 0x00, 0xC0, 0xC1, 0x98, 0x33, 0x06, 0x60, 0xCC, 0x19, 0x83, 0x1F, 0xE3, 0xEC, 0x01,
    0x80, 0x3C, 0x07, 0x80, 0x30, 0x06, 0x00, 0xC0, 0xC0, 0x3C, 0x03, 0xC0, 0x3C, 0x03, 0xC0, 0x3C,
    0x03, 0xC6, 0x3E, 0x67, 0x66, 0x77, 0x7B, 0x3F, 0xB0, 0xE3, 0x06, 0x30, 0x63, 0x06, 0x30, 0x03,
    0xC1, 0xE0, 0xF0, 0x78, 0x3C, 0x9F, 0x5D, 0xFE, 0x7B, 0x09, 0x84, 0xC0, 0x60, 0xC0, 0x18, 0x03,
    0x00, 0x60, 0x0C, 0x01, 0x80, 0x37, 0xE7, 0xFE, 0xE0, 0xD8, 0x1B, 0x03, 0xE0, 0x3C, 0x07, 0x80,
    0xF0, 0x1E, 0x03, 0xC0, 0x30, 0x0C, 0x03, 0x00, 0xC0, 0x37, 0xEF, 0x3B, 0x87, 0xE0, 0xF0, 0x3C,
    0x0F, 0x03, 0xC0, 0xF0, 0x3C, 0x0F, 0x03, 0xC0, 0xCC, 0x0C, 0xC0, 0xCC, 0x0C, 0xFF, 0xCF, 0xFC,
    0xC0, 0xCC, 0x0C, 0xC0, 0xCC, 0x0F, 0xC0, 0xE0, 0x06, 0x00, 0x60, 0x06, 0x0F, 0x01, 0xFE, 0x1C,
    0x38, 0xC0, 0xE2, 0x03, 0x00, 0x1C, 0x00, 0x60, 0x03, 0xFF, 0xFF, 0xFF, 0xF0, 0x07, 0x80, 0x66,
    0x03, 0x38, 0x38, 0xFF, 0x83, 0xF8, 0x7F, 0x38, 0xE4, 0x18, 0x03, 0x00, 0xFF, 0xFF, 0xFF, 0x03,
    0xC1, 0x9D, 0xE3, 0xF0, 0x1F, 0x80, 0x00, 0xC0, 0x3C, 0x07, 0xC0, 0xFC, 0x0F, 0xC1, 0xFC, 0x3B,
    0xC3, 0x3C, 0x63, 0xCE, 0x3C, 0xC3, 0xD8, 0x3F, 0x83, 0xF0, 0x3E, 0x03, 0xE0, 0x3C, 0x03, 0x1F,
    0x07, 0xC0, 0x00, 0x00, 0xC1, 0xF0, 0xFC, 0x3F, 0x1B, 0xC6, 0xF3, 0x3D, 0xCF, 0x63, 0xF0, 0xFC,
    0x3E, 0x0C, 0x07, 0x80, 0x7F, 0x83, 0x87, 0x1C, 0x06, 0x60, 0x1F, 0x80, 0x3C, 0x00, 0xFF, 0xFF,
    0xFF, 0xFF, 0x00, 0x3C, 0x00, 0xF8, 0x03, 0x60, 0x19, 0xC0, 0xE3, 0xFF, 0x03, 0xF8, 0x3F, 0x1C,
    0xEE, 0x1F, 0x03, 0xFF, 0xFF, 0xFC, 0x0F, 0x03, 0xE1, 0xDC, 0xE3, 0xF0, 0x0F, 0x80, 0x00, 0x38,
    0x06, 0xC0, 0x66, 0x03, 0x18, 0x30, 0xC1, 0x83, 0x18, 0x18, 0xC0, 0x6E, 0x03, 0x60, 0x0F, 0x00,
    0x70, 0x03, 0x80, 0x18, 0x01, 0xC0, 0x0C, 0x00, 0xE0, 0x00, 0x1F, 0x03, 0xE0, 0x00, 0x00, 0x0E,
    0x0E, 0xC1, 0x98, 0x33, 0x8E, 0x31, 0x86, 0x30, 0x6C, 0x0D, 0x81, 0xB0, 0x1C, 0x03, 0x80, 0x60,
    0x0C, 0x03, 0x80, 0x60, 0x00, 0x03, 0x00, 0x0E, 0x00, 0x78, 0x01, 0xE0, 0x06, 0xC0, 0x33, 0x00,
    0xCC, 0x07, 0x18, 0x18, 0x60, 0x7F, 0xC3, 0xFF, 0x0C, 0x0C, 0x30, 0x39, 0x80, 0x66, 0x01, 0xB8,
    0x03, 0x00, 0x00, 0x04, 0x00, 0x30, 0x00, 0xC0, 0x7F, 0x71, 0x90, 0x60, 0x31, 0xFB, 0xFF, 0x87,
    0x83, 0xC3, 0xF3, 0xDF, 0x60, 0x00, 0x80, 0xE0, 0x30, 0x01, 0x00, 0x1E, 0x00, 0x38, 0x00, 0x40,
    0x03, 0x00, 0x0E, 0x00, 0x78, 0x01, 0xE0, 0x06, 0xC0, 0x33, 0x00, 0xCC, 0x07, 0x18, 0x18, 0x60,
    0x7F, 0xC3, 0xFF, 0x0C, 0x0C, 0x30, 0x39, 0x80, 0x66, 0x01, 0xB8, 0x03, 0x1C, 0x0F, 0x01, 0x81,
    0x80, 0x03, 0xFB, 0x8C, 0x83, 0x01, 0x8F, 0xDF, 0xFC, 0x3C, 0x1E, 0x1F, 0x9E, 0xFB, 0x00, 0x30,
    0x01, 0xC0, 0x04, 0x00, 0xE0, 0x07, 0xC0, 0x31, 0x00, 0x30, 0x00, 0xE0, 0x07, 0x80, 0x1E, 0x00,
    0x6C, 0x03, 0x30, 0x0C, 0xC0, 0x71, 0x81, 0x86, 0x07, 0xFC, 0x3F, 0xF0, 0xC0, 0xC3, 0x03, 0x98,
    0x06, 0x60, 0x1B, 0x80, 0x30, 0x00, 0x80, 0x30, 0x18, 0x3C, 0x1C, 0x0D, 0x82, 0x30, 0x00, 0x7F,
    0x38, 0xC4, 0x18, 0x06, 0x1F, 0x9F, 0xEE, 0x1B, 0x06, 0xC3, 0xB9, 0xE7, 0xD8, 0x01, 0x80, 0x03,
    0x00, 0x06, 0x00, 0xE0, 0x07, 0xC0, 0x31, 0x00, 0x30, 0x00, 0xE0, 0x07, 0x80, 0x1E, 0x00, 0x6C,
    0x03, 0x30, 0x0C, 0xC0, 0x71, 0x81, 0x86, 0x07, 0xFC, 0x3F, 0xF0, 0xC0, 0xC3, 0x03, 0x98, 0x06,
    0x60, 0x1B, 0x80, 0x30, 0x02, 0x03, 0x80, 0xC1, 0xB1, 0xC1, 0xB0, 0x8C, 0x00, 0x7F, 0x71, 0x90,
    0x60, 0x31, 0xFB, 0xFF, 0x87, 0x83, 0xC3, 0xF3, 0xDF, 0x60, 0x01, 0xE0, 0x02, 0xC0, 0x06, 0x01,
    0xE0, 0x0F, 0xC0, 0x11, 0x00, 0x30, 0x00, 0xE0, 0x07, 0x80, 0x1E, 0x00, 0x6C, 0x03, 0x30, 0x0C,
    0xC0, 0x71, 0x81, 0x86, 0x07, 0xFC, 0x3F, 0xF0, 0xC0, 0xC3, 0x03, 0x98, 0x06, 0x60, 0x1B, 0x80,
    0x30, 0x01, 0x01, 0xE0, 0x0C, 0x36, 0x1C, 0x0D, 0x82, 0x30, 0x00, 0x7F, 0x38, 0xC4, 0x18, 0x06,
    0x1F, 0x9F, 0xEE, 0x1B, 0x06, 0xC3, 0xB9, 0xE7, 0xD8, 0x06, 0x40, 0x3F, 0x00, 0x00, 0x00, 0xE0,
    0x07, 0xC0, 0x31, 0x00, 0x30, 0x00, 0xE0, 0x07, 0x80, 0x1E, 0x00, 0x6C, 0x03, 0x30, 0x0C, 0xC0,
    0x71, 0x81, 0x86, 0x07, 0xFC, 0x3F, 0xF0, 0xC0, 0xC3, 0x03, 0x98, 0x06, 0x60, 0x1B, 0x80, 0x30,
    0x12, 0x1F, 0x99, 0x81, 0x81, 0xC1, 0xB0, 0x8C, 0x00, 0x7F, 0x71, 0x90, 0x60, 0x31, 0xFB, 0xFF,
    0x87, 0x83, 0xC3, 0xF3, 0xDF, 0x60, 0x07, 0x80, 0x3F, 0x00, 0x44, 0x00, 0xC0, 0x03, 0x80, 0x1E,
    0x00, 0x78, 0x01, 0xB0, 0x0C, 0xC0, 0x33, 0x01, 0xC6, 0x06, 0x18, 0x1F, 0xF0, 0xFF, 0xC3, 0x03,
    0x0C, 0x0E, 0x60, 0x19, 0x80, 0x6E, 0x00, 0xC0, 0x00, 0x01, 0x00, 0x0C, 0x00, 0x30, 0x00, 0x0C,
    0x0E, 0x0D, 0x84, 0x60, 0x03, 0xFB, 0x8C, 0x83, 0x01, 0x8F, 0xDF, 0xFC, 0x3C, 0x1E, 0x1F, 0x9E,
    0xFB, 0x00, 0x04, 0x07, 0x01, 0x80, 0x00, 0xC0, 0x06, 0x00, 0x30, 0x03, 0x30, 0x07, 0xC0, 0x0C,
    0x00, 0x30, 0x00, 0xE0, 0x07, 0x80, 0x1E, 0x00, 0x6C, 0x03, 0x30, 0x0C, 0xC0, 0x71, 0x81, 0x86,
    0x07, 0xFC, 0x3F, 0xF0, 0xC0, 0xC3, 0x03, 0x98, 0x06, 0x60, 0x1B, 0x80, 0x30, 0x04, 0x03, 0x03,
    0x03, 0x02, 0x21, 0x10, 0xF8, 0x18, 0x00, 0x3F, 0xB8, 0xC8, 0x30, 0x18, 0xFD, 0xFF, 0xC3, 0xC1,
    0xE1, 0xF9, 0xEF, 0xB0, 0x0C, 0x00, 0x18, 0x00, 0x10, 0x03, 0x30, 0x07, 0xC0, 0x0C, 0x00, 0x30,
    0x00, 0xE0, 0x07, 0x80, 0x1E, 0x00, 0x6C, 0x03, 0x30, 0x0C, 0xC0, 0x71, 0x81, 0x86, 0x07, 0xFC,
    0x3F, 0xF0, 0xC0, 0xC3, 0x03, 0x98, 0x06, 0x60, 0x1B, 0x80, 0x30, 0x10, 0x1C, 0x06, 0x01, 0x82,
    0x21, 0x10, 0xF8, 0x18, 0x00, 0x3F, 0xB8, 0xC8, 0x30, 0x18, 0xFD, 0xFF, 0xC3, 0xC1, 0xE1, 0xF9,
    0xEF, 0xB0, 0x07, 0x80, 0x02, 0x00, 0x30, 0x03, 0x30, 0x07, 0xC0, 0x0C, 0x00, 0x30, 0x00, 0xE0,
    0x07, 0x80, 0x1E, 0x00, 0x6C, 0x03, 0x30, 0x0C, 0xC0, 0x71, 0x81, 0x86, 0x07, 0xFC, 0x3F, 0xF0,
    0xC0, 0xC3, 0x03, 0x98, 0x06, 0x60, 0x1B, 0x80, 0x30, 0x3C, 0x0F, 0x01, 0x81, 0x82, 0x21, 0x10,
    0xF8, 0x18, 0x00, 0x3F, 0xB8, 0xC8, 0x30, 0x18, 0xFD, 0xFF, 0xC3, 0xC1, 0xE1, 0xF9, 0xEF, 0xB0,
    0x06, 0x40, 0x3F, 0x00, 0x00, 0x03, 0x30, 0x07, 0xC0, 0x0C, 0x00, 0x30, 0x00, 0xE0, 0x07, 0x80,
    0x1E, 0x00, 0x6C, 0x03, 0x30, 0x0C, 0xC0, 0x71, 0x81, 0x86, 0x07, 0xFC, 0x3F, 0xF0, 0xC0, 0xC3,
    0x03, 0x98, 0x06, 0x60, 0x1B, 0x80, 0x30, 0x3B, 0x37, 0x00, 0x04, 0x42, 0x21, 0xF0, 0x30, 0x00,
    0x7F, 0x71, 0x90, 0x60, 0x31, 0xFB, 0xFF, 0x87, 0x83, 0xC3, 0xF3, 0xDF, 0x60, 0x0C, 0x40, 0x33,
    0x00, 0x78, 0x00, 0x00, 0x03, 0x00, 0x0E, 0x00, 0x78, 0x01, 0xE0, 0x06, 0xC0, 0x33, 0x00, 0xCC,
    0x07, 0x18, 0x18, 0x60, 0x7F, 0xC3, 0xFF, 0x0C, 0x0C, 0x30, 0x39, 0x80, 0x66, 0x01, 0xB8, 0x03,
    0x00, 0x00, 0x04, 0x00, 0x30, 0x00, 0xC0, 0x22, 0x11, 0x0F, 0x81, 0x80, 0x03, 0xFB, 0x8C, 0x83,
    0x01, 0x8F, 0xDF, 0xFC, 0x3C, 0x1E, 0x1F, 0x9E, 0xFB, 0x00, 0x04, 0x07, 0x01, 0x80, 0xFF, 0xBF,
    0xEC, 0x03, 0x00, 0xC0, 0x30, 0x0C, 0x03, 0xFE, 0xFF, 0xB0, 0x0C, 0x03, 0x00, 0xC0, 0x30, 0x0F,
    0xFF, 0xFF, 0x00, 0x02, 0x00, 0xC0, 0x30, 0x3F, 0x1C, 0xEE, 0x1F, 0x03, 0xFF, 0xFF, 0xFC, 0x03,
    0x00, 0xE0, 0x9E, 0xF3, 0xF0, 0x00, 0x04, 0x03, 0x80, 0xC0, 0x28, 0x07, 0x80, 0x60, 0x30, 0xFF,
    0xBF, 0xEC, 0x03, 0x00, 0xC0, 0x30, 0x0C, 0x03, 0xFE, 0xFF, 0xB0, 0x0C, 0x03, 0x00, 0xC0, 0x30,
    0x0F, 0xFF, 0xFF, 0x1C, 0x07, 0x80, 0x60, 0x30, 0x00, 0x0F, 0xC7, 0x3B, 0x87, 0xC0, 0xFF, 0xFF,
    0xFF, 0x00, 0xC0, 0x38, 0x27, 0xBC, 0xFC, 0x3B, 0x1F, 0x82, 0x43, 0xFE, 0xFF, 0xB0, 0x0C, 0x03,
    0x00, 0xC0, 0x30, 0x0F, 0xFB, 0xFE, 0xC0, 0x30, 0x0C, 0x03, 0x00, 0xC0, 0x3F, 0xFF, 0xFC, 0x19,
    0x0F, 0xC2, 0x60, 0x00, 0x3F, 0x1C, 0xEE, 0x1F, 0x03, 0xFF, 0xFF, 0xFC, 0x03, 0x00, 0xE0, 0x9E,
    0xF3, 0xF0, 0x00, 0xC0, 0x60, 0x30, 0x70, 0x36, 0x08, 0xCF, 0xFB, 0xFE, 0xC0, 0x30, 0x0C, 0x03,
    0x00, 0xC0, 0x3F, 0xEF, 0xFB, 0x00, 0xC0, 0x30, 0x0C, 0x03, 0x00, 0xFF, 0xFF, 0xF0, 0x00, 0x40,
    0x1C, 0x06, 0x06, 0x81, 0xE0, 0x3C, 0x0C, 0xC0, 0x00, 0x3F, 0x0E, 0x73, 0x87, 0x60, 0x6F, 0xFD,
    0xFF, 0xB0, 0x06, 0x00, 0xE0, 0x8F, 0x78, 0xFC, 0x00, 0x0C, 0x01, 0x80, 0x30, 0x70, 0x36, 0x08,
    0xCF, 0xFB, 0xFE, 0xC0, 0x30, 0x0C, 0x03, 0x00, 0xC0, 0x3F, 0xEF, 0xFB, 0x00, 0xC0, 0x30, 0x0C,
    0x03, 0x00, 0xFF, 0xFF, 0xF0, 0x02, 0x01, 0xC0, 0x38, 0x36, 0x1E, 0x07, 0x83, 0x30, 0x00, 0x3F,
    0x1C, 0xEE, 0x1F, 0x03, 0xFF, 0xFF, 0xFC, 0x03, 0x00, 0xE0, 0x9E, 0xF3, 0xF0, 0x07, 0x81, 0x20,
    0x38, 0x70, 0x36, 0x08, 0xCF, 0xFB, 0xFE, 0xC0, 0x30, 0x0C, 0x03, 0x00, 0xC0, 0x3F, 0xEF, 0xFB,
    0x00, 0xC0, 0x30, 0x0C, 0x03, 0x00, 0xFF, 0xFF, 0xF0, 0x01, 0x00, 0xF0, 0x0C, 0x36, 0x1E, 0x07,
    0x83, 0x30, 0x00, 0x3F, 0x1C, 0xEE, 0x1F, 0x03, 0xFF, 0xFF, 0xFC, 0x03, 0x00, 0xE0, 0x9E, 0xF3,
    0xF0, 0x3B, 0x1B, 0x80, 0x00, 0x70, 0x36, 0x08, 0xCF, 0xFB, 0xFE, 0xC0, 0x30, 0x0C, 0x03, 0x00,
    0xC0, 0x3F, 0xEF, 0xFB, 0x00, 0xC0, 0x30, 0x0C, 0x03, 0x00, 0xFF, 0xFF, 0xF0, 0x19, 0x0F, 0xC2,
    0x60, 0x30, 0x1E, 0x07, 0x83, 0x30, 0x00, 0x3F, 0x1C, 0xEE, 0x1F, 0x03, 0xFF, 0xFF, 0xFC, 0x03,
    0x00, 0xE0, 0x9E, 0xF3, 0xF0, 0x1C, 0x0D, 0x82, 0x33, 0xFE, 0xFF, 0xB0, 0x0C, 0x03, 0x00, 0xC0,
    0x30, 0x0F, 0xFB, 0xFE, 0xC0, 0x30, 0x0C, 0x03, 0x00, 0xC0, 0x3F, 0xFF, 0xFC, 0x00, 0x08, 0x03,
    0x00, 0xC0, 0x0C, 0x07, 0x81, 0xE0, 0xCC, 0x00, 0x0F, 0xC7, 0x3B, 0x87, 0xC0, 0xFF, 0xFF, 0xFF,
    0x00, 0xC0, 0x38, 0x27, 0xBC, 0xFC, 0x00, 0x01, 0x00, 0xE0, 0x30, 0x4F, 0x36, 0x66, 0x66, 0x66,
    0x66, 0x66, 0x66, 0x66, 0x66, 0xF3, 0xCE, 0x60, 0x39, 0xCE, 0x73, 0x9C, 0xE7, 0x39, 0xCE, 0x6D,
    0xB6, 0xDB, 0x6D, 0xB6, 0xDB, 0x0B, 0xF0, 0x7D, 0x00, 0xDB, 0x6D, 0xB6, 0xDB, 0x01, 0x76, 0x07,
    0x80, 0x7F, 0x83, 0x87, 0x1C, 0x06, 0x60, 0x1F, 0x80, 0x3C, 0x00, 0xF0, 0x03, 0xC0, 0x0F, 0x00,
    0x3C, 0x00, 0xF8, 0x03, 0x60, 0x19, 0xC0, 0xE3, 0xFF, 0x03, 0xF8, 0x00, 0x00, 0x04, 0x00, 0x30,
    0x00, 0xC0, 0x3F, 0x1C, 0xEE, 0x1F, 0x03, 0xC0, 0xF0, 0x3C, 0x0F, 0x03, 0xE1, 0xDF, 0xE3, 0xF0,
    0x00, 0x04, 0x03, 0x00, 0xC0, 0x01, 0x00, 0x1E, 0x00, 0x38, 0x00, 0x40, 0x07, 0x80, 0x7F, 0x83,
    0x87, 0x1C, 0x06, 0x60, 0x1F, 0x80, 0x3C, 0x00, 0xF0, 0x03, 0xC0, 0x0F, 0x00, 0x3C, 0x00, 0xF8,
    0x03, 0x60, 0x19, 0xC0, 0xE3, 0xFF, 0x03, 0xF8, 0x1E, 0x07, 0x80, 0xE0, 0x10, 0x00, 0x0F, 0xC7,
    0x3B, 0x87, 0xC0, 0xF0, 0x3C, 0x0F, 0x03, 0xC0, 0xF8, 0x77, 0xF8, 0xFC, 0x00, 0x30, 0x01, 0xC0,
    0x04, 0x00, 0xE0, 0x07, 0xC0, 0x31, 0x00, 0x78, 0x07, 0xF8, 0x38, 0x71, 0xC0, 0x66, 0x01, 0xF8,
    0x03, 0xC0, 0x0F, 0x00, 0x3C, 0x00, 0xF0, 0x03, 0xC0, 0x0F, 0x80, 0x36, 0x01, 0x9C, 0x0E, 0x3F,
    0xF0, 0x3F, 0x80, 0x00, 0x40, 0x1C, 0x06, 0x06, 0x81, 0xE0, 0x36, 0x0C, 0x40, 0x00, 0x3F, 0x0E,
    0x73, 0x87, 0x60, 0x6C, 0x0D, 0x81, 0xB0, 0x36, 0x06, 0xE1, 0xCF, 0xF0, 0xFC, 0x00, 0x01, 0x80,
    0x03, 0x00, 0x06, 0x00, 0xE0, 0x07, 0xC0, 0x31, 0x00, 0x78, 0x07, 0xF8, 0x38, 0x71, 0xC0, 0x66,
    0x01, 0xF8, 0x03, 0xC0, 0x0F, 0x00, 0x3C, 0x00, 0xF0, 0x03, 0xC0, 0x0F, 0x80, 0x36, 0x01, 0x9C,
    0x0E, 0x3F, 0xF0, 0x3F, 0x80, 0x02, 0x01, 0xC0, 0x38, 0x36, 0x1E, 0x06, 0xC3, 0x10, 0x00, 0x3F,
    0x1C, 0xEE, 0x1F, 0x03, 0xC0, 0xF0, 0x3C, 0x0F, 0x03, 0xE1, 0xDF, 0xE3, 0xF0, 0x00, 0xE0, 0x02,
    0xC0, 0x06, 0x00, 0xE0, 0x07, 0xC0, 0x31, 0x00, 0x78, 0x07, 0xF8, 0x38, 0x71, 0xC0, 0x66, 0x01,
    0xF8, 0x03, 0xC0, 0x0F, 0x00, 0x3C, 0x00, 0xF0, 0x03, 0xC0, 0x0F, 0x80, 0x36, 0x01, 0x9C, 0x0E,
    0x3F, 0xF0, 0x3F, 0x80, 0x01, 0x00, 0xF0, 0x0C, 0x36, 0x1E, 0x07, 0x83, 0x30, 0x00, 0x3F, 0x1C,
    0xEE, 0x1F, 0x03, 0xC0, 0xF0, 0x3C, 0x0F, 0x03, 0xE1, 0xDF, 0xE3, 0xF0, 0x07, 0x40, 0x3F, 0x00,
    0x00, 0x00, 0xE0, 0x07, 0xC0, 0x31, 0x00, 0x78, 0x07, 0xF8, 0x38, 0x71, 0xC0, 0x66, 0x01, 0xF8,
    0x03, 0xC0, 0x0F, 0x00, 0x3C, 0x00, 0xF0, 0x03, 0xC0, 0x0F, 0x80, 0x36, 0x01, 0x9C, 0x0E, 0x3F,
    0xF0, 0x3F, 0x80, 0x19, 0x0F, 0xC2, 0x60, 0x30, 0x1E, 0x07, 0x83, 0x30, 0x00, 0x3F, 0x1C, 0xEE,
    0x1F, 0x03, 0xC0, 0xF0, 0x3C, 0x0F, 0x03, 0x61, 0xDF, 0xE3, 0xF0, 0x03, 0x80, 0x1F, 0x00, 0xC4,
    0x01, 0xE0, 0x1F, 0xE0, 0xE1, 0xC7, 0x01, 0x98, 0x07, 0xE0, 0x0F, 0x00, 0x3C, 0x00, 0xF0, 0x03,
    0xC0, 0x0F, 0x00, 0x3E, 0x00, 0xD8, 0x06, 0x70, 0x38, 0xFF, 0xC0, 0xFE, 0x00, 0x00, 0x01, 0x00,
    0x0C, 0x00, 0x30, 0x00, 0x0C, 0x07, 0x81, 0xB0, 0xC4, 0x00, 0x0F, 0xC7, 0x3B, 0x87, 0xC0, 0xF0,
    0x3C, 0x0F, 0x03, 0xC0, 0xF8, 0x77, 0xF8, 0xFC, 0x00, 0x01, 0x00, 0xC0, 0x30, 0x01, 0x00, 0x06,
    0x10, 0x30, 0xC0, 0x83, 0x07, 0xFC, 0x7F, 0xE3, 0x87, 0x1C, 0x06, 0x60, 0x1F, 0x80, 0x3C, 0x00,
    0xF0, 0x03, 0xC0, 0x0F, 0x00, 0x3C, 0x00, 0xF8, 0x03, 0x60, 0x19, 0xC0, 0xE3, 0xFF, 0x03, 0xF8,
    0x03, 0x00, 0xC8, 0x33, 0x84, 0x30, 0x0E, 0x7F, 0x9C, 0xE7, 0x0E, 0xC0, 0xD8, 0x1B, 0x03, 0x60,
    0x6C, 0x0D, 0xC3, 0x9F, 0xE1, 0xF8, 0x02, 0x00, 0x1C, 0x10, 0x38, 0xC0, 0x43, 0x07, 0xFC, 0x7F,
    0xE3, 0x87, 0x1C, 0x06, 0x60, 0x1F, 0x80, 0x3C, 0x00, 0xF0, 0x03, 0xC0, 0x0F, 0x00, 0x3C, 0x00,
    0xF8, 0x03, 0x60, 0x19, 0xC0, 0xE3, 0xFF, 0x03, 0xF8, 0x38, 0x03, 0x08, 0x33, 0x82, 0x30, 0x0E,
    0x7F, 0x9C, 0xE7, 0x0E, 0xC0, 0xD8, 0x1B, 0x03, 0x60, 0x6C, 0x0D, 0xC3, 0x9F, 0xE1, 0xF8, 0x01,
    0x00, 0x1E, 0x10, 0x38, 0xC0, 0x43, 0x07, 0xFC, 0x7F, 0xE3, 0x87, 0x1C, 0x06, 0x60, 0x1F, 0x80,
    0x3C, 0x00, 0xF0, 0x03, 0xC0, 0x0F, 0x00, 0x3C, 0x00, 0xF8, 0x03, 0x60, 0x19, 0xC0, 0xE3, 0xFF,
    0x03, 0xF8, 0x1E, 0x03, 0xC8, 0x3B, 0x82, 0x30, 0x0E, 0x7F, 0x9C, 0xE7, 0x0E, 0xC0, 0xD8, 0x1B,
    0x03, 0x60, 0x6C, 0x0D, 0xC3, 0x9F, 0xE1, 0xF8, 0x06, 0x44, 0x3F, 0x30, 0x88, 0xC1, 0xFF, 0x1F,
    0xF8, 0xE1, 0xC7, 0x01, 0x98, 0x07, 0xE0, 0x0F, 0x00, 0x3C, 0x00, 0xF0, 0x03, 0xC0, 0x0F, 0x00,
    0x3E, 0x00, 0xD8, 0x06, 0x70, 0x38, 0xFF, 0xC0, 0xFE, 0x00, 0x19, 0x47, 0xFC, 0x99, 0x80, 0x73,
    0xFC, 0xE7, 0x38, 0x76, 0x06, 0xC0, 0xD8, 0x1B, 0x03, 0x60, 0x6E, 0x1C, 0xFF, 0x0F, 0xC0, 0x00,
    0x04, 0x00, 0x30, 0x00, 0xC1, 0xFF, 0x1F, 0xF8, 0xE1, 0xC7, 0x01, 0x98, 0x07, 0xE0, 0x0F, 0x00,
    0x3C, 0x00, 0xF0, 0x03, 0xC0, 0x0F, 0x00, 0x3E, 0x00, 0xD8, 0x06, 0x70, 0x38, 0xFF, 0xC0, 0xFE,
    0x00, 0x00, 0x01, 0x00, 0x0E, 0x00, 0x30, 0x00, 0x00, 0x40, 0x1C, 0x01, 0x80, 0x73, 0xFC, 0xE7,
    0x38, 0x76, 0x06, 0xC0, 0xD8, 0x1B, 0x03, 0x60, 0x6E, 0x1C, 0xFF, 0x0F, 0xC0, 0x00, 0x04, 0x01,
    0x80, 0x30, 0x00, 0xC0, 0x78, 0x0F, 0x01, 0xE0, 0x3C, 0x07, 0x80, 0xF0, 0x1E, 0x03, 0xC0, 0x78,
    0x0F, 0x01, 0xE0, 0x3C, 0x07, 0xC1, 0xDF, 0xF1, 0xFC, 0x00, 0x00, 0x80, 0x38, 0x07, 0x00, 0xC0,
    0xF0, 0x3C, 0x0F, 0x03, 0xC0, 0xF0, 0x3C, 0x0F, 0x83, 0x61, 0xDF, 0xF3, 0xEC, 0x00, 0x04, 0x03,
    0x80, 0xE0, 0x04, 0x03, 0xE0, 0x1C, 0x02, 0x0C, 0x07, 0x80, 0xF0, 0x1E, 0x03, 0xC0, 0x78, 0x0F,
    0x01, 0xE0, 0x3C, 0x07, 0x80, 0xF0, 0x1E, 0x03, 0xC0, 0x7C, 0x1D, 0xFF, 0x1F, 0xC0, 0x1E, 0x07,
    0x80, 0xE0, 0x10, 0x00, 0x30, 0x3C, 0x0F, 0x03, 0xC0, 0xF0, 0x3C, 0x0F, 0x03, 0xE0, 0xD8, 0x77,
    0xFC, 0xFB, 0x02, 0x00, 0x1C, 0x20, 0xC1, 0x82, 0x03, 0xC0, 0x7B, 0x01, 0xCC, 0x06, 0x30, 0x18,
    0xC0, 0x63, 0x01, 0x8C, 0x06, 0x30, 0x18, 0xC0, 0x63, 0x01, 0x8C, 0x06, 0x30, 0x18, 0xC0, 0x63,
    0x83, 0x87, 0xFC, 0x0F, 0xE0, 0x03, 0x00, 0x61, 0x0C, 0x30, 0x43, 0x00, 0x3C, 0x0E, 0xC0, 0xCC,
    0x0C, 0xC0, 0xCC, 0x0C, 0xC0, 0xCC, 0x0C, 0xE0, 0xC6, 0x1C, 0x7F, 0xC3, 0xEC, 0x08, 0x00, 0x70,
    0x20, 0xE1, 0x81, 0x03, 0xC0, 0x7B, 0x01, 0xCC, 0x06, 0x30, 0x18, 0xC0, 0x63, 0x01, 0x8C, 0x06,
    0x30, 0x18, 0xC0, 0x63, 0x01, 0x8C, 0x06, 0x30, 0x18, 0xC0, 0x63, 0x83, 0x87, 0xFC, 0x0F, 0xE0,
    0x38, 0x01, 0x81, 0x0C, 0x30, 0x43, 0x00, 0x3C, 0x0E, 0xC0, 0xCC, 0x0C, 0xC0, 0xCC, 0x0C, 0xC0,
    0xCC, 0x0C, 0xE0, 0xC6, 0x1C, 0x7F, 0xC3, 0xEC, 0x04, 0x00, 0x7C, 0x20, 0x71, 0x81, 0x03, 0xC0,
    0x7B, 0x01, 0xCC, 0x06, 0x30, 0x18, 0xC0, 0x63, 0x01, 0x8C, 0x06, 0x30, 0x18, 0xC0, 0x63, 0x01,
    0x8C, 0x06, 0x30, 0x18, 0xC0, 0x63, 0x83, 0x87, 0xFC, 0x0F, 0xE0, 0x1E, 0x01, 0xE1, 0x0E, 0x30,
    0x43, 0x00, 0x3C, 0x0E, 0xC0, 0xCC, 0x0C, 0xC0, 0xCC, 0x0C, 0xC0, 0xCC, 0x0C, 0xE0, 0xC6, 0x1C,
    0x7F, 0xC3, 0xEC, 0x1D, 0x88, 0xFC, 0x61, 0x20, 0xF0, 0x1E, 0xC0, 0x73, 0x01, 0x8C, 0x06, 0x30,
    0x18, 0xC0, 0x63, 0x01, 0x8C, 0x06, 0x30, 0x18, 0xC0, 0x63, 0x01, 0x8C, 0x06, 0x30, 0x18, 0xE0,
    0xE1, 0xFF, 0x03, 0xF8, 0x00, 0x19, 0x93, 0xF3, 0x12, 0x30, 0x03, 0xC0, 0xEC, 0x0C, 0xC0, 0xCC,
    0x0C, 0xC0, 0xCC, 0x0C, 0xC0, 0xCE, 0x0C, 0x61, 0xC7, 0xFC, 0x3E, 0xC0, 0x00, 0x08, 0x00, 0x60,
    0x00, 0xF0, 0x1E, 0xC0, 0x73, 0x01, 0x8C, 0x06, 0x30, 0x18, 0xC0, 0x63, 0x01, 0x8C, 0x06, 0x30,
    0x18, 0xC0, 0x63, 0x01, 0x8C, 0x06, 0x30, 0x18, 0xE0, 0xE1, 0xFF, 0x03, 0xF8, 0x00, 0x00, 0x00,
    0x00, 0x10, 0x00, 0xE0, 0x03, 0x80, 0x00, 0x10, 0x03, 0x00, 0x30, 0x03, 0xC0, 0xEC, 0x0C, 0xC0,
    0xCC, 0x0C, 0xC0, 0xCC, 0x0C, 0xC0, 0xCE, 0x0C, 0x61, 0xC7, 0xFC, 0x3E, 0xC0, 0x00, 0x04, 0x00,
    0xE0, 0x0E, 0x00, 0x04, 0x00, 0x70, 0x00, 0xC0, 0x02, 0x0E, 0x01, 0xB0, 0x1D, 0xC0, 0xC6, 0x0C,
    0x38, 0xE0, 0xC6, 0x03, 0x70, 0x1B, 0x00, 0x70, 0x03, 0x80, 0x0C, 0x00, 0x60, 0x03, 0x00, 0x18,
    0x00, 0xC0, 0x06, 0x00, 0x18, 0x03, 0x80, 0x38, 0x02, 0x00, 0x01, 0xC1, 0xD8, 0x33, 0x06, 0x71,
    0xC6, 0x30, 0xC6, 0x0D, 0x81, 0xB0, 0x36, 0x03, 0x80, 0x70, 0x0C, 0x01, 0x80, 0x70, 0x0C, 0x00,
    0xE0, 0x1B, 0x01, 0xDC, 0x0C, 0x60, 0xC3, 0x8E, 0x0C, 0x60, 0x37, 0x01, 0xB0, 0x07, 0x00, 0x38,
    0x00, 0xC0, 0x06, 0x00, 0x30, 0x01, 0x80, 0x0C, 0x00, 0x60, 0x00, 0x00, 0x00, 0x00, 0x80, 0x0E,
    0x00, 0x30, 0x00, 0xE0, 0xEC, 0x19, 0x83, 0x38, 0xE3, 0x18, 0x63, 0x06, 0xC0, 0xD8, 0x1B, 0x01,
    0xC0, 0x38, 0x06, 0x00, 0xC4, 0x39, 0x86, 0x30, 0x02, 0x00, 0x3C, 0x00, 0x60, 0x06, 0x0E, 0x01,
    0xB0, 0x1D, 0xC0, 0xC6, 0x0C, 0x38, 0xE0, 0xC6, 0x03, 0x70, 0x1B, 0x00, 0x70, 0x03, 0x80, 0x0C,
    0x00, 0x60, 0x03, 0x00, 0x18, 0x00, 0xC0, 0x06, 0x00, 0x1E, 0x01, 0xE0, 0x1C, 0x03, 0x00, 0x01,
    0xC1, 0xD8, 0x33, 0x06, 0x71, 0xC6, 0x30, 0xC6, 0x0D, 0x81, 0xB0, 0x36, 0x03, 0x80, 0x70, 0x0C,
    0x01, 0x80, 0x70, 0x0C, 0x00, 0x0E, 0xC0, 0xFC, 0x02, 0x41, 0xC0, 0x36, 0x03, 0xB8, 0x18, 0xC1,
    0x87, 0x1C, 0x18, 0xC0, 0x6E, 0x03, 0x60, 0x0E, 0x00, 0x70, 0x01, 0x80, 0x0C, 0x00, 0x60, 0x03,
    0x00, 0x18, 0x00, 0xC0, 0x1D, 0x87, 0xE0, 0x48, 0x00, 0x0E, 0x0E, 0xC1, 0x98, 0x33, 0x8E, 0x31,
    0x86, 0x30, 0x6C, 0x0D, 0x81, 0xB0, 0x1C, 0x03, 0x80, 0x60, 0x0C, 0x03, 0x80, 0x60, 0x00, 0x00,
    0x00, 0x00, 0x00, 0x00, 0xFF, 0xFF, 0xFF, 0xFF, 0xF0, 0xFF, 0xFF, 0xFF, 0xFF, 0xFF, 0xC0, 0xFF,
    0xFF, 0xFF, 0xFF, 0xFF, 0xC0, 0xC7, 0x8F, 0x1E, 0x3C, 0x78, 0xF1, 0xE3, 0xC7, 0x8F, 0x1E, 0x3C,
    0x78, 0xF1, 0xE3, 0xC7, 0x8F, 0x18, 0x2A, 0x7E, 0x6D, 0x95, 0x00, 0x6C, 0xBC, 0x25, 0x29, 0x3F,
    0xFC, 0x6D, 0xB6, 0xC9, 0x4A, 0x40, 0x6D, 0xB2, 0x5B, 0xD8, 0x30, 0x60, 0xC7, 0xFF, 0xE6, 0x0C,
    0x18, 0x30, 0x60, 0xC1, 0x83, 0x00, 0x30, 0x60, 0xC7, 0xFF, 0xE6, 0x0C, 0x18, 0xFF, 0xFC, 0xC1,
    0x83, 0x00, 0x78, 0xFB, 0xFF, 0xF7, 0xCF, 0x00, 0xC0, 0x3E, 0x01, 0xC0, 0xE1, 0xC3, 0xF0, 0xE1,
    0xC0, 0x00, 0x00, 0x08, 0x06, 0x00, 0x3F, 0x06, 0x00, 0x19, 0x83, 0x00, 0x18, 0x63, 0x00, 0x0C,
    0x33, 0x00, 0x02, 0x13, 0x80, 0x01, 0xF9, 0x80, 0x00, 0x31, 0x80, 0x00, 0x01, 0xC0, 0x00, 0x00,
    0xCF, 0x0F, 0x80, 0xCE, 0xCE, 0xE0, 0xC4, 0x36, 0x30, 0xE6, 0x1A, 0x08, 0x61, 0x0D, 0x8C, 0x60,
    0xEC, 0xEE, 0x70, 0x3C, 0x3E, 0x08, 0x06, 0x00, 0x00, 0x3F, 0x06, 0x00, 0x00, 0x19, 0x86, 0x00,
    0x00, 0x18, 0x67, 0x00, 0x00, 0x0C, 0x33, 0x00, 0x00, 0x03, 0x13, 0x00, 0x00, 0x01, 0xFB, 0x80,
    0x00, 0x00, 0x31, 0x80, 0x00, 0x00, 0x01, 0x80, 0x00, 0x00, 0x01, 0x9E, 0x0F, 0x0F, 0x00, 0xDD,
    0x8D, 0xCC, 0xC0, 0xCC, 0x6C, 0x6C, 0x30, 0xC4, 0x36, 0x16, 0x18, 0xE3, 0x1B, 0x1B, 0x0C, 0x61,
    0xD8, 0xDC, 0xDC, 0x60, 0x78, 0x3C, 0x3C, 0x36, 0x66, 0x4C, 0x37, 0x66, 0x66, 0x66, 0x4C, 0xCC,
    0x37, 0x6C, 0xCD, 0x99, 0xB3, 0x64, 0xCD, 0x99, 0x80, 0xE6, 0x66, 0x23, 0xEC, 0x6E, 0x66, 0x66,
    0x22, 0x33, 0xEC, 0xCD, 0xD9, 0x99, 0xB3, 0x32, 0x26, 0x66, 0x40, 0x0E, 0x30, 0xC3, 0x8E, 0x0E,
    0x0E, 0x0C, 0x0E, 0xF0, 0x60, 0x60, 0x60, 0xE3, 0x86, 0x18, 0xE0, 0x03, 0x81, 0x87, 0x0D, 0x8E,
    0x31, 0x80, 0xC1, 0x83, 0x01, 0x8C, 0x01, 0xB0, 0x61, 0xC3, 0xC3, 0x86, 0x0D, 0x80, 0x31, 0x80,
    0xC1, 0x83, 0x01, 0x9C, 0x71, 0xD0, 0xE1, 0x01, 0xC0, 0xC7, 0xC3, 0xC3, 0xC3, 0xC3, 0xC3, 0xC3,
    0xC3, 0xC3, 0xC3, 0xC3, 0x00, 0x00, 0x00, 0xC7, 0xC7, 0xFF, 0xFF, 0xFF, 0xFF, 0xFF, 0xC0, 0xC0,
    0x03, 0x70, 0x0E, 0x1F, 0xF8, 0x07, 0xE0, 0x00, 0x80, 0x01, 0x50, 0x01, 0xFC, 0x00, 0x38, 0x00,
    0x7F, 0x00, 0x15, 0x00, 0x02, 0x00, 0x00, 0x00, 0x00, 0x00, 0x00, 0x00, 0x04, 0x01, 0x1E, 0xC7,
    0xB3, 0xC0, 0xF7, 0xF1, 0xFD, 0x50, 0x54, 0x20, 0x08, 0xFF, 0xFF, 0x00, 0x1C, 0x00, 0xE0, 0x03,
    0x00, 0x18, 0x00, 0xC0, 0x03, 0x00, 0x18, 0x00, 0xC0, 0x07, 0x00, 0x18, 0x00, 0xC0, 0x06, 0x00,
    0x18, 0x00, 0xC0, 0x06, 0x00, 0x38, 0x00, 0x1E, 0x07, 0x87, 0xF3, 0xF9, 0xC6, 0x63, 0xF0, 0xF8,
    0x30, 0x1C, 0x06, 0x03, 0x00, 0xC0, 0xE0, 0x30, 0x38, 0x0C, 0x0E, 0x03, 0x01, 0x80, 0x60, 0x30,
    0x0C, 0x00, 0x00, 0x00, 0x00, 0x00, 0x00, 0x00, 0x03, 0x00, 0xC0, 0x60, 0x18, 0x1E, 0x0C, 0xFE,
    0x37, 0x18, 0xF8, 0x73, 0x01, 0xCC, 0x06, 0x30, 0x38, 0xC1, 0xC3, 0x0E, 0x0C, 0x30, 0x30, 0xC0,
    0xC0, 0x00, 0x00, 0x00, 0x00, 0x00, 0xC1, 0xC3, 0x07, 0xC3, 0xCC, 0xFE, 0xDC, 0x7D, 0x83, 0xC0,
    0x3C, 0x07, 0xC0, 0xEC, 0x1C, 0xC1, 0x8C, 0x18, 0xC1, 0x80, 0x00, 0x00, 0x00, 0x00, 0xC3, 0x8C,
    0x38, 0x53, 0xEC, 0xF7, 0xF5, 0x42, 0x00, 0x10, 0xA7, 0xD9, 0xCF, 0xEA, 0x84, 0x00, 0x00, 0x00,
    0x47, 0xB3, 0xDF, 0xD5, 0x08, 0x0C, 0x0D, 0x98, 0xD6, 0x0F, 0x8F, 0xFF, 0xFF, 0xC7, 0xC1, 0xAC,
    0x6C, 0xC1, 0x80, 0x00, 0x00, 0x00, 0x00, 0x00, 0x00, 0x00, 0x00, 0x00, 0x30, 0xFB, 0x36, 0x2C,
    0x78, 0xF1, 0xE6, 0xEC, 0xF0, 0xE2, 0xAA, 0x80, 0x0E, 0x1E, 0x1E, 0x36, 0x36, 0x66, 0x66, 0xFF,
    0x06, 0x06, 0x7E, 0xFD, 0x83, 0x07, 0xCF, 0xC1, 0xA3, 0xE6, 0xF8, 0x38, 0x61, 0x83, 0x0F, 0x99,
    0xA1, 0xC2, 0xCC, 0xF0, 0xFF, 0xFC, 0x30, 0x60, 0xC3, 0x06, 0x18, 0x30, 0xC0, 0x33, 0xFC, 0xF3,
    0x7B, 0xFC, 0xE1, 0xCF, 0xF0, 0x31, 0xFB, 0x34, 0x3C, 0xDF, 0x9F, 0x0C, 0x30, 0xE0, 0x21, 0x3F,
    0xF2, 0x10, 0xFF, 0xC0, 0x17, 0xE7, 0x18, 0xC6, 0x20, 0x38, 0xFB, 0x36, 0x2C, 0x78, 0xF1, 0xE6,
    0xFC, 0xF0, 0x37, 0xFB, 0x33, 0x33, 0x33, 0x38, 0xFB, 0x18, 0x30, 0xC3, 0x86, 0x18, 0x7F, 0xFC,
    0x7E, 0xFC, 0x30, 0xC3, 0xC3, 0xC1, 0xA3, 0xEE, 0x78, 0x0E, 0x1E, 0x1E, 0x36, 0x36, 0x66, 0x46,
    0xFF, 0x06, 0x06, 0x7E, 0xFD, 0x83, 0x07, 0xCD, 0xC1, 0xA3, 0xEE, 0xF8, 0x38, 0x61, 0x83, 0x0F,
    0xD9, 0xA1, 0xC2, 0xCC, 0xF0, 0xFF, 0xFC, 0x30, 0x60, 0x83, 0x06, 0x18, 0x30, 0xC0, 0x7B, 0xFC,
    0xF3, 0x7B, 0xFC, 0xE1, 0xCD, 0xE0, 0x79, 0xFB, 0x34, 0x3C, 0xDF, 0x9E, 0x0C, 0x30, 0xE0, 0x32,
    0x66, 0xCC, 0xCC, 0xCC, 0xCC, 0xCC, 0xCC, 0x66, 0x30, 0xCC, 0x66, 0x63, 0x33, 0x33, 0x33, 0x33,
    0x36, 0x66, 0xC0, 0x3F, 0xE7, 0xFC, 0xC0, 0x18, 0x03, 0x00, 0x60, 0x0C, 0x01, 0xFF, 0x3F, 0xE6,
    0x00, 0xC0, 0x7F, 0x8F, 0xF0, 0x60, 0x0C, 0x01, 0x80, 0x0F, 0x03, 0xF8, 0xE7, 0x18, 0x36, 0x00,
    0xC0, 0x3F, 0xC7, 0xF8, 0x60, 0x1F, 0xE3, 0xFC, 0x30, 0x06, 0x00, 0xC0, 0x3F, 0xFF, 0xFF, 0xF0,
    0x00, 0x3F, 0xC0, 0x0C, 0xF8, 0x03, 0x06, 0x00, 0xC1, 0x80, 0x30, 0x63, 0xEC, 0x19, 0xDF, 0x0E,
    0x61, 0xFF, 0x18, 0x3F, 0x07, 0x8C, 0xE0, 0xFB, 0x18, 0x07, 0xC3, 0x00, 0xF0, 0xE6, 0x3C, 0x19,
    0xDF, 0x07, 0x3E, 0x60, 0xE0, 0xCC, 0x1C, 0x19, 0x83, 0x83, 0x30, 0xD0, 0xE3, 0x1B, 0x18, 0x63,
    0x63, 0x0C, 0x6C, 0x67, 0xFF, 0xFF, 0xFF, 0xFF, 0xE3, 0x63, 0x60, 0x6C, 0x6C, 0x0D, 0x8D, 0x81,
    0xA1, 0xB0, 0x3C, 0x1C, 0x03, 0x83, 0x80, 0x70, 0x70, 0x00, 0xC0, 0x0C, 0x07, 0xF0, 0x0C, 0x00,
    0xC3, 0xEC, 0x7B, 0xCE, 0x1C, 0xC0, 0xCC, 0x0C, 0xC0, 0xCC, 0x0C, 0xC0, 0xC6, 0x1C, 0x7F, 0xC3,
    0xEC, 0x00, 0x07, 0xFC, 0x7F, 0xC0, 0x03, 0xC0, 0x7F, 0x07, 0x1E, 0x30, 0x23, 0x80, 0x18, 0x01,
    0xFF, 0x9F, 0xF8, 0x30, 0x03, 0xFE, 0x3F, 0xE0, 0x60, 0x03, 0x81, 0x0E, 0x1C, 0x3F, 0xC0, 0xFC,
    0xFF, 0xFF, 0xFF, 0x06, 0x00, 0x60, 0x06, 0x00, 0x6C, 0x07, 0xC0, 0xF0, 0x3E, 0x42, 0x7C, 0x07,
    0x83, 0xE0, 0x36, 0x00, 0x60, 0x06, 0x00, 0x60, 0x7C, 0x07, 0xF8, 0x61, 0xC6, 0x0E, 0xFF, 0xF6,
    0x06, 0x60, 0x6F, 0xFF, 0x60, 0xE6, 0x3C, 0x7F, 0x86, 0x00, 0x60, 0x06, 0x00, 0x60, 0x06, 0x00,
    0xFF, 0xFF, 0xFF, 0x00, 0x00, 0x00, 0x00, 0x0F, 0xFF, 0xFF, 0xF0, 0x60, 0x06, 0x00, 0x60, 0x06,
    0x00, 0x60, 0x06, 0x00, 0x60, 0x06, 0x00, 0x60, 0xFF, 0xFF, 0xFC, 0x38, 0x01, 0x8F, 0xFF, 0xFF,
    0xC0, 0xC0, 0x38, 0xFE, 0x1F, 0x81, 0x80, 0x18, 0x01, 0x80, 0x38, 0x03, 0x80, 0x38, 0x18, 0x01,
    0x80, 0x18, 0x01, 0x90, 0x1F, 0x03, 0xE0, 0xF8, 0x8D, 0xB0, 0x1F, 0x07, 0x83, 0xF8, 0x39, 0x83,
    0x18, 0x61, 0x8E, 0x1F, 0xC1, 0xF0, 0x3C, 0x03, 0xFC, 0x33, 0xE3, 0x07, 0x30, 0x33, 0x03, 0x30,
    0x33, 0x0F, 0xFF, 0xEF, 0xF8, 0x30, 0x03, 0x00, 0xFF, 0x0F, 0xF0, 0x30, 0x03, 0x00, 0x36, 0x1F,
    0xC3, 0xFE, 0x61, 0xCC, 0x1D, 0x81, 0xB0, 0x36, 0x0C, 0xFF, 0x1F, 0xF3, 0x03, 0x60, 0x6C, 0x07,
    0x81, 0xF0, 0x37, 0xFE, 0xFF, 0x06, 0xC0, 0xD8, 0x00, 0x06, 0x00, 0x01, 0x80, 0x00, 0x60, 0x00,
    0x18, 0x00, 0x07, 0xFF, 0xFF, 0xFF, 0xFF, 0xDC, 0x00, 0x01, 0xC0, 0x00, 0x1C, 0x00, 0x01, 0xC0,
    0x00, 0x08, 0x0E, 0x0F, 0x8F, 0x6D, 0x9C, 0xC6, 0x62, 0x30, 0x18, 0x0C, 0x06, 0x03, 0x01, 0x80,
    0xC0, 0x60, 0x30, 0x18, 0x0C, 0x06, 0x00, 0x00, 0x0C, 0x00, 0x00, 0xC0, 0x00, 0x0C, 0x00, 0x00,
    0xCF, 0xFF, 0xFD, 0xFF, 0xFF, 0xC0, 0x00, 0x60, 0x00, 0x18, 0x00, 0x06, 0x00, 0x01, 0x80, 0x18,
    0x0C, 0x06, 0x03, 0x01, 0x80, 0xC0, 0x60, 0x30, 0x18, 0x0C, 0x06, 0x03, 0x09, 0x8C, 0xCF, 0x6E,
    0xFE, 0x3E, 0x0E, 0x02, 0x00, 0xFF, 0x03, 0xFE, 0x0F, 0x00, 0x36, 0x00, 0xCC, 0x03, 0x18, 0x0C,
    0x30, 0x10, 0x60, 0x00, 0xE0, 0x01, 0xC0, 0x03, 0x80, 0x07, 0x00, 0x0C, 0x00, 0x10, 0x01, 0xFC,
    0x08, 0x70, 0x03, 0xC0, 0x1D, 0x00, 0xE4, 0x07, 0x10, 0x38, 0x41, 0xC1, 0x0E, 0x00, 0x70, 0x03,
    0x80, 0x1C, 0x00, 0xE0, 0x01, 0x00, 0x00, 0x40, 0x03, 0x80, 0x03, 0x00, 0x07, 0x00, 0x0E, 0x00,
    0x1C, 0x20, 0x38, 0x40, 0x71, 0x00, 0xE4, 0x01, 0xD0, 0x03, 0xC0, 0x07, 0x03, 0xFC, 0x07, 0xF0,
    0x00, 0x0C, 0x00, 0x70, 0x03, 0x80, 0x1C, 0x00, 0xE1, 0x07, 0x04, 0x38, 0x31, 0xC0, 0xCE, 0x03,
    0x70, 0x0F, 0x80, 0x3C, 0x00, 0xFF, 0x83, 0xF8, 0x00, 0x00, 0x0C, 0x00, 0x00, 0xC0, 0x00, 0x0C,
    0x00, 0x00, 0xCF, 0xFF, 0xFD, 0xFF, 0xFF, 0xC0, 0x00, 0x70, 0x10, 0x1C, 0x0C, 0x07, 0x03, 0x01,
    0xC0, 0xC0, 0x00, 0x3F, 0xFF, 0xFF, 0xFF, 0xFE, 0xC0, 0x00, 0x0C, 0x00, 0x00, 0xC0, 0x00, 0x0E,
    0x00, 0x00, 0x08, 0x07, 0x00, 0xE0, 0x1C, 0x03, 0x00, 0x63, 0xF9, 0xCF, 0xE1, 0xF0, 0x3C, 0x0F,
    0x03, 0xC0, 0xF8, 0x67, 0xF8, 0xFC, 0x06, 0x00, 0xE0, 0x0F, 0x00, 0xF0, 0x1B, 0x81, 0x98, 0x19,
    0x83, 0x0C, 0x30, 0xC7, 0x0C, 0x60, 0x66, 0x06, 0xC0, 0x7C, 0x03, 0xFF, 0xFF, 0xFF, 0x3F, 0xEF,
    0x83, 0x80, 0x60, 0x0F, 0xFF, 0xFF, 0xF0, 0x06, 0x00, 0x70, 0x07, 0xFC, 0x7F, 0x80, 0xFF, 0xFF,
    0xFF, 0x01, 0xE0, 0x3C, 0x07, 0x80, 0xF0, 0x1E, 0x03, 0xC0, 0x78, 0x0F, 0x01, 0xE0, 0x3C, 0x07,
    0x80, 0xF0, 0x1E, 0x03, 0xFF, 0xDF, 0xFB, 0x80, 0x38, 0x03, 0x80, 0x38, 0x03, 0x80, 0x38, 0x03,
    0x00, 0xE0, 0x38, 0x0E, 0x07, 0x01, 0xC0, 0x3F, 0xFF, 0xFF, 0xFF, 0xFF, 0xC0, 0x0E, 0x18, 0x30,
    0x61, 0x83, 0x06, 0x18, 0x30, 0x61, 0x83, 0x06, 0x18, 0x30, 0x60, 0x00, 0x30, 0x03, 0x00, 0x60,
    0x06, 0x00, 0xC0, 0x0C, 0x00, 0xC0, 0x18, 0x01, 0x8E, 0x18, 0xE3, 0x03, 0x30, 0x32, 0x01, 0xE0,
    0x1E, 0x00, 0xC0, 0x00, 0x0B, 0xE3, 0xFF, 0xBD, 0x87, 0x8C, 0x38, 0x63, 0xE3, 0xF9, 0xE7, 0x07,
    0x7C, 0x7D, 0xFD, 0xFF, 0x0F, 0x1E, 0x1C, 0x3C, 0x7C, 0x7F, 0xDF, 0xCE, 0x0F, 0x00, 0xC0, 0x00,
    0xC0, 0x00, 0xC0, 0x00, 0xC0, 0x00, 0xC0, 0x00, 0xC0, 0x00, 0xC0, 0x00, 0xC0, 0x00, 0xC0, 0x00,
    0xC0, 0x00, 0xC0, 0x00, 0xC0, 0x00, 0xC0, 0x00, 0xC0, 0x00, 0xFF, 0xFF, 0xFF, 0xFF, 0x00, 0x04,
    0x00, 0x03, 0x00, 0x03, 0x80, 0x03, 0x80, 0x03, 0x80, 0x03, 0x80, 0x03, 0x80, 0x01, 0x80, 0x01,
    0x80, 0x01, 0xC0, 0x01, 0xC0, 0x01, 0xC0, 0x01, 0xC0, 0x01, 0xC0, 0x01, 0xFF, 0xFF, 0xFF, 0xFF,
    0xFF, 0xFF, 0xFF, 0xFF, 0x06, 0x30, 0x66, 0x06, 0x60, 0xC6, 0x0C, 0xC0, 0xCC, 0x1C, 0xC1, 0x98,
    0x19, 0x81, 0x98, 0x33, 0x83, 0x30, 0x33, 0x06, 0x30, 0x66, 0x0E, 0x60, 0x03, 0x00, 0x0E, 0x00,
    0x78, 0x01, 0xE0, 0x06, 0xC0, 0x33, 0x00, 0xCC, 0x07, 0x18, 0x18, 0x60, 0x61, 0xC3, 0x83, 0x0C,
    0x0C, 0x30, 0x39, 0x80, 0x66, 0x01, 0xB8, 0x03, 0xE0, 0x0D, 0x80, 0x76, 0x01, 0x9C, 0x06, 0x30,
    0x38, 0xC0, 0xC3, 0x83, 0x06, 0x18, 0x18, 0x60, 0x31, 0x80, 0xCC, 0x03, 0xB0, 0x07, 0xC0, 0x1E,
    0x00, 0x78, 0x00, 0xC0, 0x1E, 0x07, 0xF1, 0xC7, 0x70, 0x7C, 0x07, 0x80, 0xF0, 0x1E, 0x03, 0xC0,
    0x78, 0x0F, 0x01, 0xE0, 0x3C, 0x07, 0x80, 0xF0, 0x1E, 0x03, 0xC0, 0x78, 0x0F, 0x01, 0xE0, 0x3C,
    0x07, 0x80, 0xF0, 0x1E, 0x03, 0xC0, 0x78, 0x0F, 0x01, 0xE0, 0x3C, 0x07, 0xC1, 0xDF, 0xF1, 0xFC,
    0x02, 0x07, 0xC3, 0xA3, 0x81, 0x80, 0xC0, 0x60, 0x30, 0x18, 0x0C, 0x06, 0x03, 0x01, 0x80, 0xC0,
    0x60, 0x30, 0x18, 0x0C, 0x06, 0x03, 0x0F, 0x87, 0x80, 0x01, 0x00, 0xF8, 0x1D, 0x07, 0x00, 0xC0,
    0x18, 0x03, 0x81, 0xFC, 0x7D, 0xCD, 0x9B, 0x31, 0xE6, 0x3C, 0xC4, 0xD9, 0x9F, 0xF1, 0xF8, 0x0C,
    0x01, 0x80, 0x30, 0x06, 0x07, 0xC0, 0xF0, 0x00, 0x0E, 0x01, 0xC0, 0x00, 0x00, 0x00, 0x00, 0x00,
    0x00, 0x00, 0x00, 0x00, 0x18, 0x0F, 0x01, 0x80, 0xC0, 0x78, 0x0C, 0x00, 0x00, 0x00, 0x00, 0x00,
    0x00, 0x00, 0x00, 0x00, 0x01, 0xC0, 0x38, 0x00, 0xFC, 0x00, 0x00, 0x1F, 0x80, 0xC0, 0x78, 0x0C,
    0x00, 0x00, 0x00, 0x00, 0x00, 0x00, 0x00, 0x00, 0x00, 0x18, 0x0F, 0x01, 0x80, 0x79, 0xFF, 0xE1,
    0xC0, 0x87, 0x67, 0xFE, 0x6E, 0x30, 0x71, 0xFF, 0xE1, 0xC4, 0x17, 0xDE, 0xFD, 0x08, 0x87, 0x67,
    0xFE, 0x6E, 0x30, 0x07, 0xFF, 0xFE, 0x00, 0xFF, 0xFF, 0xC0, 0x60, 0x30, 0x00, 0x00, 0x0F, 0xFF,
    0xFC, 0x00, 0x00, 0x00, 0x7F, 0xFF, 0xE0, 0x00, 0x30, 0x18, 0x03, 0x81, 0x81, 0x9F, 0xFF, 0xF8,
    0x60, 0x60, 0x30, 0xFF, 0xFF, 0xC8, 0x0C, 0x0C, 0x00, 0xFF, 0x80, 0x00, 0x00, 0x0F, 0xFF, 0xFC,
    0x00, 0x00, 0x00, 0x7F, 0xFF, 0xE0, 0x00, 0x83, 0xCF, 0xDF, 0x0C, 0x07, 0xC0, 0x7D, 0x0F, 0xE0,
    0xBE, 0x03, 0xE0, 0x70, 0x08, 0x80, 0x78, 0x1F, 0x81, 0xF0, 0x18, 0x7D, 0xF1, 0xE1, 0x83, 0x8F,
    0xBE, 0x1C, 0x08, 0x00, 0x00, 0x83, 0xC7, 0xDF, 0x0C, 0x07, 0xC0, 0xFC, 0x0F, 0x00, 0xFF, 0xFF,
    0xE0, 0x0F, 0xFF, 0xFC, 0x80, 0x70, 0x1F, 0x01, 0xF0, 0x18, 0x7D, 0xF9, 0xE0, 0x80, 0x7F, 0xFF,
    0xE0, 0x0F, 0xFF, 0xFC, 0x03, 0x01, 0x41, 0xE0, 0xF1, 0xE3, 0xE3, 0xB1, 0x90, 0xF8, 0x1E, 0x07,
    0xC6, 0x73, 0x09, 0x00, 0x86, 0x63, 0x3D, 0x07, 0x80, 0xF0, 0x5C, 0x66, 0x3F, 0x1E, 0x3C, 0x3C,
    0x14, 0x06, 0x00, 0x01, 0xF0, 0x01, 0xFF, 0xC0, 0x70, 0x1C, 0x18, 0x00, 0xC6, 0x00, 0x0C, 0x81,
    0x81, 0xB0, 0x30, 0x1E, 0x06, 0x03, 0x80, 0xC0, 0x30, 0xFF, 0x86, 0x1F, 0xF0, 0xC0, 0x60, 0x3C,
    0x0C, 0x07, 0x81, 0x80, 0xD8, 0x30, 0x33, 0x00, 0x04, 0x30, 0x03, 0x83, 0x80, 0xE0, 0x1F, 0xF0,
    0x00, 0x70, 0x00, 0x01, 0xF0, 0x01, 0xFF, 0xC0, 0x70, 0x1C, 0x18, 0x00, 0xC6, 0x00, 0x0C, 0x80,
    0x01, 0xB0, 0x00, 0x1E, 0x00, 0x03, 0x80, 0x40, 0x30, 0x1C, 0x06, 0x03, 0x80, 0xC0, 0x00, 0x3C,
    0x00, 0x07, 0x80, 0x00, 0xD8, 0x00, 0x33, 0x00, 0x04, 0x30, 0x03, 0x83, 0x80, 0xE0, 0x1F, 0xF0,
    0x00, 0x70, 0x00, 0x01, 0x80, 0x01, 0x80, 0x01, 0x80, 0x01, 0x80, 0x01, 0x80, 0x01, 0x80, 0x01,
    0x80, 0x01, 0x80, 0x01, 0x80, 0x01, 0x80, 0x01, 0x80, 0x01, 0x80, 0x01, 0x80, 0x01, 0x80, 0xFF,
    0xFF, 0xFF, 0xFF, 0x00, 0x00, 0x80, 0x00, 0xC0, 0x00, 0xE0, 0x00, 0xF0, 0x00, 0xF8, 0x00, 0xEC,
    0x00, 0xE6, 0x00, 0xE3, 0x00, 0xE1, 0x80, 0xE0, 0xC0, 0xE0, 0x60, 0x60, 0x30, 0x60, 0x18, 0x60,
    0x0C, 0x60, 0x06, 0x7F, 0xFF, 0xFF, 0xFF, 0x80,
};

static const EpdGlyph misans_latin_10_mediumGlyphs[] = {
    { 1, 1, 200, 0, 1, 1, 0 }, // U+0001
    { 1, 1, 97, 0, 1, 1, 1 }, // U+000A
    { 1, 1, 0, 0, 1, 1, 2 }, // U+000D
    { 1, 1, 97, 0, 1, 1, 3 }, // U+0020
    { 2, 16, 92, 2, 16, 4, 4 }, // !
    { 6, 6, 119, 1, 18, 5, 8 }, // "
    { 13, 16, 238, 1, 16, 26, 13 }, // #
    { 11, 20, 195, 1, 18, 28, 39 }, // $
    { 17, 16, 278, 0, 16, 34, 67 }, // %
    { 14, 16, 241, 1, 16, 28, 101 }, // &
    { 2, 6, 66, 1, 18, 2, 129 }, // '
    { 4, 19, 107, 2, 18, 10, 131 }, // (
    { 4, 19, 107, 1, 18, 10, 141 }, // )
    { 7, 7, 149, 1, 16, 7, 151 }, // *
    { 9, 10, 206, 2, 13, 12, 158 }, // +
    { 3, 5, 88, 1, 2, 2, 170 }, // ,
    { 8, 2, 153, 1, 9, 2, 172 }, // -
    { 3, 2, 84, 1, 2, 1, 174 }, // .
    { 7, 16, 137, 1, 16, 14, 175 }, // /
    { 11, 16, 214, 1, 16, 22, 189 }, // 0
    { 5, 16, 140, 1, 16, 10, 211 }, // 1
    { 10, 16, 192, 1, 16, 20, 221 }, // 2
    { 10, 16, 200, 1, 16, 20, 241 }, // 3
    { 11, 16, 200, 1, 16, 22, 261 }, // 4
    { 10, 16, 200, 1, 16, 20, 283 }, // 5
    { 11, 16, 200, 1, 16, 22, 303 }, // 6
    { 9, 16, 179, 1, 16, 18, 325 }, // 7
    { 11, 16, 213, 1, 16, 22, 343 }, // 8
    { 11, 16, 203, 1, 16, 22, 365 }, // 9
    { 3, 11, 84, 1, 11, 5, 387 }, // :
    { 3, 14, 88, 1, 11, 6, 392 }, // ;
    { 9, 12, 206, 2, 14, 14, 398 }, // <
    { 9, 7, 206, 2, 11, 8, 412 }, // =
    { 9, 12, 206, 2, 14, 14, 420 }, // >
    { 10, 16, 167, 0, 16, 20, 434 }, // ?
    { 16, 16, 278, 1, 16, 32, 454 }, // @
    { 14, 16, 227, 0, 16, 28, 486 }, // A
    { 11, 16, 223, 2, 16, 22, 514 }, // B
    { 13, 16, 234, 1, 16, 26, 536 }, // C
    { 13, 16, 250, 2, 16, 26, 562 }, // D
    { 10, 16, 198, 2, 16, 20, 588 }, // E
    { 9, 16, 189, 2, 16, 18, 608 }, // F
    { 13, 16, 247, 1, 16, 26, 626 }, // G
    { 12, 16, 245, 2, 16, 24, 652 }, // H
    { 2, 16, 85, 2, 16, 4, 676 }, // I
    { 9, 16, 163, 0, 16, 18, 680 }, // J
    { 12, 16, 219, 2, 16, 24, 698 }, // K
    { 10, 16, 191, 2, 16, 20, 722 }, // L
    { 15, 16, 297, 2, 16, 30, 742 }, // M
    { 12, 16, 248, 2, 16, 24, 772 }, // N
    { 14, 16, 261, 1, 16, 28, 796 }, // O
    { 11, 16, 211, 2, 16, 22, 824 }, // P
    { 14, 18, 262, 1, 16, 32, 846 }, // Q
    { 11, 16, 215, 2, 16, 22, 878 }, // R
    { 11, 16, 202, 1, 16, 22, 900 }, // S
    { 12, 16, 204, 0, 16, 24, 922 }, // T
    { 11, 16, 238, 2, 16, 22, 946 }, // U
    { 14, 16, 229, 0, 16, 28, 968 }, // V
    { 20, 16, 332, 0, 16, 40, 996 }, // W
    { 13, 16, 220, 0, 16, 26, 1036 }, // X
    { 13, 16, 212, 0, 16, 26, 1062 }, // Y
    { 11, 16, 203, 1, 16, 22, 1088 }, // Z
    { 5, 19, 118, 2, 18, 12, 1110 }, // [
    { 7, 16, 116, 0, 16, 14, 1122 }, // <backslash>
    { 5, 19, 118, 0, 18, 12, 1136 }, // ]
    { 9, 6, 151, 0, 17, 7, 1148 }, // ^
    { 10, 1, 154, 0, -2, 2, 1155 }, // _
    { 4, 4, 90, 0, 16, 2, 1157 }, // `
    { 9, 11, 182, 1, 11, 13, 1159 }, // a
    { 11, 16, 201, 1, 16, 22, 1172 }, // b
    { 9, 11, 178, 1, 11, 13, 1194 }, // c
    { 10, 16, 201, 1, 16, 20, 1207 }, // d
    { 10, 11, 188, 1, 11, 14, 1227 }, // e
    { 7, 16, 117, 0, 16, 14, 1241 }, // f
    { 10, 16, 200, 1, 11, 20, 1255 }, // g
    { 10, 16, 196, 1, 16, 20, 1275 }, // h
    { 3, 16, 85, 1, 16, 6, 1295 }, // i
    { 5, 21, 85, -1, 16, 14, 1301 }, // j
    { 10, 16, 174, 1, 16, 20, 1315 }, // k
    { 4, 16, 87, 1, 16, 8, 1335 }, // l
    { 16, 11, 298, 1, 11, 22, 1343 }, // m
    { 10, 11, 196, 1, 11, 14, 1365 }, // n
    { 10, 11, 194, 1, 11, 14, 1379 }, // o
    { 11, 15, 201, 1, 11, 21, 1393 }, // p
    { 10, 15, 201, 1, 11, 19, 1414 }, // q
    { 7, 11, 130, 1, 11, 10, 1433 }, // r
    { 8, 11, 160, 1, 11, 11, 1443 }, // s
    { 7, 15, 123, 0, 15, 14, 1454 }, // t
    { 10, 11, 196, 1, 11, 14, 1468 }, // u
    { 11, 11, 173, 0, 11, 16, 1482 }, // v
    { 17, 11, 269, 0, 11, 24, 1498 }, // w
    { 10, 11, 168, 0, 11, 14, 1522 }, // x
    { 11, 15, 176, 0, 11, 21, 1536 }, // y
    { 8, 11, 161, 1, 11, 11, 1557 }, // z
    { 7, 19, 120, 0, 18, 17, 1568 }, // {
    { 2, 19, 77, 1, 18, 5, 1585 }, // |
    { 7, 19, 120, 0, 18, 17, 1590 }, // }
    { 9, 3, 180, 1, 9, 4, 1607 }, // ~
    { 1, 1, 0, 0, 1, 1, 1611 }, // U+007F
    { 1, 1, 97, 0, 1, 1, 1612 }, // U+00A0
    { 2, 15, 92, 2, 11, 4, 1613 }, // U+00A1
    { 10, 15, 197, 1, 13, 19, 1617 }, // U+00A2
    { 11, 16, 200, 1, 16, 22, 1636 }, // U+00A3
    { 13, 13, 218, 0, 14, 22, 1658 }, // U+00A4
    { 12, 16, 195, 0, 16, 24, 1680 }, // U+00A5
    { 2, 19, 77, 1, 18, 5, 1704 }, // U+00A6
    { 12, 21, 226, 1, 16, 32, 1709 }, // U+00A7
    { 7, 3, 137, 1, 15, 3, 1741 }, // U+00A8
    { 17, 16, 296, 1, 16, 34, 1744 }, // U+00A9
    { 6, 8, 113, 0, 18, 6, 1778 }, // U+00AA
    { 12, 9, 223, 1, 10, 14, 1784 }, // U+00AB
    { 10, 5, 200, 1, 10, 7, 1798 }, // U+00AC
    { 8, 2, 153, 1, 9, 2, 1805 }, // U+00AD
    { 10, 10, 190, 1, 16, 13, 1807 }, // U+00AE
    { 5, 2, 112, 1, 15, 2, 1820 }, // U+00AF
    { 7, 7, 138, 1, 16, 7, 1822 }, // U+00B0
    { 11, 13, 200, 1, 14, 18, 1829 }, // U+00B1
    { 7, 10, 120, 0, 19, 9, 1847 }, // U+00B2
    { 7, 10, 123, 0, 19, 9, 1856 }, // U+00B3
    { 4, 4, 90, 1, 16, 2, 1865 }, // U+00B4
    { 10, 15, 196, 1, 11, 19, 1867 }, // U+00B5
    { 12, 19, 235, 1, 14, 29, 1886 }, // U+00B6
    { 2, 2, 167, 4, 9, 1, 1915 }, // U+00B7
    { 4, 6, 98, 1, 1, 3, 1916 }, // U+00B8
    { 4, 10, 86, 0, 19, 5, 1919 }, // U+00B9
    { 6, 8, 123, 1, 18, 6, 1924 }, // U+00BA
    { 12, 9, 223, 1, 10, 14, 1930 }, // U+00BB
    { 17, 16, 276, 0, 16, 34, 1944 }, // U+00BC
    { 18, 16, 296, 0, 16, 36, 1978 }, // U+00BD
    { 19, 16, 307, 0, 16, 38, 2014 }, // U+00BE
    { 9, 16, 166, 1, 11, 18, 2052 }, // U+00BF
    { 14, 20, 227, 0, 20, 35, 2070 }, // U+00C0
    { 14, 20, 227, 0, 20, 35, 2105 }, // U+00C1
    { 14, 19, 227, 0, 19, 34, 2140 }, // U+00C2
    { 14, 19, 227, 0, 19, 34, 2174 }, // U+00C3
    { 14, 19, 227, 0, 19, 34, 2208 }, // U+00C4
    { 14, 21, 227, 0, 21, 37, 2242 }, // U+00C5
    { 20, 16, 332, 0, 16, 40, 2279 }, // U+00C6
    { 13, 21, 234, 1, 16, 35, 2319 }, // U+00C7
    { 10, 20, 198, 2, 20, 25, 2354 }, // U+00C8
    { 10, 20, 198, 2, 20, 25, 2379 }, // U+00C9
    { 10, 19, 198, 2, 19, 24, 2404 }, // U+00CA
    { 10, 19, 198, 2, 19, 24, 2428 }, // U+00CB
    { 4, 20, 84, 0, 20, 10, 2452 }, // U+00CC
    { 4, 20, 84, 1, 20, 10, 2462 }, // U+00CD
    { 6, 19, 84, 0, 19, 15, 2472 }, // U+00CE
    { 7, 19, 84, -1, 19, 17, 2487 }, // U+00CF
    { 15, 16, 261, 0, 16, 30, 2504 }, // U+00D0
    { 12, 19, 248, 2, 19, 29, 2534 }, // U+00D1
    { 14, 20, 261, 1, 20, 35, 2563 }, // U+00D2
    { 14, 20, 261, 1, 20, 35, 2598 }, // U+00D3
    { 14, 19, 261, 1, 19, 34, 2633 }, // U+00D4
    { 14, 19, 261, 1, 19, 34, 2667 }, // U+00D5
    { 14, 19, 261, 1, 19, 34, 2701 }, // U+00D6
    { 9, 10, 206, 2, 13, 12, 2735 }, // U+00D7
    { 16, 19, 261, 0, 17, 38, 2747 }, // U+00D8
    { 11, 20, 238, 2, 20, 28, 2785 }, // U+00D9
    { 11, 20, 238, 2, 20, 28, 2813 }, // U+00DA
    { 11, 19, 238, 2, 19, 27, 2841 }, // U+00DB
    { 11, 19, 238, 2, 19, 27, 2868 }, // U+00DC
    { 13, 20, 212, 0, 20, 33, 2895 }, // U+00DD
    { 11, 16, 211, 2, 16, 22, 2928 }, // U+00DE
    { 11, 16, 197, 1, 16, 22, 2950 }, // U+00DF
    { 9, 16, 182, 1, 16, 18, 2972 }, // U+00E0
    { 9, 16, 182, 1, 16, 18, 2990 }, // U+00E1
    { 9, 16, 182, 1, 16, 18, 3008 }, // U+00E2
    { 9, 15, 182, 1, 15, 17, 3026 }, // U+00E3
    { 9, 15, 182, 1, 15, 17, 3043 }, // U+00E4
    { 9, 17, 182, 1, 17, 20, 3060 }, // U+00E5
    { 17, 11, 300, 1, 11, 24, 3080 }, // U+00E6
    { 9, 16, 178, 1, 11, 18, 3104 }, // U+00E7
    { 10, 16, 188, 1, 16, 20, 3122 }, // U+00E8
    { 10, 16, 188, 1, 16, 20, 3142 }, // U+00E9
    { 10, 16, 188, 1, 16, 20, 3162 }, // U+00EA
    { 10, 15, 188, 1, 15, 19, 3182 }, // U+00EB
    { 4, 16, 79, 0, 16, 8, 3201 }, // U+00EC
    { 4, 16, 79, 1, 16, 8, 3209 }, // U+00ED
    { 6, 16, 81, 0, 16, 12, 3217 }, // U+00EE
    { 7, 15, 82, -1, 15, 14, 3229 }, // U+00EF
    { 10, 16, 189, 1, 16, 20, 3243 }, // U+00F0
    { 10, 15, 196, 1, 15, 19, 3263 }, // U+00F1
    { 10, 16, 194, 1, 16, 20, 3282 }, // U+00F2
    { 10, 16, 194, 1, 16, 20, 3302 }, // U+00F3
    { 10, 16, 194, 1, 16, 20, 3322 }, // U+00F4
    { 10, 15, 194, 1, 15, 19, 3342 }, // U+00F5
    { 10, 15, 194, 1, 15, 19, 3361 }, // U+00F6
    { 9, 10, 206, 2, 13, 12, 3380 }, // U+00F7
    { 12, 14, 194, 0, 13, 21, 3392 }, // U+00F8
    { 10, 16, 196, 1, 16, 20, 3413 }, // U+00F9
    { 10, 16, 196, 1, 16, 20, 3433 }, // U+00FA
    { 10, 16, 196, 1, 16, 20, 3453 }, // U+00FB
    { 10, 15, 196, 1, 15, 19, 3473 }, // U+00FC
    { 11, 20, 176, 0, 16, 28, 3492 }, // U+00FD
    { 11, 20, 201, 1, 16, 28, 3520 }, // U+00FE
    { 11, 19, 176, 0, 15, 27, 3548 }, // U+00FF
    { 14, 18, 227, 0, 18, 32, 3575 }, // U+0100
    { 9, 15, 182, 1, 15, 17, 3607 }, // U+0101
    { 14, 20, 227, 0, 20, 35, 3624 }, // U+0102
    { 9, 16, 182, 1, 16, 18, 3659 }, // U+0103
    { 15, 21, 228, 0, 16, 40, 3677 }, // U+0104
    { 10, 16, 183, 1, 11, 20, 3717 }, // U+0105
    { 13, 20, 234, 1, 20, 33, 3737 }, // U+0106
    { 9, 16, 178, 1, 16, 18, 3770 }, // U+0107
    { 13, 19, 234, 1, 19, 31, 3788 }, // U+0108
    { 9, 16, 178, 1, 16, 18, 3819 }, // U+0109
    { 13, 19, 234, 1, 19, 31, 3837 }, // U+010A
    { 9, 15, 178, 1, 15, 17, 3868 }, // U+010B
    { 13, 20, 234, 1, 20, 33, 3885 }, // U+010C
    { 9, 16, 178, 1, 16, 18, 3918 }, // U+010D
    { 13, 20, 250, 2, 20, 33, 3936 }, // U+010E
    { 14, 16, 209, 1, 16, 28, 3969 }, // U+010F
    { 15, 16, 261, 0, 16, 30, 3997 }, // U+0110
    { 12, 16, 203, 1, 16, 24, 4027 }, // U+0111
    { 10, 18, 198, 2, 18, 23, 4051 }, // U+0112
    { 10, 15, 188, 1, 15, 19, 4074 }, // U+0113
    { 10, 20, 198, 2, 20, 25, 4093 }, // U+0114
    { 10, 16, 188, 1, 16, 20, 4118 }, // U+0115
    { 10, 19, 198, 2, 19, 24, 4138 }, // U+0116
    { 10, 15, 188, 1, 15, 19, 4162 }, // U+0117
    { 10, 21, 199, 2, 16, 27, 4181 }, // U+0118
    { 10, 16, 188, 1, 11, 20, 4208 }, // U+0119
    { 10, 20, 198, 2, 20, 25, 4228 }, // U+011A
    { 10, 16, 188, 1, 16, 20, 4253 }, // U+011B
    { 13, 19, 247, 1, 19, 31, 4273 }, // U+011C
    { 10, 21, 200, 1, 16, 27, 4304 }, // U+011D
    { 13, 20, 247, 1, 20, 33, 4331 }, // U+011E
    { 10, 21, 200, 1, 16, 27, 4364 }, // U+011F
    { 13, 19, 247, 1, 19, 31, 4391 }, // U+0120
    { 10, 20, 200, 1, 15, 25, 4422 }, // U+0121
    { 13, 22, 247, 1, 16, 36, 4447 }, // U+0122
    { 10, 22, 200, 1, 17, 28, 4483 }, // U+0123
    { 12, 19, 245, 2, 19, 29, 4511 }, // U+0124
    { 12, 20, 197, -1, 20, 30, 4540 }, // U+0125
    { 16, 16, 251, 0, 16, 32, 4570 }, // U+0126
    { 11, 16, 198, 0, 16, 22, 4602 }, // U+0127
    { 7, 19, 84, -1, 19, 17, 4624 }, // U+0128
    { 7, 15, 86, -1, 15, 14, 4641 }, // U+0129
    { 5, 18, 84, 0, 18, 12, 4655 }, // U+012A
    { 5, 15, 81, 0, 15, 10, 4667 }, // U+012B
    { 6, 20, 84, 0, 20, 15, 4677 }, // U+012C
    { 5, 16, 80, 0, 16, 10, 4692 }, // U+012D
    { 4, 21, 84, 0, 16, 11, 4702 }, // U+012E
    { 4, 21, 86, 0, 16, 11, 4713 }, // U+012F
    { 3, 19, 84, 1, 19, 8, 4724 }, // U+0130
    { 2, 11, 77, 1, 11, 3, 4732 }, // U+0131
    { 12, 16, 251, 2, 16, 24, 4735 }, // U+0132
    { 8, 21, 171, 1, 16, 21, 4759 }, // U+0133
    { 11, 19, 166, 0, 19, 27, 4780 }, // U+0134
    { 7, 21, 82, -1, 16, 19, 4807 }, // U+0135
    { 12, 22, 219, 2, 16, 33, 4826 }, // U+0136
    { 10, 22, 174, 1, 16, 28, 4859 }, // U+0137
    { 10, 11, 174, 1, 11, 14, 4887 }, // U+0138
    { 11, 20, 191, 1, 20, 28, 4901 }, // U+0139
    { 4, 21, 87, 1, 21, 11, 4929 }, // U+013A
    { 10, 22, 191, 2, 16, 28, 4940 }, // U+013B
    { 4, 22, 87, 1, 16, 11, 4968 }, // U+013C
    { 10, 16, 191, 2, 16, 20, 4979 }, // U+013D
    { 6, 16, 98, 1, 16, 12, 4999 }, // U+013E
    { 10, 16, 191, 2, 16, 20, 5011 }, // U+013F
    { 7, 16, 124, 1, 16, 14, 5031 }, // U+0140
    { 12, 16, 198, 0, 16, 24, 5045 }, // U+0141
    { 5, 16, 95, 0, 16, 10, 5069 }, // U+0142
    { 12, 20, 248, 2, 20, 30, 5079 }, // U+0143
    { 10, 16, 196, 1, 16, 20, 5109 }, // U+0144
    { 12, 22, 248, 2, 16, 33, 5129 }, // U+0145
    { 10, 17, 196, 1, 11, 22, 5162 }, // U+0146
    { 12, 20, 248, 2, 20, 30, 5184 }, // U+0147
    { 10, 16, 196, 1, 16, 20, 5214 }, // U+0148
    { 13, 16, 222, -1, 16, 26, 5234 }, // U+0149
    { 12, 21, 248, 2, 16, 32, 5260 }, // U+014A
    { 10, 16, 196, 1, 11, 20, 5292 }, // U+014B
    { 14, 18, 261, 1, 18, 32, 5312 }, // U+014C
    { 10, 15, 194, 1, 15, 19, 5344 }, // U+014D
    { 14, 20, 261, 1, 20, 35, 5363 }, // U+014E
    { 10, 16, 194, 1, 16, 20, 5398 }, // U+014F
    { 14, 20, 261, 1, 20, 35, 5418 }, // U+0150
    { 10, 16, 194, 1, 16, 20, 5453 }, // U+0151
    { 22, 16, 376, 1, 16, 44, 5473 }, // U+0152
    { 18, 11, 321, 1, 11, 25, 5517 }, // U+0153
    { 11, 20, 215, 2, 20, 28, 5542 }, // U+0154
    { 7, 16, 130, 1, 16, 14, 5570 }, // U+0155
    { 11, 22, 215, 2, 16, 31, 5584 }, // U+0156
    { 7, 17, 129, 1, 11, 15, 5615 }, // U+0157
    { 11, 20, 215, 2, 20, 28, 5630 }, // U+0158
    { 7, 16, 130, 1, 16, 14, 5658 }, // U+0159
    { 11, 20, 202, 1, 20, 28, 5672 }, // U+015A
    { 8, 16, 160, 1, 16, 16, 5700 }, // U+015B
    { 11, 19, 202, 1, 19, 27, 5716 }, // U+015C
    { 8, 16, 160, 1, 16, 16, 5743 }, // U+015D
    { 11, 21, 202, 1, 16, 29, 5759 }, // U+015E
    { 8, 16, 160, 1, 11, 16, 5788 }, // U+015F
    { 11, 20, 202, 1, 20, 28, 5804 }, // U+0160
    { 8, 16, 160, 1, 16, 16, 5832 }, // U+0161
    { 12, 21, 204, 0, 16, 32, 5848 }, // U+0162
    { 7, 20, 124, 0, 15, 18, 5880 }, // U+0163
    { 12, 20, 204, 0, 20, 30, 5898 }, // U+0164
    { 8, 16, 124, 0, 16, 16, 5928 }, // U+0165
    { 12, 16, 204, 0, 16, 24, 5944 }, // U+0166
    { 7, 15, 126, 0, 15, 14, 5968 }, // U+0167
    { 11, 19, 238, 2, 19, 27, 5982 }, // U+0168
    { 10, 15, 196, 1, 15, 19, 6009 }, // U+0169
    { 11, 18, 238, 2, 18, 25, 6028 }, // U+016A
    { 10, 15, 196, 1, 15, 19, 6053 }, // U+016B
    { 11, 20, 238, 2, 20, 28, 6072 }, // U+016C
    { 10, 16, 196, 1, 16, 20, 6100 }, // U+016D
    { 11, 21, 238, 2, 21, 29, 6120 }, // U+016E
    { 10, 17, 196, 1, 17, 22, 6149 }, // U+016F
    { 11, 20, 238, 2, 20, 28, 6171 }, // U+0170
    { 10, 16, 198, 1, 16, 20, 6199 }, // U+0171
    { 11, 21, 238, 2, 16, 29, 6219 }, // U+0172
    { 11, 16, 196, 1, 11, 22, 6248 }, // U+0173
    { 20, 19, 332, 0, 19, 48, 6270 }, // U+0174
    { 17, 16, 269, 0, 16, 34, 6318 }, // U+0175
    { 13, 19, 212, 0, 19, 31, 6352 }, // U+0176
    { 11, 20, 176, 0, 16, 28, 6383 }, // U+0177
    { 13, 19, 212, 0, 19, 31, 6411 }, // U+0178
    { 11, 20, 203, 1, 20, 28, 6442 }, // U+0179
    { 8, 16, 161, 1, 16, 16, 6470 }, // U+017A
    { 11, 19, 203, 1, 19, 27, 6486 }, // U+017B
    { 8, 15, 161, 1, 15, 15, 6513 }, // U+017C
    { 11, 20, 203, 1, 20, 28, 6528 }, // U+017D
    { 8, 16, 161, 1, 16, 16, 6556 }, // U+017E
    { 6, 16, 88, 1, 16, 12, 6572 }, // U+017F
    { 14, 19, 262, 1, 19, 34, 6584 }, // U+01A0
    { 11, 15, 193, 1, 15, 21, 6618 }, // U+01A1
    { 14, 19, 245, 2, 19, 34, 6639 }, // U+01AF
    { 12, 15, 206, 1, 15, 23, 6673 }, // U+01B0
    { 14, 20, 227, 0, 20, 35, 6696 }, // U+01CD
    { 9, 16, 182, 1, 16, 18, 6731 }, // U+01CE
    { 6, 20, 84, 0, 20, 15, 6749 }, // U+01CF
    { 7, 16, 80, -1, 16, 14, 6764 }, // U+01D0
    { 14, 20, 261, 1, 20, 35, 6778 }, // U+01D1
    { 10, 16, 194, 1, 16, 20, 6813 }, // U+01D2
    { 11, 20, 238, 2, 20, 28, 6833 }, // U+01D3
    { 10, 16, 196, 1, 16, 20, 6861 }, // U+01D4
    { 11, 21, 238, 2, 21, 29, 6881 }, // U+01D5
    { 10, 18, 196, 1, 18, 23, 6910 }, // U+01D6
    { 11, 23, 238, 2, 23, 32, 6933 }, // U+01D7
    { 10, 20, 196, 1, 20, 25, 6965 }, // U+01D8
    { 11, 23, 238, 2, 23, 32, 6990 }, // U+01D9
    { 10, 19, 196, 1, 19, 24, 7022 }, // U+01DA
    { 11, 23, 238, 2, 23, 32, 7046 }, // U+01DB
    { 10, 20, 196, 1, 20, 25, 7078 }, // U+01DC
    { 15, 16, 256, 1, 16, 30, 7103 }, // U+01E4
    { 12, 16, 211, 1, 11, 24, 7133 }, // U+01E5
    { 13, 20, 247, 1, 20, 33, 7157 }, // U+01E6
    { 10, 21, 200, 1, 16, 27, 7190 }, // U+01E7
    { 12, 20, 219, 2, 20, 30, 7217 }, // U+01E8
    { 12, 20, 174, -1, 20, 30, 7247 }, // U+01E9
    { 11, 20, 186, 0, 20, 28, 7277 }, // U+01EE
    { 10, 21, 163, 0, 16, 27, 7305 }, // U+01EF
    { 7, 21, 82, -1, 16, 19, 7332 }, // U+01F0
    { 10, 16, 196, 1, 16, 20, 7351 }, // U+01F9
    { 14, 23, 227, 0, 23, 41, 7371 }, // U+01FA
    { 9, 21, 182, 1, 21, 24, 7412 }, // U+01FB
    { 20, 20, 332, 0, 20, 50, 7436 }, // U+01FC
    { 17, 16, 300, 1, 16, 34, 7486 }, // U+01FD
    { 16, 22, 261, 0, 20, 44, 7520 }, // U+01FE
    { 12, 17, 194, 0, 16, 26, 7564 }, // U+01FF
    { 11, 22, 202, 1, 16, 31, 7590 }, // U+0218
    { 8, 17, 160, 1, 11, 17, 7621 }, // U+0219
    { 12, 22, 204, 0, 16, 33, 7638 }, // U+021A
    { 7, 21, 123, 0, 15, 19, 7671 }, // U+021B
    { 12, 20, 245, 2, 20, 30, 7690 }, // U+021E
    { 12, 20, 197, -1, 20, 30, 7720 }, // U+021F
    { 4, 4, 0, -5, 16, 2, 7750 }, // U+0300
    { 4, 4, 0, -4, 16, 2, 7752 }, // U+0301
    { 6, 4, 0, -7, 16, 3, 7754 }, // U+0302
    { 6, 3, 0, -7, 15, 3, 7757 }, // U+0303
    { 5, 2, 0, -6, 15, 2, 7760 }, // U+0304
    { 11, 2, 0, -12, 19, 3, 7762 }, // U+0305
    { 6, 4, 0, -7, 16, 3, 7765 }, // U+0306
    { 2, 2, 0, -3, 15, 1, 7768 }, // U+0307
    { 7, 3, 0, -8, 15, 3, 7769 }, // U+0308
    { 4, 4, 0, -5, 20, 2, 7772 }, // U+0309
    { 4, 5, 0, -5, 17, 3, 7774 }, // U+030A
    { 7, 4, 0, -8, 16, 4, 7777 }, // U+030B
    { 6, 4, 0, -7, 16, 3, 7781 }, // U+030C
    { 8, 4, 0, -8, 16, 4, 7784 }, // U+030F
    { 2, 4, 0, -3, 17, 1, 7788 }, // U+0312
    { 4, 5, 0, -5, -1, 3, 7789 }, // U+0318
    { 4, 5, 0, -5, -1, 3, 7792 }, // U+0319
    { 5, 4, 0, -6, 20, 3, 7795 }, // U+031A
    { 2, 5, 0, -3, -1, 2, 7798 }, // U+031C
    { 4, 5, 0, -5, -1, 3, 7800 }, // U+031D
    { 4, 5, 0, -5, -1, 3, 7803 }, // U+031E
    { 4, 5, 0, -5, -1, 3, 7806 }, // U+031F
    { 4, 1, 0, -5, -3, 1, 7809 }, // U+0320
    { 3, 3, 0, -4, -2, 2, 7810 }, // U+0323
    { 7, 3, 0, -8, -2, 3, 7812 }, // U+0324
    { 4, 5, 0, -5, -1, 3, 7815 }, // U+0325
    { 2, 5, 0, -3, -1, 2, 7818 }, // U+0326
    { 4, 6, 0, -5, 1, 3, 7820 }, // U+0327
    { 4, 5, 0, -5, 0, 3, 7823 }, // U+0328
    { 1, 5, 0, -3, -1, 1, 7826 }, // U+0329
    { 6, 3, 0, -7, -2, 3, 7827 }, // U+032A
    { 6, 4, 0, -7, -1, 3, 7830 }, // U+032C
    { 6, 3, 0, -7, -2, 3, 7833 }, // U+0330
    { 11, 1, 0, -12, -3, 2, 7836 }, // U+0332
    { 6, 3, 0, -7, 9, 3, 7838 }, // U+0334
    { 2, 5, 0, -3, -1, 2, 7841 }, // U+0339
    { 6, 3, 0, -7, -2, 3, 7843 }, // U+033A
    { 5, 5, 0, -6, -1, 4, 7846 }, // U+033B
    { 8, 4, 0, -9, -1, 4, 7850 }, // U+033C
    { 5, 5, 0, -6, 17, 4, 7854 }, // U+033D
    { 6, 4, 0, -7, 16, 3, 7858 }, // U+0346
    { 11, 4, 0, -12, -1, 6, 7861 }, // U+0347
    { 4, 5, 0, -6, -1, 3, 7867 }, // U+0348
    { 4, 5, 0, -5, -1, 3, 7870 }, // U+0349
    { 6, 4, 0, -7, 16, 3, 7873 }, // U+034A
    { 6, 6, 0, -7, 18, 5, 7876 }, // U+034B
    { 6, 5, 0, -7, 17, 4, 7881 }, // U+034C
    { 6, 3, 0, -7, -2, 3, 7885 }, // U+034D
    { 4, 5, 0, -5, -1, 3, 7888 }, // U+034E
    { 16, 4, 0, -16, -1, 8, 7891 }, // U+035C
    { 16, 4, 0, -16, 16, 8, 7899 }, // U+0361
    { 12, 3, 0, -13, -2, 5, 7907 }, // U+0362
    { 10, 20, 198, 2, 20, 25, 7912 }, // U+0400
    { 10, 19, 198, 2, 19, 24, 7937 }, // U+0401
    { 16, 16, 276, 0, 16, 32, 7961 }, // U+0402
    { 9, 20, 178, 2, 20, 23, 7993 }, // U+0403
    { 13, 16, 234, 1, 16, 26, 8016 }, // U+0404
    { 11, 16, 202, 1, 16, 22, 8042 }, // U+0405
    { 2, 16, 85, 2, 16, 4, 8064 }, // U+0406
    { 7, 19, 93, -1, 19, 17, 8068 }, // U+0407
    { 9, 16, 163, 0, 16, 18, 8085 }, // U+0408
    { 23, 16, 371, 0, 16, 46, 8103 }, // U+0409
    { 21, 16, 371, 2, 16, 42, 8149 }, // U+040A
    { 16, 16, 284, 0, 16, 32, 8191 }, // U+040B
    { 12, 20, 222, 2, 20, 30, 8223 }, // U+040C
    { 12, 20, 248, 2, 20, 30, 8253 }, // U+040D
    { 13, 20, 209, 0, 20, 33, 8283 }, // U+040E
    { 11, 19, 235, 2, 16, 27, 8316 }, // U+040F
    { 14, 16, 228, 0, 16, 28, 8343 }, // U+0410
    { 11, 16, 217, 2, 16, 22, 8371 }, // U+0411
    { 11, 16, 223, 2, 16, 22, 8393 }, // U+0412
    { 9, 16, 178, 2, 16, 18, 8415 }, // U+0413
    { 16, 19, 254, 0, 16, 38, 8433 }, // U+0414
    { 10, 16, 198, 2, 16, 20, 8471 }, // U+0415
    { 22, 16, 357, 0, 16, 44, 8491 }, // U+0416
    { 11, 16, 199, 1, 16, 22, 8535 }, // U+0417
    { 12, 16, 248, 2, 16, 24, 8557 }, // U+0418
    { 12, 20, 248, 2, 20, 30, 8581 }, // U+0419
    { 12, 16, 221, 2, 16, 24, 8611 }, // U+041A
    { 14, 16, 245, 0, 16, 28, 8635 }, // U+041B
    { 15, 16, 297, 2, 16, 30, 8663 }, // U+041C
    { 12, 16, 245, 2, 16, 24, 8693 }, // U+041D
    { 14, 16, 261, 1, 16, 28, 8717 }, // U+041E
    { 11, 16, 235, 2, 16, 22, 8745 }, // U+041F
    { 11, 16, 211, 2, 16, 22, 8767 }, // U+0420
    { 13, 16, 237, 1, 16, 26, 8789 }, // U+0421
    { 12, 16, 204, 0, 16, 24, 8815 }, // U+0422
    { 13, 16, 209, 0, 16, 26, 8839 }, // U+0423
    { 16, 16, 282, 1, 16, 32, 8865 }, // U+0424
    { 13, 16, 220, 0, 16, 26, 8897 }, // U+0425
    { 13, 19, 245, 2, 16, 31, 8923 }, // U+0426
    { 12, 16, 230, 1, 16, 24, 8954 }, // U+0427
    { 18, 16, 351, 2, 16, 36, 8978 }, // U+0428
    { 21, 19, 365, 2, 16, 50, 9014 }, // U+0429
    { 14, 16, 238, 0, 16, 28, 9064 }, // U+042A
    { 14, 16, 289, 2, 16, 28, 9092 }, // U+042B
    { 11, 16, 211, 2, 16, 22, 9120 }, // U+042C
    { 13, 16, 234, 1, 16, 26, 9142 }, // U+042D
    { 19, 16, 348, 2, 16, 38, 9168 }, // U+042E
    { 12, 16, 215, 0, 16, 24, 9206 }, // U+042F
    { 9, 11, 182, 1, 11, 13, 9230 }, // U+0430
    { 10, 16, 195, 1, 16, 20, 9243 }, // U+0431
    { 10, 11, 183, 1, 11, 14, 9263 }, // U+0432
    { 8, 11, 151, 1, 11, 11, 9277 }, // U+0433
    { 13, 14, 207, 0, 11, 23, 9288 }, // U+0434
    { 10, 11, 188, 1, 11, 14, 9311 }, // U+0435
    { 17, 11, 267, 0, 11, 24, 9325 }, // U+0436
    { 10, 11, 165, 0, 11, 14, 9349 }, // U+0437
    { 10, 11, 198, 1, 11, 14, 9363 }, // U+0438
    { 10, 16, 199, 1, 16, 20, 9377 }, // U+0439
    { 10, 11, 178, 1, 11, 14, 9397 }, // U+043A
    { 11, 11, 198, 0, 11, 16, 9411 }, // U+043B
    { 12, 11, 234, 1, 11, 17, 9427 }, // U+043C
    { 10, 11, 197, 1, 11, 14, 9444 }, // U+043D
    { 10, 11, 194, 1, 11, 14, 9458 }, // U+043E
    { 10, 11, 197, 1, 11, 14, 9472 }, // U+043F
    { 11, 15, 201, 1, 11, 21, 9486 }, // U+0440
    { 9, 11, 178, 1, 11, 13, 9507 }, // U+0441
    { 10, 11, 161, 0, 11, 14, 9520 }, // U+0442
    { 11, 15, 176, 0, 11, 21, 9534 }, // U+0443
    { 13, 20, 238, 1, 16, 33, 9555 }, // U+0444
    { 10, 11, 168, 0, 11, 14, 9588 }, // U+0445
    { 12, 14, 208, 1, 11, 21, 9602 }, // U+0446
    { 9, 11, 186, 1, 11, 13, 9623 }, // U+0447
    { 15, 11, 284, 1, 11, 21, 9636 }, // U+0448
    { 17, 14, 295, 1, 11, 30, 9657 }, // U+0449
    { 12, 11, 203, 0, 11, 17, 9687 }, // U+044A
    { 13, 11, 254, 1, 11, 18, 9704 }, // U+044B
    { 10, 11, 182, 1, 11, 14, 9722 }, // U+044C
    { 9, 11, 178, 1, 11, 13, 9736 }, // U+044D
    { 15, 11, 274, 1, 11, 21, 9749 }, // U+044E
    { 10, 11, 178, 0, 11, 14, 9770 }, // U+044F
    { 10, 16, 188, 1, 16, 20, 9784 }, // U+0450
    { 10, 15, 188, 1, 15, 19, 9804 }, // U+0451
    { 11, 21, 198, 0, 16, 29, 9823 }, // U+0452
    { 8, 16, 151, 1, 16, 16, 9852 }, // U+0453
    { 9, 11, 178, 1, 11, 13, 9868 }, // U+0454
    { 8, 11, 160, 1, 11, 11, 9881 }, // U+0455
    { 3, 16, 85, 1, 16, 6, 9892 }, // U+0456
    { 7, 15, 84, -1, 15, 14, 9898 }, // U+0457
    { 5, 21, 85, -1, 16, 14, 9912 }, // U+0458
    { 18, 11, 302, 0, 11, 25, 9926 }, // U+0459
    { 17, 11, 301, 1, 11, 24, 9951 }, // U+045A
    { 11, 16, 200, 0, 16, 22, 9975 }, // U+045B
    { 10, 16, 180, 1, 16, 20, 9997 }, // U+045C
    { 10, 16, 199, 1, 16, 20, 10017 }, // U+045D
    { 11, 20, 179, 0, 16, 28, 10037 }, // U+045E
    { 10, 14, 197, 1, 11, 18, 10065 }, // U+045F
    { 14, 16, 244, 0, 16, 28, 10083 }, // U+0462
    { 12, 16, 206, 0, 16, 24, 10111 }, // U+0463
    { 16, 16, 284, 1, 16, 32, 10135 }, // U+046A
    { 12, 11, 225, 1, 11, 17, 10167 }, // U+046B
    { 14, 16, 261, 1, 16, 28, 10184 }, // U+0472
    { 10, 11, 194, 1, 11, 14, 10212 }, // U+0473
    { 16, 16, 262, 0, 16, 32, 10226 }, // U+0474
    { 13, 11, 202, 0, 11, 18, 10258 }, // U+0475
    { 9, 18, 182, 2, 18, 21, 10276 }, // U+0490
    { 8, 14, 151, 1, 14, 14, 10297 }, // U+0491
    { 12, 16, 191, 0, 16, 24, 10311 }, // U+0492
    { 10, 11, 165, 0, 11, 14, 10335 }, // U+0493
    { 18, 14, 280, 0, 11, 32, 10349 }, // U+0497
    { 12, 19, 228, 2, 16, 29, 10381 }, // U+049A
    { 11, 14, 188, 1, 11, 20, 10410 }, // U+049B
    { 12, 16, 231, 2, 16, 24, 10430 }, // U+049C
    { 11, 11, 189, 1, 11, 16, 10454 }, // U+049D
    { 14, 19, 255, 2, 16, 34, 10470 }, // U+04A2
    { 12, 14, 207, 1, 11, 21, 10504 }, // U+04A3
    { 13, 16, 212, 0, 16, 26, 10525 }, // U+04AE
    { 11, 15, 173, 0, 11, 21, 10551 }, // U+04AF
    { 13, 16, 216, 0, 16, 26, 10572 }, // U+04B0
    { 11, 15, 177, 0, 11, 21, 10598 }, // U+04B1
    { 14, 19, 233, 0, 16, 34, 10619 }, // U+04B2
    { 12, 14, 184, 0, 11, 21, 10653 }, // U+04B3
    { 14, 19, 240, 1, 16, 34, 10674 }, // U+04B6
    { 11, 14, 196, 1, 11, 20, 10708 }, // U+04B7
    { 12, 16, 230, 1, 16, 24, 10728 }, // U+04B8
    { 9, 11, 186, 1, 11, 13, 10752 }, // U+04B9
    { 11, 16, 223, 2, 16, 22, 10765 }, // U+04BA
    { 10, 16, 196, 1, 16, 20, 10787 }, // U+04BB
    { 12, 14, 207, 1, 11, 21, 10807 }, // U+04CA
    { 13, 16, 238, 1, 16, 26, 10828 }, // U+04D8
    { 10, 11, 188, 1, 11, 14, 10854 }, // U+04D9
    { 12, 18, 248, 2, 18, 27, 10868 }, // U+04E2
    { 10, 15, 198, 1, 15, 19, 10895 }, // U+04E3
    { 14, 16, 261, 1, 16, 28, 10914 }, // U+04E8
    { 10, 11, 194, 1, 11, 14, 10942 }, // U+04E9
    { 13, 18, 209, 0, 18, 30, 10956 }, // U+04EE
    { 11, 19, 176, 0, 15, 27, 10986 }, // U+04EF
    { 14, 20, 227, 0, 16, 35, 11013 }, // U+1EA0
    { 9, 15, 182, 1, 11, 17, 11048 }, // U+1EA1
    { 14, 20, 227, 0, 20, 35, 11065 }, // U+1EA2
    { 9, 16, 182, 1, 16, 18, 11100 }, // U+1EA3
    { 14, 22, 227, 0, 22, 39, 11118 }, // U+1EA4
    { 10, 19, 181, 1, 19, 24, 11157 }, // U+1EA5
    { 14, 22, 227, 0, 22, 39, 11181 }, // U+1EA6
    { 9, 19, 181, 1, 19, 22, 11220 }, // U+1EA7
    { 14, 22, 227, 0, 22, 39, 11242 }, // U+1EA8
    { 10, 19, 182, 1, 19, 24, 11281 }, // U+1EA9
    { 14, 22, 227, 0, 22, 39, 11305 }, // U+1EAA
    { 9, 19, 182, 1, 19, 22, 11344 }, // U+1EAB
    { 14, 23, 227, 0, 19, 41, 11366 }, // U+1EAC
    { 9, 20, 182, 1, 16, 23, 11407 }, // U+1EAD
    { 14, 22, 227, 0, 22, 39, 11430 }, // U+1EAE
    { 9, 20, 182, 1, 20, 23, 11469 }, // U+1EAF
    { 14, 22, 227, 0, 22, 39, 11492 }, // U+1EB0
    { 9, 20, 182, 1, 20, 23, 11531 }, // U+1EB1
    { 14, 22, 227, 0, 22, 39, 11554 }, // U+1EB2
    { 9, 20, 182, 1, 20, 23, 11593 }, // U+1EB3
    { 14, 22, 227, 0, 22, 39, 11616 }, // U+1EB4
    { 9, 19, 182, 1, 19, 22, 11655 }, // U+1EB5
    { 14, 24, 227, 0, 20, 42, 11677 }, // U+1EB6
    { 9, 20, 182, 1, 16, 23, 11719 }, // U+1EB7
    { 10, 20, 198, 2, 16, 25, 11742 }, // U+1EB8
    { 10, 15, 188, 1, 11, 19, 11767 }, // U+1EB9
    { 10, 20, 198, 2, 20, 25, 11786 }, // U+1EBA
    { 10, 16, 188, 1, 16, 20, 11811 }, // U+1EBB
    { 10, 19, 198, 2, 19, 24, 11831 }, // U+1EBC
    { 10, 15, 188, 1, 15, 19, 11855 }, // U+1EBD
    { 10, 22, 202, 2, 22, 28, 11874 }, // U+1EBE
    { 11, 19, 188, 1, 19, 27, 11902 }, // U+1EBF
    { 10, 22, 198, 2, 22, 28, 11929 }, // U+1EC0
    { 10, 19, 188, 1, 19, 24, 11957 }, // U+1EC1
    { 10, 22, 200, 2, 22, 28, 11981 }, // U+1EC2
    { 10, 19, 186, 1, 19, 24, 12009 }, // U+1EC3
    { 10, 22, 198, 2, 22, 28, 12033 }, // U+1EC4
    { 10, 19, 188, 1, 19, 24, 12061 }, // U+1EC5
    { 10, 23, 198, 2, 19, 29, 12085 }, // U+1EC6
    { 10, 20, 188, 1, 16, 25, 12114 }, // U+1EC7
    { 4, 20, 84, 1, 20, 10, 12139 }, // U+1EC8
    { 5, 16, 80, 0, 16, 10, 12149 }, // U+1EC9
    { 3, 20, 84, 1, 16, 8, 12159 }, // U+1ECA
    { 3, 21, 85, 1, 16, 8, 12167 }, // U+1ECB
    { 14, 20, 261, 1, 16, 35, 12175 }, // U+1ECC
    { 10, 15, 194, 1, 11, 19, 12210 }, // U+1ECD
    { 14, 20, 261, 1, 20, 35, 12229 }, // U+1ECE
    { 10, 16, 194, 1, 16, 20, 12264 }, // U+1ECF
    { 14, 22, 261, 1, 22, 39, 12284 }, // U+1ED0
    { 11, 19, 193, 1, 19, 27, 12323 }, // U+1ED1
    { 14, 22, 261, 1, 22, 39, 12350 }, // U+1ED2
    { 10, 19, 194, 1, 19, 24, 12389 }, // U+1ED3
    { 14, 22, 261, 1, 22, 39, 12413 }, // U+1ED4
    { 10, 19, 195, 1, 19, 24, 12452 }, // U+1ED5
    { 14, 22, 261, 1, 22, 39, 12476 }, // U+1ED6
    { 10, 19, 195, 1, 19, 24, 12515 }, // U+1ED7
    { 14, 23, 261, 1, 19, 41, 12539 }, // U+1ED8
    { 10, 20, 194, 1, 16, 25, 12580 }, // U+1ED9
    { 14, 20, 262, 1, 20, 35, 12605 }, // U+1EDA
    { 11, 16, 193, 1, 16, 22, 12640 }, // U+1EDB
    { 14, 20, 262, 1, 20, 35, 12662 }, // U+1EDC
    { 11, 16, 193, 1, 16, 22, 12697 }, // U+1EDD
    { 14, 20, 262, 1, 20, 35, 12719 }, // U+1EDE
    { 11, 16, 193, 1, 16, 22, 12754 }, // U+1EDF
    { 14, 19, 262, 1, 19, 34, 12776 }, // U+1EE0
    { 11, 15, 193, 1, 15, 21, 12810 }, // U+1EE1
    { 14, 23, 262, 1, 19, 41, 12831 }, // U+1EE2
    { 11, 19, 193, 1, 15, 27, 12872 }, // U+1EE3
    { 11, 20, 238, 2, 16, 28, 12899 }, // U+1EE4
    { 10, 15, 196, 1, 11, 19, 12927 }, // U+1EE5
    { 11, 20, 238, 2, 20, 28, 12946 }, // U+1EE6
    { 10, 16, 196, 1, 16, 20, 12974 }, // U+1EE7
    { 14, 20, 245, 2, 20, 35, 12994 }, // U+1EE8
    { 12, 16, 206, 1, 16, 24, 13029 }, // U+1EE9
    { 14, 20, 245, 2, 20, 35, 13053 }, // U+1EEA
    { 12, 16, 206, 1, 16, 24, 13088 }, // U+1EEB
    { 14, 20, 245, 2, 20, 35, 13112 }, // U+1EEC
    { 12, 16, 206, 1, 16, 24, 13147 }, // U+1EED
    { 14, 19, 245, 2, 19, 34, 13171 }, // U+1EEE
    { 12, 15, 206, 1, 15, 23, 13205 }, // U+1EEF
    { 14, 24, 245, 2, 19, 42, 13228 }, // U+1EF0
    { 12, 19, 206, 1, 15, 29, 13270 }, // U+1EF1
    { 13, 20, 212, 0, 20, 33, 13299 }, // U+1EF2
    { 11, 20, 176, 0, 16, 28, 13332 }, // U+1EF3
    { 13, 21, 212, 0, 16, 35, 13360 }, // U+1EF4
    { 11, 15, 176, 0, 11, 21, 13395 }, // U+1EF5
    { 13, 20, 212, 0, 20, 33, 13416 }, // U+1EF6
    { 11, 20, 176, 0, 16, 28, 13449 }, // U+1EF7
    { 13, 19, 212, 0, 19, 31, 13477 }, // U+1EF8
    { 11, 19, 176, 0, 15, 27, 13508 }, // U+1EF9
    { 1, 1, 111, 0, 1, 1, 13535 }, // U+2004
    { 1, 1, 83, 0, 1, 1, 13536 }, // U+2005
    { 1, 1, 56, 0, 1, 1, 13537 }, // U+2006
    { 1, 1, 67, 0, 1, 1, 13538 }, // U+2009
    { 1, 1, 48, 0, 1, 1, 13539 }, // U+200A
    { 8, 2, 153, 1, 9, 2, 13540 }, // U+2010
    { 10, 2, 167, 0, 9, 3, 13542 }, // U+2013
    { 21, 2, 333, 0, 9, 6, 13545 }, // U+2014
    { 21, 2, 333, 0, 9, 6, 13551 }, // U+2015
    { 7, 19, 155, 1, 18, 17, 13557 }, // U+2016
    { 3, 5, 83, 1, 18, 2, 13574 }, // U+2018
    { 3, 6, 83, 1, 18, 3, 13576 }, // U+2019
    { 3, 5, 83, 1, 2, 2, 13579 }, // U+201A
    { 6, 5, 131, 1, 18, 4, 13581 }, // U+201C
    { 6, 6, 131, 1, 18, 5, 13585 }, // U+201D
    { 6, 5, 131, 1, 2, 4, 13590 }, // U+201E
    { 7, 13, 139, 1, 16, 12, 13594 }, // U+2020
    { 7, 13, 139, 1, 16, 12, 13606 }, // U+2021
    { 7, 6, 333, 7, 11, 6, 13618 }, // U+2022
    { 13, 2, 333, 4, 2, 4, 13624 }, // U+2025
    { 17, 2, 333, 2, 2, 5, 13628 }, // U+2026
    { 1, 1, 200, 0, 1, 1, 13633 }, // U+2028
    { 1, 1, 200, 0, 1, 1, 13634 }, // U+2029
    { 25, 16, 407, 0, 16, 50, 13635 }, // U+2030
    { 33, 16, 528, 0, 16, 66, 13685 }, // U+2031
    { 4, 6, 99, 1, 18, 3, 13751 }, // U+2032
    { 8, 6, 159, 1, 18, 6, 13754 }, // U+2033
    { 11, 6, 219, 1, 18, 9, 13760 }, // U+2034
    { 4, 6, 99, 1, 18, 3, 13769 }, // U+2035
    { 8, 6, 159, 1, 18, 6, 13772 }, // U+2036
    { 11, 6, 219, 1, 18, 9, 13778 }, // U+2037
    { 7, 9, 146, 1, 10, 8, 13787 }, // U+2039
    { 7, 9, 146, 1, 10, 8, 13795 }, // U+203A
    { 15, 16, 333, 3, 16, 30, 13803 }, // U+203B
    { 8, 16, 186, 2, 16, 16, 13833 }, // U+203C
    { 21, 2, 333, 0, 16, 6, 13849 }, // U+203E
    { 16, 4, 254, 0, -1, 8, 13855 }, // U+203F
    { 17, 16, 309, 1, 16, 34, 13863 }, // U+2042
    { 8, 2, 333, 6, 9, 2, 13897 }, // U+2043
    { 14, 16, 91, -4, 16, 28, 13899 }, // U+2044
    { 19, 16, 321, 0, 16, 38, 13927 }, // U+2047
    { 14, 16, 249, 0, 16, 28, 13965 }, // U+2048
    { 12, 16, 239, 2, 16, 24, 13993 }, // U+2049
    { 7, 6, 149, 1, 6, 6, 14017 }, // U+204E
    { 7, 16, 149, 1, 16, 14, 14023 }, // U+2051
    { 11, 10, 200, 1, 13, 14, 14037 }, // U+2055
    { 1, 1, 200, 0, 1, 1, 14051 }, // U+2060
    { 1, 1, 200, 0, 1, 1, 14052 }, // U+2061
    { 1, 1, 200, 0, 1, 1, 14053 }, // U+2062
    { 1, 1, 200, 0, 1, 1, 14054 }, // U+2063
    { 1, 1, 200, 0, 1, 1, 14055 }, // U+2064
    { 1, 1, 200, 0, 1, 1, 14056 }, // U+2066
    { 1, 1, 200, 0, 1, 1, 14057 }, // U+2067
    { 1, 1, 200, 0, 1, 1, 14058 }, // U+2068
    { 1, 1, 200, 0, 1, 1, 14059 }, // U+2069
    { 7, 10, 132, 1, 19, 9, 14060 }, // U+2070
    { 2, 9, 51, 1, 21, 3, 14069 }, // U+2071
    { 8, 10, 129, 0, 19, 10, 14072 }, // U+2074
    { 7, 10, 125, 0, 19, 9, 14082 }, // U+2075
    { 7, 10, 128, 1, 19, 9, 14091 }, // U+2076
    { 7, 10, 115, 0, 19, 9, 14100 }, // U+2077
    { 6, 10, 128, 1, 19, 8, 14109 }, // U+2078
    { 7, 10, 128, 1, 19, 9, 14117 }, // U+2079
    { 5, 6, 113, 1, 18, 4, 14126 }, // U+207A
    { 5, 2, 113, 1, 16, 2, 14130 }, // U+207B
    { 5, 7, 109, 1, 19, 5, 14132 }, // U+207F
    { 7, 10, 132, 1, 10, 9, 14137 }, // U+2080
    { 4, 10, 86, 0, 10, 5, 14146 }, // U+2081
    { 7, 10, 120, 0, 10, 9, 14151 }, // U+2082
    { 7, 10, 123, 0, 10, 9, 14160 }, // U+2083
    { 8, 10, 129, 0, 10, 10, 14169 }, // U+2084
    { 7, 10, 125, 0, 10, 9, 14179 }, // U+2085
    { 7, 10, 128, 1, 10, 9, 14188 }, // U+2086
    { 7, 10, 115, 0, 10, 9, 14197 }, // U+2087
    { 6, 10, 128, 1, 10, 8, 14206 }, // U+2088
    { 7, 10, 128, 1, 10, 9, 14214 }, // U+2089
    { 4, 19, 107, 2, 18, 10, 14223 }, // U+208D
    { 4, 19, 107, 1, 18, 10, 14233 }, // U+208E
    { 11, 16, 200, 0, 16, 22, 14243 }, // U+20A3
    { 11, 16, 200, 1, 16, 22, 14265 }, // U+20A4
    { 18, 16, 337, 2, 16, 36, 14287 }, // U+20A8
    { 19, 16, 302, 0, 16, 38, 14323 }, // U+20A9
    { 12, 19, 203, 1, 16, 29, 14361 }, // U+20AB
    { 13, 16, 213, 0, 16, 26, 14390 }, // U+20AC
    { 12, 16, 200, 0, 16, 24, 14416 }, // U+20AE
    { 12, 16, 200, 0, 16, 24, 14440 }, // U+20B1
    { 12, 16, 200, 0, 16, 24, 14464 }, // U+20B8
    { 11, 16, 200, 1, 16, 22, 14488 }, // U+20B9
    { 12, 16, 200, 0, 16, 24, 14510 }, // U+20BA
    { 12, 16, 200, 0, 16, 24, 14534 }, // U+20BD
    { 11, 19, 217, 2, 17, 27, 14558 }, // U+20BF
    { 19, 10, 333, 1, 13, 24, 14585 }, // U+2190
    { 9, 19, 333, 6, 17, 22, 14609 }, // U+2191
    { 19, 10, 333, 1, 13, 24, 14631 }, // U+2192
    { 9, 19, 333, 6, 17, 22, 14655 }, // U+2193
    { 14, 14, 333, 3, 14, 25, 14677 }, // U+2196
    { 14, 14, 333, 3, 14, 25, 14702 }, // U+2197
    { 14, 14, 333, 3, 14, 25, 14727 }, // U+2198
    { 14, 14, 333, 3, 14, 25, 14752 }, // U+2199
    { 19, 17, 333, 1, 17, 41, 14777 }, // U+21C4
    { 10, 16, 189, 1, 16, 20, 14818 }, // U+2202
    { 12, 16, 222, 1, 16, 24, 14838 }, // U+2206
    { 11, 11, 206, 1, 13, 16, 14862 }, // U+2208
    { 11, 16, 234, 2, 16, 22, 14878 }, // U+220F
    { 11, 16, 201, 1, 16, 22, 14900 }, // U+2211
    { 9, 2, 206, 2, 9, 3, 14922 }, // U+2212
    { 7, 16, 206, 4, 16, 14, 14925 }, // U+2215
    { 12, 16, 206, 1, 16, 24, 14939 }, // U+221A
    { 13, 8, 236, 1, 12, 13, 14963 }, // U+221D
    { 15, 7, 274, 1, 11, 14, 14976 }, // U+221E
    { 16, 16, 333, 3, 16, 32, 14990 }, // U+221F
    { 17, 16, 333, 2, 16, 34, 15022 }, // U+2220
    { 2, 16, 201, 5, 16, 4, 15056 }, // U+2223
    { 12, 16, 206, 1, 16, 24, 15060 }, // U+2225
    { 14, 16, 228, 0, 16, 28, 15084 }, // U+2227
    { 14, 16, 228, 0, 16, 28, 15112 }, // U+2228
    { 11, 16, 238, 2, 16, 22, 15140 }, // U+2229
    { 11, 16, 238, 2, 16, 22, 15162 }, // U+222A
    { 9, 22, 206, 2, 19, 25, 15184 }, // U+222B
    { 11, 22, 206, 1, 19, 31, 15209 }, // U+222E
    { 11, 11, 206, 1, 13, 16, 15240 }, // U+2234
    { 11, 11, 206, 1, 13, 16, 15256 }, // U+2235
    { 3, 11, 206, 5, 13, 5, 15272 }, // U+2236
    { 11, 11, 206, 1, 13, 16, 15277 }, // U+2237
    { 9, 3, 206, 2, 9, 4, 15293 }, // U+223C
    { 9, 4, 206, 2, 10, 5, 15297 }, // U+223D
    { 9, 7, 206, 2, 11, 8, 15302 }, // U+2248
    { 9, 10, 206, 2, 13, 12, 15310 }, // U+224C
    { 9, 14, 206, 2, 15, 16, 15322 }, // U+2252
    { 9, 13, 206, 2, 14, 15, 15338 }, // U+2260
    { 9, 11, 206, 2, 13, 13, 15353 }, // U+2261
    { 9, 13, 206, 2, 14, 15, 15366 }, // U+2264
    { 9, 13, 206, 2, 14, 15, 15381 }, // U+2265
    { 9, 14, 206, 2, 15, 16, 15396 }, // U+2266
    { 9, 14, 206, 2, 15, 16, 15412 }, // U+2267
    { 9, 14, 206, 2, 15, 16, 15428 }, // U+226E
    { 9, 13, 206, 2, 14, 15, 15444 }, // U+226F
    { 19, 20, 333, 1, 18, 48, 15459 }, // U+2295
    { 19, 20, 333, 1, 18, 48, 15507 }, // U+2299
    { 16, 16, 333, 2, 16, 32, 15555 }, // U+22A5
    { 17, 17, 333, 2, 17, 37, 15587 }, // U+22BF
};

static const EpdUnicodeInterval misans_latin_10_mediumIntervals[] = {
    { 0x1, 0x1, 0x0 },
    { 0xA, 0xA, 0x1 },
    { 0xD, 0xD, 0x2 },
    { 0x20, 0x7F, 0x3 },
    { 0xA0, 0x17F, 0x63 },
    { 0x1A0, 0x1A1, 0x143 },
    { 0x1AF, 0x1B0, 0x145 },
    { 0x1CD, 0x1DC, 0x147 },
    { 0x1E4, 0x1E9, 0x157 },
    { 0x1EE, 0x1F0, 0x15D },
    { 0x1F9, 0x1FF, 0x160 },
    { 0x218, 0x21B, 0x167 },
    { 0x21E, 0x21F, 0x16B },
    { 0x300, 0x30C, 0x16D },
    { 0x30F, 0x30F, 0x17A },
    { 0x312, 0x312, 0x17B },
    { 0x318, 0x31A, 0x17C },
    { 0x31C, 0x320, 0x17F },
    { 0x323, 0x32A, 0x184 },
    { 0x32C, 0x32C, 0x18C },
    { 0x330, 0x330, 0x18D },
    { 0x332, 0x332, 0x18E },
    { 0x334, 0x334, 0x18F },
    { 0x339, 0x33D, 0x190 },
    { 0x346, 0x34E, 0x195 },
    { 0x35C, 0x35C, 0x19E },
    { 0x361, 0x362, 0x19F },
    { 0x400, 0x45F, 0x1A1 },
    { 0x462, 0x463, 0x201 },
    { 0x46A, 0x46B, 0x203 },
    { 0x472, 0x475, 0x205 },
    { 0x490, 0x493, 0x209 },
    { 0x497, 0x497, 0x20D },
    { 0x49A, 0x49D, 0x20E },
    { 0x4A2, 0x4A3, 0x212 },
    { 0x4AE, 0x4B3, 0x214 },
    { 0x4B6, 0x4BB, 0x21A },
    { 0x4CA, 0x4CA, 0x220 },
    { 0x4D8, 0x4D9, 0x221 },
    { 0x4E2, 0x4E3, 0x223 },
    { 0x4E8, 0x4E9, 0x225 },
    { 0x4EE, 0x4EF, 0x227 },
    { 0x1EA0, 0x1EF9, 0x229 },
    { 0x2004, 0x2006, 0x283 },
    { 0x2009, 0x200A, 0x286 },
    { 0x2010, 0x2010, 0x288 },
    { 0x2013, 0x2016, 0x289 },
    { 0x2018, 0x201A, 0x28D },
    { 0x201C, 0x201E, 0x290 },
    { 0x2020, 0x2022, 0x293 },
    { 0x2025, 0x2026, 0x296 },
    { 0x2028, 0x2029, 0x298 },
    { 0x2030, 0x2037, 0x29A },
    { 0x2039, 0x203C, 0x2A2 },
    { 0x203E, 0x203F, 0x2A6 },
    { 0x2042, 0x2044, 0x2A8 },
    { 0x2047, 0x2049, 0x2AB },
    { 0x204E, 0x204E, 0x2AE },
    { 0x2051, 0x2051, 0x2AF },
    { 0x2055, 0x2055, 0x2B0 },
    { 0x2060, 0x2064, 0x2B1 },
    { 0x2066, 0x2069, 0x2B6 },
    { 0x2070, 0x2071, 0x2BA },
    { 0x2074, 0x207B, 0x2BC },
    { 0x207F, 0x2089, 0x2C4 },
    { 0x208D, 0x208E, 0x2CF },
    { 0x20A3, 0x20A4, 0x2D1 },
    { 0x20A8, 0x20A9, 0x2D3 },
    { 0x20AB, 0x20AC, 0x2D5 },
    { 0x20AE, 0x20AE, 0x2D7 },
    { 0x20B1, 0x20B1, 0x2D8 },
    { 0x20B8, 0x20BA, 0x2D9 },
    { 0x20BD, 0x20BD, 0x2DC },
    { 0x20BF, 0x20BF, 0x2DD },
    { 0x2190, 0x2193, 0x2DE },
    { 0x2196, 0x2199, 0x2E2 },
    { 0x21C4, 0x21C4, 0x2E6 },
    { 0x2202, 0x2202, 0x2E7 },
    { 0x2206, 0x2206, 0x2E8 },
    { 0x2208, 0x2208, 0x2E9 },
    { 0x220F, 0x220F, 0x2EA },
    { 0x2211, 0x2212, 0x2EB },
    { 0x2215, 0x2215, 0x2ED },
    { 0x221A, 0x221A, 0x2EE },
    { 0x221D, 0x2220, 0x2EF },
    { 0x2223, 0x2223, 0x2F3 },
    { 0x2225, 0x2225, 0x2F4 },
    { 0x2227, 0x222B, 0x2F5 },
    { 0x222E, 0x222E, 0x2FA },
    { 0x2234, 0x2237, 0x2FB },
    { 0x223C, 0x223D, 0x2FF },
    { 0x2248, 0x2248, 0x301 },
    { 0x224C, 0x224C, 0x302 },
    { 0x2252, 0x2252, 0x303 },
    { 0x2260, 0x2261, 0x304 },
    { 0x2264, 0x2267, 0x306 },
    { 0x226E, 0x226F, 0x30A },
    { 0x2295, 0x2295, 0x30C },
    { 0x2299, 0x2299, 0x30D },
    { 0x22A5, 0x22A5, 0x30E },
    { 0x22BF, 0x22BF, 0x30F },
};

static const uint16_t misans_latin_10_mediumKernLeftCodepoints[] = {
    0x0022, 0x0026, 0x0027, 0x0028, 0x002C, 0x002D, 0x002E, 0x002F, 0x0030, 0x0032, 0x0033, 0x0034,
    0x0035, 0x0036, 0x0037, 0x0038, 0x0039, 0x003F, 0x0040, 0x0041, 0x0042, 0x0043, 0x0044, 0x0045,
    0x0046, 0x0047, 0x0048, 0x0049, 0x004A, 0x004B, 0x004C, 0x004D, 0x004E, 0x004F, 0x0050, 0x0051,
    0x0052, 0x0053, 0x0054, 0x0055, 0x0056, 0x0057, 0x0058, 0x0059, 0x005A, 0x005B, 0x005F, 0x0061,
    0x0062, 0x0063, 0x0064, 0x0065, 0x0066, 0x0067, 0x0068, 0x0069, 0x006A, 0x006B, 0x006C, 0x006D,
    0x006E, 0x006F, 0x0070, 0x0071, 0x0072, 0x0073, 0x0074, 0x0075, 0x0076, 0x0077, 0x0078, 0x0079,
    0x007A, 0x007B, 0x00AB, 0x00B2, 0x00B3, 0x00BF, 0x00C0, 0x00C1, 0x00C2, 0x00C3, 0x00C4, 0x00C5,
    0x00C6, 0x00C7, 0x00C8, 0x00C9, 0x00CA, 0x00CB, 0x00CC, 0x00CD, 0x00CE, 0x00CF, 0x00D0, 0x00D1,
    0x00D2, 0x00D3, 0x00D4, 0x00D5, 0x00D6, 0x00D8, 0x00D9, 0x00DA, 0x00DB, 0x00DC, 0x00DD, 0x00DE,
    0x00DF, 0x00E0, 0x00E1, 0x00E2, 0x00E3, 0x00E4, 0x00E5, 0x00E6, 0x00E7, 0x00E8, 0x00E9, 0x00EA,
    0x00EB, 0x00EC, 0x00ED, 0x00EE, 0x00EF, 0x00F0, 0x00F1, 0x00F2, 0x00F3, 0x00F4, 0x00F5, 0x00F6,
    0x00F8, 0x00F9, 0x00FA, 0x00FB, 0x00FC, 0x00FD, 0x00FE, 0x00FF, 0x0100, 0x0101, 0x0102, 0x0103,
    0x0104, 0x0105, 0x0106, 0x0107, 0x0108, 0x0109, 0x010A, 0x010B, 0x010C, 0x010D, 0x010E, 0x010F,
    0x0110, 0x0111, 0x0112, 0x0113, 0x0114, 0x0115, 0x0116, 0x0117, 0x0118, 0x0119, 0x011A, 0x011B,
    0x011C, 0x011D, 0x011E, 0x011F, 0x0120, 0x0121, 0x0122, 0x0123, 0x0124, 0x0125, 0x0126, 0x0127,
    0x0128, 0x0129, 0x012A, 0x012B, 0x012C, 0x012D, 0x012E, 0x0130, 0x0131, 0x0132, 0x0134, 0x0135,
    0x0136, 0x0137, 0x0138, 0x0139, 0x013B, 0x013C, 0x013D, 0x013E, 0x013F, 0x0141, 0x0142, 0x0143,
    0x0144, 0x0145, 0x0146, 0x0147, 0x0148, 0x0149, 0x014A, 0x014B, 0x014C, 0x014D, 0x014E, 0x014F,
    0x0150, 0x0151, 0x0152, 0x0153, 0x0154, 0x0155, 0x0156, 0x0157, 0x0158, 0x0159, 0x015A, 0x015B,
    0x015C, 0x015D, 0x015E, 0x015F, 0x0160, 0x0161, 0x0162, 0x0163, 0x0164, 0x0165, 0x0166, 0x0167,
    0x0168, 0x0169, 0x016A, 0x016B, 0x016C, 0x016D, 0x016E, 0x016F, 0x0170, 0x0171, 0x0172, 0x0173,
    0x0174, 0x0175, 0x0176, 0x0177, 0x0178, 0x0179, 0x017A, 0x017B, 0x017C, 0x017D, 0x017E, 0x017F,
    0x01A0, 0x01A1, 0x01AF, 0x01B0, 0x01CD, 0x01CE, 0x01CF, 0x01D0, 0x01D1, 0x01D2, 0x01D3, 0x01D4,
    0x01D5, 0x01D6, 0x01D7, 0x01D8, 0x01D9, 0x01DA, 0x01DB, 0x01DC, 0x01E4, 0x01E5, 0x01E6, 0x01E7,
    0x01E8, 0x01E9, 0x01EE, 0x01EF, 0x01F0, 0x01F9, 0x01FA, 0x01FB, 0x01FC, 0x01FD, 0x01FE, 0x01FF,
    0x0218, 0x0219, 0x021A, 0x021B, 0x021E, 0x021F, 0x0400, 0x0401, 0x0402, 0x0403, 0x0404, 0x0405,
    0x0406, 0x0407, 0x0408, 0x0409, 0x040A, 0x040B, 0x040C, 0x040D, 0x040E, 0x040F, 0x0410, 0x0411,
    0x0412, 0x0413, 0x0414, 0x0415, 0x0416, 0x0417, 0x0418, 0x0419, 0x041A, 0x041B, 0x041C, 0x041D,
    0x041E, 0x041F, 0x0420, 0x0421, 0x0422, 0x0423, 0x0424, 0x0425, 0x0426, 0x0427, 0x0428, 0x0429,
    0x042A, 0x042B, 0x042C, 0x042D, 0x042E, 0x042F, 0x0430, 0x0431, 0x0432, 0x0433, 0x0434, 0x0435,
    0x0436, 0x0437, 0x0438, 0x0439, 0x043A, 0x043B, 0x043C, 0x043D, 0x043E, 0x043F, 0x0440, 0x0441,
    0x0442, 0x0443, 0x0444, 0x0445, 0x0446, 0x0447, 0x0448, 0x0449, 0x044A, 0x044B, 0x044C, 0x044D,
    0x044E, 0x044F, 0x0450, 0x0451, 0x0452, 0x0453, 0x0454, 0x0455, 0x0456, 0x0457, 0x0458, 0x0459,
    0x045A, 0x045B, 0x045C, 0x045D, 0x045E, 0x045F, 0x0462, 0x0463, 0x046A, 0x046B, 0x0472, 0x0473,
    0x0474, 0x0475, 0x0490, 0x0491, 0x0492, 0x0493, 0x0497, 0x049A, 0x049B, 0x049C, 0x049D, 0x04A2,
    0x04A3, 0x04AE, 0x04AF, 0x04B0, 0x04B2, 0x04B3, 0x04B6, 0x04B7, 0x04B8, 0x04B9, 0x04BA, 0x04BB,
    0x04CA, 0x04D8, 0x04D9, 0x04E2, 0x04E3, 0x04E8, 0x04E9, 0x04EE, 0x04EF, 0x1EA0, 0x1EA1, 0x1EA2,
    0x1EA3, 0x1EA4, 0x1EA5, 0x1EA6, 0x1EA7, 0x1EA8, 0x1EA9, 0x1EAA, 0x1EAB, 0x1EAC, 0x1EAD, 0x1EAE,
    0x1EAF, 0x1EB0, 0x1EB1, 0x1EB2, 0x1EB3, 0x1EB4, 0x1EB5, 0x1EB6, 0x1EB7, 0x1EB8, 0x1EB9, 0x1EBA,
    0x1EBB, 0x1EBC, 0x1EBD, 0x1EBE, 0x1EBF, 0x1EC0, 0x1EC1, 0x1EC2, 0x1EC3, 0x1EC4, 0x1EC5, 0x1EC6,
    0x1EC7, 0x1EC8, 0x1EC9, 0x1ECA, 0x1ECB, 0x1ECC, 0x1ECD, 0x1ECE, 0x1ECF, 0x1ED0, 0x1ED1, 0x1ED2,
    0x1ED3, 0x1ED4, 0x1ED5, 0x1ED6, 0x1ED7, 0x1ED8, 0x1ED9, 0x1EDA, 0x1EDB, 0x1EDC, 0x1EDD, 0x1EDE,
    0x1EDF, 0x1EE0, 0x1EE1, 0x1EE2, 0x1EE3, 0x1EE4, 0x1EE5, 0x1EE6, 0x1EE7, 0x1EE8, 0x1EE9, 0x1EEA,
    0x1EEB, 0x1EEC, 0x1EED, 0x1EEE, 0x1EEF, 0x1EF0, 0x1EF1, 0x1EF2, 0x1EF3, 0x1EF4, 0x1EF5, 0x1EF6,
    0x1EF7, 0x1EF8, 0x1EF9, 0x2013, 0x2014, 0x2018, 0x2019, 0x201C, 0x201D, 0x2044, 0x2070, 0x2074,
    0x2075, 0x2076, 0x2077, 0x2078, 0x2079, 0x2080, 0x20A8,
};

static const uint8_t misans_latin_10_mediumKernLeftClassIds[] = {
      1,   2,   1,   3,   4,   5,   4,   6,   7,   8,   9,  10,  11,  12,  13,  14,
     15,  16,  17,  18,  19,  20,  21,  22,  23,  24,  25,  25,  26,  27,  28,  25,
     25,  21,  29,  30,  31,  32,  33,  34,  35,  36,  37,  38,  39,  40,  41,  42,
     43,  44,  45,  43,  46,  47,  42,  48,  48,  49,  50,  42,  42,  43,  43,  47,
     51,  52,  53,  54,  55,  56,  57,  55,  58,  40,  59,  60,  61,  62,  18,  18,
     18,  18,  18,  18,  22,  20,  22,  22,  22,  22,  25,  25,  25,  25,  21,  25,
     21,  21,  21,  21,  21,  21,  34,  34,  34,  34,  38,  63,  64,  42,  42,  65,
     65,  65,  65,  43,  44,  43,  66,  66,  66,  48,  67,  67,  67,  68,  69,  43,
     70,  70,  70,  70,  71,  54,  54,  54,  54,  72,  43,  72,  18,  65,  18,  65,
     18,  73,  20,  74,  20,  74,  20,  44,  20,  74,  21,  75,  21,  76,  22,  66,
     22,  66,  22,  66,  22,  43,  22,  66,  24,  77,  24,  77,  24,  47,  24,  47,
     25,  42,  78,  42,  25,  67,  25,  67,  25,  67,  25,  25,  79,  26,  26,  80,
     27,  49,  49,  28,  28,  50,  28,  75,  28,  28,  81,  25,  69,  25,  42,  25,
     69,  42,  25,  47,  21,  70,  21,  70,  21,  70,  22,  82,  31,  83,  31,  51,
     31,  83,  32,  84,  32,  84,  32,  52,  32,  84,  33,  53,  33,  85,  86,  53,
     34,  54,  34,  54,  34,  54,  34,  54,  34,  54,  34,  87,  36,  56,  38,  72,
     38,  39,  88,  39,  88,  39,  88,  89,  90,  91,  92,  93,  18,  65,  25,  67,
     21,  70,  34,  54,  34,  54,  34,  54,  34,  54,  34,  54,  94,  77,  24,  77,
     27,  49,  95,  96,  80,  69,  18,  65,  22,  43,  21,  71,  32,  52,  33,  53,
     25,  42,  22,  22,  97,  98,  20,  32,  25,  25,  26,  99,  99,  42,  27,  25,
    100,  25,  18, 101,  19,  98, 102,  22,  27,  19,  25,  25,  27,  25,  25,  25,
     21,  25,  29,  20,  33, 100, 103,  37, 102,  25,  25, 102,  99,  25,  99,  21,
     21,  25,  42, 104, 105, 106, 107,  43, 108, 109,  54,  54, 110,  54,  54,  54,
     43,  54,  43,  44, 111,  55,  43,  57, 107,  54,  54, 107, 112,  54, 112,  43,
     43,  54,  43,  66,  42, 106,  44,  52,  48,  67,  48, 112, 112,  42, 110,  54,
     55,  54,  99, 112, 113, 114,  21,  43, 115, 116,  98, 106,  23, 106, 117,  27,
    117,  27, 118, 102, 107,  38,  55, 119,  27,  57, 102, 107,  25,  54, 120,  42,
    107,  21,  43,  25,  54,  21,  43, 100,  55,  18,  42,  18,  42,  18, 121,  18,
    121,  18, 121,  18,  65,  18,  65,  18,  65,  18,  65,  18,  65,  18,  65,  18,
     65,  22,  43,  22,  66,  22,  66,  22, 122,  22, 122,  22, 122,  22,  66,  22,
     66,  25,  67,  25,  48,  21,  43,  21,  70,  21, 123,  21, 123,  21, 123,  21,
     70,  21,  70,  90,  91,  90,  91,  90,  91,  90,  91,  90,  91,  34,  54,  34,
     54,  92,  93,  92,  93,  92,  93,  92,  93,  92,  93,  38,  72,  38,  55,  38,
     72,  38,  72,   5,   5, 124, 125, 124, 125, 126, 127, 128, 129, 130, 131, 132,
    133, 127,  52,
};

static const uint16_t misans_latin_10_mediumKernRightCodepoints[] = {
    0x0022, 0x0026, 0x0027, 0x0029, 0x002C, 0x002D, 0x002E, 0x002F, 0x0030, 0x0031, 0x0032, 0x0033,
    0x0034, 0x0035, 0x0036, 0x0037, 0x0038, 0x0039, 0x003F, 0x0040, 0x0041, 0x0042, 0x0043, 0x0044,
    0x0045, 0x0046, 0x0047, 0x0048, 0x0049, 0x004A, 0x004B, 0x004C, 0x004D, 0x004E, 0x004F, 0x0050,
    0x0051, 0x0052, 0x0053, 0x0054, 0x0055, 0x0056, 0x0057, 0x0058, 0x0059, 0x005A, 0x005C, 0x005D,
    0x005F, 0x0061, 0x0062, 0x0063, 0x0064, 0x0065, 0x0066, 0x0067, 0x0068, 0x0069, 0x006A, 0x006B,
    0x006C, 0x006D, 0x006E, 0x006F, 0x0070, 0x0071, 0x0072, 0x0073, 0x0074, 0x0075, 0x0076, 0x0077,
    0x0078, 0x0079, 0x007A, 0x007D, 0x00B2, 0x00B3, 0x00B9, 0x00BB, 0x00C0, 0x00C1, 0x00C2, 0x00C3,
    0x00C4, 0x00C5, 0x00C6, 0x00C7, 0x00C8, 0x00C9, 0x00CA, 0x00CB, 0x00CC, 0x00CD, 0x00CE, 0x00CF,
    0x00D0, 0x00D1, 0x00D2, 0x00D3, 0x00D4, 0x00D5, 0x00D6, 0x00D8, 0x00D9, 0x00DA, 0x00DB, 0x00DC,
    0x00DD, 0x00DE, 0x00DF, 0x00E0, 0x00E1, 0x00E2, 0x00E3, 0x00E4, 0x00E5, 0x00E6, 0x00E7, 0x00E8,
    0x00E9, 0x00EA, 0x00EB, 0x00EC, 0x00ED, 0x00EE, 0x00EF, 0x00F0, 0x00F1, 0x00F2, 0x00F3, 0x00F4,
    0x00F5, 0x00F6, 0x00F8, 0x00F9, 0x00FA, 0x00FB, 0x00FC, 0x00FD, 0x00FE, 0x00FF, 0x0100, 0x0101,
    0x0102, 0x0103, 0x0104, 0x0105, 0x0106, 0x0107, 0x0108, 0x0109, 0x010A, 0x010B, 0x010C, 0x010D,
    0x010E, 0x010F, 0x0111, 0x0112, 0x0113, 0x0114, 0x0115, 0x0116, 0x0117, 0x0118, 0x0119, 0x011A,
    0x011B, 0x011C, 0x011D, 0x011E, 0x011F, 0x0120, 0x0121, 0x0122, 0x0123, 0x0124, 0x0125, 0x0126,
    0x0127, 0x0128, 0x0129, 0x012A, 0x012B, 0x012C, 0x012D, 0x012E, 0x0130, 0x0131, 0x0132, 0x0133,
    0x0134, 0x0135, 0x0136, 0x0137, 0x0138, 0x0139, 0x013B, 0x013C, 0x013D, 0x013E, 0x013F, 0x0140,
    0x0141, 0x0142, 0x0143, 0x0144, 0x0145, 0x0146, 0x0147, 0x0148, 0x0149, 0x014A, 0x014B, 0x014C,
    0x014D, 0x014E, 0x014F, 0x0150, 0x0151, 0x0152, 0x0153, 0x0154, 0x0155, 0x0156, 0x0157, 0x0158,
    0x0159, 0x015A, 0x015B, 0x015C, 0x015D, 0x015E, 0x015F, 0x0160, 0x0161, 0x0162, 0x0163, 0x0164,
    0x0165, 0x0166, 0x0167, 0x0168, 0x0169, 0x016A, 0x016B, 0x016C, 0x016D, 0x016E, 0x016F, 0x0170,
    0x0171, 0x0172, 0x0173, 0x0174, 0x0175, 0x0176, 0x0177, 0x0178, 0x0179, 0x017A, 0x017B, 0x017C,
    0x017D, 0x017E, 0x017F, 0x01A0, 0x01A1, 0x01AF, 0x01B0, 0x01CD, 0x01CE, 0x01CF, 0x01D0, 0x01D1,
    0x01D2, 0x01D3, 0x01D4, 0x01D5, 0x01D6, 0x01D7, 0x01D8, 0x01D9, 0x01DA, 0x01DB, 0x01DC, 0x01E4,
    0x01E5, 0x01E6, 0x01E7, 0x01E8, 0x01E9, 0x01EE, 0x01EF, 0x01F0, 0x01F9, 0x01FA, 0x01FB, 0x01FC,
    0x01FD, 0x01FE, 0x01FF, 0x0218, 0x0219, 0x021A, 0x021B, 0x021E, 0x021F, 0x0400, 0x0401, 0x0402,
    0x0403, 0x0404, 0x0405, 0x0406, 0x0407, 0x0408, 0x0409, 0x040A, 0x040B, 0x040C, 0x040D, 0x040E,
    0x040F, 0x0410, 0x0412, 0x0413, 0x0414, 0x0415, 0x0416, 0x0417, 0x0418, 0x0419, 0x041A, 0x041B,
    0x041C, 0x041D, 0x041E, 0x041F, 0x0420, 0x0421, 0x0422, 0x0423, 0x0424, 0x0425, 0x0426, 0x0427,
    0x0428, 0x0429, 0x042A, 0x042B, 0x042C, 0x042D, 0x042E, 0x042F, 0x0430, 0x0431, 0x0432, 0x0433,
    0x0434, 0x0435, 0x0436, 0x0437, 0x0438, 0x0439, 0x043A, 0x043B, 0x043C, 0x043D, 0x043E, 0x043F,
    0x0440, 0x0441, 0x0442, 0x0443, 0x0444, 0x0445, 0x0446, 0x0447, 0x0448, 0x0449, 0x044A, 0x044B,
    0x044C, 0x044D, 0x044E, 0x044F, 0x0450, 0x0451, 0x0452, 0x0453, 0x0454, 0x0455, 0x0456, 0x0457,
    0x0458, 0x0459, 0x045A, 0x045B, 0x045C, 0x045D, 0x045E, 0x045F, 0x0462, 0x0463, 0x046A, 0x046B,
    0x0472, 0x0473, 0x0474, 0x0475, 0x0490, 0x0491, 0x0492, 0x0493, 0x0497, 0x049A, 0x049B, 0x049C,
    0x049D, 0x04A3, 0x04AE, 0x04AF, 0x04B0, 0x04B1, 0x04B2, 0x04B3, 0x04B6, 0x04B7, 0x04B8, 0x04B9,
    0x04BA, 0x04BB, 0x04CA, 0x04D9, 0x04E2, 0x04E3, 0x04E8, 0x04E9, 0x04EE, 0x04EF, 0x1EA0, 0x1EA1,
    0x1EA2, 0x1EA3, 0x1EA4, 0x1EA5, 0x1EA6, 0x1EA7, 0x1EA8, 0x1EA9, 0x1EAA, 0x1EAB, 0x1EAC, 0x1EAD,
    0x1EAE, 0x1EAF, 0x1EB0, 0x1EB1, 0x1EB2, 0x1EB3, 0x1EB4, 0x1EB5, 0x1EB6, 0x1EB7, 0x1EB8, 0x1EB9,
    0x1EBA, 0x1EBB, 0x1EBC, 0x1EBD, 0x1EBE, 0x1EBF, 0x1EC0, 0x1EC1, 0x1EC2, 0x1EC3, 0x1EC4, 0x1EC5,
    0x1EC6, 0x1EC7, 0x1EC8, 0x1EC9, 0x1ECA, 0x1ECB, 0x1ECC, 0x1ECD, 0x1ECE, 0x1ECF, 0x1ED0, 0x1ED1,
    0x1ED2, 0x1ED3, 0x1ED4, 0x1ED5, 0x1ED6, 0x1ED7, 0x1ED8, 0x1ED9, 0x1EDA, 0x1EDB, 0x1EDC, 0x1EDD,
    0x1EDE, 0x1EDF, 0x1EE0, 0x1EE1, 0x1EE2, 0x1EE3, 0x1EE4, 0x1EE5, 0x1EE6, 0x1EE7, 0x1EE8, 0x1EE9,
    0x1EEA, 0x1EEB, 0x1EEC, 0x1EED, 0x1EEE, 0x1EEF, 0x1EF0, 0x1EF1, 0x1EF2, 0x1EF3, 0x1EF4, 0x1EF5,
    0x1EF6, 0x1EF7, 0x1EF8, 0x1EF9, 0x2013, 0x2014, 0x2018, 0x2019, 0x201A, 0x201C, 0x201D, 0x201E,
    0x2044, 0x2070, 0x2074, 0x2075, 0x2076, 0x2077, 0x2078, 0x2079, 0x207A, 0x207B, 0x2080, 0x208E,
};

static const uint8_t misans_latin_10_mediumKernRightClassIds[] = {
      1,   2,   1,   3,   4,   5,   4,   6,   7,   8,   9,  10,  11,  12,  13,  14,
     15,  16,  17,  18,  19,  20,  21,  20,  20,  20,  21,  20,  20,  22,  20,  20,
     20,  20,  21,  20,  21,  20,  23,  24,  25,  26,  27,  28,  29,  30,  31,  32,
     33,  34,  35,  36,  36,  36,  37,  38,  35,  39,  40,  35,  41,  42,  42,  36,
     42,  36,  42,  43,  44,  45,  46,  47,  48,  46,  49,  50,  51,  52,  53,  54,
     19,  19,  19,  19,  19,  19,  55,  21,  20,  20,  20,  20,  20,  20,  20,  20,
     20,  20,  21,  21,  21,  21,  21,  21,  25,  25,  25,  25,  29,  20,  35,  56,
     34,  56,  56,  56,  56,  34,  36,  57,  57,  57,  57,  58,  39,  58,  58,  59,
     60,  61,  61,  61,  61,  61,  62,  45,  45,  45,  45,  63,  35,  63,  19,  56,
     19,  56,  19,  34,  21,  64,  21,  64,  21,  36,  21,  64,  20,  36,  36,  20,
     57,  20,  57,  20,  57,  20,  36,  20,  57,  21,  65,  21,  65,  21,  38,  21,
     38,  20,  66,  67,  68,  20,  58,  20,  58,  20,  58,  20,  20,  69,  20,  39,
     22,  70,  20,  35,  42,  20,  20,  41,  20,  41,  20,  41,  20,  71,  20,  42,
     20,  42,  20,  60,  72,  20,  42,  21,  61,  21,  61,  21,  36,  21,  36,  20,
     73,  20,  74,  20,  73,  23,  75,  23,  75,  23,  43,  23,  75,  24,  44,  24,
     44,  76,  44,  25,  45,  25,  45,  25,  45,  25,  45,  25,  45,  25,  45,  27,
     47,  29,  63,  29,  30,  49,  30,  77,  30,  77,  35,  21,  36,  25,  45,  19,
     56,  20,  58,  21,  61,  25,  45,  25,  45,  25,  45,  25,  45,  25,  45,  21,
     38,  21,  65,  20,  78,  79,  33,  70,  60,  19,  56,  55,  34,  21,  62,  23,
     43,  24,  44,  20,  78,  20,  20,  24,  20,  21,  23,  20,  20,  22,  80,  20,
     24,  20,  20,  81,  20,  19,  20,  20,  82,  20,  83,  84,  20,  20,  20,  80,
     20,  20,  21,  20,  20,  21,  24,  81,  85,  28,  20,  86,  20,  20,  87,  20,
     20,  88,  20,  89,  34,  90,  42,  42,  91,  36,  92,  93,  42,  42,  42,  94,
     42,  42,  36,  42,  42,  36,  95,  46,  36,  48,  42,  96,  42,  42,  97,  42,
     42,  98,  42,  99,  57,  57, 100,  42,  36,  43,  39,  58,  39,  94,  42, 100,
     42,  42,  46,  42, 101, 102, 103, 104,  21,  36,  26,  46,  20,  42, 105, 106,
     92,  20,  42,  20,  42,  42,  29,  46, 107, 108,  28,  48,  86,  96,  86,  96,
     20,  35,  42, 109,  20,  42,  21,  36,  81,  46,  19,  34,  19,  34,  19,  56,
     19,  56,  19,  56,  19,  56,  19,  56,  19,  56,  19,  56,  19,  56,  19,  56,
     19,  56,  20,  36,  20,  57,  20,  57,  20,  57,  20,  57,  20,  57,  20,  57,
     20,  57,  20,  58,  20,  39,  21,  36,  21,  61,  21,  61,  21,  61,  21,  61,
     21,  61,  21,  61,  21,  36,  21,  36,  21,  36,  21,  36,  21,  36,  25,  45,
     25,  45,  25,  45,  25,  45,  25,  45,  25,  45,  25,  45,  29,  63,  29,  46,
     29,  63,  29,  63,   5,   5, 110, 111, 112, 110, 111, 112, 113, 114, 115, 116,
    117, 118, 119, 120, 121, 122, 114,   3,
};

static const uint16_t misans_latin_10_mediumKernRowOffsets[] = {
        0,    14,    37,    38,    62,    77,    80,    90,    97,   104,   113,   119,   134,   158,   168,   183,
      197,   200,   238,   258,   285,   314,   321,   364,   381,   383,   389,   438,   468,   504,   513,   528,
      537,   601,   607,   663,   698,   746,   811,   829,   831,   833,   854,   893,   923,   924,   951,   958,
      960,   988,   999,  1029,  1043,  1054,  1069,  1106,  1125,  1151,  1175,  1181,  1182,  1184,  1193,  1204,
     1207,  1215,  1231,  1271,  1276,  1281,  1297,  1304,  1316,  1330,  1342,  1381,  1382,  1388,  1389,  1393,
     1401,  1402,  1429,  1442,  1448,  1460,  1482,  1488,  1499,  1506,  1511,  1518,  1532,  1550,  1551,  1555,
     1557,  1566,  1598,  1612,  1645,  1653,  1668,  1686,  1705,  1713,  1730,  1744,  1756,  1766,  1775,  1795,
     1813,  1816,  1817,  1843,  1846,  1857,  1858,  1887,  1890,  1895,  1906,  1918,  1931,  1949,  1956,  1960,
     1963,  1965,  1968,  1973,  1975,  1979,
};

static const uint8_t misans_latin_10_mediumKernSparseCols[] = {
     10,  12,  13,  18,  20,  21,  23,  33,  35,  42,  43,  54,  57,  65,   7,   9,
     10,  12,  13,  15,  20,  21,  22,  23,  24,  25,  26,  27,  28,  33,  35,  36,
     40,  43,  45,  46,  47,  39,   6,   7,   9,  10,  11,  12,  13,  14,  15,  20,
     23,  24,  25,  26,  27,  28,  35,  36,  39,  40,  43,  44,  45,  46,   8,   9,
     13,  18,  21,  23,  25,  26,  27,  28,  29,  33,  36,  47,  48,  10,  12,  57,
      3,   8,   9,  13,  18,  21,  23,  25,  26,  28,   4,   6,   9,  10,  12,  25,
     28,   3,   8,  15,  16,  27,  28,  57,   0,   7,   9,  13,  15,  16,  23,  25,
     28,   3,   7,  13,  16,  25,  27,   0,   3,   7,  13,  15,  16,  23,  25,  27,
     28,  45,  47,  48, 109, 110,   0,   1,   3,   4,   5,   6,  10,  12,  13,  14,
     16,  18,  21,  33,  35,  36,  37,  41,  42,  44,  47,  48,  54,  61,   3,  13,
     15,  16,  23,  25,  28,  47, 109, 110,   1,   3,   5,  10,  12,  14,  18,  21,
     25,  27,  28,  33,  35,  36,  43,   9,  10,  11,  12,  13,  14,  18,  20,  21,
     27,  28,  33,  35,  42,  18,  27,  54,   0,   1,   4,   6,   7,  15,  16,  20,
     23,  24,  25,  26,  28,  35,  36,  37,  40,  43,  44,  45,  46,  56,  60,  62,
     63,  75,  80,  81,  84,  85,  86,  89,  94,  95,  96, 106, 109, 110,   0,   3,
     16,  18,  21,  23,  25,  26,  27,  28,  29,  47,  48,  76,  80,  81,  82,  90,
     93, 110,   4,  18,  20,  23,  27,  28,  29,  33,  35,  37,  45,  46,  47,  54,
     55,  56,  57,  60,  61,  62,  80,  82,  84,  88,  94,  96, 106,   0,   3,  16,
     18,  21,  23,  25,  26,  27,  28,  29,  48,  54,  57,  75,  76,  78,  79,  80,
     81,  82,  83,  86,  90,  91,  93, 102, 106, 110,   1,  45,  46,  57,  62,  96,
    110,   0,   1,   3,  10,  12,  18,  21,  22,  27,  33,  35,  37,  41,  42,  44,
     45,  46,  47,  48,  53,  54,  55,  56,  57,  60,  61,  62,  63,  64,  74,  76,
     81,  89,  90,  91,  92,  93,  94,  95,  96,  97,  98, 110,   3,  16,  18,  23,
     25,  26,  27,  28,  29,  42,  45,  46,  47,  54,  62,  74,  75,  57, 110,   3,
     21,  27,  54,  57,  81,   1,   3,   4,   6,   7,  10,  15,  16,  20,  21,  22,
     24,  33,  35,  36,  37,  40,  41,  42,  43,  44,  45,  46,  55,  56,  57,  58,
     60,  61,  62,  63,  64,  74,  83,  84,  85,  87,  89,  90,  91,  92,  94,  95,
     96,  97, 101, 105, 108, 110,   0,   3,   4,   7,  13,  15,  16,  20,  23,  24,
     25,  26,  28,  33,  35,  36,  37,  43,  44,  45,  46,  55,  56,  60,  62,  63,
     64,  75, 109, 110,   1,   3,   8,  10,  18,  21,  23,  25,  26,  27,  28,  29,
     33,  35,  36,  37,  42,  43,  45,  46,  54,  55,  56,  57,  60,  61,  62,  63,
     64,  74,  79,  80,  81,  82,  96,  98,  18,  21,  23,  25,  26,  27,  28,  29,
    110,   1,  21,  23,  25,  26,  28,  33,  35,  37,  44,  55,  56,  57,  60,  63,
     23,  25,  27,  28,  46,  47,  54,  57, 106,   0,   1,   3,   4,   6,  10,  12,
     14,  18,  20,  21,  22,  25,  27,  33,  34,  35,  36,  37,  41,  42,  43,  44,
     45,  46,  47,  48,  53,  54,  55,  56,  57,  58,  59,  60,  61,  62,  63,  64,
     68,  69,  71,  72,  73,  74,  76,  79,  81,  84,  86,  88,  89,  90,  91,  92,
     93,  94,  95,  96,  97,  98,  99, 108, 110,   3,  18,  21,  27,  29,  57,   1,
      3,   4,   6,   8,  10,  11,  12,  14,  18,  20,  21,  22,  33,  34,  35,  36,
     37,  41,  42,  43,  44,  45,  46,  47,  48,  53,  54,  55,  56,  57,  58,  59,
     60,  61,  62,  63,  64,  68,  69,  71,  72,  74,  76,  79,  81,  84,  88,  91,
     92,  93,  95,  98, 101, 104, 105,   1,   3,   4,   6,  10,  18,  20,  21,  33,
     35,  36,  37,  41,  42,  44,  45,  46,  47,  48,  54,  55,  56,  57,  58,  59,
     60,  61,  63,  64,  68,  69,  71,  72,  74,  76,   1,   3,   4,   7,   9,  10,
     11,  12,  15,  16,  17,  20,  21,  22,  23,  24,  33,  35,  36,  37,  40,  41,
     42,  43,  44,  45,  46,  55,  56,  57,  58,  59,  60,  62,  63,  64,  69,  71,
     74,  84,  89,  90,  94,  95,  96,  97, 101, 109,   1,   3,   4,   6,   7,   8,
      9,  10,  12,  14,  15,  17,  18,  20,  21,  22,  33,  34,  35,  36,  37,  41,
     42,  43,  44,  45,  46,  47,  48,  53,  54,  55,  56,  57,  58,  59,  60,  61,
     62,  63,  64,  68,  69,  71,  72,  73,  74,  76,  79,  81,  83,  84,  87,  88,
     89,  90,  91,  92,  93,  94,  95,  96,  97,  98, 103,   1,   4,  10,  20,  24,
     35,  43,  44,  45,  46,  56,  57,  60,  63,  69,  71,  84,  94,  39,  57,  35,
     39,   0,   7,  13,  15,  16,  22,  23,  25,  26,  27,  28,  75,  80,  82,  85,
     91,  95,  96, 106, 109, 110,   0,   3,  13,  15,  16,  18,  21,  22,  23,  25,
     26,  27,  28,  29,  32,  45,  46,  47,  48,  62,  75,  76,  79,  80,  81,  82,
     85,  86,  90,  91,  92,  93,  96,  97, 100, 101, 106, 109, 110,   0,  16,  18,
     22,  23,  25,  26,  27,  28,  33,  35,  38,  40,  45,  47,  55,  56,  60,  62,
     63,  75,  80,  82,  86,  90,  91,  94,  97,  98, 106,  57,   0,   1,   3,   4,
     10,  13,  15,  18,  21,  22,  25,  26,  31,  33,  35,  37,  42,  43,  54,  55,
     56,  57,  60,  63,  64, 109, 110,  23,  25,  26,  28,  39,  75,  80,  39,  57,
      0,   1,   3,   4,  10,  12,  14,  15,  16,  20,  23,  24,  25,  26,  28,  33,
     35,  37,  40,  42,  43,  44,  55,  56,  60,  63,  74,  75,   1,   3,   4,  16,
     23,  28,  33,  40,  55,  57,  94,   1,   3,   8,   9,  10,  12,  15,  18,  21,
     23,  25,  26,  27,  28,  29,  33,  35,  37,  42,  44,  45,  46,  54,  55,  56,
     58,  60,  62,  63,  64,   0,   7,  13,  16,  23,  25,  26,  27,  28,  45,  47,
     80,  82, 106,  10,  15,  22,  23,  25,  26,  28,  35,  36,  57,  60,  13,  16,
     23,  25,  26,  27,  28,  39,  69,  75,  80,  86, 100, 106, 109,   1,   3,  10,
     12,  18,  21,  23,  25,  26,  27,  28,  29,  33,  35,  37,  42,  45,  54,  55,
     56,  58,  60,  62,  63,  64,  74,  75,  79,  80,  81,  82,  88,  90,  92,  93,
     96, 106,   1,   3,  18,  21,  23,  25,  26,  27,  28,  29,  33,  35,  42,  46,
     54,  55,  60,  74,  80,   1,   4,  10,  12,  13,  14,  23,  25,  26,  28,  33,
     35,  40,  42,  44,  55,  56,  60,  63,  74,  80,  81,  84,  85,  95, 106,   1,
      4,  10,  12,  13,  15,  20,  23,  25,  26,  28,  33,  35,  37,  42,  44,  55,
     56,  60,  63,  64,  74,  75,  80,  23,  25,  26,  28,  80, 106, 114, 112, 117,
     23,  25,  28,  35,  39,  43,  44,  45,  46,   3,  18,  21,  23,  25,  26,  27,
     28,  29,  54, 111,  23,  25,  28,  22,  23,  25,  26,  27,  28,  45,  75,  18,
     21,  22,  23,  25,  26,  27,  28,  29,  45,  47,  48,  75,  80,  82, 106,   0,
      9,  19,  20,  22,  23,  24,  25,  26,  27,  28,  29,  30,  31,  34,  38,  39,
     40,  49,  54,  57,  65,  66,  67,  69,  70,  71,  75,  77,  78,  80,  82,  83,
     85,  86,  99, 100, 106, 109, 110,  23,  25,  26,  27,  28,  23,  25,  26,  27,
     28,  18,  21,  22,  23,  25,  26,  27,  28,  29,  45,  46,  47,  48,  75,  80,
    106,  18,  23,  25,  26,  27,  28,  75,  18,  23,  25,  27,  28,  29,  33,  35,
     37,  42,  45,  62,   0,  13,  15,  16,  23,  25,  26,  28,  45,  46,  75,  80,
    106, 109,  22,  23,  25,  26,  27,  28,  33,  38,  40,  45,  47,  75,   0,   2,
     16,  19,  20,  22,  23,  24,  25,  26,  27,  28,  29,  30,  31,  34,  36,  40,
     49,  50,  51,  52,  57,  65,  74,  75,  76,  77, 109, 110, 113, 114, 115, 116,
    117, 118, 119, 120, 121,  57,  23,  25,  26,  28,  39,  75,  57,  23,  25,  26,
     28,  23,  25,  26,  27,  28,  29,  57,  69,  57,   3,  13,  16,  18,  21,  23,
     25,  26,  27,  28,  45,  46,  47,  75,  79,  80,  82,  85,  86,  90,  91,  93,
     94,  96, 106, 109, 110,  18,  23,  25,  26,  28,  29,  33,  35,  37,  44,  45,
     46,  57,  23,  25,  26,  27,  28,  47,   0,  19,  23,  25,  26,  27,  28,  29,
     36,  57,  65,  77,  18,  20,  33,  35,  37,  41,  44,  45,  55,  56,  57,  60,
     61,  63,  64,  71,  92,  93,  95,  97,  98, 108,  23,  25,  26,  27,  28,  75,
     20,  23,  25,  26,  28,  33,  35,  37,  42,  44,  60,  33,  35,  36,  40,  43,
     57,  75,  18,  21,  26,  28,  57,  18,  21,  23,  25,  26,  28,  57,  18,  20,
     21,  22,  23,  25,  26,  27,  28,  29,  35,  41,  57,  75,  18,  19,  22,  23,
     25,  26,  28,  33,  35,  36,  37,  42,  43,  45,  46,  47,  48,  57,  75,  23,
     25,  26,  57,  35,  75,   0,  25,  28,  45,  91,  94,  96, 100, 106,  18,  20,
     33,  35,  41,  42,  44,  45,  47,  53,  56,  57,  58,  60,  79,  81,  84,  86,
     88,  90,  91,  92,  93,  94,  95,  96,  97,  98, 101, 105, 107, 108,  18,  23,
     25,  28,  80,  81,  82,  85,  86,  90,  94,  96,  97, 106,  18,  20,  33,  35,
     37,  41,  42,  45,  47,  53,  56,  57,  60,  79,  81,  83,  84,  86,  87,  88,
     89,  90,  91,  92,  93,  94,  95,  96,  97,  98, 101, 105, 108,  27,  28,  80,
     86,  90,  93,  94,  96,  20,  23,  25,  28,  47,  80,  81,  84,  85,  86,  90,
     94,  95,  96, 106,  18,  23,  25,  27,  28,  29,  47,  79,  80,  81,  82,  83,
     86,  87,  90,  91,  93, 106,  18,  23,  27,  28,  45,  47,  79,  80,  81,  82,
     85,  87,  88,  90,  93,  94,  96, 100, 106,  23,  25,  28,  75,  80,  86,  96,
    106,  18,  21,  23,  27,  28,  33,  35,  57,  80,  81,  82,  90,  93,  98, 102,
    105, 106,  20,  23,  25,  28,  75,  80,  81,  84,  85,  90,  94,  95,  96, 106,
     20,  23,  25,  28,  35,  80,  83,  84,  85,  97, 106, 108,  23,  25,  27,  28,
     45,  75,  80,  85,  91, 106,  23,  28,  33,  35,  75,  80,  95,  97, 106,  18,
     21,  23,  27,  28,  33,  35,  45,  57,  79,  80,  81,  82,  86,  90,  93,  96,
     98, 102, 106,  23,  25,  27,  28,  45,  75,  80,  82,  84,  85,  86,  91,  94,
     95,  96,  98, 100, 106,  20,  94,  96,  28,   4,  18,  33,  34,  35,  41,  45,
     47,  56,  57,  60,  79,  81,  84,  88,  90,  91,  92,  93,  94,  95,  96,  97,
     98, 101, 105,  35,  75,  98,  23,  33,  35,  45,  75,  80,  91,  92,  95, 101,
    105,  75,  18,  20,  22,  33,  35,  41,  42,  45,  47,  53,  56,  57,  60,  79,
     81,  84,  87,  88,  89,  90,  91,  92,  93,  94,  95,  96,  97,  98, 105,  23,
     25,  86,  23,  25,  26,  27,  28,  18,  21,  23,  25,  26,  27,  28,  45,  47,
     48,  75,  18,  23,  25,  26,  27,  28,  45,  47,  48,  75,  80, 106,   6,  10,
     12,  14,  15,  18,  20,  21,  33,  35,  41,  54,  57,   6,  10,  12,  14,  15,
     18,  20,  21,  22,  24,  27,  33,  35,  36,  37,  41,  54,  57,   7,  52, 113,
    114, 116, 117, 119,  51, 112, 114, 117,  52, 117, 119, 112, 117,  52, 117, 119,
    112, 113, 114, 116, 118, 117, 119, 112, 114, 116, 117,
};

static const int8_t misans_latin_10_mediumKernSparseValues[] = {
     -30,  -20,    7,  -31,   -7,  -46,    7,   -8,  -13,   -7,    7,  -36,   14,   11,  -20,  -14,
      -8,  -11,  -26,  -17,   -3,  -10,   -8,  -34,  -10,  -33,  -21,   -3,  -36,   -6,   -4,   -1,
      -7,  -11,  -14,  -10,   -2,   13,  -11,  -31,   -9,  -14,   -7,   -6,  -10,   -3,  -33,  -13,
     -36,  -12,  -44,  -29,    3,  -40,   -6,  -11,    5,   -3,  -22,  -12,  -26,  -18,   -7,  -10,
      -9,  -15,  -36,  -27,  -14,   -9,  -28,  -23,  -16,   -9,    8,   -8,   -3,  -24,  -17,    8,
     -11,   -9,   -6,   -6,   -9,   -9,  -11,   -9,   -6,  -17,   -3,   -5,   -8,  -11,   -7,   -4,
      -8,   -6,   -6,   -3,   -9,   -4,   -7,    2,   -4,   -9,   -6,   -7,   -7,  -11,   -9,  -13,
     -14,   -6,   -9,   -6,  -14,   -8,  -10,  -24,   -6,  -20,  -10,   -3,  -21,  -33,  -25,   -7,
     -35,  -13,   -9,   -6,  -31,  -23,    7,  -26,  -46,   -6,  -29,   -9,  -24,  -23,    3,  -10,
       4,  -33,  -37,  -27,  -26,   -9,  -23,  -14,  -19,  -13,  -13,  -12,  -57,  -26,   -3,   -6,
      -8,   -7,   -8,   -6,  -13,   -7,  -12,   -6,  -20,  -36,  -17,  -11,   -9,   -7,  -23,  -28,
      -3,  -15,   -8,  -13,   -9,    3,    1,   -9,  -18,   -6,  -11,    3,   -6,  -21,   -3,  -30,
     -10,   -1,  -11,  -13,   -4,  -14,  -14,  -22,  -31,   -3,  -15,   -9,  -21,  -24,  -26,  -12,
     -28,   -7,  -27,  -21,  -28,   -1,   -4,   -1,   -2,  -10,   -7,  -11,  -11,   -5,   -5,  -11,
      -1,  -20,  -24,    3,  -17,  -30,  -20,   -7,  -14,  -11,  -13,  -26,  -43,  -37,  -10,   -6,
      -8,   -4,   -3,   -8,  -11,   -4,   -7,  -11,   -2,   -2,   -3,   -3,  -10,   -7,  -16,   -1,
      -8,   -4,  -14,   -7,   -6,   -2,   -8,  -11,   -3,   -4,   -7,   -7,   -4,   -6,   -3,  -15,
      -4,   -7,   16,   -7,   -5,   -3,   -6,   -8,  -21,   -6,  -12,  -10,   -8,   -7,  -16,   -8,
     -12,  -16,  -12,  -11,   -5,  -13,  -14,   -9,   -4,  -22,    7,  -10,   -4,   -7,  -13,  -10,
     -15,  -17,   -6,   -3,  -13,   -7,  -10,   -5,  -11,   -6,   -6,   -3,   -1,   14,   -3,    3,
       7,    6,   -9,  -23,   -9,  -10,  -19,  -30,   -2,   -4,  -16,  -11,  -10,   -9,   -6,   -7,
      -3,   -3,   -7,   -3,  -27,  -41,  -16,  -11,   19,  -11,  -10,   -3,  -11,  -10,   -6,   -3,
     -29,  -13,  -46,  -25,  -28,  -40,  -18,  -18,  -20,  -28,  -28,    7,  -12,   -8,   -7,  -10,
     -10,   -4,   -7,  -15,   -2,   -3,   -3,   -5,   -7,  -12,   -3,   -3,  -10,   11,    3,   -6,
     -10,   -5,  -15,   10,   -9,  -13,    6,  -31,  -16,  -11,   -9,  -17,  -12,   -8,   -7,   -6,
      -1,   -5,  -11,   -8,   -8,   -4,   -3,   -3,   -8,  -10,   -6,  -17,   -9,  -11,    8,  -10,
     -11,   -6,   -5,  -11,   -8,   -3,  -10,  -20,  -13,  -13,  -13,    3,    6,    2,  -20,  -19,
     -15,   -6,  -23,  -12,  -14,    3,  -31,    8,  -30,  -25,   -8,  -38,  -31,   -7,  -44,   -9,
     -35,  -27,  -51,   -4,   -5,   -7,   -5,  -14,   -6,  -22,  -17,   -4,   -5,   -5,  -22,   -5,
      -5,  -45,  -40,  -32,  -13,  -33,   -3,  -10,  -22,  -34,   -7,   -9,   -4,  -11,  -11,   -7,
      -9,   -8,    7,   -8,   -3,    7,    3,    9,  -48,   -9,   -8,   16,   -8,   -8,    3,   -8,
      -8,   -3,  -27,   -3,  -27,  -20,    4,   -4,   -7,  -13,  -10,   -8,   -8,  -12,  -14,   -3,
      -6,   -5,  -10,   -6,   -1,   -2,   -6,   -3,   -2,   -2,   -1,   -3,   -2,   10,   -2,   -2,
      -4,   -4,   -3,   -8,   -2,   -2,   -9,   10,   -4,    7,  -22,  -36,  -27,  -11,  -33,  -26,
      -8,  -28,  -10,  -32,   -5,   -6,   -7,  -37,  -22,  -42,  -14,  -40,  -32,  -36,   -8,  -25,
     -28,  -31,  -33,  -29,  -36,  -49,  -21,  -32,   18,  -31,  -19,  -26,  -42,  -17,  -30,  -28,
     -15,   13,   22,  -12,  -23,  -20,  -18,  -28,  -28,  -23,   13,   -7,  -19,  -39,  -30,  -32,
     -41,  -26,  -32,  -22,  -32,  -35,   -5,  -39,   10,  -12,   -7,  -12,   -4,   -1,   10,  -23,
     -44,  -14,   -9,   -7,  -22,   -6,  -18,   -6,  -27,  -11,  -33,   -4,  -27,  -17,  -26,   -6,
     -24,  -16,  -22,   -3,  -15,  -10,  -10,  -14,  -11,  -24,  -49,  -17,  -25,   16,  -23,   -8,
     -19,  -26,   -7,  -24,  -18,  -15,   10,   16,   -7,  -14,   -4,  -32,  -34,  -20,   -7,  -19,
     -16,  -31,  -10,  -20,   -6,  -16,  -22,  -13,  -29,   -9,   -6,  -18,  -19,   -5,  -30,  -22,
     -18,   -4,  -18,  -13,  -16,  -15,   -3,   -6,  -10,   -7,  -42,  -17,  -18,   19,  -20,   -4,
     -13,  -18,  -18,  -14,   -9,   10,   16,   -7,   -7,   -3,  -10,    3,  -28,   -7,   -4,   -7,
      -9,   -8,  -16,   -7,   -8,  -13,   -3,   -4,   -9,   -4,   -6,  -10,   -8,  -10,   -2,   -1,
      -8,   -8,  -11,  -12,  -14,   -6,  -10,    8,  -13,   -1,  -10,   -8,  -10,   -9,    6,   12,
      -8,  -31,  -13,   13,  -21,  -23,  -11,   -7,  -20,  -10,  -27,  -40,  -23,  -17,   -1,   -7,
      -4,  -35,  -30,  -13,   -6,  -14,  -28,  -14,  -36,   -8,  -32,  -17,  -36,  -13,  -35,  -26,
     -31,  -11,  -24,  -15,  -17,  -19,  -21,  -34,  -50,  -21,  -30,   18,  -32,  -17,  -26,  -36,
     -10,  -33,  -24,  -24,   10,   18,  -17,  -14,  -21,  -14,  -34,  -35,  -10,  -27,  -11,  -13,
     -14,  -44,  -24,  -30,  -46,  -18,  -24,  -20,  -30,  -33,  -30,  -13,  -16,  -13,  -10,   -3,
      -5,   -5,   -7,   -4,   -7,   -5,   20,   -5,   -5,   10,   17,  -16,  -11,   13,    4,  -18,
      24,  -10,  -10,  -13,   -6,  -16,   -5,  -39,  -28,  -20,   -7,  -28,  -22,  -16,   -7,  -24,
      -9,   -4,   -8,  -21,  -22,  -13,  -13,   -6,  -17,   -9,  -23,   -6,   -3,   -4,  -39,  -25,
     -18,  -12,  -31,   -4,   -1,   -2,   -3,   -5,   -2,   -2,  -19,   -2,  -12,  -28,   -4,  -20,
     -16,  -23,  -11,  -13,   -3,   -6,   -3,   -8,  -19,  -11,  -16,  -16,  -16,   -5,   -9,   -5,
      -4,  -35,  -19,  -15,  -10,  -36,   -5,   -3,   -3,   -2,   -3,   -7,   -5,   -3,   -4,   -3,
      -3,  -18,  -24,  -11,  -17,   -6,   -7,   -6,   -3,   -4,  -22,    1,   10,   -6,  -22,    5,
     -14,    7,    6,  -15,  -22,    1,    4,    5,    4,   -6,   -5,   -5,   -4,    2,  -19,   -6,
      -5,   21,   -6,   -5,   -5,    9,   17,  -29,  -25,  -17,  -20,    7,  -15,  -14,    5,    5,
      -7,   -5,    3,   -9,  -10,   -8,   -9,   -3,   -6,   -4,  -32,   -4,  -17,   -8,  -19,   -3,
      -4,   -1,   -2,   -4,   -1,   -1,   -3,   -4,   -5,   -4,   -4,  -16,   -2,    6,   -5,   -8,
     -16,  -16,    2,   -3,    2,    2,   -3,  -16,  -36,   -6,  -16,  -17,   -9,    4,  -18,  -17,
     -27,  -12,   -7,  -14,  -12,   -4,   -8,   -5,   -5,   -1,   -4,    2,    4,  -26,   -8,   -5,
      -9,   -5,    2,   -5,   -5,  -11,  -10,   -9,  -11,  -34,  -20,  -15,   -9,  -27,   -1,   -5,
     -18,   -4,  -14,   -3,    4,    3,  -10,   -6,   -3,  -14,   -2,    2,   12,   -2,   -9,   -9,
     -27,  -16,  -12,   -4,  -23,    3,    5,   -7,  -22,  -15,   -9,  -22,   -9,  -13,  -27,  -10,
     -11,  -15,  -30,  -37,  -10,   -3,  -15,  -15,   -7,   -8,   -2,   -2,   -3,    2,  -22,   -9,
      -2,   -7,   -3,    1,   -3,   -2,   -3,   -9,  -16,  -13,  -21,  -23,    5,  -18,   -1,  -18,
      10,  -18,   -7,  -26,  -12,  -23,  -31,  -10,   -6,  -17,  -16,   -7,   -7,   -4,   -2,    1,
     -19,   -7,   -3,   -2,  -16,   -4,   -8,  -12,   -9,   -9,   -7,  -33,  -14,  -10,  -19,   -5,
      -5,   -3,   -4,   -2,   -5,   -5,   -5,   -5,   -4,  -18,    9,   -8,   -6,   -1,  -18,  -10,
      -5,  -12,   -7,   -6,   -2,   -5,  -28,  -14,   -9,  -21,   -1,   -4,   -3,   -3,   -1,   -1,
      -4,   -5,   -4,   -3,   -3,  -12,  -17,  -36,  -24,   -1,  -34,  -23,  -27,   -5,   -7,   -2,
     -23,  -23,  -24,  -23,    9,  -20,  -20,  -20,  -20,  -20,  -18,  -27,  -25,  -12,  -10,  -17,
     -22,  -13,  -28,  -20,  -32,  -20,  -24,   -5,  -28,  -16,  -16,   -6,  -21,   -5,  -15,   -6,
      -3,   -3,  -29,  -23,  -17,  -10,  -26,   -3,   -2,   -5,   -2,  -18,  -20,  -10,  -10,   14,
      14,    5,    3,    9,   18,   10,   16,   19,    8,   16,   20,   23,    4,    1,    5,    7,
       8,    4,  -14,   34,    2,   18,   17,   24,    8,   24,   14,    2,   10,   15,    8,   13,
      10,   37,   29,   21,   12,   13,   13,  -20,  -13,  -10,  -14,  -23,  -26,  -13,  -11,   -7,
     -24,   -6,   -3,   -4,  -26,  -19,  -14,  -12,  -25,   -4,   -3,   -4,   -6,   -3,  -12,  -27,
     -14,   -6,  -35,  -16,   -6,  -10,  -26,  -12,  -14,  -17,   -7,  -10,  -10,   -6,   -8,   -2,
      -2,   -3,    1,    1,  -13,  -16,   -5,  -17,  -36,  -25,  -20,  -32,   -4,   -4,  -13,  -26,
     -21,  -13,   -4,  -16,  -17,  -10,  -10,  -23,   -5,   -3,   -2,   -3,  -10,  -12,   28,   26,
      26,   22,    9,   12,   34,   22,   33,   36,   29,   36,   34,   42,   27,   19,   19,   19,
      27,   39,   39,   48,   47,   23,    6,   30,    7,   23,   29,   29,   42,   37,   49,   37,
      39,   48,   50,   36,   47,   23,  -29,  -17,  -13,  -20,    7,  -15,   18,  -15,  -15,   -9,
     -19,   13,   10,   10,    7,   10,   10,   24,    9,    8,   -4,  -16,  -17,   -6,   -3,  -33,
     -21,  -14,  -13,  -29,   -3,   -2,   -6,  -12,   -4,  -27,  -14,  -12,  -20,   -9,  -10,   -4,
      -5,   -3,  -16,   -7,   -6,  -16,    6,    6,    6,    5,    6,   -8,   -5,   -5,   -6,    2,
       4,   10,  -20,  -14,   -7,   -8,  -20,   -5,    9,    4,   11,    9,    9,    2,    9,    5,
       1,   20,    9,    8,  -20,  -10,  -19,  -19,  -15,  -10,  -12,   -9,  -15,  -18,   14,  -12,
     -12,  -12,  -15,   18,  -12,  -29,  -12,  -15,  -16,  -18,  -24,  -14,  -13,   -6,  -20,  -12,
      -5,  -18,   -7,   -3,  -14,   -1,   -4,   -3,   -3,   -1,   -4,   -3,   -1,    5,   16,    7,
      37,   19,  -13,  -18,    3,   -6,    5,   -6,  -12,    1,    1,    1,   -8,   19,  -17,   -8,
     -22,   -4,   11,   13,   14,    8,   12,    9,   -8,   -5,   16,    9,  -14,    3,    2,    1,
       7,    7,   10,   -8,   -6,    7,   -6,   -3,    8,   10,   10,    4,    5,   24,  -12,  -12,
      -7,   -6,    1,   -1,  -19,  -30,  -25,  -33,   -4,   -9,  -13,  -10,  -25,  -11,  -33,  -11,
     -33,  -39,  -31,  -41,  -38,  -23,  -33,  -30,  -32,   24,  -38,  -19,  -34,  -31,  -30,   13,
      -7,  -49,  -36,  -37,  -45,  -27,  -20,  -27,  -45,  -33,  -19,  -40,  -33,  -40,   -4,  -42,
     -30,  -35,  -21,   -9,  -18,  -16,  -27,   -9,  -13,   -8,   -5,  -17,  -38,  -17,  -34,  -33,
     -33,  -25,  -28,  -13,  -18,  -25,  -24,   18,  -28,  -33,  -37,   -4,  -21,   10,  -10,  -14,
     -18,  -51,  -21,  -31,  -44,  -11,  -21,  -15,  -28,  -32,  -13,  -36,  -32,   -8,  -22,  -18,
     -11,   -6,   -7,  -17,   -9,   -2,   -5,   -6,   -8,   12,   -1,   13,   -7,  -12,   -4,   11,
      -6,   -7,   -6,   -7,  -17,  -23,  -20,  -25,  -27,  -14,   -8,  -23,  -20,  -29,  -39,  -13,
      -9,  -10,  -22,  -11,  -17,  -17,   -7,  -13,  -11,  -10,   -3,   -6,   -3,   -5,   -4,   -7,
     -13,   -6,   -6,   -6,   -7,   -6,   -3,  -10,   -6,  -30,  -20,  -30,  -16,  -21,  -14,   -3,
     -20,  -27,  -40,  -28,  -19,  -14,  -15,  -10,   10,  -11,  -27,  -22,  -32,  -27,  -10,  -24,
     -11,  -20,   -1,  -33,  -16,  -28,  -15,  -23,   11,   -5,  -17,    4,  -11,   -7,   -4,  -22,
      -7,  -38,  -19,  -24,  -13,  -14,   -9,  -11,  -15,   -7,  -22,  -10,  -32,  -27,   -3,  -36,
      -2,  -18,  -11,  -15,  -10,  -14,  -37,   -8,   -5,  -10,  -20,  -16,   -3,   -7,  -30,  -16,
     -38,  -26,  -16,  -15,  -10,   -5,   10,    4,  -16,  -13,  -24,  -27,  -17,  -26,  -22,    7,
      -6,  -13,  -14,  -48,  -33,   -7,  -45,  -13,  -37,  -35,   -8,   -7,  -25,  -21,   -8,  -25,
     -14,  -20,   -6,  -30,  -23,   -5,  -13,  -14,  -30,  -37,  -55,  -50,  -23,  -46,  -32,  -17,
     -27,  -32,   20,  -33,  -41,  -48,  -33,  -13,  -55,  -39,  -40,  -50,  -24,  -26,  -25,  -40,
     -38,  -22,  -40,  -14,  -19,   -8,  -24,    2,   -8,   -2,  -20,  -25,    8,   10,   -6,   -6,
      -4,  -19,  -26,  -11,   -5,  -23,  -16,  -11,  -11,  -18,  -18,  -27,  -10,   11,  -14,  -30,
     -29,  -17,   -8,   -8,  -13,  -34,  -22,  -16,  -37,  -14,  -16,  -18,  -14,  -20,  -13,  -30,
     -30,  -26,  -13,   -8,   -7,   -4,   -8,   -6,   -3,  -14,  -11,   -8,   -7,  -15,   -2,   -5,
      -2,   -8,   -6,  -15,   -8,   -6,   -6,  -17,   -2,   -5,   -2,   -1,  -17,  -14,   -5,  -30,
     -27,   -9,   -3,  -41,   -8,  -51,  -13,  -23,   -7,  -67,   13,  -18,  -43,  -39,  -19,  -13,
     -35,  -22,  -67,  -12,   -9,   -7,  -24,  -28,  -13,  -29,  -17,  -67,   13,   39,    7,  -10,
     -30,  -26,    6,   -6,   -3,  -10,   -1,   -2,   -5,   -5,   -8,   -6,   -5,  -12,  -12,   -9,
     -26,   -2,  -16,  -12,   -3,   -4,   -4,  -20,   -8,   -4,   -3,
};

static const EpdFontData misans_latin_10_medium = {
    misans_latin_10_mediumBitmaps,
    misans_latin_10_mediumGlyphs,
    misans_latin_10_mediumIntervals,
    101,
    28,
    22,
    -6,
    false,
    nullptr,
    0,
    nullptr,
    nullptr,  // kernLeftClasses: built-in fonts use the split arrays below
    nullptr,  // kernRightClasses
    misans_latin_10_mediumKernLeftCodepoints,
    misans_latin_10_mediumKernLeftClassIds,
    misans_latin_10_mediumKernRightCodepoints,
    misans_latin_10_mediumKernRightClassIds,
    nullptr,  // kernMatrix: built-in fonts use the sparse form below
    misans_latin_10_mediumKernRowOffsets,
    misans_latin_10_mediumKernSparseCols,
    misans_latin_10_mediumKernSparseValues,
    547,
    552,
    133,
    122,
    nullptr,
    0,
};
